2	1	0	8	13	0	7	0	0	0	2	0	1	9	0	0	0	0	0	0	0	0	0	0	0	0	12	34	17	0	61	2	0	0	0	2512	0	0	2	233	11	1	3	0	3	0	0	0	0	34	2	12	0	0	0	0	0	0	0	0	0	0	0	0	9	0	0	0	0	0	0	2	0	0	0	0	0	1	2045	11	0	174	157	0	2	9	14	187	2	39	6	7	0	0	0	8	0	0	0	0	0	13	0	0	2	2	2	7	1	0	8	3	0	2	0	0	10	0	7	0	0	0	3	9	0	0	0	0	56	0	0	0	7	3	0	2	0	0	0	0	0	0	0	0	76	0	2	0	0	0	9	14	5	0	1	2	0	0	6	0	0	0	0	0	0	0	0	1	0	0	0	5	5	0	0	1	0	0	0	0	0	0	0	0	0	0	0	0	0	70	0	0	201	0	0	0	0	0	3	8	66	3134	0	0	0	0	0	0	0	24	55	0	54	0	7168	13	17	1	8	1	71	13	4	1	9	59	3	9	7	0	19	7	0	3	63	79	1	1	1	0	11	1	60	0	1	22	0	2	3	3	86	3	2	11	6	6	0	1	31	0	2	0	0	0	1	1	1	25	0	0	22	2	3	0	27	0	0	83	0	80	5	2	21	1	19	2	0	1	6	0	94	50	0	0	1	1	2	0	15	26	0	17	5	38	0	1	1	0	0	0	0	0	851	1	2	159	0	20	21	0	0	0	17	15	0	9	0	0	0	21	0	0	0	0	1	171	1	4	4	85	0	9	0	0	0	49	0	0	4	1	0	0	0	2	0	0	0	0	0	12	0	0	0	0	0	0	1	2	0	12	0	96	6	0	0	0	1	163	2.8	14.740000000000002	49.13	9.246081871345028	1.28	3.99	58.22222222222222	24	108.23380952380951	3.8866666666666667	338.14285714285717	30	22.68383647798742	7.146770833333334	57.290000000000006	13.92835294117647	8.5	350	3.6100000000000003	2	2	3335	2	52.59	2.785918367346939	49	1	3.2760000000000002	21.3	45	5	6.9762352941176475	199.25	4.01	170.2173913043478	45	27.66111111111111	6.69	15	20	9.473529411764705	475	3.04	7.456666666666667	0.99	299	4.24	3.05	0.99	149	75	13	200	5	2.5	2.99	43.998000000000005	4.2490000000000006	5	1.2	1.0750000000000002	45.03916666666667	1616.6666666666667	9.794355828220858	2.55	2	0	0	0	0	0	0	0	0	0	0	0	0	0	0	0	0	0	0	0	0	0	0	0	0	0	0	0	0	0	0	0	0	0	0	0	0	0	0	0	0	0	0	0	0	0	0	0	0	0	0	0	0	0	0	0	0	0	0	0	0	0	0	0	0	0	0	0	0	0	0	0	0	0	0	0	0	0	0	0	0	0	0	0	0	0	0	0	0	0	0	0	0	0	0	0	0	0	0	0	0	0	0	0	0	0	0	0	0	0	0	0	0	0	0	0	0	0	0	0	0	0	0	0	0	0	0	0	0	0	0	0	0	0	0	0	0	0	0	0	0	0	0	0	0	0	0	0	0	0	0	0	0	0	0	0	0	0	0	0	0	0	0	1	0	0	0	0	0	0	0	0	0	4	0	0	0	0	0	0	0	0	0	18	32	2	4	0	0	9	0	0	0	0	0	2	1	0	0	0	0	73
2	0	0	7	56	0	44	0	3	0	1	0	1	20	0	0	0	0	0	0	0	0	0	0	0	0	2	42	2	0	28	6	0	0	4	3528	0	2	0	227	10	0	4	0	5	0	0	35	0	2	1	1	0	0	0	0	0	0	0	0	0	0	0	0	0	7	3	0	0	0	0	0	0	0	0	0	0	0	4441	28	0	139	178	0	2	7	12	128	0	35	1	5	0	1	0	0	2	0	0	0	0	25	0	0	7	0	0	0	0	0	22	0	0	0	0	0	4	4	2	0	0	0	5	15	0	0	0	0	46	7	0	0	0	0	0	2	0	0	0	0	0	0	0	0	49	0	0	0	0	0	6	6	0	0	0	0	0	0	2	0	0	0	0	0	2	0	0	0	0	0	0	0	0	0	0	0	0	0	0	0	0	0	0	0	0	0	0	0	0	70	0	0	201	0	0	0	0	0	3	8	66	3134	0	0	0	0	0	0	0	24	55	0	54	0	7168	13	17	1	7	1	73	14	4	1	8	54	3	8	7	1	16	5	0	4	61	80	1	1	1	0	10	1	60	0	1	23	0	2	3	3	92	2	1	10	5	6	0	1	33	0	2	0	0	0	1	1	1	26	1	0	20	2	3	0	28	0	0	88	0	81	5	1	21	1	20	1	0	1	7	0	96	56	0	0	1	1	2	0	15	26	0	17	5	38	0	1	1	0	0	0	0	0	851	1	2	159	0	20	21	0	0	0	17	15	0	9	0	0	0	21	0	0	0	0	1	171	1	4	4	85	0	9	0	0	0	49	0	0	4	1	0	0	0	2	0	0	0	0	0	12	0	0	0	0	0	0	1	2	0	12	0	96	6	0	0	0	1	163	2.8	14.740000000000002	49.13	9.246081871345028	1.28	3.99	58.22222222222222	24	108.23380952380951	3.8866666666666667	338.14285714285717	30	22.68383647798742	7.146770833333334	57.290000000000006	13.92835294117647	8.5	350	3.6100000000000003	2	2	3335	2	52.59	2.785918367346939	49	1	3.2760000000000002	21.3	45	5	6.9762352941176475	199.25	4.01	170.2173913043478	45	27.66111111111111	6.69	15	20	9.473529411764705	475	3.04	7.456666666666667	0.99	299	4.24	3.05	0.99	149	75	13	200	5	2.5	2.99	43.998000000000005	4.2490000000000006	5	1.2	1.0750000000000002	45.03916666666667	1616.6666666666667	9.794355828220858	2.55	2	0	0	0	0	0	0	0	0	0	0	0	0	0	0	0	0	0	0	0	0	0	0	0	0	0	0	0	0	0	0	0	0	0	0	0	0	0	0	0	0	0	0	0	0	0	0	0	0	0	0	0	0	0	0	0	0	0	0	0	0	0	0	0	0	0	0	0	0	0	0	0	0	0	0	0	0	0	0	0	0	0	0	0	0	0	0	0	0	0	0	0	0	0	0	0	0	0	0	0	0	0	0	0	0	0	0	0	0	0	0	0	0	0	0	0	0	0	0	0	0	0	0	0	0	0	0	0	0	0	0	0	0	0	0	0	0	0	0	0	0	0	0	0	0	0	0	0	0	0	0	0	0	0	0	0	0	0	0	0	0	0	0	1	0	0	0	0	0	0	0	0	0	4	0	0	0	0	0	0	0	0	0	14	36	5	7	0	0	8	0	0	0	0	0	0	0	0	0	0	0	75
2	0	0	42	20	0	9	3	40	37	4	0	9	27	0	0	0	0	0	0	0	0	0	0	0	0	44	22	25	0	36	0	0	7	0	4423	1	1	4	243	31	0	6	0	6	0	3	17	0	25	1	9	0	0	0	0	0	0	0	0	0	0	0	0	1	2	2	1	0	0	0	1	0	0	0	0	0	1	4401	28	0	111	179	0	1	17	20	169	8	56	5	5	0	0	0	3	1	0	0	0	0	15	0	0	0	1	4	7	0	0	20	0	0	0	0	0	11	2	5	0	0	0	6	17	0	0	0	0	38	1	0	0	5	0	0	0	0	0	0	0	4	0	0	0	71	0	4	0	0	0	3	25	0	4	0	0	0	0	0	0	0	0	0	0	0	0	0	2	0	6	0	0	0	0	4	0	0	1	0	0	0	0	0	0	0	0	0	0	0	70	0	0	201	0	0	0	0	0	3	8	66	3134	0	0	0	0	0	0	0	24	55	0	54	0	7168	11	20	1	7	1	74	13	4	1	8	50	3	8	7	0	16	5	0	4	61	84	1	1	1	0	11	1	58	1	1	24	0	2	3	3	86	3	2	11	6	6	0	1	34	1	2	0	0	0	1	1	1	27	1	0	21	2	3	0	28	0	0	79	0	92	5	2	23	1	17	2	0	1	7	0	90	50	0	0	1	1	2	0	17	26	0	17	5	38	0	1	1	0	0	0	0	0	851	1	2	159	0	20	21	0	0	0	17	15	0	9	0	0	0	21	0	0	0	0	1	171	1	4	4	85	0	9	0	0	0	49	0	0	4	1	0	0	0	2	0	0	0	0	0	12	0	0	0	0	0	0	1	2	0	12	0	96	6	0	0	0	1	163	2.8	14.740000000000002	49.13	9.246081871345028	1.28	3.99	58.22222222222222	24	108.23380952380951	3.8866666666666667	338.14285714285717	30	22.68383647798742	7.146770833333334	57.290000000000006	13.92835294117647	8.5	350	3.6100000000000003	2	2	3335	2	52.59	2.785918367346939	49	1	3.2760000000000002	21.3	45	5	6.9762352941176475	199.25	4.01	170.2173913043478	45	27.66111111111111	6.69	15	20	9.473529411764705	475	3.04	7.456666666666667	0.99	299	4.24	3.05	0.99	149	75	13	200	5	2.5	2.99	43.998000000000005	4.2490000000000006	5	1.2	1.0750000000000002	45.03916666666667	1616.6666666666667	9.794355828220858	2.55	2	0	0	0	0	0	0	0	0	0	0	0	0	0	0	0	0	0	0	0	0	0	0	0	0	0	0	0	0	0	0	0	0	0	0	0	0	0	0	0	0	0	0	0	0	0	0	0	0	0	0	0	0	0	0	0	0	0	0	0	0	0	0	0	0	0	0	0	0	0	0	0	0	0	0	0	0	0	0	0	0	0	0	0	0	0	0	0	0	0	0	0	0	0	0	0	0	0	0	0	0	0	0	0	0	0	0	0	0	0	0	0	0	0	0	0	0	0	0	0	0	0	0	0	0	0	0	0	0	0	0	0	0	0	0	0	0	0	0	0	0	0	0	0	0	0	0	0	0	0	0	0	0	0	0	0	0	0	0	0	0	0	0	0	0	0	0	0	0	0	0	0	0	7	0	0	0	0	0	0	0	0	0	12	108	2	1	0	0	9	0	0	0	0	0	0	0	0	0	0	0	139
38	38	0	38	84	1	125	2	38	0	63	0	24	123	0	0	0	0	0	1	0	0	0	0	0	0	8	35	33	0	12	0	0	1	13	3343	2	0	0	331	24	0	2	1	6	0	0	33	0	15	12	10	0	0	0	0	0	0	0	0	0	0	0	0	0	9	3	2	0	0	0	1	0	0	0	2	0	0	5136	37	0	142	147	0	10	6	5	121	0	64	5	3	0	5	0	0	0	0	0	4	0	13	0	9	13	0	6	8	0	0	34	0	0	0	0	0	1	4	2	0	3	0	0	29	0	0	0	0	75	0	0	0	7	0	0	2	0	0	0	2	7	0	0	0	88	0	0	0	0	0	6	14	0	0	0	0	0	0	7	0	0	0	0	0	0	0	0	0	0	5	0	3	0	0	3	0	0	1	0	0	0	0	0	0	0	0	0	0	0	70	0	0	201	0	0	0	0	0	3	8	66	3134	0	0	0	0	0	0	0	24	55	0	54	0	7168	11	18	1	7	1	78	14	4	1	8	52	3	8	7	0	14	5	0	4	61	78	1	1	1	0	11	1	60	0	1	24	0	2	3	3	92	2	2	10	5	6	0	1	35	0	2	0	0	0	1	1	1	27	1	0	20	2	3	0	32	0	0	73	0	97	5	2	20	1	17	1	0	1	7	0	92	52	0	0	1	1	2	0	18	26	0	17	5	38	0	1	1	0	0	0	0	0	851	1	2	159	0	20	21	0	0	0	17	15	0	9	0	0	0	21	0	0	0	0	1	171	1	4	4	85	0	9	0	0	0	49	0	0	4	1	0	0	0	2	0	0	0	0	0	12	0	0	0	0	0	0	1	2	0	12	0	96	6	0	0	0	1	163	2.8	14.740000000000002	49.13	9.246081871345028	1.28	3.99	58.22222222222222	24	108.23380952380951	3.8866666666666667	338.14285714285717	30	22.68383647798742	7.146770833333334	57.290000000000006	13.92835294117647	8.5	350	3.6100000000000003	2	2	3335	2	52.59	2.785918367346939	49	1	3.2760000000000002	21.3	45	5	6.9762352941176475	199.25	4.01	170.2173913043478	45	27.66111111111111	6.69	15	20	9.473529411764705	475	3.04	7.456666666666667	0.99	299	4.24	3.05	0.99	149	75	13	200	5	2.5	2.99	43.998000000000005	4.2490000000000006	5	1.2	1.0750000000000002	45.03916666666667	1616.6666666666667	9.794355828220858	2.55	2	0	0	0	0	0	0	0	0	0	0	0	0	0	0	0	0	0	0	0	0	0	0	0	0	0	0	0	0	0	0	0	0	0	0	0	0	0	0	0	0	0	0	0	0	0	0	0	0	0	0	0	0	0	0	0	0	0	0	0	0	0	0	0	0	0	0	0	0	0	0	0	0	0	0	0	0	0	0	0	0	0	0	0	0	0	0	0	0	0	0	0	0	0	0	0	0	0	0	0	0	0	0	0	0	0	0	0	0	0	0	0	0	0	0	0	0	0	0	0	0	0	0	0	0	0	0	0	0	0	0	0	0	0	0	0	0	0	0	0	0	0	0	0	0	0	0	0	0	0	0	0	0	0	0	0	0	0	0	0	0	0	0	0	0	0	0	0	0	0	0	0	0	3	0	0	0	0	0	0	0	0	0	21	85	17	31	0	0	1	0	0	0	0	0	0	0	0	0	0	0	158
7	38	0	32	49	0	11	0	40	2	5	37	79	52	0	0	0	0	0	0	0	0	0	0	0	0	10	24	28	0	42	4	0	0	5	4202	0	5	2	223	16	0	1	0	2	0	0	21	0	4	0	8	0	0	0	0	0	0	0	0	0	0	0	0	6	0	3	0	0	0	0	0	0	0	0	1	0	1	18985	43	0	95	140	0	12	0	9	123	7	55	1	5	0	0	0	0	0	1	0	2	0	5	0	1	0	0	1	1	0	0	12	0	2	0	0	0	3	2	1	0	0	0	9	40	0	0	0	0	76	0	0	0	0	0	0	2	0	0	0	0	0	0	0	0	51	0	0	0	0	0	1	11	3	0	0	0	0	0	1	0	0	0	0	0	0	0	8	1	0	0	0	0	0	0	0	2	0	0	0	0	0	0	0	0	0	0	0	0	0	70	0	0	201	0	0	0	0	0	3	8	66	3134	0	0	0	0	0	0	0	24	55	0	54	0	7168	13	19	1	7	1	81	13	5	1	8	52	4	8	7	1	17	5	0	4	61	86	1	1	1	0	12	1	60	0	1	26	0	2	4	3	92	2	2	10	6	6	0	1	32	1	2	0	0	0	1	1	1	26	1	0	20	2	3	0	34	0	0	73	0	98	5	2	23	1	18	2	0	1	7	0	89	51	0	0	1	1	2	0	18	26	0	17	5	38	0	1	1	0	0	0	0	0	851	1	2	159	0	20	21	0	0	0	17	15	0	9	0	0	0	21	0	0	0	0	1	171	1	4	4	85	0	9	0	0	0	49	0	0	4	1	0	0	0	2	0	0	0	0	0	12	0	0	0	0	0	0	1	2	0	12	0	96	6	0	0	0	1	163	2.8	14.740000000000002	49.13	9.246081871345028	1.28	3.99	58.22222222222222	24	108.23380952380951	3.8866666666666667	338.14285714285717	30	22.68383647798742	7.146770833333334	57.290000000000006	13.92835294117647	8.5	350	3.6100000000000003	2	2	3335	2	52.59	2.785918367346939	49	1	3.2760000000000002	21.3	45	5	6.9762352941176475	199.25	4.01	170.2173913043478	45	27.66111111111111	6.69	15	20	9.473529411764705	475	3.04	7.456666666666667	0.99	299	4.24	3.05	0.99	149	75	13	200	5	2.5	2.99	43.998000000000005	4.2490000000000006	5	1.2	1.0750000000000002	45.03916666666667	1616.6666666666667	9.794355828220858	2.55	2	0	0	0	0	0	0	0	0	0	0	0	0	0	0	0	0	0	0	0	0	0	0	0	0	0	0	0	0	0	0	0	0	0	0	0	0	0	0	0	0	0	0	0	0	0	0	0	0	0	0	0	0	0	0	0	0	0	0	0	0	0	0	0	0	0	0	0	0	0	0	0	0	0	0	0	0	0	0	0	0	0	0	0	0	0	0	0	0	0	0	0	0	0	0	0	0	0	0	0	0	0	0	0	0	0	0	0	0	0	0	0	0	0	0	0	0	0	0	0	0	0	0	0	0	0	0	0	0	0	0	0	0	0	0	0	0	0	0	0	0	0	0	0	0	0	0	0	0	0	0	0	0	0	0	0	0	0	0	0	0	0	0	0	0	0	0	0	1	0	0	0	0	2	0	0	0	1	0	0	0	0	0	11	98	3	5	0	0	7	0	0	0	0	0	1	1	0	0	0	0	130
4	2	0	27	45	0	88	1	5	1	38	1	7	140	0	0	0	0	0	0	1	0	0	0	0	0	9	45	2	0	7	9	0	0	17	3163	2	1	0	308	17	1	6	0	6	0	0	0	0	19	1	5	0	0	0	0	0	0	0	0	0	0	0	0	0	0	8	0	0	0	0	0	0	0	0	0	0	0	12166	64	0	129	195	0	3	8	17	152	0	82	7	4	0	0	0	0	6	3	4	0	0	8	0	0	10	0	0	6	1	0	44	0	1	0	0	0	1	0	0	0	0	0	0	28	0	0	0	0	74	0	0	0	9	0	0	0	0	0	0	0	0	0	0	0	71	0	0	0	0	0	9	13	0	0	0	2	0	0	2	1	0	0	0	0	0	0	0	0	0	0	0	0	2	0	0	0	0	0	0	0	0	0	0	0	0	0	0	0	0	70	0	0	201	0	0	0	0	0	3	8	66	3134	0	0	0	0	0	0	0	24	55	0	54	0	7168	12	18	1	6	1	83	12	4	1	8	59	3	8	6	1	14	4	0	4	65	86	1	1	1	0	19	1	63	0	1	23	0	2	3	2	95	2	2	10	6	5	0	1	29	1	1	1	0	0	1	1	1	25	1	0	17	2	3	0	30	0	0	78	0	100	5	2	19	1	18	2	0	1	6	0	88	44	0	1	1	1	2	0	16	26	0	17	5	38	0	1	1	0	0	0	0	0	851	1	2	159	0	20	21	0	0	0	17	15	0	9	0	0	0	21	0	0	0	0	1	171	1	4	4	85	0	9	0	0	0	49	0	0	4	1	0	0	0	2	0	0	0	0	0	12	0	0	0	0	0	0	1	2	0	12	0	96	6	0	0	0	1	163	2.8	14.740000000000002	49.13	9.246081871345028	1.28	3.99	58.22222222222222	24	108.23380952380951	3.8866666666666667	338.14285714285717	30	22.68383647798742	7.146770833333334	57.290000000000006	13.92835294117647	8.5	350	3.6100000000000003	2	2	3335	2	52.59	2.785918367346939	49	1	3.2760000000000002	21.3	45	5	6.9762352941176475	199.25	4.01	170.2173913043478	45	27.66111111111111	6.69	15	20	9.473529411764705	475	3.04	7.456666666666667	0.99	299	4.24	3.05	0.99	149	75	13	200	5	2.5	2.99	43.998000000000005	4.2490000000000006	5	1.2	1.0750000000000002	45.03916666666667	1616.6666666666667	9.794355828220858	2.55	2	0	0	0	0	0	0	0	0	0	0	0	0	0	0	0	0	0	0	0	0	0	0	0	0	0	0	0	0	0	0	0	0	0	0	0	0	0	0	0	0	0	0	0	0	0	0	0	0	0	0	0	0	0	0	0	0	0	0	0	0	0	0	0	0	0	0	0	0	0	0	0	0	0	0	0	0	0	0	0	0	0	0	0	0	0	0	0	0	0	0	0	0	0	0	0	0	0	0	0	0	0	0	0	0	0	0	0	0	0	0	0	0	0	0	0	0	0	0	0	0	0	0	0	0	0	0	0	0	0	0	0	0	0	0	0	0	0	0	0	0	0	0	0	0	0	0	0	0	0	0	0	0	0	0	0	0	0	0	0	0	0	0	5	0	0	0	0	0	0	0	0	0	6	2	0	0	0	0	0	0	0	0	30	114	3	0	0	1	9	0	0	0	0	0	2	0	0	0	0	0	172
36	7	0	46	143	2	96	3	2	1	4	37	13	107	1	0	0	0	0	2	0	0	2	0	0	0	50	58	28	0	76	6	0	1	2	10558	5	0	4	371	19	1	4	0	7	0	0	46	0	11	0	22	0	0	0	0	0	0	0	0	0	0	0	0	2	0	5	0	0	0	0	5	0	0	0	2	0	2	9674	73	0	115	240	0	11	12	13	232	0	47	3	13	3	0	1	0	2	0	0	15	0	23	0	0	21	0	0	19	3	0	16	0	0	0	0	0	7	0	0	0	0	0	15	37	0	0	9	0	79	0	0	1	8	0	0	0	0	0	0	0	8	0	0	0	92	0	2	0	0	0	4	21	0	0	0	0	0	0	7	5	0	0	0	0	0	0	0	0	0	0	0	0	0	0	0	0	0	1	0	0	0	0	0	0	0	0	0	0	0	70	0	0	201	0	0	0	0	0	3	8	66	3134	0	0	0	0	0	0	0	24	55	0	54	0	7168	18	20	1	7	1	85	12	4	1	8	54	3	8	7	1	15	5	0	4	60	80	1	1	1	0	12	1	58	0	1	23	0	3	3	2	94	3	2	10	5	5	0	1	30	1	1	1	0	0	1	1	1	25	1	0	24	2	3	0	23	0	0	77	0	93	4	2	20	1	18	2	0	1	7	0	85	51	0	0	1	0	2	0	17	26	0	17	5	38	0	1	1	0	0	0	0	0	851	1	2	159	0	20	21	0	0	0	17	15	0	9	0	0	0	21	0	0	0	0	1	171	1	4	4	85	0	9	0	0	0	49	0	0	4	1	0	0	0	2	0	0	0	0	0	12	0	0	0	0	0	0	1	2	0	12	0	96	6	0	0	0	1	163	2.8	14.740000000000002	49.13	9.246081871345028	1.28	3.99	58.22222222222222	24	108.23380952380951	3.8866666666666667	338.14285714285717	30	22.68383647798742	7.146770833333334	57.290000000000006	13.92835294117647	8.5	350	3.6100000000000003	2	2	3335	2	52.59	2.785918367346939	49	1	3.2760000000000002	21.3	45	5	6.9762352941176475	199.25	4.01	170.2173913043478	45	27.66111111111111	6.69	15	20	9.473529411764705	475	3.04	7.456666666666667	0.99	299	4.24	3.05	0.99	149	75	13	200	5	2.5	2.99	43.998000000000005	4.2490000000000006	5	1.2	1.0750000000000002	45.03916666666667	1616.6666666666667	9.794355828220858	2.55	2	0	0	0	0	0	0	0	0	0	0	0	0	0	0	0	0	0	0	0	0	0	0	0	0	0	0	0	0	0	0	0	0	0	0	0	0	0	0	0	0	0	0	0	0	0	0	0	0	0	0	0	0	0	0	0	0	0	0	0	0	0	0	0	0	0	0	0	0	0	0	0	0	0	0	0	0	0	0	0	0	0	0	0	0	0	0	0	0	0	0	0	0	0	0	0	0	0	0	0	0	0	0	0	0	0	0	0	0	0	0	0	0	0	0	0	0	0	0	0	0	0	0	0	0	0	0	0	0	0	0	0	0	0	0	0	0	0	0	0	0	0	0	0	0	0	0	0	0	0	0	0	0	0	0	0	0	0	0	0	0	0	0	2	0	0	0	0	0	0	0	0	0	4	0	0	0	1	0	0	0	0	0	38	127	8	3	0	0	24	0	0	0	0	0	2	0	0	0	0	0	209
8	1	0	30	32	1	13	0	4	0	0	2	4	51	0	0	0	0	0	0	0	0	0	0	0	0	9	28	12	0	20	0	0	0	0	1102	0	0	2	293	11	0	1	0	2	0	0	14	0	23	0	8	0	0	0	0	0	0	0	0	0	0	0	0	0	0	0	0	0	0	0	1	0	0	0	6	0	1	13867	16	0	49	210	2	6	3	6	124	0	55	0	1	3	0	0	11	0	0	3	5	0	22	3	0	2	0	2	0	0	0	20	0	0	0	0	0	16	0	4	0	0	0	0	13	0	0	0	0	49	0	0	0	0	0	0	3	0	0	0	0	0	0	0	0	58	0	0	0	0	0	9	16	0	0	0	0	0	0	1	0	0	0	0	0	0	0	0	0	0	0	0	6	0	0	0	0	0	0	0	0	0	0	0	0	0	0	0	0	0	70	0	0	201	0	0	0	0	0	3	8	66	3134	0	0	0	0	0	0	0	24	55	0	54	0	7168	17	22	1	7	1	77	14	4	1	8	51	3	7	7	1	15	6	0	4	51	75	1	1	1	0	11	1	50	0	1	24	0	3	3	2	91	3	2	11	7	6	0	1	34	1	2	1	0	0	1	1	1	26	1	0	23	3	3	0	29	0	0	70	0	90	4	2	22	1	18	2	0	1	8	0	100	51	0	0	1	1	2	0	19	26	0	17	5	38	0	1	1	0	0	0	0	0	851	1	2	159	0	20	21	0	0	0	17	15	0	9	0	0	0	21	0	0	0	0	1	171	1	4	4	85	0	9	0	0	0	49	0	0	4	1	0	0	0	2	0	0	0	0	0	12	0	0	0	0	0	0	1	2	0	12	0	96	6	0	0	0	1	163	2.8	14.740000000000002	49.13	9.246081871345028	1.28	3.99	58.22222222222222	24	108.23380952380951	3.8866666666666667	338.14285714285717	30	22.68383647798742	7.146770833333334	57.290000000000006	13.92835294117647	8.5	350	3.6100000000000003	2	2	3335	2	52.59	2.785918367346939	49	1	3.2760000000000002	21.3	45	5	6.9762352941176475	199.25	4.01	170.2173913043478	45	27.66111111111111	6.69	15	20	9.473529411764705	475	3.04	7.456666666666667	0.99	299	4.24	3.05	0.99	149	75	13	200	5	2.5	2.99	43.998000000000005	4.2490000000000006	5	1.2	1.0750000000000002	45.03916666666667	1616.6666666666667	9.794355828220858	2.55	2	0	0	0	0	0	0	0	0	0	0	0	0	0	0	0	0	0	0	0	0	0	0	0	0	0	0	0	0	0	0	0	0	0	0	0	0	0	0	0	0	0	0	0	0	0	0	0	0	0	0	0	0	0	0	0	0	0	0	0	0	0	0	0	0	0	0	0	0	0	0	0	0	0	0	0	0	0	0	0	0	0	0	0	0	0	0	0	0	0	0	0	0	0	0	0	0	0	0	0	0	0	0	0	0	0	0	0	0	0	0	0	0	0	0	0	0	0	0	0	0	0	0	0	0	0	0	0	0	0	0	0	0	0	0	0	0	0	0	0	0	0	0	0	0	0	0	0	0	0	0	0	0	0	0	0	0	0	0	0	0	0	0	4	0	0	0	0	0	0	0	0	0	4	0	0	0	0	0	0	0	0	0	15	127	8	2	0	1	8	0	0	0	0	0	0	0	0	0	0	0	169
6	2	0	26	53	15	23	3	2	0	1	0	6	57	0	0	0	0	0	0	0	0	1	0	0	0	10	45	21	0	29	10	0	0	0	1207	0	2	3	182	16	1	4	0	4	0	0	38	0	6	1	9	0	0	0	0	0	0	0	0	0	0	0	0	15	0	0	0	0	0	0	0	0	0	0	0	0	0	9593	18	0	72	232	1	0	7	14	131	0	47	2	2	0	0	0	17	0	1	0	6	0	12	0	0	6	0	0	24	0	0	22	0	0	0	0	0	1	0	1	0	0	0	8	62	0	0	0	0	70	0	0	0	2	0	0	3	0	0	0	0	0	0	0	0	63	0	2	0	0	0	7	22	0	0	0	0	0	0	6	0	0	0	4	0	0	0	0	0	4	0	0	0	0	0	0	0	0	0	0	0	0	0	0	0	0	0	0	0	0	70	0	0	201	0	0	0	0	0	3	8	66	3134	0	0	0	0	0	0	0	24	55	0	54	0	7168	13	20	1	7	1	82	14	4	1	8	55	4	7	7	0	13	6	0	4	48	70	1	1	1	0	12	1	46	0	1	24	0	2	3	2	92	4	3	11	7	5	0	1	32	1	2	1	0	0	1	1	1	24	1	0	23	3	3	0	29	0	0	79	0	84	5	1	21	1	18	2	0	1	6	0	93	49	0	0	1	1	2	0	18	26	0	17	5	38	0	1	1	0	0	0	0	0	851	1	2	159	0	20	21	0	0	0	17	15	0	9	0	0	0	21	0	0	0	0	1	171	1	4	4	85	0	9	0	0	0	49	0	0	4	1	0	0	0	2	0	0	0	0	0	12	0	0	0	0	0	0	1	2	0	12	0	96	6	0	0	0	1	163	2.8	14.740000000000002	49.13	9.246081871345028	1.28	3.99	58.22222222222222	24	108.23380952380951	3.8866666666666667	338.14285714285717	30	22.68383647798742	7.146770833333334	57.290000000000006	13.92835294117647	8.5	350	3.6100000000000003	2	2	3335	2	52.59	2.785918367346939	49	1	3.2760000000000002	21.3	45	5	6.9762352941176475	199.25	4.01	170.2173913043478	45	27.66111111111111	6.69	15	20	9.473529411764705	475	3.04	7.456666666666667	0.99	299	4.24	3.05	0.99	149	75	13	200	5	2.5	2.99	43.998000000000005	4.2490000000000006	5	1.2	1.0750000000000002	45.03916666666667	1616.6666666666667	9.794355828220858	2.55	2	0	0	0	0	0	0	0	0	0	0	0	0	0	0	0	0	0	0	0	0	0	0	0	0	0	0	0	0	0	0	0	0	0	0	0	0	0	0	0	0	0	0	0	0	0	0	0	0	0	0	0	0	0	0	0	0	0	0	0	0	0	0	0	0	0	0	0	0	0	0	0	0	0	0	0	0	0	0	0	0	0	0	0	0	0	0	0	0	0	0	0	0	0	0	0	0	0	0	0	0	0	0	0	0	0	0	0	0	0	0	0	0	0	0	0	0	0	0	0	0	0	0	0	0	0	0	0	0	0	0	0	0	0	0	0	0	0	0	0	0	0	0	0	0	0	0	0	0	0	0	0	0	0	0	0	0	0	0	0	0	0	0	1	0	0	0	0	1	47	0	0	0	4	1	0	0	30	0	0	0	0	0	37	99	6	9	0	0	2	0	0	0	0	0	4	1	0	0	0	0	242
58	0	0	16	13	1	16	0	3	2	0	0	7	13	0	0	0	0	0	0	1	0	0	0	0	0	5	18	31	0	48	0	0	0	6	2385	5	1	2	242	22	2	2	0	3	0	0	46	0	3	0	9	0	0	0	0	0	0	0	0	0	0	0	0	12	0	0	0	0	0	0	1	0	2	0	0	0	3	6335	64	0	139	198	0	0	2	17	130	0	54	2	3	0	0	0	11	1	0	0	3	0	8	0	0	2	0	0	0	0	0	34	0	2	0	0	0	15	0	4	0	0	0	2	33	0	0	0	0	58	0	0	0	4	0	0	3	0	0	0	2	3	0	0	0	68	0	0	0	0	0	4	24	2	0	0	0	0	0	8	0	0	0	0	0	0	0	0	0	0	0	0	0	0	0	0	0	0	0	0	0	0	0	0	0	0	0	0	0	0	70	0	0	201	0	0	0	0	0	3	8	66	3134	0	0	0	0	0	0	0	24	55	0	54	0	7168	13	19	1	6	1	100	14	4	1	8	56	4	7	7	1	16	6	0	4	46	75	1	1	1	0	12	1	45	0	1	22	0	2	3	3	83	3	2	10	8	5	0	1	31	1	2	1	0	0	1	1	1	24	1	0	18	2	3	0	32	0	0	74	0	79	5	2	21	1	18	1	0	1	6	0	88	47	0	0	1	1	2	0	17	26	0	17	5	38	0	1	1	0	0	0	0	0	851	1	2	159	0	20	21	0	0	0	17	15	0	9	0	0	0	21	0	0	0	0	1	171	1	4	4	85	0	9	0	0	0	49	0	0	4	1	0	0	0	2	0	0	0	0	0	12	0	0	0	0	0	0	1	2	0	12	0	96	6	0	0	0	1	163	2.8	14.740000000000002	49.13	9.246081871345028	1.28	3.99	58.22222222222222	24	108.23380952380951	3.8866666666666667	338.14285714285717	30	22.68383647798742	7.146770833333334	57.290000000000006	13.92835294117647	8.5	350	3.6100000000000003	2	2	3335	2	52.59	2.785918367346939	49	1	3.2760000000000002	21.3	45	5	6.9762352941176475	199.25	4.01	170.2173913043478	45	27.66111111111111	6.69	15	20	9.473529411764705	475	3.04	7.456666666666667	0.99	299	4.24	3.05	0.99	149	75	13	200	5	2.5	2.99	43.998000000000005	4.2490000000000006	5	1.2	1.0750000000000002	45.03916666666667	1616.6666666666667	9.794355828220858	2.55	2	0	0	0	0	0	0	0	0	0	0	0	0	0	0	0	0	0	0	0	0	0	0	0	0	0	0	0	0	0	0	0	0	0	0	0	0	0	0	0	0	0	0	0	0	0	0	0	0	0	0	0	0	0	0	0	0	0	0	0	0	0	0	0	0	0	0	0	0	0	0	0	0	0	0	0	0	0	0	0	0	0	0	0	0	0	0	0	0	0	0	0	0	0	0	0	0	0	0	0	0	0	0	0	0	0	0	0	0	0	0	0	0	0	0	0	0	0	0	0	0	0	0	0	0	0	0	0	0	0	0	0	0	0	0	0	0	0	0	0	0	0	0	0	0	0	0	0	0	0	0	0	0	0	0	0	0	0	0	0	0	0	0	3	0	0	0	0	0	0	0	0	0	4	2	0	0	1	0	0	0	0	0	33	95	12	8	0	2	11	0	0	0	0	0	1	0	0	0	0	0	172
35	1	0	29	53	3	6	0	1	0	3	0	4	42	0	0	0	0	0	0	0	0	0	0	0	0	17	35	7	0	50	0	0	0	2	3359	0	1	5	224	10	5	1	0	2	0	0	25	0	0	6	2	0	0	0	0	0	0	0	0	0	0	0	0	0	1	0	0	0	0	0	0	0	0	0	1	0	0	11837	59	0	66	203	0	0	6	17	108	0	30	2	3	0	1	0	0	1	0	0	0	0	9	0	0	0	9	0	0	0	0	12	0	3	0	0	0	1	4	3	0	0	0	0	29	0	0	0	0	74	0	0	0	0	0	0	0	0	0	0	0	1	0	0	0	65	0	0	0	0	6	12	14	4	0	0	0	0	0	0	0	0	0	0	0	0	0	0	0	0	0	0	2	0	0	0	3	0	1	0	0	0	0	0	0	0	0	0	0	0	70	0	0	201	0	0	0	0	0	3	8	66	3134	0	0	0	0	0	0	0	24	55	0	54	0	7168	13	19	1	6	1	70	14	3	1	7	50	3	7	7	1	15	6	0	5	47	69	1	1	1	0	9	1	43	0	1	24	0	2	3	2	80	3	2	10	9	6	0	1	31	0	2	1	0	0	1	1	1	24	1	0	19	2	3	0	30	0	0	69	0	85	5	1	21	1	18	2	0	1	7	0	87	50	0	0	1	1	2	0	16	26	0	17	5	38	0	1	1	0	0	0	0	0	851	1	2	159	0	20	21	0	0	0	17	15	0	9	0	0	0	21	0	0	0	0	1	171	1	4	4	85	0	9	0	0	0	49	0	0	4	1	0	0	0	2	0	0	0	0	0	12	0	0	0	0	0	0	1	2	0	12	0	96	6	0	0	0	1	163	2.8	14.740000000000002	49.13	9.246081871345028	1.28	3.99	58.22222222222222	24	108.23380952380951	3.8866666666666667	338.14285714285717	30	22.68383647798742	7.146770833333334	57.290000000000006	13.92835294117647	8.5	350	3.6100000000000003	2	2	3335	2	52.59	2.785918367346939	49	1	3.2760000000000002	21.3	45	5	6.9762352941176475	199.25	4.01	170.2173913043478	45	27.66111111111111	6.69	15	20	9.473529411764705	475	3.04	7.456666666666667	0.99	299	4.24	3.05	0.99	149	75	13	200	5	2.5	2.99	43.998000000000005	4.2490000000000006	5	1.2	1.0750000000000002	45.03916666666667	1616.6666666666667	9.794355828220858	2.55	2	0	0	0	0	0	0	0	0	0	0	0	0	0	0	0	0	0	0	0	0	0	0	0	0	0	0	0	0	0	0	0	0	0	0	0	0	0	0	0	0	0	0	0	0	0	0	0	0	0	0	0	0	0	0	0	0	0	0	0	0	0	0	0	0	0	0	0	0	0	0	0	0	0	0	0	0	0	0	0	0	0	0	0	0	0	0	0	0	0	0	0	0	0	0	0	0	0	0	0	0	0	0	0	0	0	0	0	0	0	0	0	0	0	0	0	0	0	0	0	0	0	0	0	0	0	0	0	0	0	0	0	0	0	0	0	0	0	0	0	0	0	0	0	0	0	0	0	0	0	0	0	0	0	0	0	0	0	0	0	0	0	0	3	0	0	0	0	0	0	0	0	0	3	0	0	0	0	0	0	0	0	0	27	102	2	0	0	1	5	0	0	0	0	0	0	1	0	0	0	0	144
12	1	0	29	33	4	2	0	53	51	1	0	4	35	0	0	0	0	0	1	0	0	1	0	0	48	52	47	23	0	22	16	0	0	2	1209	0	0	5	172	31	0	6	0	8	0	0	36	0	11	0	11	0	0	0	0	0	0	0	0	0	0	0	0	4	0	6	0	0	0	0	4	0	0	0	4	0	0	10429	25	0	78	156	1	5	12	6	128	0	40	9	0	0	9	1	0	1	0	0	2	0	7	0	0	0	0	0	0	5	0	12	0	4	0	0	0	2	6	14	0	0	0	0	36	0	0	0	0	76	2	0	0	0	0	0	1	0	0	4	0	0	0	0	0	43	0	0	0	0	0	13	4	0	0	0	0	0	4	4	0	0	0	0	0	0	2	0	0	0	2	0	0	4	0	0	0	0	0	0	0	0	0	0	0	0	0	0	0	0	70	0	0	201	0	0	0	0	0	3	8	66	3134	0	0	0	0	0	0	0	24	55	0	54	0	7168	13	18	1	7	1	70	13	4	1	8	51	3	7	7	1	13	6	0	4	44	76	1	1	1	0	11	1	43	0	1	22	0	2	3	2	81	3	2	10	9	5	0	1	30	0	2	1	0	0	1	1	1	24	1	0	18	2	3	0	23	0	0	71	0	80	5	2	22	1	21	2	0	1	7	0	82	53	0	0	1	1	2	0	14	26	0	17	5	38	0	1	1	0	0	0	0	0	851	1	2	159	0	20	21	0	0	0	17	15	0	9	0	0	0	21	0	0	0	0	1	171	1	4	4	85	0	9	0	0	0	49	0	0	4	1	0	0	0	2	0	0	0	0	0	12	0	0	0	0	0	0	1	2	0	12	0	96	6	0	0	0	1	163	2.8	14.740000000000002	49.13	9.246081871345028	1.28	3.99	58.22222222222222	24	108.23380952380951	3.8866666666666667	338.14285714285717	30	22.68383647798742	7.146770833333334	57.290000000000006	13.92835294117647	8.5	350	3.6100000000000003	2	2	3335	2	52.59	2.785918367346939	49	1	3.2760000000000002	21.3	45	5	6.9762352941176475	199.25	4.01	170.2173913043478	45	27.66111111111111	6.69	15	20	9.473529411764705	475	3.04	7.456666666666667	0.99	299	4.24	3.05	0.99	149	75	13	200	5	2.5	2.99	43.998000000000005	4.2490000000000006	5	1.2	1.0750000000000002	45.03916666666667	1616.6666666666667	9.794355828220858	2.55	2	0	0	0	0	0	0	1	0	0	0	0	0	0	0	0	0	0	0	0	0	0	0	0	0	0	0	0	0	0	0	0	0	0	0	0	0	0	0	0	0	0	1	0	0	0	0	0	0	0	0	0	0	0	0	0	0	0	0	0	0	0	0	0	0	0	0	0	0	0	0	0	0	0	0	0	0	0	0	0	0	0	0	0	0	0	0	0	0	0	0	0	0	0	0	0	0	0	0	0	0	0	0	0	0	0	0	0	0	0	0	0	0	0	0	0	0	0	0	0	0	0	0	0	0	0	0	0	0	0	0	0	0	0	0	0	0	0	0	0	0	0	0	0	0	0	0	0	0	0	0	0	0	0	0	0	0	0	0	0	0	0	0	3	0	0	0	0	0	0	0	0	0	12	0	0	0	1	0	0	0	0	0	9	53	9	7	0	1	7	0	0	0	0	0	1	2	0	0	0	0	105
2	0	0	61	17	0	3	1	1	0	3	0	2	109	0	0	0	0	0	0	0	0	0	0	0	46	3	35	5	0	27	0	0	0	3	2659	2	1	1	175	30	0	1	1	8	2	1	5	0	2	3	7	0	0	0	0	0	0	0	0	0	0	0	0	4	0	0	0	0	0	0	4	0	0	0	0	0	0	8529	12	0	98	231	0	21	3	28	156	0	80	0	2	0	1	1	0	2	0	0	4	0	14	0	0	2	0	0	0	0	0	14	0	2	0	0	0	3	0	17	0	0	0	1	16	0	0	7	0	45	0	0	0	0	0	0	1	0	0	1	0	0	0	0	0	69	0	0	0	0	0	5	23	0	0	0	11	0	0	0	0	0	0	0	0	0	0	0	0	0	0	0	0	0	0	0	0	0	4	0	0	0	0	0	0	0	0	0	0	0	70	0	0	201	0	0	0	0	0	3	8	66	3134	0	0	0	0	0	0	0	24	55	0	54	0	7168	14	17	1	7	1	89	13	4	1	7	100	3	9	7	1	13	6	0	4	44	86	1	1	1	0	12	1	44	0	1	21	0	2	3	2	89	3	1	11	10	5	0	1	29	1	2	0	0	0	1	1	1	25	1	0	18	2	3	0	27	0	0	76	0	77	5	2	19	1	20	1	0	1	7	0	84	51	0	0	1	1	2	0	15	26	0	17	5	38	0	1	1	0	0	0	0	0	851	1	2	159	0	20	21	0	0	0	17	15	0	9	0	0	0	21	0	0	0	0	1	171	1	4	4	85	0	9	0	0	0	49	0	0	4	1	0	0	0	2	0	0	0	0	0	12	0	0	0	0	0	0	1	2	0	12	0	96	6	0	0	0	1	163	2.8	14.740000000000002	49.13	9.246081871345028	1.28	3.99	58.22222222222222	24	108.23380952380951	3.8866666666666667	338.14285714285717	30	22.68383647798742	7.146770833333334	57.290000000000006	13.92835294117647	8.5	350	3.6100000000000003	2	2	3335	2	52.59	2.785918367346939	49	1	3.2760000000000002	21.3	45	5	6.9762352941176475	199.25	4.01	170.2173913043478	45	27.66111111111111	6.69	15	20	9.473529411764705	475	3.04	7.456666666666667	0.99	299	4.24	3.05	0.99	149	75	13	200	5	2.5	2.99	43.998000000000005	4.2490000000000006	5	1.2	1.0750000000000002	45.03916666666667	1616.6666666666667	9.794355828220858	2.55	2	0	0	0	0	0	0	0	0	0	0	0	0	0	0	0	0	0	0	0	0	0	0	0	0	0	0	0	0	0	0	0	0	0	0	0	0	0	0	0	0	0	0	0	0	0	0	0	0	0	0	0	0	0	0	0	0	0	0	0	0	0	0	0	0	0	0	0	0	0	0	0	0	0	0	0	0	0	0	0	0	0	0	0	0	0	0	0	0	0	0	0	0	0	0	0	0	0	0	0	0	0	0	0	0	0	0	0	0	0	0	0	0	0	0	0	0	0	0	0	0	0	0	0	0	0	0	0	0	0	0	0	0	0	0	0	0	0	0	0	0	0	0	0	0	0	0	0	0	0	0	0	0	0	0	0	0	0	0	0	0	0	0	5	0	0	0	0	0	0	0	0	0	5	0	0	0	0	0	0	0	0	0	44	69	4	3	0	0	7	0	0	0	0	0	0	0	0	0	0	0	137
15	0	0	26	68	2	6	1	1	0	2	0	9	26	0	0	0	0	0	0	1	0	0	0	0	20	3	37	9	0	47	8	0	0	1	1551	0	0	3	211	24	0	3	0	3	0	0	28	0	4	0	6	0	0	0	0	0	0	0	0	0	0	0	0	16	1	0	1	0	0	0	0	0	0	0	0	0	5	10771	36	0	39	111	0	10	7	5	106	3	30	2	5	0	0	0	5	2	0	0	4	0	4	0	5	6	0	1	0	1	0	8	0	0	0	0	0	0	0	0	0	0	1	0	12	0	0	0	0	52	2	0	2	3	0	0	2	0	0	0	0	0	0	0	0	52	0	0	0	0	0	0	13	0	0	0	0	0	0	5	4	0	0	1	0	0	0	0	0	0	0	0	0	4	0	0	0	0	1	0	0	0	0	0	0	0	0	0	0	0	70	0	0	201	0	0	0	0	0	3	8	66	3134	0	0	0	0	0	0	0	24	55	0	54	0	7168	15	17	1	6	1	74	14	5	1	8	54	3	8	7	1	13	5	0	4	44	69	1	1	1	0	11	1	43	0	1	21	0	2	8	2	79	3	2	9	9	5	0	1	31	0	1	1	0	0	1	1	1	25	1	0	17	2	3	0	24	0	0	69	0	75	5	2	18	1	22	2	0	1	6	0	81	49	0	0	1	1	2	0	15	26	0	17	5	38	0	1	1	0	0	0	0	0	851	1	2	159	0	20	21	0	0	0	17	15	0	9	0	0	0	21	0	0	0	0	1	171	1	4	4	85	0	9	0	0	0	49	0	0	4	1	0	0	0	2	0	0	0	0	0	12	0	0	0	0	0	0	1	2	0	12	0	96	6	0	0	0	1	163	2.8	14.740000000000002	49.13	9.246081871345028	1.28	3.99	58.22222222222222	24	108.23380952380951	3.8866666666666667	338.14285714285717	30	22.68383647798742	7.146770833333334	57.290000000000006	13.92835294117647	8.5	350	3.6100000000000003	2	2	3335	2	52.59	2.785918367346939	49	1	3.2760000000000002	21.3	45	5	6.9762352941176475	199.25	4.01	170.2173913043478	45	27.66111111111111	6.69	15	20	9.473529411764705	475	3.04	7.456666666666667	0.99	299	4.24	3.05	0.99	149	75	13	200	5	2.5	2.99	43.998000000000005	4.2490000000000006	5	1.2	1.0750000000000002	45.03916666666667	1616.6666666666667	9.794355828220858	2.55	2	0	0	0	0	0	0	0	0	0	0	0	0	0	0	0	0	0	0	0	0	0	0	0	0	0	0	0	0	0	0	0	0	0	0	0	0	0	0	0	0	0	0	0	0	0	0	0	0	0	0	0	0	0	0	0	0	0	0	0	0	0	0	0	0	0	0	0	0	0	0	0	0	0	0	0	0	0	0	0	0	0	0	0	0	0	0	0	0	0	0	0	0	0	0	0	0	0	0	0	0	0	0	0	0	0	0	0	0	0	0	0	0	0	0	0	0	0	0	0	0	0	0	0	0	0	0	0	0	0	0	0	0	0	0	0	0	0	0	0	0	0	0	0	0	0	0	0	0	0	0	0	0	0	0	0	0	0	0	0	0	0	0	2	0	0	0	0	1	40	0	0	0	3	0	0	0	3	0	0	0	0	0	25	126	7	5	0	1	23	0	0	0	0	0	1	0	0	0	0	0	237
15	1	0	33	40	3	5	37	1	0	0	0	45	19	0	43	0	0	0	1	0	0	0	0	0	19	1	42	17	0	24	0	0	0	0	3700	4	1	1	144	11	0	1	0	6	3	0	22	0	6	1	3	0	0	0	0	0	0	0	0	0	0	0	0	0	1	0	1	0	0	0	6	0	0	0	0	0	0	12298	25	0	85	330	0	0	11	15	178	0	90	5	8	0	0	0	0	0	0	0	0	0	11	0	1	8	0	2	4	2	0	24	0	0	0	0	0	8	2	0	0	4	0	10	44	0	0	0	0	69	2	0	0	5	0	0	0	0	0	0	0	0	0	0	0	68	0	0	0	0	0	11	17	0	0	0	0	0	0	5	2	0	0	0	0	0	0	0	0	0	2	0	0	1	0	0	1	0	0	0	0	0	0	0	0	0	0	0	0	0	70	0	0	201	0	0	0	0	0	3	8	66	3134	0	0	0	0	0	0	0	24	55	0	54	0	7168	14	20	2	6	1	73	19	7	1	8	53	3	8	6	1	12	6	0	4	46	76	1	1	1	0	9	1	44	0	1	22	0	2	4	2	71	4	2	11	11	5	0	1	30	0	2	0	0	0	1	1	1	26	1	0	17	2	3	0	25	0	0	63	0	88	5	2	20	1	21	1	0	1	6	0	82	50	0	0	1	0	2	0	16	26	0	17	5	38	0	1	1	0	0	0	0	0	851	1	2	159	0	20	21	0	0	0	17	15	0	9	0	0	0	21	0	0	0	0	1	171	1	4	4	85	0	9	0	0	0	49	0	0	4	1	0	0	0	2	0	0	0	0	0	12	0	0	0	0	0	0	1	2	0	12	0	96	6	0	0	0	1	163	2.8	14.740000000000002	49.13	9.246081871345028	1.28	3.99	58.22222222222222	24	108.23380952380951	3.8866666666666667	338.14285714285717	30	22.68383647798742	7.146770833333334	57.290000000000006	13.92835294117647	8.5	350	3.6100000000000003	2	2	3335	2	52.59	2.785918367346939	49	1	3.2760000000000002	21.3	45	5	6.9762352941176475	199.25	4.01	170.2173913043478	45	27.66111111111111	6.69	15	20	9.473529411764705	475	3.04	7.456666666666667	0.99	299	4.24	3.05	0.99	149	75	13	200	5	2.5	2.99	43.998000000000005	4.2490000000000006	5	1.2	1.0750000000000002	45.03916666666667	1616.6666666666667	9.794355828220858	2.55	2	0	0	0	0	0	0	0	0	0	0	0	1	0	0	0	0	0	0	0	0	0	0	0	0	0	0	0	0	0	0	0	0	0	0	0	0	0	0	0	0	0	1	0	0	0	0	0	0	0	0	0	0	0	0	0	0	0	0	0	0	0	0	0	0	0	0	0	0	0	0	0	0	0	0	0	1	0	0	0	0	0	0	0	0	0	0	0	0	0	0	0	0	0	0	0	0	0	0	0	0	0	0	0	0	0	0	0	0	0	0	0	0	0	0	0	0	0	0	0	0	0	0	0	0	0	0	0	0	0	0	0	0	0	0	0	0	0	0	0	0	0	0	0	0	0	0	0	0	0	0	0	0	0	0	0	0	0	0	0	0	0	1	0	0	0	0	0	1	0	0	0	0	102	1	0	0	1	0	0	0	0	0	18	93	0	7	0	1	8	0	0	0	0	0	2	1	0	0	0	0	235
15	0	0	51	18	3	2	1	2	0	0	2	5	50	0	2	0	0	0	0	0	0	0	0	0	52	10	31	36	0	25	3	0	0	11	2830	0	0	2	165	15	0	3	0	12	0	0	13	0	5	1	23	0	0	0	0	0	0	0	0	0	0	0	0	0	0	0	0	0	0	0	4	1	0	0	0	0	0	15032	50	0	75	181	0	10	5	7	159	0	56	4	2	0	0	0	0	0	0	0	2	0	5	0	2	3	0	2	0	2	0	6	0	0	0	0	0	5	0	1	0	0	0	0	16	0	0	0	0	58	5	0	0	0	0	0	0	0	0	0	0	0	0	0	0	66	0	0	0	0	0	4	8	0	2	0	0	0	0	1	8	0	0	0	0	0	0	0	2	0	0	0	0	3	0	0	2	0	0	0	0	0	0	0	0	0	0	0	0	0	70	0	0	201	0	0	0	0	0	3	8	66	3134	0	0	0	0	0	0	0	24	55	0	54	0	7168	14	19	2	7	1	63	13	4	1	9	51	3	8	6	0	11	5	0	4	42	67	1	1	1	0	10	1	41	0	1	24	0	2	4	2	68	4	2	11	13	5	0	1	31	0	2	0	0	0	1	1	1	29	1	0	18	2	3	0	30	0	0	59	0	81	5	3	23	1	21	2	0	1	7	0	79	53	0	0	1	1	2	0	18	26	0	17	5	38	0	1	1	0	0	0	0	0	851	1	2	159	0	20	21	0	0	0	17	15	0	9	0	0	0	21	0	0	0	0	1	171	1	4	4	85	0	9	0	0	0	49	0	0	4	1	0	0	0	2	0	0	0	0	0	12	0	0	0	0	0	0	1	2	0	12	0	96	6	0	0	0	1	163	2.8	14.740000000000002	49.13	9.246081871345028	1.28	3.99	58.22222222222222	24	108.23380952380951	3.8866666666666667	338.14285714285717	30	22.68383647798742	7.146770833333334	57.290000000000006	13.92835294117647	8.5	350	3.6100000000000003	2	2	3335	2	52.59	2.785918367346939	49	1	3.2760000000000002	21.3	45	5	6.9762352941176475	199.25	4.01	170.2173913043478	45	27.66111111111111	6.69	15	20	9.473529411764705	475	3.04	7.456666666666667	0.99	299	4.24	3.05	0.99	149	75	13	200	5	2.5	2.99	43.998000000000005	4.2490000000000006	5	1.2	1.0750000000000002	45.03916666666667	1616.6666666666667	9.794355828220858	2.55	2	0	0	0	1	0	0	0	0	0	0	0	0	0	0	0	0	0	0	0	0	0	0	0	0	0	0	0	0	0	0	0	0	0	0	0	0	0	0	0	0	0	1	0	0	0	0	0	0	0	0	0	0	0	0	0	0	0	0	0	0	0	0	0	0	0	0	0	0	0	0	0	0	0	0	0	0	0	0	0	0	0	0	0	0	0	0	0	0	0	0	0	0	0	0	0	0	0	0	0	0	0	0	0	0	0	0	0	0	0	0	0	0	0	0	0	0	0	0	0	0	0	0	0	0	0	0	0	0	0	0	0	0	0	0	0	0	0	0	0	0	0	0	0	0	0	0	0	0	0	0	0	0	0	0	0	0	0	0	0	0	0	0	2	0	0	0	0	0	0	0	0	0	8	0	0	0	1	0	0	0	0	0	21	79	5	41	0	0	18	0	0	0	0	0	0	0	0	0	0	0	175
7	1	0	59	80	1	8	0	4	1	0	2	10	57	0	7	0	0	0	0	0	0	0	0	0	26	38	25	5	0	30	7	0	0	0	1480	1	1	3	193	19	0	3	0	2	0	0	16	0	12	0	4	0	0	0	0	0	0	0	0	0	0	0	5	2	0	0	0	0	0	0	0	0	0	0	0	0	0	18681	29	0	67	180	0	0	4	5	157	0	40	2	0	0	1	0	0	0	0	1	2	0	7	0	0	2	0	0	5	1	0	20	0	3	0	0	0	5	0	0	0	0	0	3	17	0	0	0	0	43	0	0	0	0	0	0	0	0	0	0	0	0	0	0	0	63	0	0	0	0	0	5	22	0	0	0	0	0	0	4	0	0	0	0	0	0	0	0	3	0	0	0	0	0	0	1	0	0	4	0	0	0	0	0	0	0	0	0	0	0	70	0	0	201	0	0	0	0	0	3	8	66	3134	0	0	0	0	0	0	0	24	55	0	54	0	7168	12	18	1	6	1	59	14	4	1	8	50	3	8	6	1	11	4	0	4	39	63	1	1	1	0	8	1	39	1	1	23	0	2	4	2	71	4	2	10	12	5	0	1	29	1	1	1	0	0	1	1	1	26	1	0	16	2	3	0	26	0	0	63	0	86	5	2	20	1	21	1	0	1	6	0	81	48	0	0	1	1	3	0	16	26	0	17	5	38	0	1	1	0	0	0	0	0	851	1	2	159	0	20	21	0	0	0	17	15	0	9	0	0	0	21	0	0	0	0	1	171	1	4	4	85	0	9	0	0	0	49	0	0	4	1	0	0	0	2	0	0	0	0	0	12	0	0	0	0	0	0	1	2	0	12	0	96	6	0	0	0	1	163	2.8	14.740000000000002	49.13	9.246081871345028	1.28	3.99	58.22222222222222	24	108.23380952380951	3.8866666666666667	338.14285714285717	30	22.68383647798742	7.146770833333334	57.290000000000006	13.92835294117647	8.5	350	3.6100000000000003	2	2	3335	2	52.59	2.785918367346939	49	1	3.2760000000000002	21.3	45	5	6.9762352941176475	199.25	4.01	170.2173913043478	45	27.66111111111111	6.69	15	20	9.473529411764705	475	3.04	7.456666666666667	0.99	299	4.24	3.05	0.99	149	75	13	200	5	2.5	2.99	43.998000000000005	4.2490000000000006	5	1.2	1.0750000000000002	45.03916666666667	1616.6666666666667	9.794355828220858	2.55	2	0	0	0	0	0	0	0	0	0	0	0	0	0	0	0	0	0	0	0	0	0	0	0	0	0	0	0	0	0	0	0	0	0	0	0	0	0	0	0	0	0	0	0	0	0	0	0	0	0	0	0	0	0	0	0	0	0	0	0	0	0	0	0	0	0	0	0	0	0	0	0	0	0	0	0	0	0	0	0	0	0	0	0	0	0	0	0	0	0	0	0	0	0	0	0	0	0	0	0	0	0	0	0	0	0	0	0	0	0	0	0	0	0	0	0	0	0	0	0	0	0	0	0	0	0	0	0	0	0	0	0	0	0	0	0	0	0	0	0	0	0	0	0	0	0	0	0	0	0	0	0	0	0	0	0	0	0	0	0	0	0	0	6	0	0	0	0	0	0	0	0	0	3	1	0	0	0	0	0	0	0	0	26	61	1	25	0	0	6	0	0	0	0	0	3	0	0	0	0	0	132
9	0	1	12	25	3	4	0	8	1	0	2	10	64	0	6	0	0	0	1	1	0	0	0	0	54	0	48	20	0	36	10	0	0	0	4983	0	2	10	192	30	14	1	0	8	0	0	39	0	0	0	6	0	0	0	0	0	0	0	0	0	0	0	0	6	0	0	0	0	0	0	4	0	0	0	0	0	0	7377	61	0	101	200	3	11	3	8	169	0	46	5	6	0	1	0	0	1	0	3	0	0	10	0	0	9	0	0	0	2	0	20	0	0	0	0	0	15	0	11	0	2	0	0	33	0	0	0	0	56	2	0	0	0	0	0	2	0	0	0	0	0	0	0	0	69	0	0	0	1	0	9	25	0	0	0	0	0	0	0	0	0	0	0	0	0	0	0	2	0	0	0	0	5	0	0	2	0	0	0	0	0	0	0	0	0	0	0	0	0	70	0	0	201	0	0	0	0	0	3	8	66	3134	0	0	0	0	0	0	0	24	55	0	54	0	7168	12	17	2	6	1	57	12	4	1	7	50	2	7	6	1	11	5	0	4	39	64	1	1	1	0	8	1	37	0	1	20	0	2	5	2	62	5	1	8	12	5	0	1	25	1	1	0	0	0	1	1	1	25	1	0	13	2	3	0	26	0	0	64	0	81	4	1	16	1	22	1	0	1	6	0	76	41	0	0	1	1	2	0	14	26	0	17	5	38	0	1	1	0	0	0	0	0	851	1	2	159	0	20	21	0	0	0	17	15	0	9	0	0	0	21	0	0	0	0	1	171	1	4	4	85	0	9	0	0	0	49	0	0	4	1	0	0	0	2	0	0	0	0	0	12	0	0	0	0	0	0	1	2	0	12	0	96	6	0	0	0	1	163	2.8	14.740000000000002	49.13	9.246081871345028	1.28	3.99	58.22222222222222	24	108.23380952380951	3.8866666666666667	338.14285714285717	30	22.68383647798742	7.146770833333334	57.290000000000006	13.92835294117647	8.5	350	3.6100000000000003	2	2	3335	2	52.59	2.785918367346939	49	1	3.2760000000000002	21.3	45	5	6.9762352941176475	199.25	4.01	170.2173913043478	45	27.66111111111111	6.69	15	20	9.473529411764705	475	3.04	7.456666666666667	0.99	299	4.24	3.05	0.99	149	75	13	200	5	2.5	2.99	43.998000000000005	4.2490000000000006	5	1.2	1.0750000000000002	45.03916666666667	1616.6666666666667	9.794355828220858	2.55	2	0	0	0	0	0	0	0	0	0	0	0	0	0	0	0	0	0	0	0	0	0	0	0	0	0	0	0	0	0	0	0	0	0	0	0	0	0	0	0	0	0	0	0	0	0	0	0	0	0	0	0	0	0	0	0	0	0	0	0	0	0	0	0	0	0	0	0	0	0	0	0	0	0	0	0	0	0	0	0	0	0	0	0	0	0	0	0	0	0	0	0	0	0	0	0	0	0	0	0	0	0	0	0	0	0	0	0	0	0	0	0	0	0	0	0	0	0	0	0	0	0	0	0	0	0	0	0	0	0	0	0	0	0	0	0	0	0	0	0	0	0	0	0	0	0	0	0	0	0	0	0	0	0	0	0	0	0	0	0	0	0	0	2	0	0	0	0	1	0	0	0	0	1	0	0	0	0	0	0	0	0	0	14	55	2	9	0	1	7	0	0	0	0	0	1	1	0	0	0	0	94
34	0	0	10	85	0	8	0	19	0	0	2	2	62	0	42	0	0	0	0	0	0	0	0	0	56	3	44	41	0	42	4	0	0	12	6628	6	3	0	268	14	2	7	0	4	0	0	13	0	16	0	8	0	0	0	0	0	0	0	0	0	0	0	0	0	2	3	0	0	0	0	15	0	0	0	0	0	0	13605	56	0	122	290	10	14	23	18	248	3	83	2	6	0	0	0	10	0	0	0	4	0	15	0	7	0	0	0	0	1	0	8	0	0	0	0	0	1	0	4	0	4	0	0	22	0	0	1	0	340	0	0	0	3	0	0	0	0	0	0	0	3	1	0	0	98	0	2	0	0	0	11	20	3	0	0	0	0	0	21	40	0	0	0	0	0	0	1	0	0	0	0	0	0	0	3	1	0	8	0	0	0	0	0	0	0	0	0	0	0	70	0	0	201	0	0	0	0	0	3	8	66	3134	0	0	0	0	0	0	0	24	55	0	54	0	7168	13	18	2	5	1	56	19	8	1	8	50	3	9	6	0	11	4	0	4	40	64	1	1	1	0	8	1	40	0	1	20	0	2	5	2	65	6	2	9	12	5	0	1	28	0	2	1	0	0	1	1	1	28	1	0	17	2	3	0	24	0	0	61	0	79	5	1	18	1	23	1	0	1	6	0	81	50	0	0	1	1	2	0	15	26	0	17	5	38	0	1	1	0	0	0	0	0	851	1	2	159	0	20	21	0	0	0	17	15	0	9	0	0	0	21	0	0	0	0	1	171	1	4	4	85	0	9	0	0	0	49	0	0	4	1	0	0	0	2	0	0	0	0	0	12	0	0	0	0	0	0	1	2	0	12	0	96	6	0	0	0	1	163	2.8	14.740000000000002	49.13	9.246081871345028	1.28	3.99	58.22222222222222	24	108.23380952380951	3.8866666666666667	338.14285714285717	30	22.68383647798742	7.146770833333334	57.290000000000006	13.92835294117647	8.5	350	3.6100000000000003	2	2	3335	2	52.59	2.785918367346939	49	1	3.2760000000000002	21.3	45	5	6.9762352941176475	199.25	4.01	170.2173913043478	45	27.66111111111111	6.69	15	20	9.473529411764705	475	3.04	7.456666666666667	0.99	299	4.24	3.05	0.99	149	75	13	200	5	2.5	2.99	43.998000000000005	4.2490000000000006	5	1.2	1.0750000000000002	45.03916666666667	1616.6666666666667	9.794355828220858	2.55	2	0	0	0	0	0	0	0	0	0	0	0	0	0	0	0	0	0	0	0	0	0	0	0	0	0	0	0	0	0	0	0	0	0	0	0	0	0	0	0	0	0	0	0	0	0	0	0	0	0	0	0	0	0	0	0	0	0	0	0	0	0	0	0	0	0	0	0	0	0	0	0	0	0	0	0	0	0	0	0	0	0	0	0	0	0	0	0	0	0	0	0	0	0	0	0	0	0	0	0	0	0	0	0	0	0	0	0	0	0	0	0	0	0	0	0	0	0	0	0	0	0	0	0	0	0	0	0	0	0	0	0	0	0	0	0	0	0	0	0	0	0	0	0	0	0	0	0	0	0	0	0	0	0	0	0	0	0	0	0	0	0	0	3	0	0	0	1	1	4	0	0	0	3	0	0	0	0	0	0	0	0	0	16	70	3	9	0	2	5	0	0	0	0	0	0	0	0	0	0	0	117
5	0	0	9	61	43	42	0	2	0	0	0	20	61	0	27	0	0	0	0	0	0	0	0	0	17	44	40	2	0	16	0	0	0	6	531	2	2	0	302	14	1	0	0	5	0	0	93	0	5	0	6	0	0	0	0	0	0	0	0	0	0	0	0	3	0	0	0	0	0	0	0	0	0	0	0	0	1	9011	29	0	104	252	0	3	7	4	167	3	28	3	4	0	0	0	14	1	0	0	0	0	12	0	0	0	0	0	1	2	24	30	0	0	0	0	0	6	0	3	0	0	0	0	11	0	0	0	0	132	2	0	0	7	0	0	0	0	0	0	0	0	0	0	0	56	0	0	0	0	1	5	18	6	0	0	0	0	0	1	0	0	0	0	0	0	0	0	0	0	0	0	1	1	0	0	1	0	6	0	0	0	0	0	0	0	0	0	0	0	70	0	0	201	0	0	0	0	0	3	8	66	3134	0	0	0	0	0	0	0	24	55	0	54	0	7168	14	20	2	6	1	59	15	5	1	8	58	3	8	6	1	12	6	0	4	40	61	1	1	1	0	8	1	38	0	1	22	0	2	5	2	60	5	2	10	13	5	0	1	29	0	2	1	0	0	1	1	1	26	1	0	17	2	3	0	27	0	0	58	0	78	5	1	20	1	22	1	0	1	6	0	98	49	0	0	1	1	2	0	15	26	0	17	5	38	0	1	1	0	0	0	0	0	851	1	2	159	0	20	21	0	0	0	17	15	0	9	0	0	0	21	0	0	0	0	1	171	1	4	4	85	0	9	0	0	0	49	0	0	4	1	0	0	0	2	0	0	0	0	0	12	0	0	0	0	0	0	1	2	0	12	0	96	6	0	0	0	1	163	2.8	14.740000000000002	49.13	9.246081871345028	1.28	3.99	58.22222222222222	24	108.23380952380951	3.8866666666666667	338.14285714285717	30	22.68383647798742	7.146770833333334	57.290000000000006	13.92835294117647	8.5	350	3.6100000000000003	2	2	3335	2	52.59	2.785918367346939	49	1	3.2760000000000002	21.3	45	5	6.9762352941176475	199.25	4.01	170.2173913043478	45	27.66111111111111	6.69	15	20	9.473529411764705	475	3.04	7.456666666666667	0.99	299	4.24	3.05	0.99	149	75	13	200	5	2.5	2.99	43.998000000000005	4.2490000000000006	5	1.2	1.0750000000000002	45.03916666666667	1616.6666666666667	9.794355828220858	2.55	2	0	0	0	0	0	0	0	0	0	0	0	0	0	0	0	0	0	0	0	0	0	0	0	0	0	0	0	0	0	0	0	0	0	0	0	0	0	0	0	0	0	0	0	0	0	0	0	0	0	0	0	0	0	0	0	0	0	0	0	0	0	0	0	0	0	0	0	0	0	0	0	0	0	0	0	0	0	0	0	0	0	0	0	0	0	0	0	0	0	0	0	0	0	0	0	0	0	0	0	0	0	0	0	0	0	0	0	0	0	0	0	0	0	0	0	0	0	0	0	0	0	0	0	0	0	0	0	0	0	0	0	0	0	0	0	0	0	0	0	0	0	0	0	0	0	0	0	0	0	0	0	0	0	0	0	0	0	0	0	0	0	0	4	0	0	0	0	1	0	0	0	0	1	0	0	0	0	0	0	0	0	0	15	72	8	8	0	0	16	0	0	0	0	0	1	0	0	0	0	0	126
23	0	0	6	17	9	3	1	5	0	0	1	11	13	0	43	0	0	0	0	1	0	0	0	0	8	3	14	5	0	30	9	0	0	3	4246	0	0	1	220	38	0	2	0	2	0	0	9	0	12	0	8	0	0	0	0	0	0	0	0	0	0	0	0	8	0	0	0	0	0	0	8	0	0	0	0	0	0	20202	44	0	97	237	17	0	5	12	142	0	53	11	0	3	0	0	0	0	0	0	0	0	6	0	2	0	0	0	0	0	0	22	2	5	0	0	0	2	0	6	0	0	0	2	40	0	0	0	0	75	0	0	0	3	0	0	0	0	0	0	0	0	0	0	0	41	0	0	0	0	0	4	22	0	0	0	0	0	1	1	0	0	0	1	0	1	1	0	0	4	0	0	0	0	0	0	0	0	0	0	0	0	0	0	0	0	0	0	0	0	70	0	0	201	0	0	0	0	0	3	8	66	3134	0	0	0	0	0	0	0	24	55	0	54	0	7168	18	19	1	6	1	57	14	4	1	8	53	3	8	7	1	11	5	0	4	39	62	1	1	1	0	8	1	38	0	1	22	0	2	5	2	63	3	2	10	13	5	0	1	29	1	2	1	0	0	1	1	1	29	1	0	18	2	3	0	29	0	0	63	0	73	5	2	20	1	21	1	0	1	6	0	82	48	0	0	1	1	2	0	16	26	0	17	5	38	0	1	1	0	0	0	0	0	851	1	2	159	0	20	21	0	0	0	17	15	0	9	0	0	0	21	0	0	0	0	1	171	1	4	4	85	0	9	0	0	0	49	0	0	4	1	0	0	0	2	0	0	0	0	0	12	0	0	0	0	0	0	1	2	0	12	0	96	6	0	0	0	1	163	2.8	14.740000000000002	49.13	9.246081871345028	1.28	3.99	58.22222222222222	24	108.23380952380951	3.8866666666666667	338.14285714285717	30	22.68383647798742	7.146770833333334	57.290000000000006	13.92835294117647	8.5	350	3.6100000000000003	2	2	3335	2	52.59	2.785918367346939	49	1	3.2760000000000002	21.3	45	5	6.9762352941176475	199.25	4.01	170.2173913043478	45	27.66111111111111	6.69	15	20	9.473529411764705	475	3.04	7.456666666666667	0.99	299	4.24	3.05	0.99	149	75	13	200	5	2.5	2.99	43.998000000000005	4.2490000000000006	5	1.2	1.0750000000000002	45.03916666666667	1616.6666666666667	9.794355828220858	2.55	2	0	0	0	0	0	0	0	0	0	0	0	0	0	0	0	0	0	0	0	0	0	0	0	0	0	0	0	0	0	0	0	0	0	0	0	0	0	0	0	0	0	0	0	0	0	0	0	0	0	0	0	0	0	0	0	0	0	0	0	0	0	0	0	0	0	0	0	0	0	0	0	0	0	0	0	0	0	0	0	0	0	0	0	0	0	0	0	0	0	0	0	0	0	0	0	0	0	0	0	0	0	0	0	0	0	0	0	0	0	0	0	0	0	0	0	0	0	0	0	0	0	0	0	0	0	0	0	0	0	0	0	0	0	0	0	0	0	0	0	0	0	0	0	0	0	0	0	0	0	0	0	0	0	0	0	0	0	0	0	0	0	0	2	0	0	0	0	1	0	0	0	0	4	0	0	0	0	0	0	0	0	0	9	77	4	8	0	0	11	0	0	0	0	0	1	1	0	0	0	0	118
19	1	0	12	12	6	4	0	1	1	0	0	40	52	0	2	0	3	0	1	0	0	0	0	0	16	6	38	2	0	10	0	0	0	2	3290	4	0	0	168	9	0	4	0	4	0	4	7	0	6	0	12	0	0	0	0	0	0	0	0	0	0	0	0	4	9	0	1	0	0	0	0	0	0	0	0	0	0	17102	32	0	54	199	0	8	8	11	114	3	39	2	2	0	0	0	9	0	0	0	12	0	10	0	0	3	0	2	0	0	0	16	0	0	0	0	0	3	0	11	0	0	0	0	23	4	0	0	0	12	7	0	0	0	0	0	0	0	0	0	0	0	0	0	0	61	0	0	0	0	0	7	17	5	0	0	0	0	1	3	0	0	0	0	0	0	0	0	0	0	0	4	1	4	0	0	0	0	1	0	0	0	0	0	0	0	0	0	0	0	70	0	0	201	0	0	0	0	0	3	8	66	3134	0	0	0	0	0	0	0	24	55	0	54	0	7168	22	18	1	6	1	54	13	3	1	9	51	3	9	8	1	11	6	0	4	39	62	1	1	1	0	8	1	39	0	1	22	0	2	5	2	74	3	2	10	14	5	0	1	28	1	1	1	0	0	1	1	1	26	1	0	23	2	3	0	31	0	0	56	0	74	5	2	20	1	23	1	0	1	6	0	79	47	0	0	1	1	2	0	15	26	0	17	5	38	0	1	1	0	0	0	0	0	851	1	2	159	0	20	21	0	0	0	17	15	0	9	0	0	0	21	0	0	0	0	1	171	1	4	4	85	0	9	0	0	0	49	0	0	4	1	0	0	0	2	0	0	0	0	0	12	0	0	0	0	0	0	1	2	0	12	0	96	6	0	0	0	1	163	2.8	14.740000000000002	49.13	9.246081871345028	1.28	3.99	58.22222222222222	24	108.23380952380951	3.8866666666666667	338.14285714285717	30	22.68383647798742	7.146770833333334	57.290000000000006	13.92835294117647	8.5	350	3.6100000000000003	2	2	3335	2	52.59	2.785918367346939	49	1	3.2760000000000002	21.3	45	5	6.9762352941176475	199.25	4.01	170.2173913043478	45	27.66111111111111	6.69	15	20	9.473529411764705	475	3.04	7.456666666666667	0.99	299	4.24	3.05	0.99	149	75	13	200	5	2.5	2.99	43.998000000000005	4.2490000000000006	5	1.2	1.0750000000000002	45.03916666666667	1616.6666666666667	9.794355828220858	2.55	2	0	0	0	0	0	0	0	0	0	0	0	0	0	0	0	0	0	0	0	0	0	0	0	0	0	0	0	0	0	0	0	0	0	0	0	0	0	0	0	0	0	0	0	0	0	0	0	0	0	0	0	0	0	0	0	0	0	0	0	0	0	0	0	0	0	0	0	0	0	0	0	0	0	0	0	0	0	0	0	0	0	0	0	0	0	0	0	0	0	0	0	0	0	0	0	0	0	0	0	0	0	0	0	0	0	0	0	0	0	0	0	0	0	0	0	0	0	0	0	0	0	0	0	0	0	0	0	0	0	0	0	0	0	0	0	0	0	0	0	0	0	0	0	0	0	0	0	0	0	0	0	0	0	0	0	0	0	0	0	0	0	0	7	0	0	0	0	0	0	0	0	0	7	1	0	0	0	0	0	0	0	0	6	71	4	5	1	2	7	0	0	0	0	0	3	0	0	0	0	0	114
8	0	0	45	26	10	3	0	41	0	0	1	4	22	0	10	0	0	0	1	0	0	0	1	0	17	3	11	20	0	21	6	0	1	3	777	2	1	0	151	9	0	8	0	2	0	0	3	0	12	0	3	2	0	0	0	0	0	0	0	0	0	0	0	0	1	0	2	0	0	0	0	0	0	1	0	0	2	13531	66	0	64	178	0	6	15	2	183	0	37	7	7	0	4	0	0	0	0	1	7	0	14	0	0	0	0	1	10	0	0	6	0	0	0	0	0	6	6	2	0	0	0	11	27	0	0	0	0	26	0	0	0	4	0	0	2	0	1	0	0	0	0	0	0	74	0	0	0	0	1	9	9	0	0	1	1	0	0	0	0	0	0	0	0	0	0	0	0	0	0	0	0	4	0	0	1	0	7	0	0	0	0	0	0	0	0	0	0	0	70	0	0	201	0	0	0	0	0	3	8	66	3134	0	0	0	0	0	0	0	24	55	0	54	0	7168	16	19	2	6	1	55	12	4	1	7	51	3	9	7	1	12	5	0	4	39	62	1	1	1	0	8	1	38	0	1	21	0	2	5	2	60	3	2	10	13	5	0	1	29	0	2	1	0	0	1	1	1	25	1	0	20	2	3	0	32	0	0	57	0	69	5	1	19	1	21	1	0	1	7	0	76	47	0	0	1	1	2	0	14	26	0	17	5	38	0	1	1	0	0	0	0	0	851	1	2	159	0	20	21	0	0	0	17	15	0	9	0	0	0	21	0	0	0	0	1	171	1	4	4	85	0	9	0	0	0	49	0	0	4	1	0	0	0	2	0	0	0	0	0	12	0	0	0	0	0	0	1	2	0	12	0	96	6	0	0	0	1	163	2.8	14.740000000000002	49.13	9.246081871345028	1.28	3.99	58.22222222222222	24	108.23380952380951	3.8866666666666667	338.14285714285717	30	22.68383647798742	7.146770833333334	57.290000000000006	13.92835294117647	8.5	350	3.6100000000000003	2	2	3335	2	52.59	2.785918367346939	49	1	3.2760000000000002	21.3	45	5	6.9762352941176475	199.25	4.01	170.2173913043478	45	27.66111111111111	6.69	15	20	9.473529411764705	475	3.04	7.456666666666667	0.99	299	4.24	3.05	0.99	149	75	13	200	5	2.5	2.99	43.998000000000005	4.2490000000000006	5	1.2	1.0750000000000002	45.03916666666667	1616.6666666666667	9.794355828220858	2.55	2	0	0	0	1	0	0	0	0	0	0	0	2	0	0	0	0	0	0	0	0	0	0	0	0	0	0	0	0	0	0	0	0	0	0	0	0	0	0	0	0	0	3	0	0	0	0	0	0	0	0	0	0	0	0	0	0	0	0	0	0	0	0	0	0	0	0	0	0	0	0	0	0	0	0	0	0	0	0	0	0	0	0	0	0	0	0	0	0	0	0	0	0	0	0	0	0	0	0	0	0	0	0	0	0	0	0	0	0	0	0	0	0	0	0	0	0	0	0	0	0	0	0	0	0	0	0	0	0	0	0	0	0	0	0	0	0	0	0	0	0	0	0	0	0	0	0	0	0	0	0	0	0	0	0	0	0	0	0	0	0	0	0	2	0	0	0	0	0	1	0	0	0	2	0	0	0	0	0	0	0	0	0	9	71	3	30	0	0	6	0	0	1	0	0	1	0	0	0	0	0	126
10	1	0	14	18	7	7	0	1	1	0	0	9	54	0	44	0	0	0	1	0	0	0	0	0	48	4	35	26	0	51	7	0	0	4	0	2	0	0	147	31	0	4	0	6	0	0	5	0	15	0	7	0	0	0	0	0	0	0	0	0	0	0	0	4	0	5	7	0	0	0	8	0	1	0	0	0	1	6429	21	0	80	248	0	2	4	0	176	3	36	12	3	0	0	0	0	0	0	0	0	0	11	0	0	2	0	0	8	3	0	12	0	6	0	0	0	2	0	9	0	0	0	9	32	0	0	0	0	32	3	0	1	5	0	0	2	0	0	0	0	0	0	0	0	78	0	0	0	0	0	3	17	1	0	0	0	0	0	6	0	0	0	0	0	1	0	2	0	0	0	0	0	0	0	0	0	0	0	0	0	0	0	0	0	0	0	0	0	0	70	0	0	201	0	0	0	0	0	3	8	66	3134	0	0	0	0	0	0	0	24	55	0	54	0	7168	15	18	1	6	1	52	12	3	1	9	55	3	10	6	1	13	6	0	4	42	61	1	1	1	0	8	1	39	0	1	21	0	2	5	2	59	3	2	9	15	4	0	1	28	1	1	1	0	0	1	1	1	25	1	0	29	2	3	0	23	0	0	51	0	70	5	1	19	1	24	1	0	1	7	0	76	44	0	0	1	1	2	0	13	26	0	17	5	38	0	1	1	0	0	0	0	0	851	1	2	159	0	20	21	0	0	0	17	15	0	9	0	0	0	21	0	0	0	0	1	171	1	4	4	85	0	9	0	0	0	49	0	0	4	1	0	0	0	2	0	0	0	0	0	12	0	0	0	0	0	0	1	2	0	12	0	96	6	0	0	0	1	163	2.8	14.740000000000002	49.13	9.246081871345028	1.28	3.99	58.22222222222222	24	108.23380952380951	3.8866666666666667	338.14285714285717	30	22.68383647798742	7.146770833333334	57.290000000000006	13.92835294117647	8.5	350	3.6100000000000003	2	2	3335	2	52.59	2.785918367346939	49	1	3.2760000000000002	21.3	45	5	6.9762352941176475	199.25	4.01	170.2173913043478	45	27.66111111111111	6.69	15	20	9.473529411764705	475	3.04	7.456666666666667	0.99	299	4.24	3.05	0.99	149	75	13	200	5	2.5	2.99	43.998000000000005	4.2490000000000006	5	1.2	1.0750000000000002	45.03916666666667	1616.6666666666667	9.794355828220858	2.55	2	0	0	0	0	0	0	0	0	0	0	0	1	0	0	0	0	0	0	0	0	0	0	0	0	0	0	0	0	0	0	0	0	0	0	0	0	0	0	0	0	0	1	0	0	0	0	0	0	0	0	0	0	0	0	0	0	0	0	0	0	0	0	0	0	0	0	0	0	0	0	0	0	0	0	0	0	0	0	0	0	0	0	0	0	0	0	0	0	0	0	0	0	0	0	0	0	0	0	0	0	0	0	0	0	0	0	0	0	0	0	0	0	0	0	0	0	0	0	0	0	0	0	0	0	0	0	0	0	0	0	0	0	0	0	0	0	0	0	0	0	0	0	0	0	0	0	0	0	0	0	0	0	0	0	0	0	0	0	0	0	0	0	4	0	0	0	0	0	0	0	0	0	1	1	0	0	0	0	0	0	0	0	15	45	3	8	0	0	4	0	0	0	0	0	3	0	0	0	0	0	84
3	1	0	14	12	19	9	1	1	0	0	1	9	23	0	4	0	1	0	0	0	0	0	0	0	18	5	28	13	0	46	0	0	0	4	2031	0	2	0	185	24	8	0	0	0	0	1	25	0	8	0	3	0	0	0	0	0	0	0	0	0	0	0	0	0	0	4	0	0	0	0	0	0	0	0	0	0	0	14370	11	0	67	116	0	0	4	10	125	17	33	5	2	0	0	3	0	0	0	0	27	0	13	0	0	0	0	0	4	0	0	6	0	1	0	0	0	4	0	4	0	0	0	0	9	0	1	0	0	68	0	0	0	0	0	0	0	0	0	0	0	0	0	0	0	60	0	0	0	0	0	6	8	3	0	0	0	0	0	7	0	0	1	1	0	0	0	0	0	0	0	0	0	1	0	0	3	0	3	0	0	0	0	0	0	0	0	0	0	0	70	0	0	201	0	0	0	0	0	3	8	66	3134	0	0	0	0	0	0	0	24	55	0	54	0	7168	15	18	2	6	1	54	14	3	1	9	50	3	11	7	1	13	5	0	4	44	62	1	1	1	0	7	1	38	0	1	20	0	2	5	2	60	3	1	9	14	5	0	1	31	1	1	1	0	0	1	1	1	25	1	0	53	2	3	0	26	0	0	50	0	70	4	1	18	1	26	1	0	1	6	0	77	46	0	0	1	1	2	0	13	26	0	17	5	38	0	1	1	0	0	0	0	0	851	1	2	159	0	20	21	0	0	0	17	15	0	9	0	0	0	21	0	0	0	0	1	171	1	4	4	85	0	9	0	0	0	49	0	0	4	1	0	0	0	2	0	0	0	0	0	12	0	0	0	0	0	0	1	2	0	12	0	96	6	0	0	0	1	163	2.8	14.740000000000002	49.13	9.246081871345028	1.28	3.99	58.22222222222222	24	108.23380952380951	3.8866666666666667	338.14285714285717	30	22.68383647798742	7.146770833333334	57.290000000000006	13.92835294117647	8.5	350	3.6100000000000003	2	2	3335	2	52.59	2.785918367346939	49	1	3.2760000000000002	21.3	45	5	6.9762352941176475	199.25	4.01	170.2173913043478	45	27.66111111111111	6.69	15	20	9.473529411764705	475	3.04	7.456666666666667	0.99	299	4.24	3.05	0.99	149	75	13	200	5	2.5	2.99	43.998000000000005	4.2490000000000006	5	1.2	1.0750000000000002	45.03916666666667	1616.6666666666667	9.794355828220858	2.55	2	0	0	0	0	0	0	1	0	0	0	0	0	0	0	0	0	0	0	0	0	0	0	0	0	0	0	0	0	0	0	0	0	0	0	0	0	0	0	0	0	0	1	0	0	0	0	0	0	0	0	0	0	0	0	0	0	0	0	0	0	0	0	0	0	0	0	0	0	0	0	0	0	0	0	0	0	0	0	0	0	0	0	0	0	0	0	0	0	0	0	0	0	0	0	0	0	0	0	0	0	0	0	0	0	0	0	0	0	0	0	0	0	0	0	0	0	0	0	0	0	0	0	0	0	0	0	0	0	0	0	0	0	0	0	0	0	0	0	0	0	0	0	0	0	0	0	0	0	0	0	0	0	0	0	0	0	0	0	0	0	0	0	4	0	0	0	2	0	0	0	0	0	2	2	0	0	0	0	0	0	0	0	7	119	3	6	0	0	5	0	0	0	0	0	3	0	0	0	0	0	153
13	0	0	6	9	18	44	0	2	0	0	0	4	284	1	2	0	0	0	1	0	0	0	1	0	16	10	18	11	0	43	0	0	0	0	3026	3	0	1	279	20	0	1	0	1	0	0	30	0	11	1	1	0	0	0	0	0	0	0	0	0	0	0	0	18	0	0	2	0	0	0	0	0	0	3	0	0	0	47498	36	0	65	145	0	3	11	6	108	0	28	10	3	0	0	0	0	0	0	0	2	0	9	0	0	0	0	0	0	1	0	0	0	0	2	0	0	0	0	2	0	0	0	2	25	0	0	0	0	23	3	0	0	0	0	0	2	0	0	0	0	0	0	0	0	27	0	0	0	0	0	0	13	0	0	0	0	0	0	5	0	0	0	1	0	0	0	0	2	0	0	0	0	0	0	0	2	0	0	0	0	0	0	0	0	0	0	0	0	0	70	0	0	201	0	0	0	0	0	3	8	66	3134	0	0	0	0	0	0	0	24	55	0	54	0	7168	14	18	2	5	1	50	12	3	1	8	59	3	11	7	1	13	4	0	4	41	62	1	1	1	0	10	1	40	0	1	19	0	2	5	2	59	3	1	9	13	5	0	1	25	0	1	1	0	0	1	1	1	26	1	0	37	2	3	0	22	0	0	46	0	69	5	2	18	1	27	1	0	1	6	0	71	45	0	0	1	1	2	0	13	26	0	17	5	38	0	1	1	0	0	0	0	0	851	1	2	159	0	20	21	0	0	0	17	15	0	9	0	0	0	21	0	0	0	0	1	171	1	4	4	85	0	9	0	0	0	49	0	0	4	1	0	0	0	2	0	0	0	0	0	12	0	0	0	0	0	0	1	2	0	12	0	96	6	0	0	0	1	163	2.8	14.740000000000002	49.13	9.246081871345028	1.28	3.99	58.22222222222222	24	108.23380952380951	3.8866666666666667	338.14285714285717	30	22.68383647798742	7.146770833333334	57.290000000000006	13.92835294117647	8.5	350	3.6100000000000003	2	2	3335	2	52.59	2.785918367346939	49	1	3.2760000000000002	21.3	45	5	6.9762352941176475	199.25	4.01	170.2173913043478	45	27.66111111111111	6.69	15	20	9.473529411764705	475	3.04	7.456666666666667	0.99	299	4.24	3.05	0.99	149	75	13	200	5	2.5	2.99	43.998000000000005	4.2490000000000006	5	1.2	1.0750000000000002	45.03916666666667	1616.6666666666667	9.794355828220858	2.55	2	0	0	0	0	0	0	0	0	0	0	0	0	0	0	0	0	0	0	0	0	0	0	0	0	0	0	0	0	0	0	0	0	0	0	0	0	0	0	0	0	0	0	0	0	0	0	0	0	0	0	0	0	0	0	0	0	0	0	0	0	0	0	0	0	0	0	0	0	0	0	0	0	0	0	0	0	0	0	0	0	0	0	0	0	0	0	0	0	0	0	0	0	0	0	0	0	0	0	0	0	0	0	0	0	0	0	0	0	0	0	0	0	0	0	0	0	0	0	0	0	0	0	0	0	0	0	0	0	0	0	0	0	0	0	0	0	0	0	0	0	0	0	0	0	0	0	0	0	0	0	0	0	0	0	0	0	0	0	0	0	0	0	4	0	0	0	0	0	0	0	0	0	5	1	0	0	0	0	0	0	0	0	9	98	0	12	0	1	8	0	0	0	0	0	0	1	0	0	0	0	139
8	0	0	0	5	8	13	1	0	0	0	0	8	15	0	6	0	0	0	0	1	0	0	0	0	10	42	18	16	0	45	0	0	0	0	2584	5	1	2	234	24	1	3	0	5	0	0	11	0	11	0	7	0	0	0	0	0	0	0	0	0	0	0	0	1	0	1	0	0	0	0	7	0	0	0	0	0	0	42481	32	0	93	175	0	8	2	0	135	3	43	2	0	1	0	0	7	0	0	0	4	0	15	0	0	3	0	1	0	0	0	4	0	3	0	0	0	3	0	9	0	0	0	0	16	2	0	0	0	73	0	0	0	0	0	0	0	0	0	0	0	0	1	0	0	86	0	0	0	0	0	6	26	6	0	0	1	0	0	6	1	0	0	0	0	0	0	0	0	0	0	0	0	0	0	0	1	0	4	0	0	0	0	0	0	0	0	0	0	0	70	0	0	201	0	0	0	0	0	3	8	66	3134	0	0	0	0	0	0	0	24	55	0	54	0	7168	13	18	1	5	1	53	13	3	1	8	58	3	13	7	1	13	5	0	4	41	65	1	1	1	0	10	1	42	2	1	22	0	2	5	2	57	3	2	10	16	5	0	1	28	1	1	1	0	0	1	1	1	26	1	0	35	2	3	0	28	0	0	55	0	70	5	2	20	1	25	1	0	1	6	0	74	48	0	0	1	1	2	0	14	26	0	17	5	38	0	1	1	0	0	0	0	0	851	1	2	159	0	20	21	0	0	0	17	15	0	9	0	0	0	21	0	0	0	0	1	171	1	4	4	85	0	9	0	0	0	49	0	0	4	1	0	0	0	2	0	0	0	0	0	12	0	0	0	0	0	0	1	2	0	12	0	96	6	0	0	0	1	163	2.8	14.740000000000002	49.13	9.246081871345028	1.28	3.99	58.22222222222222	24	108.23380952380951	3.8866666666666667	338.14285714285717	30	22.68383647798742	7.146770833333334	57.290000000000006	13.92835294117647	8.5	350	3.6100000000000003	2	2	3335	2	52.59	2.785918367346939	49	1	3.2760000000000002	21.3	45	5	6.9762352941176475	199.25	4.01	170.2173913043478	45	27.66111111111111	6.69	15	20	9.473529411764705	475	3.04	7.456666666666667	0.99	299	4.24	3.05	0.99	149	75	13	200	5	2.5	2.99	43.998000000000005	4.2490000000000006	5	1.2	1.0750000000000002	45.03916666666667	1616.6666666666667	9.794355828220858	2.55	2	0	0	0	0	0	0	0	0	0	0	0	0	0	0	0	0	0	0	0	0	0	0	0	0	0	0	0	0	0	0	0	0	0	0	0	0	0	0	0	0	0	0	0	0	0	0	0	0	0	0	0	0	0	0	0	0	0	0	0	0	0	0	0	0	0	0	0	0	0	0	0	0	0	0	0	0	0	0	0	0	0	0	0	0	0	0	0	0	0	0	0	0	0	0	0	0	0	0	0	0	0	0	0	0	0	0	0	0	0	0	0	0	0	0	0	0	0	0	0	0	0	0	0	0	0	0	0	0	0	0	0	0	0	0	0	0	0	0	0	0	0	0	0	0	0	0	0	0	0	0	0	0	0	0	0	0	0	0	0	0	0	0	5	0	0	0	0	0	0	0	0	0	2	1	0	0	0	0	0	0	0	0	18	86	1	13	0	0	8	0	0	0	0	0	4	0	0	0	0	0	138
6	2	0	7	6	5	18	38	1	0	0	0	45	18	0	3	0	0	0	0	2	0	0	0	0	17	8	24	7	0	27	13	0	0	5	982	0	6	3	123	31	0	7	0	3	0	0	16	0	2	0	0	0	0	0	0	0	0	0	0	0	0	0	0	8	0	0	1	0	0	0	4	0	1	0	0	0	0	9126	39	0	53	168	0	3	11	3	109	3	29	2	2	0	3	0	0	0	0	0	0	0	4	0	0	4	2	3	0	0	0	30	0	0	0	0	0	4	0	0	0	0	0	0	27	0	0	0	0	99	3	0	0	3	0	0	0	0	0	0	0	2	2	0	0	40	0	2	0	0	0	1	14	4	0	0	0	0	0	0	0	0	0	1	0	0	0	0	1	0	0	0	0	0	0	0	0	0	0	0	0	0	0	0	0	0	0	0	0	0	70	0	0	201	0	0	0	0	0	3	8	66	3134	0	0	0	0	0	0	0	24	55	0	54	0	7168	14	18	2	6	1	53	13	3	1	9	61	3	12	7	1	12	5	0	4	43	66	1	1	1	0	10	1	41	15	1	22	0	2	5	2	56	3	2	11	15	5	0	1	28	0	2	1	0	0	1	1	1	27	1	0	36	2	3	0	31	0	0	48	0	72	5	2	21	1	25	1	0	1	6	0	76	48	0	0	1	1	2	0	13	26	0	17	5	38	0	1	1	0	0	0	0	0	851	1	2	159	0	20	21	0	0	0	17	15	0	9	0	0	0	21	0	0	0	0	1	171	1	4	4	85	0	9	0	0	0	49	0	0	4	1	0	0	0	2	0	0	0	0	0	12	0	0	0	0	0	0	1	2	0	12	0	96	6	0	0	0	1	163	2.8	14.740000000000002	49.13	9.246081871345028	1.28	3.99	58.22222222222222	24	108.23380952380951	3.8866666666666667	338.14285714285717	30	22.68383647798742	7.146770833333334	57.290000000000006	13.92835294117647	8.5	350	3.6100000000000003	2	2	3335	2	52.59	2.785918367346939	49	1	3.2760000000000002	21.3	45	5	6.9762352941176475	199.25	4.01	170.2173913043478	45	27.66111111111111	6.69	15	20	9.473529411764705	475	3.04	7.456666666666667	0.99	299	4.24	3.05	0.99	149	75	13	200	5	2.5	2.99	43.998000000000005	4.2490000000000006	5	1.2	1.0750000000000002	45.03916666666667	1616.6666666666667	9.794355828220858	2.55	2	0	0	0	0	0	0	0	0	0	0	0	0	0	0	0	0	0	0	0	0	0	0	0	0	0	0	0	0	0	0	0	0	0	0	0	0	0	0	0	0	0	0	0	0	0	0	0	0	0	0	0	0	0	0	0	0	0	0	0	0	0	0	0	0	0	0	0	0	0	0	0	0	0	0	0	0	0	0	0	0	0	0	0	0	0	0	0	0	0	0	0	0	0	0	0	0	0	0	0	0	0	0	0	0	0	0	0	0	0	0	0	0	0	0	0	0	0	0	0	0	0	0	0	0	0	0	0	0	0	0	0	0	0	0	0	0	0	0	0	0	0	0	0	0	0	0	0	0	0	0	0	0	0	0	0	0	0	0	0	0	0	0	4	0	0	0	0	3	0	0	0	0	5	1	0	0	0	0	0	0	0	0	10	75	3	7	0	0	19	0	0	0	0	0	3	1	0	0	0	0	131
21	0	0	22	4	23	21	1	1	1	0	0	79	17	0	3	0	1	0	37	1	0	74	0	0	30	40	52	21	0	18	1	0	0	3	2282	0	0	0	238	26	0	1	7	1	0	0	13	0	56	0	6	0	0	0	0	0	0	0	0	0	0	0	0	3	0	0	0	0	0	0	14	0	0	0	3	0	0	7663	30	0	92	264	0	0	5	6	209	3	80	0	1	4	0	2	0	0	0	0	11	0	20	0	1	4	0	1	13	2	8	22	0	2	0	0	0	5	0	8	0	0	0	0	30	0	0	0	0	55	0	0	0	3	0	0	2	0	0	0	0	0	0	0	0	72	0	2	0	0	0	1	26	0	0	0	0	0	0	4	7	0	0	0	0	2	0	0	1	0	0	0	0	0	0	2	0	0	3	0	0	0	0	0	0	0	0	0	0	0	70	0	0	201	0	0	0	0	0	3	8	66	3134	0	0	0	0	0	0	0	24	55	0	54	0	7168	17	18	2	6	2	57	13	4	1	9	62	4	13	7	1	11	8	0	5	42	65	1	1	1	0	10	1	42	15	1	23	0	2	5	2	55	3	2	9	15	5	0	1	28	1	2	1	0	0	1	1	1	26	1	0	34	2	3	0	30	0	0	53	0	72	5	2	21	1	28	1	0	1	7	0	75	48	0	0	1	1	2	0	14	26	0	17	5	38	0	1	1	0	0	0	0	0	851	1	2	159	0	20	21	0	0	0	17	15	0	9	0	0	0	21	0	0	0	0	1	171	1	4	4	85	0	9	0	0	0	49	0	0	4	1	0	0	0	2	0	0	0	0	0	12	0	0	0	0	0	0	1	2	0	12	0	96	6	0	0	0	1	163	2.8	14.740000000000002	49.13	9.246081871345028	1.28	3.99	58.22222222222222	24	108.23380952380951	3.8866666666666667	338.14285714285717	30	22.68383647798742	7.146770833333334	57.290000000000006	13.92835294117647	8.5	350	3.6100000000000003	2	2	3335	2	52.59	2.785918367346939	49	1	3.2760000000000002	21.3	45	5	6.9762352941176475	199.25	4.01	170.2173913043478	45	27.66111111111111	6.69	15	20	9.473529411764705	475	3.04	7.456666666666667	0.99	299	4.24	3.05	0.99	149	75	13	200	5	2.5	2.99	43.998000000000005	4.2490000000000006	5	1.2	1.0750000000000002	45.03916666666667	1616.6666666666667	9.794355828220858	2.55	2	0	0	0	0	0	0	0	0	0	0	0	0	0	0	0	0	0	0	0	0	0	0	0	0	0	0	0	0	0	0	0	0	0	0	0	0	0	0	0	0	0	0	0	0	0	0	0	0	0	0	0	0	0	0	0	0	0	0	0	0	0	0	0	0	0	0	0	0	0	0	0	0	0	0	0	0	0	0	0	0	0	0	0	0	0	0	0	0	0	0	0	0	0	0	0	0	0	0	0	0	0	0	0	0	0	0	0	0	0	0	0	0	0	0	0	0	0	0	0	0	0	0	0	0	0	0	0	0	0	0	0	0	0	0	0	0	0	0	0	0	0	0	0	0	0	0	0	0	0	0	0	0	0	0	0	0	0	0	0	0	0	0	3	0	0	0	0	3	0	0	0	0	4	1	0	0	0	0	0	0	0	2	8	84	3	6	0	2	8	0	0	0	0	0	2	0	0	0	0	0	126
22	0	0	60	21	6	8	0	0	0	0	0	5	54	0	18	0	0	0	0	0	0	0	0	0	24	41	20	20	0	26	1	0	1	2	976	0	1	5	203	13	0	3	0	7	0	1	3	0	2	1	12	0	0	0	0	0	0	0	0	0	0	0	0	1	0	8	0	0	0	0	10	0	1	0	0	0	1	4702	55	0	83	237	0	3	11	25	117	2	74	7	2	0	0	0	0	0	0	0	9	2	10	0	2	0	2	3	3	0	0	6	0	2	0	0	0	7	0	3	0	0	3	0	57	3	0	0	0	46	8	0	0	3	0	0	0	0	0	0	0	0	0	0	0	89	0	0	0	0	1	11	22	0	0	0	3	0	0	9	2	0	0	2	0	0	0	0	0	0	0	0	9	0	0	0	0	0	1	0	0	0	0	0	0	0	0	0	0	0	70	0	0	201	0	0	0	0	0	3	8	66	3134	0	0	0	0	0	0	0	24	55	0	54	0	7168	14	17	2	5	1	48	11	3	1	8	61	26	13	6	1	12	6	0	4	40	63	1	1	1	0	8	1	41	6	1	21	0	2	5	2	52	3	2	9	13	4	0	1	22	0	1	1	0	0	1	1	1	30	1	0	27	2	3	0	26	0	0	46	0	72	5	2	18	1	29	1	0	1	5	0	66	41	0	0	1	1	1	0	12	26	0	17	5	38	0	1	1	0	0	0	0	0	851	1	2	159	0	20	21	0	0	0	17	15	0	9	0	0	0	21	0	0	0	0	1	171	1	4	4	85	0	9	0	0	0	49	0	0	4	1	0	0	0	2	0	0	0	0	0	12	0	0	0	0	0	0	1	2	0	12	0	96	6	0	0	0	1	163	2.8	14.740000000000002	49.13	9.246081871345028	1.28	3.99	58.22222222222222	24	108.23380952380951	3.8866666666666667	338.14285714285717	30	22.68383647798742	7.146770833333334	57.290000000000006	13.92835294117647	8.5	350	3.6100000000000003	2	2	3335	2	52.59	2.785918367346939	49	1	3.2760000000000002	21.3	45	5	6.9762352941176475	199.25	4.01	170.2173913043478	45	27.66111111111111	6.69	15	20	9.473529411764705	475	3.04	7.456666666666667	0.99	299	4.24	3.05	0.99	149	75	13	200	5	2.5	2.99	43.998000000000005	4.2490000000000006	5	1.2	1.0750000000000002	45.03916666666667	1616.6666666666667	9.794355828220858	2.55	2	0	0	0	0	0	0	0	0	0	0	0	1	0	0	0	0	0	0	0	0	0	0	0	0	0	0	0	0	0	0	0	0	0	0	0	0	0	0	0	0	0	1	0	0	0	0	0	0	0	0	0	0	0	0	0	0	0	0	0	0	0	0	0	0	0	0	0	0	0	0	0	0	0	0	0	1	0	0	0	0	0	0	0	0	0	0	0	0	0	0	0	0	0	0	0	0	0	0	0	0	0	0	0	0	0	0	0	0	0	0	0	0	0	0	0	0	0	0	0	0	0	0	0	0	0	0	0	0	0	0	0	0	0	0	0	0	0	0	0	0	0	0	0	0	0	0	0	0	0	0	0	0	0	0	0	0	0	0	0	0	0	1	8	0	0	0	0	1	0	0	0	0	0	0	0	0	0	0	0	0	0	0	13	125	1	13	0	1	9	0	0	0	0	0	0	0	0	0	0	0	171
7	2	0	7	8	7	14	1	2	2	0	2	49	15	0	40	0	1	0	0	1	0	0	0	0	12	0	75	63	2	37	17	0	0	10	8593	9	20	5	604	69	6	9	2	7	0	1	68	0	20	3	25	4	0	0	0	0	0	0	0	0	0	0	0	7	10	10	4	0	0	0	10	0	0	0	1	0	0	7004	63	1	170	558	3	9	49	31	409	10	106	14	1	0	8	2	0	1	0	3	6	3	24	0	2	9	1	5	46	7	4	26	0	3	2	2	0	16	10	12	0	0	0	11	99	0	0	0	0	165	0	4	2	5	0	0	6	0	0	0	0	0	6	0	0	177	3	0	0	0	0	23	43	0	0	0	8	0	0	1	15	0	4	5	0	0	0	2	0	2	1	0	0	3	0	2	0	0	0	0	0	0	0	0	0	0	0	0	0	0	70	0	0	201	0	0	0	0	0	3	8	66	3134	0	0	0	0	0	0	0	24	55	0	54	0	7168	18	19	1	5	1	53	13	3	1	8	68	14	15	7	1	13	6	0	4	42	64	1	1	1	0	9	1	40	6	1	22	0	2	5	2	56	3	2	9	14	4	0	1	27	0	2	1	0	0	1	1	1	27	1	0	37	2	3	0	28	0	0	45	0	72	5	2	20	1	33	1	0	1	6	0	72	46	0	0	1	1	3	0	14	26	0	17	5	38	0	1	1	0	0	0	0	0	851	1	2	159	0	20	21	0	0	0	17	15	0	9	0	0	0	21	0	0	0	0	1	171	1	4	4	85	0	9	0	0	0	49	0	0	4	1	0	0	0	2	0	0	0	0	0	12	0	0	0	0	0	0	1	2	0	12	0	96	6	0	0	0	1	163	2.8	14.740000000000002	49.13	9.246081871345028	1.28	3.99	58.22222222222222	24	108.23380952380951	3.8866666666666667	338.14285714285717	30	22.68383647798742	7.146770833333334	57.290000000000006	13.92835294117647	8.5	350	3.6100000000000003	2	2	3335	2	52.59	2.785918367346939	49	1	3.2760000000000002	21.3	45	5	6.9762352941176475	199.25	4.01	170.2173913043478	45	27.66111111111111	6.69	15	20	9.473529411764705	475	3.04	7.456666666666667	0.99	299	4.24	3.05	0.99	149	75	13	200	5	2.5	2.99	43.998000000000005	4.2490000000000006	5	1.2	1.0750000000000002	45.03916666666667	1616.6666666666667	9.794355828220858	2.55	2	0	0	0	0	0	0	0	0	0	0	0	0	0	0	0	0	0	0	0	0	0	0	0	0	0	0	0	0	0	0	0	0	0	0	0	0	0	0	0	0	0	0	0	0	0	0	0	0	0	0	0	0	0	0	0	0	0	0	0	0	0	0	0	0	0	0	0	0	0	0	0	0	0	0	0	0	0	0	0	0	0	0	0	0	0	0	0	0	0	0	0	0	0	0	0	0	0	0	0	0	0	0	0	0	0	0	0	0	0	0	0	0	0	0	0	0	0	0	0	0	0	0	0	0	0	0	0	0	0	0	0	0	0	0	0	0	0	0	0	0	0	0	0	0	0	0	0	0	0	0	0	0	0	0	0	0	0	0	0	0	0	0	3	0	0	0	0	0	0	0	0	0	1	0	0	0	1	0	0	0	0	0	24	108	7	10	0	0	23	0	0	0	0	0	4	0	0	0	0	0	181
9	0	0	6	10	7	8	0	2	0	0	0	77	20	0	1	0	0	0	0	37	0	0	0	0	16	42	93	37	0	49	6	0	0	6	7419	6	6	7	409	28	4	6	0	27	0	0	31	0	15	2	23	1	0	0	0	0	0	0	0	0	0	0	0	6	14	0	1	0	0	0	0	0	0	1	2	0	0	9075	17	1	166	424	0	5	11	26	288	13	113	13	2	8	0	4	9	0	0	0	12	10	48	0	7	17	0	3	4	1	0	16	0	5	8	0	0	12	6	2	0	2	0	12	72	0	0	0	0	83	2	0	2	2	0	0	6	0	0	0	1	0	0	0	0	69	0	0	0	5	0	12	24	0	0	0	14	0	0	15	2	0	0	1	0	0	0	0	0	0	0	0	5	5	0	0	0	0	3	0	0	0	0	0	0	0	0	0	0	0	70	0	0	201	0	0	0	0	0	3	8	66	3134	0	0	0	0	0	0	0	24	55	0	54	0	7168	19	20	1	6	1	51	19	4	1	8	67	9	15	7	1	12	5	0	5	38	64	1	1	1	0	9	1	39	4	1	22	0	2	6	2	57	3	2	10	18	4	0	1	28	1	1	1	0	0	1	1	1	30	1	0	32	2	3	0	31	0	0	46	0	69	5	1	23	1	30	1	0	1	7	0	73	50	0	0	1	1	4	0	13	39	1	15	6	25	0	1	1	0	0	0	0	0	851	1	2	159	0	20	21	0	0	0	17	15	0	9	0	0	0	21	0	0	0	0	1	171	1	4	4	85	0	9	0	0	0	49	0	0	4	1	0	0	0	2	0	0	0	0	0	12	0	0	0	0	0	0	1	2	0	12	0	96	6	0	0	0	1	163	2.8	14.740000000000002	49.13	9.246081871345028	1.28	3.99	58.22222222222222	24	108.23380952380951	3.8866666666666667	338.14285714285717	30	22.68383647798742	7.146770833333334	57.290000000000006	13.92835294117647	8.5	350	3.6100000000000003	2	2	3335	2	52.59	2.785918367346939	49	1	3.2760000000000002	21.3	45	5	6.9762352941176475	199.25	4.01	170.2173913043478	45	27.66111111111111	6.69	15	20	9.473529411764705	475	3.04	7.456666666666667	0.99	299	4.24	3.05	0.99	149	75	13	200	5	2.5	2.99	43.998000000000005	4.2490000000000006	5	1.2	1.0750000000000002	45.03916666666667	1616.6666666666667	9.794355828220858	2.55	2	0	0	0	1	0	0	0	0	0	0	0	1	0	0	0	0	0	0	0	0	0	0	0	0	0	0	0	0	0	0	0	0	0	0	0	0	0	0	0	0	0	2	0	0	0	0	0	0	0	0	0	0	0	0	0	0	0	0	0	0	0	0	0	0	0	0	0	0	0	0	0	0	0	0	0	0	0	0	0	0	0	0	0	0	0	0	0	0	0	0	0	0	0	0	0	0	0	0	0	0	0	0	0	0	0	0	0	0	0	0	0	0	0	0	0	0	0	0	0	0	0	0	0	0	0	0	0	0	0	0	0	0	0	0	0	0	0	0	0	0	0	0	0	0	0	0	0	0	0	0	0	0	0	0	0	0	0	0	0	0	0	0	2	0	0	0	0	2	0	0	0	0	9	0	0	0	0	0	0	0	0	2	16	112	8	9	0	1	18	0	0	1	0	0	3	1	0	0	0	0	184
20	2	0	44	43	10	42	0	78	0	0	0	45	24	0	1	0	0	0	1	0	0	0	0	0	20	79	54	14	2	18	21	0	0	23	13564	1	0	6	254	59	1	0	0	11	0	0	17	0	14	4	23	0	0	0	0	0	0	0	0	1	0	0	0	0	0	2	0	0	0	0	3	0	0	0	1	0	0	32149	19	0	188	379	0	27	31	17	279	2	168	7	5	0	1	0	41	1	1	1	1	4	17	4	4	4	1	0	2	3	0	16	0	0	0	0	0	5	0	10	0	0	0	13	43	0	0	1	0	92	8	0	0	0	0	0	2	0	0	0	0	11	0	0	0	107	0	0	0	0	0	8	27	2	1	0	0	0	0	2	0	0	0	2	0	0	1	0	0	4	1	7	0	10	0	0	3	0	6	0	0	0	0	0	0	0	0	0	0	0	70	0	0	201	0	0	0	0	0	3	8	66	3134	0	0	0	0	0	0	0	24	55	0	54	0	7168	17	19	1	6	1	48	15	3	1	8	70	6	15	7	1	12	4	0	4	37	64	1	1	1	0	8	1	37	4	1	22	0	2	6	2	54	3	2	9	16	4	0	1	27	0	2	1	0	0	1	1	1	31	1	0	38	2	3	0	26	0	0	49	0	66	5	1	22	1	29	2	0	1	6	0	74	46	0	0	1	1	2	0	13	18	1	5	3	12	0	3	0	0	0	0	0	0	851	1	2	159	0	20	21	0	0	0	17	15	0	9	0	0	0	21	0	0	0	0	1	171	1	4	4	85	0	9	0	0	0	49	0	0	4	1	0	0	0	2	0	0	0	0	0	12	0	0	0	0	0	0	1	2	0	12	0	96	6	0	0	0	1	163	2.8	14.740000000000002	49.13	9.246081871345028	1.28	3.99	58.22222222222222	24	108.23380952380951	3.8866666666666667	338.14285714285717	30	22.68383647798742	7.146770833333334	57.290000000000006	13.92835294117647	8.5	350	3.6100000000000003	2	2	3335	2	52.59	2.785918367346939	49	1	3.2760000000000002	21.3	45	5	6.9762352941176475	199.25	4.01	170.2173913043478	45	27.66111111111111	6.69	15	20	9.473529411764705	475	3.04	7.456666666666667	0.99	299	4.24	3.05	0.99	149	75	13	200	5	2.5	2.99	43.998000000000005	4.2490000000000006	5	1.2	1.0750000000000002	45.03916666666667	1616.6666666666667	9.794355828220858	2.55	2	0	0	0	0	0	0	0	0	0	0	0	0	0	0	0	0	0	0	0	0	0	0	0	0	0	0	0	0	0	0	0	0	0	0	0	0	0	0	0	0	0	0	0	0	0	0	0	0	0	0	0	0	0	0	0	0	0	0	0	0	0	0	0	0	0	0	0	0	0	0	0	0	0	0	0	0	0	0	0	0	0	0	0	0	0	0	0	0	0	0	0	0	0	0	0	0	0	0	0	0	0	0	0	0	0	0	0	0	0	0	0	0	0	0	0	0	0	0	0	0	0	0	0	0	0	0	0	0	0	0	0	0	0	0	0	0	0	0	0	0	0	0	0	0	0	0	0	0	0	0	0	0	0	0	0	0	0	0	0	0	0	0	4	0	0	0	2	0	0	0	0	0	1	1	0	0	0	0	0	0	0	0	11	89	4	10	0	0	17	0	0	4	0	0	2	0	0	0	0	0	145
5	1	0	11	16	8	9	1	6	0	0	0	6	10	0	1	0	0	0	1	1	0	0	0	0	20	1	55	35	0	34	3	0	0	12	8243	13	3	2	327	40	2	9	0	5	0	13	30	0	2	1	11	0	0	0	0	0	0	0	0	0	0	0	0	0	0	0	0	0	0	0	2	0	0	0	1	0	2	19292	59	0	145	308	0	9	19	10	203	0	104	2	0	0	0	3	16	0	0	2	0	4	14	0	0	2	0	0	8	8	0	22	0	2	0	0	0	4	0	0	0	0	0	0	55	0	0	0	0	74	0	0	0	6	1	0	0	0	0	0	0	2	0	0	0	114	0	0	0	0	0	6	17	0	0	0	3	0	0	0	0	0	0	3	0	0	0	0	1	0	0	7	8	10	0	3	1	0	6	0	0	0	0	0	0	0	0	0	0	0	70	0	0	201	0	0	0	0	0	3	8	66	3134	0	0	0	0	0	0	0	24	55	0	54	0	7168	16	18	1	6	1	46	29	6	1	8	67	7	17	7	1	11	4	0	4	35	60	1	1	1	0	9	1	35	5	1	22	0	2	8	2	61	4	2	10	15	5	0	1	28	1	2	1	0	0	1	1	1	29	1	0	26	2	3	0	30	0	0	46	0	66	5	1	22	1	29	2	0	1	6	0	82	49	0	0	1	1	2	0	13	34	0	6	1	14	0	0	0	0	0	0	0	0	851	1	2	159	0	20	21	0	0	0	17	15	0	9	0	0	0	21	0	0	0	0	1	171	1	4	4	85	0	9	0	0	0	49	0	0	4	1	0	0	0	2	0	0	0	0	0	12	0	0	0	0	0	0	1	2	0	12	0	96	6	0	0	0	1	163	2.8	14.740000000000002	49.13	9.246081871345028	1.28	3.99	58.22222222222222	24	108.23380952380951	3.8866666666666667	338.14285714285717	30	22.68383647798742	7.146770833333334	57.290000000000006	13.92835294117647	8.5	350	3.6100000000000003	2	2	3335	2	52.59	2.785918367346939	49	1	3.2760000000000002	21.3	45	5	6.9762352941176475	199.25	4.01	170.2173913043478	45	27.66111111111111	6.69	15	20	9.473529411764705	475	3.04	7.456666666666667	0.99	299	4.24	3.05	0.99	149	75	13	200	5	2.5	2.99	43.998000000000005	4.2490000000000006	5	1.2	1.0750000000000002	45.03916666666667	1616.6666666666667	9.794355828220858	2.55	2	0	0	0	0	0	1	0	0	0	0	0	1	0	0	0	0	0	0	0	0	0	0	0	0	0	0	0	0	0	0	0	0	0	0	0	0	0	0	0	0	0	2	0	0	0	0	0	0	0	0	0	0	0	1	0	0	0	0	0	0	0	0	0	0	0	0	0	0	0	0	0	0	0	0	0	1	0	0	0	0	0	0	0	0	0	0	0	0	0	0	0	0	0	0	0	0	0	0	0	0	0	0	0	0	0	0	0	0	0	0	0	0	0	0	0	0	0	0	0	0	0	0	0	0	0	0	0	0	0	0	0	0	0	0	0	0	0	0	0	0	0	0	0	0	0	0	0	0	0	0	0	0	0	0	0	0	0	0	0	0	0	2	2	0	0	0	0	2	0	0	0	0	3	0	0	0	2	0	0	0	0	0	10	138	8	12	0	1	7	0	0	0	0	0	3	0	0	0	0	0	188
4	1	0	4	1	9	9	0	1	0	0	0	3	5	0	3	0	0	0	0	0	0	0	0	0	11	10	27	19	0	38	3	0	0	1	3294	1	4	1	208	35	2	2	0	6	0	0	9	0	4	0	2	1	0	0	0	0	0	0	0	0	0	0	0	1	0	9	0	0	0	0	3	0	0	0	1	0	1	14883	54	0	73	328	0	6	14	9	180	0	69	0	1	0	3	0	0	0	0	0	0	0	14	0	0	0	0	0	2	2	0	12	1	0	0	0	0	9	0	5	0	0	0	1	17	0	0	2	0	30	0	0	0	3	0	0	0	0	0	0	0	0	0	0	0	61	0	0	0	0	0	11	16	0	0	0	9	0	0	2	3	0	1	5	0	0	0	0	0	0	0	2	0	1	0	0	5	0	0	0	0	0	0	0	0	0	0	0	0	0	70	0	0	201	0	0	0	0	0	3	8	66	3134	0	0	0	0	0	0	0	24	55	0	54	0	7168	14	18	1	5	1	46	16	5	1	8	72	6	18	6	1	11	4	0	4	36	64	1	1	1	0	8	1	35	5	1	22	0	2	6	2	55	3	2	10	15	4	0	1	27	1	1	1	0	0	1	1	1	27	1	0	27	2	3	0	31	0	0	49	0	64	5	1	23	1	30	2	0	1	7	0	68	47	0	0	1	1	2	0	13	19	2	5	2	15	0	1	0	0	0	0	0	0	851	1	2	159	0	20	21	0	0	0	17	15	0	9	0	0	0	21	0	0	0	0	1	171	1	4	4	85	0	9	0	0	0	49	0	0	4	1	0	0	0	2	0	0	0	0	0	12	0	0	0	0	0	0	1	2	0	12	0	96	6	0	0	0	1	163	2.8	14.740000000000002	49.13	9.246081871345028	1.28	3.99	58.22222222222222	24	108.23380952380951	3.8866666666666667	338.14285714285717	30	22.68383647798742	7.146770833333334	57.290000000000006	13.92835294117647	8.5	350	3.6100000000000003	2	2	3335	2	52.59	2.785918367346939	49	1	3.2760000000000002	21.3	45	5	6.9762352941176475	199.25	4.01	170.2173913043478	45	27.66111111111111	6.69	15	20	9.473529411764705	475	3.04	7.456666666666667	0.99	299	4.24	3.05	0.99	149	75	13	200	5	2.5	2.99	43.998000000000005	4.2490000000000006	5	1.2	1.0750000000000002	45.03916666666667	1616.6666666666667	9.794355828220858	2.55	2	0	0	0	0	0	0	0	0	0	0	0	1	0	0	0	0	0	0	0	0	0	0	0	0	0	0	0	0	0	0	0	0	0	0	0	0	0	0	0	0	0	1	0	0	0	0	0	0	0	0	0	0	0	0	0	0	0	0	0	0	0	0	0	0	0	0	0	0	0	0	0	0	0	0	0	0	0	0	0	0	0	0	0	0	0	0	0	0	0	0	0	0	0	0	0	0	0	0	0	0	0	0	0	0	0	0	0	0	0	0	0	0	0	0	0	0	0	0	0	0	0	0	0	0	0	0	0	0	0	0	0	0	0	0	0	0	0	0	0	0	0	0	0	0	0	0	0	0	0	0	0	0	0	0	0	0	0	0	0	0	0	0	6	0	0	0	0	2	1	0	0	0	3	1	0	0	1	0	0	0	0	0	16	116	5	4	0	0	14	0	0	1	0	0	4	0	0	0	0	0	174
10	37	0	3	10	4	15	0	2	0	0	1	8	5	0	70	0	0	0	0	0	0	1	0	0	24	1	41	19	0	56	7	0	0	2	7170	0	0	4	289	35	0	0	0	8	0	0	12	0	1	1	3	0	0	0	0	0	0	0	0	0	0	0	0	27	1	0	1	0	0	0	0	0	0	0	0	0	1	15619	35	0	139	317	0	27	26	16	197	3	55	14	11	0	3	0	14	0	0	0	0	2	22	0	0	0	0	2	9	2	5	0	0	0	2	0	0	4	0	0	0	2	0	1	54	0	0	0	0	113	3	2	1	4	0	0	0	0	3	0	0	4	0	0	0	90	0	0	0	0	0	5	12	0	0	0	0	0	0	6	0	0	6	2	1	5	0	0	0	0	0	0	0	0	0	0	0	0	6	0	0	0	0	0	0	0	0	0	0	0	70	0	0	201	0	0	0	0	0	3	8	66	3134	0	0	0	0	0	0	0	24	55	0	54	0	7168	18	18	1	5	1	45	13	3	1	9	69	4	18	6	1	10	5	0	4	35	59	1	1	1	0	8	1	34	6	1	20	0	2	6	2	50	3	1	9	15	4	0	1	26	1	1	1	0	0	1	1	1	28	1	0	20	1	3	0	24	0	0	56	0	63	5	1	23	1	29	1	0	1	7	0	70	48	0	0	1	1	2	0	11	27	1	10	3	16	0	2	0	0	0	0	0	0	851	1	2	159	0	20	21	0	0	0	17	15	0	9	0	0	0	21	0	0	0	0	1	171	1	4	4	85	0	9	0	0	0	49	0	0	4	1	0	0	0	2	0	0	0	0	0	12	0	0	0	0	0	0	1	2	0	12	0	96	6	0	0	0	1	163	2.8	14.740000000000002	49.13	9.246081871345028	1.28	3.99	58.22222222222222	24	108.23380952380951	3.8866666666666667	338.14285714285717	30	22.68383647798742	7.146770833333334	57.290000000000006	13.92835294117647	8.5	350	3.6100000000000003	2	2	3335	2	52.59	2.785918367346939	49	1	3.2760000000000002	21.3	45	5	6.9762352941176475	199.25	4.01	170.2173913043478	45	27.66111111111111	6.69	15	20	9.473529411764705	475	3.04	7.456666666666667	0.99	299	4.24	3.05	0.99	149	75	13	200	5	2.5	2.99	43.998000000000005	4.2490000000000006	5	1.2	1.0750000000000002	45.03916666666667	1616.6666666666667	9.794355828220858	2.55	2	0	0	0	0	0	0	0	0	0	0	0	3	0	0	0	0	0	0	0	0	0	0	0	0	0	0	0	0	0	0	0	0	0	0	0	0	0	0	0	0	0	3	0	0	0	0	0	0	0	0	0	0	0	0	0	0	0	0	0	0	0	0	0	0	0	0	0	0	0	0	0	0	0	0	0	0	0	0	0	0	0	0	0	0	0	0	0	0	0	0	0	0	0	0	0	0	0	0	0	0	0	0	0	0	0	0	0	0	0	0	0	0	0	0	0	0	0	0	0	0	0	0	0	0	0	0	0	0	0	0	0	0	0	0	0	0	0	0	0	0	0	0	0	0	0	0	0	0	0	0	0	0	0	0	0	0	0	0	0	0	0	0	3	0	0	0	0	1	1	0	0	0	3	2	0	0	1	0	0	0	0	0	5	141	6	7	0	1	12	0	0	0	0	0	5	2	0	0	0	0	190
3	1	0	4	2	6	8	1	41	1	0	0	12	10	0	156	0	0	0	0	1	0	0	0	0	26	10	84	19	0	60	16	0	0	0	4181	2	6	5	262	24	1	7	0	1	0	0	44	0	2	7	13	0	0	0	0	0	0	0	0	0	0	0	0	7	0	11	0	0	0	0	19	0	0	0	0	0	0	37042	26	0	113	313	11	2	7	23	242	2	50	16	2	4	1	0	0	0	0	3	0	0	11	0	4	0	1	0	2	0	0	12	0	1	0	0	0	10	0	2	0	0	3	0	50	0	0	0	0	46	0	0	0	0	0	0	0	0	0	0	0	2	0	0	0	123	0	0	0	0	0	7	19	0	0	0	0	0	0	3	10	0	0	6	0	0	0	0	0	0	0	2	2	0	0	2	2	0	9	0	0	0	0	0	0	0	0	0	0	0	70	0	0	201	0	0	0	0	0	3	8	66	3134	0	0	0	0	0	0	0	24	55	0	54	0	7168	16	18	1	5	1	40	13	3	1	8	70	4	18	6	1	11	4	0	4	32	60	1	1	1	0	8	1	31	2	1	19	0	2	6	2	52	3	1	9	15	4	0	1	25	1	1	0	0	0	1	1	1	27	1	0	20	1	3	0	22	0	0	50	0	64	5	1	30	1	33	1	0	1	8	0	66	49	0	0	0	1	2	0	11	20	0	8	3	12	0	3	0	0	0	1	0	0	851	1	2	159	0	20	21	0	0	0	17	15	0	9	0	0	0	21	0	0	0	0	1	171	1	4	4	85	0	9	0	0	0	49	0	0	4	1	0	0	0	2	0	0	0	0	0	12	0	0	0	0	0	0	1	2	0	12	0	96	6	0	0	0	1	163	2.8	14.740000000000002	49.13	9.246081871345028	1.28	3.99	58.22222222222222	24	108.23380952380951	3.8866666666666667	338.14285714285717	30	22.68383647798742	7.146770833333334	57.290000000000006	13.92835294117647	8.5	350	3.6100000000000003	2	2	3335	2	52.59	2.785918367346939	49	1	3.2760000000000002	21.3	45	5	6.9762352941176475	199.25	4.01	170.2173913043478	45	27.66111111111111	6.69	15	20	9.473529411764705	475	3.04	7.456666666666667	0.99	299	4.24	3.05	0.99	149	75	13	200	5	2.5	2.99	43.998000000000005	4.2490000000000006	5	1.2	1.0750000000000002	45.03916666666667	1616.6666666666667	9.794355828220858	2.55	2	0	0	0	0	0	0	0	0	0	0	0	3	0	0	0	0	0	0	0	0	0	0	0	0	0	0	0	0	0	0	0	0	0	0	0	0	0	0	0	0	0	3	0	0	0	0	0	0	0	0	0	0	0	0	0	0	0	0	0	0	0	0	0	0	0	0	0	0	0	0	0	0	0	0	0	0	0	0	0	0	0	0	0	0	0	0	0	0	0	0	0	0	0	0	0	0	0	0	0	0	0	0	0	0	0	0	0	0	0	0	0	0	0	0	0	0	0	0	0	0	0	0	0	0	0	0	0	0	0	0	0	0	0	0	0	0	0	0	0	0	0	0	0	0	0	0	0	0	0	0	0	0	0	0	0	0	0	0	0	0	0	0	5	0	0	0	0	0	1	0	0	0	1	0	0	0	0	0	0	0	0	0	18	127	13	2	0	3	5	0	0	0	0	0	6	0	0	0	0	0	181
5	1	0	44	43	5	13	0	1	0	0	0	86	12	0	82	0	0	37	0	0	0	0	1	0	17	3	25	19	0	34	0	0	0	10	5098	0	0	0	282	28	0	1	0	1	0	0	5	0	3	0	13	0	0	0	0	0	0	0	0	0	0	0	0	2	3	4	1	0	0	0	4	0	0	0	1	0	0	34132	20	0	114	318	1	2	18	9	171	6	44	8	2	4	0	0	13	0	0	2	0	0	7	0	0	0	0	0	0	15	0	18	0	0	0	0	0	1	0	7	1	0	0	0	73	0	0	0	0	22	0	0	0	7	0	0	0	0	0	0	0	2	0	0	0	63	0	0	0	0	0	7	14	0	0	0	0	0	0	4	3	0	1	0	0	0	0	0	0	0	0	0	0	1	0	2	0	0	8	0	0	0	0	0	0	0	0	0	0	0	70	0	0	201	0	0	0	0	0	3	8	66	3134	0	0	0	0	0	0	0	24	55	0	54	0	7168	25	18	1	5	1	41	11	3	1	7	71	6	18	6	1	10	4	0	4	33	61	1	1	1	0	8	1	33	2	1	19	0	2	7	2	52	3	1	11	16	4	0	1	24	0	2	1	0	0	1	1	1	29	1	0	21	2	3	0	25	1	0	50	0	65	5	1	21	1	35	1	0	1	7	0	68	46	0	0	1	1	2	0	11	37	0	17	9	17	0	5	0	0	0	0	0	0	851	1	2	159	0	20	21	0	0	0	17	15	0	9	0	0	0	21	0	0	0	0	1	171	1	4	4	85	0	9	0	0	0	49	0	0	4	1	0	0	0	2	0	0	0	0	0	12	0	0	0	0	0	0	1	2	0	12	0	96	6	0	0	0	1	163	2.8	14.740000000000002	49.13	9.246081871345028	1.28	3.99	58.22222222222222	24	108.23380952380951	3.8866666666666667	338.14285714285717	30	22.68383647798742	7.146770833333334	57.290000000000006	13.92835294117647	8.5	350	3.6100000000000003	2	2	3335	2	52.59	2.785918367346939	49	1	3.2760000000000002	21.3	45	5	6.9762352941176475	199.25	4.01	170.2173913043478	45	27.66111111111111	6.69	15	20	9.473529411764705	475	3.04	7.456666666666667	0.99	299	4.24	3.05	0.99	149	75	13	200	5	2.5	2.99	43.998000000000005	4.2490000000000006	5	1.2	1.0750000000000002	45.03916666666667	1616.6666666666667	9.794355828220858	2.55	2	0	0	0	0	0	0	1	0	0	0	0	2	0	0	0	0	0	0	0	0	0	0	0	0	0	0	0	0	0	0	0	0	0	0	0	0	0	0	0	0	0	3	0	0	0	0	0	0	0	0	0	0	0	0	0	0	0	0	0	0	0	0	0	0	0	0	0	0	0	0	0	0	0	0	0	0	0	0	0	0	0	0	0	0	0	0	0	0	0	0	0	0	0	0	0	0	0	0	0	0	0	0	0	0	0	0	0	0	0	0	0	0	0	0	0	0	0	0	0	0	0	0	0	0	0	0	0	0	0	0	0	0	0	0	0	0	0	0	0	0	0	0	0	0	0	0	0	0	0	0	0	0	0	0	0	0	0	0	0	0	0	0	4	0	0	0	0	0	0	0	0	0	2	0	0	0	0	0	0	0	0	0	24	92	8	12	0	0	8	0	0	0	0	0	4	0	0	0	0	0	154
4	0	0	10	9	10	8	5	37	0	0	1	22	19	0	15	0	1	2	0	0	0	0	0	0	19	2	122	79	0	66	68	1	0	0	18361	3	3	9	487	76	0	17	1	6	0	0	98	0	23	2	8	1	0	0	0	0	0	0	0	1	0	0	0	8	3	8	1	0	0	0	14	0	1	0	4	0	2	21684	22	0	221	566	3	22	49	39	354	5	206	30	19	4	1	4	55	7	0	6	12	4	21	0	0	27	2	7	29	14	0	20	0	0	0	0	0	6	0	14	0	0	0	24	116	0	0	3	5	145	0	0	6	0	0	0	3	0	0	0	0	1	0	0	0	129	0	0	0	0	0	5	34	4	0	0	0	0	0	4	9	0	0	2	0	0	0	0	1	0	0	9	7	2	0	0	3	0	10	0	0	0	0	0	0	0	0	0	0	0	70	0	0	201	0	0	0	0	0	3	8	66	3134	0	0	0	0	0	0	0	24	55	0	54	0	7168	19	20	1	5	1	42	19	3	1	8	77	15	21	7	1	10	4	0	4	35	61	1	1	1	0	8	1	36	3	1	21	0	2	12	2	53	3	2	11	18	4	0	1	26	1	2	1	0	0	1	1	1	29	1	0	21	2	3	0	28	0	0	46	0	67	5	2	24	1	33	1	0	1	8	0	68	48	0	0	1	1	4	0	12	28	0	3	9	9	0	6	1	0	0	0	0	0	851	1	2	159	0	20	21	0	0	0	17	15	0	9	0	0	0	21	0	0	0	0	1	171	1	4	4	85	0	9	0	0	0	49	0	0	4	1	0	0	0	2	0	0	0	0	0	12	0	0	0	0	0	0	1	2	0	12	0	96	6	0	0	0	1	163	2.8	14.740000000000002	49.13	9.246081871345028	1.28	3.99	58.22222222222222	24	108.23380952380951	3.8866666666666667	338.14285714285717	30	22.68383647798742	7.146770833333334	57.290000000000006	13.92835294117647	8.5	350	3.6100000000000003	2	2	3335	2	52.59	2.785918367346939	49	1	3.2760000000000002	21.3	45	5	6.9762352941176475	199.25	4.01	170.2173913043478	45	27.66111111111111	6.69	15	20	9.473529411764705	475	3.04	7.456666666666667	0.99	299	4.24	3.05	0.99	149	75	13	200	5	2.5	2.99	43.998000000000005	4.2490000000000006	5	1.2	1.0750000000000002	45.03916666666667	1616.6666666666667	9.794355828220858	2.55	2	0	0	0	0	0	0	0	0	0	0	0	2	0	0	1	0	0	0	0	0	0	0	0	0	0	0	0	0	0	0	0	0	0	0	0	0	0	0	0	0	0	3	0	0	0	0	0	0	0	0	0	0	0	0	0	1	0	0	0	0	1	0	0	0	0	0	0	0	0	0	0	0	0	0	0	1	0	0	0	0	0	0	0	0	0	0	0	0	0	0	0	0	0	0	0	0	0	0	0	0	0	0	0	0	0	0	0	0	0	0	0	0	0	0	0	0	0	0	0	0	0	0	0	0	0	0	0	0	0	0	0	0	0	0	0	0	0	0	0	0	0	0	0	0	0	0	0	0	0	0	0	0	0	0	0	0	0	0	0	0	0	3	3	0	0	0	1	0	0	0	0	1	3	0	0	0	0	0	0	0	0	0	41	88	11	722	0	0	3	0	0	0	0	0	2	5	0	0	0	0	880
3	3	1	6	50	10	12	0	79	74	0	0	93	15	0	228	0	1	1	37	38	0	75	0	0	11	3	155	65	0	87	19	1	0	16	7702	0	6	21	525	64	1	3	0	12	0	0	70	0	2	1	35	0	0	0	0	0	0	0	0	0	0	0	0	10	0	0	0	0	0	0	4	0	0	0	0	0	1	19332	57	0	166	677	0	12	43	53	467	16	266	18	5	12	2	0	10	0	0	9	30	28	9	0	4	23	1	4	11	7	2	18	0	1	0	0	0	27	0	13	0	0	0	12	67	0	2	5	0	282	0	0	2	17	0	0	3	0	0	0	0	8	0	0	0	130	0	0	0	0	1	15	29	5	2	0	6	2	0	13	14	1	2	16	0	0	0	0	0	2	0	4	8	7	0	0	0	0	8	0	0	0	0	0	0	0	0	0	0	0	70	0	0	201	0	0	0	0	0	3	8	66	3134	0	0	0	0	0	0	0	24	55	0	54	0	7168	16	21	2	5	1	44	19	3	1	8	77	9	20	6	1	11	4	0	4	35	64	1	1	1	0	9	1	34	4	1	23	0	2	9	2	54	3	2	10	17	4	0	1	26	1	2	1	0	0	1	1	1	30	1	0	23	2	3	0	29	0	0	42	0	67	5	1	24	1	33	2	0	1	8	1	71	49	0	0	1	1	2	0	13	40	1	7	11	21	0	8	1	1	0	1	0	0	851	1	2	159	0	20	21	0	0	0	17	15	0	9	0	0	0	21	0	0	0	0	1	171	1	4	4	85	0	9	0	0	0	49	0	0	4	1	0	0	0	2	0	0	0	0	0	12	0	0	0	0	0	0	1	2	0	12	0	96	6	0	0	0	1	163	2.8	14.740000000000002	49.13	9.246081871345028	1.28	3.99	58.22222222222222	24	108.23380952380951	3.8866666666666667	338.14285714285717	30	22.68383647798742	7.146770833333334	57.290000000000006	13.92835294117647	8.5	350	3.6100000000000003	2	2	3335	2	52.59	2.785918367346939	49	1	3.2760000000000002	21.3	45	5	6.9762352941176475	199.25	4.01	170.2173913043478	45	27.66111111111111	6.69	15	20	9.473529411764705	475	3.04	7.456666666666667	0.99	299	4.24	3.05	0.99	149	75	13	200	5	2.5	2.99	43.998000000000005	4.2490000000000006	5	1.2	1.0750000000000002	45.03916666666667	1616.6666666666667	9.794355828220858	2.55	2	0	0	0	0	0	0	0	0	0	0	0	1	0	0	0	0	0	0	0	0	0	0	0	0	0	0	0	0	0	0	0	0	0	0	0	0	0	0	0	0	0	1	0	0	0	0	0	0	0	0	0	0	0	0	0	0	0	0	0	0	0	0	0	0	0	0	0	0	0	0	0	0	0	0	0	0	0	0	0	0	0	0	0	0	0	0	0	0	0	0	0	0	0	0	0	0	0	0	0	0	0	0	0	0	0	0	0	0	0	0	0	0	0	0	0	0	0	0	0	0	0	0	0	0	0	0	0	0	0	0	0	0	0	0	0	0	0	0	0	0	0	0	0	0	0	0	0	0	0	0	0	0	0	0	0	0	0	0	0	0	0	0	4	0	0	0	0	2	1	0	0	0	6	1	0	1	0	0	0	0	0	0	39	134	10	691	0	2	8	0	0	1	0	0	1	1	0	0	0	0	902
10	0	0	5	43	6	48	0	2	0	0	0	83	14	0	79	0	1	0	0	0	0	1	0	0	29	38	160	65	0	96	1	7	1	15	27432	13	3	4	836	71	0	15	0	10	3	11	129	0	8	0	34	6	0	0	0	0	0	0	0	0	0	0	0	33	5	2	0	0	0	0	13	0	0	0	0	0	0	16307	23	2	238	700	3	15	66	56	493	6	243	33	7	12	5	2	15	0	5	1	10	10	29	0	5	41	0	0	62	15	9	34	0	0	8	2	0	16	0	14	0	0	0	9	115	0	0	0	0	179	0	0	2	19	0	0	7	0	0	0	0	8	0	0	0	157	0	2	0	0	3	25	35	6	2	0	18	0	0	24	0	0	7	7	1	0	0	0	0	3	0	36	14	9	1	1	6	0	12	0	0	0	0	0	0	0	0	0	0	0	70	0	0	201	0	0	0	0	0	3	8	66	3134	0	0	0	0	0	0	0	24	55	0	54	0	7168	18	20	2	5	1	45	14	3	1	8	76	6	23	6	1	10	4	0	4	37	64	1	1	1	0	9	1	36	5	1	23	0	2	7	2	53	3	2	10	16	4	0	1	28	1	1	1	0	0	1	1	1	29	1	0	20	2	3	0	29	0	0	40	0	73	5	1	22	1	32	1	0	1	8	1	70	45	0	0	1	1	2	0	13	5	1	0	3	1	0	1	0	0	0	0	0	0	851	1	2	159	0	20	21	0	0	0	17	15	0	9	0	0	0	21	0	0	0	0	1	171	1	4	4	85	0	9	0	0	0	49	0	0	4	1	0	0	0	2	0	0	0	0	0	12	0	0	0	0	0	0	1	2	0	12	0	96	6	0	0	0	1	163	2.8	14.740000000000002	49.13	9.246081871345028	1.28	3.99	58.22222222222222	24	108.23380952380951	3.8866666666666667	338.14285714285717	30	22.68383647798742	7.146770833333334	57.290000000000006	13.92835294117647	8.5	350	3.6100000000000003	2	2	3335	2	52.59	2.785918367346939	49	1	3.2760000000000002	21.3	45	5	6.9762352941176475	199.25	4.01	170.2173913043478	45	27.66111111111111	6.69	15	20	9.473529411764705	475	3.04	7.456666666666667	0.99	299	4.24	3.05	0.99	149	75	13	200	5	2.5	2.99	43.998000000000005	4.2490000000000006	5	1.2	1.0750000000000002	45.03916666666667	1616.6666666666667	9.794355828220858	2.55	2	0	0	0	0	0	0	0	0	0	0	0	2	0	0	0	0	0	0	0	0	0	0	0	0	0	0	0	0	0	0	0	0	0	0	0	0	0	0	0	0	0	2	0	0	0	0	0	0	0	0	0	0	0	0	0	0	0	0	0	0	0	0	0	0	0	0	0	0	0	0	0	0	0	0	0	1	0	0	0	0	0	0	0	0	0	0	0	0	0	0	0	0	0	0	0	0	0	0	0	0	0	0	0	0	0	0	0	0	0	0	0	0	0	0	0	0	0	0	0	0	0	0	0	0	0	0	0	0	0	0	0	0	0	0	0	0	0	0	0	0	0	0	0	0	0	0	0	0	0	0	0	0	0	0	0	0	0	0	0	0	0	1	3	0	0	0	0	3	1	0	0	0	4	1	0	0	0	0	0	0	0	0	23	106	11	5	0	3	8	0	0	0	0	0	5	0	0	0	0	0	173
45	2	0	48	10	4	12	0	0	0	0	0	46	55	0	114	0	0	0	0	0	0	1	0	0	54	1	233	124	0	57	7	0	0	35	16305	1	8	4	1117	104	0	5	0	18	0	0	162	0	22	1	37	0	0	0	0	0	0	0	0	0	0	0	0	39	10	22	0	0	0	0	40	3	0	0	0	0	2	23057	57	0	285	691	3	30	77	98	600	2	267	33	20	9	7	1	36	1	3	0	50	23	41	0	0	10	6	0	5	13	2	56	2	0	21	0	0	26	4	17	0	3	0	16	106	0	0	26	0	345	16	0	1	8	0	0	6	0	0	0	5	6	0	0	0	213	0	0	0	1	0	14	42	15	0	0	16	0	0	26	8	0	0	8	0	2	1	0	0	1	0	2	9	4	0	0	7	0	14	0	0	0	0	0	0	0	0	0	0	0	70	0	0	201	0	0	0	0	0	3	8	66	3134	0	0	0	0	0	0	0	24	55	0	54	0	7168	29	18	1	5	1	42	13	3	1	8	78	6	22	6	1	11	5	0	4	34	63	1	1	1	0	9	1	31	4	1	20	0	2	7	2	58	3	1	12	15	3	0	1	22	1	2	1	0	0	1	1	1	29	1	0	18	1	3	0	26	0	0	38	0	71	4	1	20	1	33	1	0	1	7	0	65	43	0	0	1	1	2	0	12	0	0	0	0	0	0	0	0	0	1	0	0	0	851	1	2	159	0	20	21	0	0	0	17	15	0	9	0	0	0	21	0	0	0	0	1	171	1	4	4	85	0	9	0	0	0	49	0	0	4	1	0	0	0	2	0	0	0	0	0	12	0	0	0	0	0	0	1	2	0	12	0	96	6	0	0	0	1	163	2.8	14.740000000000002	49.13	9.246081871345028	1.28	3.99	58.22222222222222	24	108.23380952380951	3.8866666666666667	338.14285714285717	30	22.68383647798742	7.146770833333334	57.290000000000006	13.92835294117647	8.5	350	3.6100000000000003	2	2	3335	2	52.59	2.785918367346939	49	1	3.2760000000000002	21.3	45	5	6.9762352941176475	199.25	4.01	170.2173913043478	45	27.66111111111111	6.69	15	20	9.473529411764705	475	3.04	7.456666666666667	0.99	299	4.24	3.05	0.99	149	75	13	200	5	2.5	2.99	43.998000000000005	4.2490000000000006	5	1.2	1.0750000000000002	45.03916666666667	1616.6666666666667	9.794355828220858	2.55	2	0	0	0	0	0	0	0	0	0	0	0	1	0	0	0	0	0	0	0	0	0	0	0	0	0	0	0	0	0	0	0	0	0	0	0	0	0	0	0	0	0	1	0	0	0	0	0	0	0	0	0	0	0	0	0	0	0	0	0	0	0	0	0	0	0	0	0	0	0	0	0	0	0	0	0	0	0	0	0	0	0	0	0	0	0	0	0	0	0	0	0	0	0	0	0	0	0	0	0	0	0	0	0	0	0	0	0	0	0	0	0	0	0	0	0	0	0	0	0	0	0	0	0	0	0	0	0	0	0	0	0	0	0	0	0	0	0	0	0	0	0	0	0	0	0	0	0	0	0	0	0	0	0	0	0	0	0	0	0	0	0	0	8	0	0	0	0	1	0	0	0	0	3	0	0	0	0	0	0	0	0	1	15	160	15	4	0	1	19	0	0	0	0	0	7	0	0	0	0	0	234
8	0	0	17	27	10	13	0	1	0	0	0	42	8	0	0	0	0	38	0	0	0	0	0	0	15	39	111	66	1	161	25	0	0	15	20852	7	8	8	647	65	12	6	0	10	0	1	58	0	6	4	34	0	0	0	0	0	0	0	0	0	0	0	6	22	6	0	1	0	0	0	20	4	0	0	9	0	3	19044	56	0	280	609	1	27	58	50	469	14	211	22	11	0	0	1	32	1	0	3	21	5	36	0	6	33	4	0	4	4	0	34	1	1	8	0	0	12	0	7	0	2	0	1	100	1	0	3	0	166	0	0	0	3	0	0	3	0	10	0	0	6	0	0	0	149	0	3	0	0	0	8	52	5	0	0	8	0	0	29	8	0	1	1	0	0	1	0	1	0	0	12	13	8	0	6	4	1	5	0	0	0	0	0	0	0	0	0	0	0	70	0	0	201	0	0	0	0	0	3	8	66	3134	0	0	0	0	0	0	0	24	55	0	54	0	7168	20	18	2	5	1	42	16	3	1	7	74	4	23	7	1	11	4	0	4	33	62	1	1	1	0	9	1	32	5	1	21	0	2	7	2	54	3	1	13	15	4	0	1	23	1	1	1	1	0	1	1	1	33	1	0	20	3	3	0	25	0	0	38	0	63	4	1	20	1	36	1	0	1	8	1	67	46	0	0	1	1	2	0	12	40	0	10	1	39	0	2	0	1	0	0	0	0	851	1	2	159	0	20	21	0	0	0	17	15	0	9	0	0	0	21	0	0	0	0	1	171	1	4	4	85	0	9	0	0	0	49	0	0	4	1	0	0	0	2	0	0	0	0	0	12	0	0	0	0	0	0	1	2	0	12	0	96	6	0	0	0	1	163	2.8	14.740000000000002	49.13	9.246081871345028	1.28	3.99	58.22222222222222	24	108.23380952380951	3.8866666666666667	338.14285714285717	30	22.68383647798742	7.146770833333334	57.290000000000006	13.92835294117647	8.5	350	3.6100000000000003	2	2	3335	2	52.59	2.785918367346939	49	1	3.2760000000000002	21.3	45	5	6.9762352941176475	199.25	4.01	170.2173913043478	45	27.66111111111111	6.69	15	20	9.473529411764705	475	3.04	7.456666666666667	0.99	299	4.24	3.05	0.99	149	75	13	200	5	2.5	2.99	43.998000000000005	4.2490000000000006	5	1.2	1.0750000000000002	45.03916666666667	1616.6666666666667	9.794355828220858	2.55	2	0	0	0	0	0	0	0	0	0	0	0	2	0	0	0	0	0	0	0	0	0	0	0	0	0	0	0	0	0	0	0	0	0	0	0	0	0	0	0	0	0	2	0	0	0	0	0	0	0	0	0	0	0	0	0	0	0	0	0	0	0	0	0	0	0	0	0	0	0	0	0	0	0	0	0	1	0	0	0	0	0	0	0	0	0	0	0	0	0	0	0	0	0	0	0	0	0	0	0	0	0	0	0	0	0	0	0	0	0	0	0	0	0	0	0	0	0	0	0	0	0	0	0	0	0	0	0	0	0	0	0	0	0	0	0	0	0	0	0	0	0	0	0	0	0	0	0	0	0	0	0	0	0	0	0	0	0	0	0	0	0	1	19	0	0	0	0	1	2	0	0	0	6	1	0	0	1	0	0	0	0	0	20	201	9	12	0	0	25	0	0	0	0	0	6	0	0	0	0	0	303
8	0	0	15	15	9	5	0	0	0	0	0	47	14	0	120	0	0	0	0	0	0	0	0	0	17	3	74	30	0	48	16	0	0	4	5977	1	8	7	482	38	5	12	1	4	0	1	33	0	14	0	12	0	0	0	0	0	0	0	0	0	0	0	0	2	3	0	1	0	0	0	3	0	0	0	1	0	2	16838	25	0	169	428	1	4	44	19	354	6	112	15	7	9	0	0	0	0	0	0	7	10	36	0	4	16	0	4	8	1	1	32	1	8	0	0	0	27	0	1	0	0	0	4	50	0	3	0	0	128	3	0	2	7	1	0	7	0	17	0	0	2	0	0	0	69	0	4	0	0	0	9	14	1	0	0	0	0	0	20	0	0	1	1	0	0	0	0	0	5	0	0	7	0	0	0	3	0	0	0	0	0	0	0	0	0	0	0	0	0	70	0	0	201	0	0	0	0	0	3	8	66	3134	0	0	0	0	0	0	0	24	55	0	54	0	7168	16	21	2	5	1	43	16	3	1	8	78	13	26	6	1	11	4	0	5	35	60	1	1	1	0	8	1	33	6	1	24	0	2	8	2	49	3	1	12	16	4	0	1	28	1	2	1	0	0	1	1	1	31	1	0	20	2	3	0	26	0	0	39	0	64	5	1	23	1	35	2	0	1	10	0	74	50	0	0	1	1	2	0	12	31	1	9	7	16	0	2	0	1	0	1	0	0	851	1	2	159	0	20	21	0	0	0	17	15	0	9	0	0	0	21	0	0	0	0	1	171	1	4	4	85	0	9	0	0	0	49	0	0	4	1	0	0	0	2	0	0	0	0	0	12	0	0	0	0	0	0	1	2	0	12	0	96	6	0	0	0	1	163	2.8	14.740000000000002	49.13	9.246081871345028	1.28	3.99	58.22222222222222	24	108.23380952380951	3.8866666666666667	338.14285714285717	30	22.68383647798742	7.146770833333334	57.290000000000006	13.92835294117647	8.5	350	3.6100000000000003	2	2	3335	2	52.59	2.785918367346939	49	1	3.2760000000000002	21.3	45	5	6.9762352941176475	199.25	4.01	170.2173913043478	45	27.66111111111111	6.69	15	20	9.473529411764705	475	3.04	7.456666666666667	0.99	299	4.24	3.05	0.99	149	75	13	200	5	2.5	2.99	43.998000000000005	4.2490000000000006	5	1.2	1.0750000000000002	45.03916666666667	1616.6666666666667	9.794355828220858	2.55	2	0	0	0	0	0	0	0	0	0	0	0	2	0	0	0	0	0	0	0	0	0	0	0	0	0	0	0	0	0	0	0	0	0	0	0	0	0	0	0	0	0	2	0	0	0	0	0	0	0	0	0	0	0	0	0	0	0	0	0	0	0	0	0	0	0	0	0	0	0	0	0	0	0	0	0	2	0	0	0	0	0	0	0	0	0	0	0	0	0	0	0	0	0	0	0	0	0	0	0	0	0	0	0	0	0	0	0	0	0	0	0	0	0	0	0	0	0	0	0	0	0	0	0	0	0	0	0	0	0	0	0	0	0	0	0	0	0	0	0	0	0	0	0	0	0	0	0	0	0	0	0	0	0	0	0	0	0	0	0	0	0	2	4	0	0	0	0	1	1	0	0	0	2	0	0	0	0	0	0	1	0	0	29	127	9	10	0	2	12	0	0	0	0	0	1	0	0	0	0	0	199
10	0	0	13	13	11	46	37	1	0	0	0	125	10	0	114	0	0	0	0	0	0	0	0	0	15	1	116	37	4	72	16	0	0	8	6097	0	1	11	368	48	4	4	0	6	0	0	17	0	4	0	28	0	0	0	0	0	0	0	0	2	0	0	0	25	0	6	0	0	0	0	3	2	0	0	0	0	0	24573	17	3	151	364	4	11	26	68	298	8	111	17	9	0	1	1	23	1	1	0	5	11	17	0	0	29	0	4	12	5	5	32	0	0	0	0	0	3	0	6	0	0	0	3	34	0	0	0	0	181	3	1	0	5	0	0	2	0	2	0	1	0	2	0	0	119	0	2	0	1	0	17	46	4	5	3	3	0	0	5	1	0	1	1	0	2	0	4	0	2	0	2	12	0	0	0	0	0	3	0	0	0	0	0	0	0	0	0	0	0	70	0	0	201	0	0	0	0	0	3	8	66	3134	0	0	0	0	0	0	0	24	55	0	54	0	7168	17	18	2	5	1	40	15	3	1	8	69	7	23	6	1	11	4	0	4	31	59	1	1	1	0	6	1	29	5	1	25	1	2	8	2	52	5	1	11	16	4	0	1	29	1	2	1	0	0	1	1	1	31	1	0	22	2	3	0	29	0	0	41	0	61	5	1	25	1	37	1	0	1	10	0	70	47	0	0	1	1	2	0	13	48	1	11	8	12	0	4	0	0	0	1	0	0	851	1	2	159	0	20	21	0	0	0	17	15	0	9	0	0	0	21	0	0	0	0	1	171	1	4	4	85	0	9	0	0	0	49	0	0	4	1	0	0	0	2	0	0	0	0	0	12	0	0	0	0	0	0	1	2	0	12	0	96	6	0	0	0	1	163	2.8	14.740000000000002	49.13	9.246081871345028	1.28	3.99	58.22222222222222	24	108.23380952380951	3.8866666666666667	338.14285714285717	30	22.68383647798742	7.146770833333334	57.290000000000006	13.92835294117647	8.5	350	3.6100000000000003	2	2	3335	2	52.59	2.785918367346939	49	1	3.2760000000000002	21.3	45	5	6.9762352941176475	199.25	4.01	170.2173913043478	45	27.66111111111111	6.69	15	20	9.473529411764705	475	3.04	7.456666666666667	0.99	299	4.24	3.05	0.99	149	75	13	200	5	2.5	2.99	43.998000000000005	4.2490000000000006	5	1.2	1.0750000000000002	45.03916666666667	1616.6666666666667	9.794355828220858	2.55	2	0	0	0	0	0	0	0	1	0	0	0	1	0	0	0	0	0	0	0	0	0	0	0	0	0	0	0	0	0	0	0	0	0	0	0	0	0	0	0	0	0	2	0	0	0	0	0	0	0	0	0	0	0	0	0	0	0	0	0	0	0	0	0	0	0	0	0	0	0	0	0	0	0	0	0	2	0	0	0	0	0	0	0	0	0	0	0	0	0	0	0	0	0	0	0	0	0	0	0	0	0	0	0	0	0	0	0	0	0	0	0	0	0	0	0	0	0	0	0	0	0	0	0	0	0	0	0	0	0	0	0	0	0	0	0	0	0	0	0	0	0	0	0	0	0	0	0	0	0	0	0	0	0	0	0	0	0	0	0	0	0	2	7	0	0	1	0	1	1	0	0	0	8	0	0	0	0	0	0	0	0	1	12	126	12	14	1	1	12	0	0	0	0	0	3	0	0	0	0	0	200
10	40	0	14	14	11	12	0	0	0	0	1	81	12	0	154	0	1	1	0	0	0	0	0	0	14	3	117	74	1	66	8	0	0	20	13901	4	2	9	573	67	7	7	0	9	0	0	94	0	5	4	23	0	0	0	0	0	0	0	0	0	0	0	0	11	7	1	0	0	0	0	0	0	2	0	1	0	2	17558	62	3	184	516	2	20	53	34	413	0	136	26	16	2	3	0	37	1	5	4	29	8	17	0	0	16	0	2	25	11	2	48	0	3	3	0	0	9	0	9	0	0	0	0	67	0	0	16	0	145	3	0	0	9	1	0	0	0	8	0	0	8	0	0	0	96	3	7	0	0	0	20	23	5	0	0	0	0	0	4	0	0	3	0	1	2	2	0	0	0	0	0	13	2	0	0	9	0	21	0	0	0	0	0	0	0	0	0	0	0	70	0	0	201	0	0	0	0	0	3	8	66	3134	0	0	0	0	0	0	0	24	55	0	54	0	7168	17	20	3	5	1	38	14	3	1	8	73	6	23	6	1	11	4	0	4	30	56	1	1	1	0	6	1	29	7	1	23	0	2	8	2	54	3	2	10	17	4	0	1	26	1	2	1	0	0	1	1	1	32	1	0	23	2	4	0	32	0	0	40	0	58	5	2	25	1	38	2	0	1	10	1	69	48	0	0	1	1	2	0	13	29	1	17	3	26	0	0	1	1	1	0	0	0	851	1	2	159	0	20	21	0	0	0	17	15	0	9	0	0	0	21	0	0	0	0	1	171	1	4	4	85	0	9	0	0	0	49	0	0	4	1	0	0	0	2	0	0	0	0	0	12	0	0	0	0	0	0	1	2	0	12	0	96	6	0	0	0	1	163	2.8	14.740000000000002	49.13	9.246081871345028	1.28	3.99	58.22222222222222	24	108.23380952380951	3.8866666666666667	338.14285714285717	30	22.68383647798742	7.146770833333334	57.290000000000006	13.92835294117647	8.5	350	3.6100000000000003	2	2	3335	2	52.59	2.785918367346939	49	1	3.2760000000000002	21.3	45	5	6.9762352941176475	199.25	4.01	170.2173913043478	45	27.66111111111111	6.69	15	20	9.473529411764705	475	3.04	7.456666666666667	0.99	299	4.24	3.05	0.99	149	75	13	200	5	2.5	2.99	43.998000000000005	4.2490000000000006	5	1.2	1.0750000000000002	45.03916666666667	1616.6666666666667	9.794355828220858	2.55	2	1	0	0	0	0	0	0	0	0	0	0	0	0	0	0	0	0	0	0	0	0	0	0	0	0	0	0	0	0	0	0	0	0	0	0	0	0	0	0	0	0	1	0	0	0	0	0	0	0	0	0	0	0	0	0	0	0	0	0	0	0	0	0	0	0	0	0	0	0	0	0	0	0	0	0	1	0	0	0	0	0	0	0	0	0	0	0	0	0	0	0	0	0	0	0	0	0	0	0	0	0	0	0	0	0	0	0	0	0	0	0	0	0	0	0	0	0	0	0	0	0	0	0	0	0	0	0	0	0	0	0	0	0	0	0	0	0	0	0	0	0	0	0	0	0	0	0	0	0	0	0	0	0	0	0	0	0	0	0	0	0	1	3	0	0	0	0	0	2	0	0	0	2	0	0	0	0	0	0	0	0	0	10	66	13	14	0	1	16	0	0	0	0	0	2	0	0	0	0	0	129
3	0	0	0	48	8	9	0	0	0	0	0	81	0	0	118	0	0	74	1	0	0	0	0	0	19	6	73	6	0	42	5	1	0	8	4234	1	4	2	305	50	16	3	1	12	8	1	25	0	4	1	12	0	0	0	0	0	0	0	0	0	0	0	0	5	9	3	0	0	0	0	8	0	0	0	0	0	1	17346	65	0	128	373	4	7	21	29	229	4	77	11	6	0	0	3	0	2	0	1	7	0	12	0	0	10	1	3	0	5	2	24	0	1	1	0	0	6	0	4	0	0	0	3	53	0	0	4	0	119	7	0	0	11	0	0	0	0	0	0	0	0	0	0	0	123	0	0	0	0	0	0	8	3	0	0	0	0	0	6	2	0	0	0	2	0	1	0	4	0	0	3	0	0	0	0	4	0	3	0	0	0	0	0	0	0	0	0	0	0	70	0	0	201	0	0	0	0	0	3	8	66	3134	0	0	0	0	0	0	0	24	55	0	54	0	7168	17	19	2	5	1	37	13	3	1	8	68	6	23	6	1	10	4	0	4	29	57	1	1	1	0	6	1	29	6	1	22	0	2	7	2	51	2	2	10	17	3	0	1	25	1	1	1	0	0	1	1	1	29	1	0	24	1	3	0	26	0	0	38	0	59	4	1	21	1	34	1	0	1	10	0	72	44	0	0	1	1	2	0	13	57	1	5	23	22	0	4	0	0	0	0	0	0	851	1	2	159	0	20	21	0	0	0	17	15	0	9	0	0	0	21	0	0	0	0	1	171	1	4	4	85	0	9	0	0	0	49	0	0	4	1	0	0	0	2	0	0	0	0	0	12	0	0	0	0	0	0	1	2	0	12	0	96	6	0	0	0	1	163	2.8	14.740000000000002	49.13	9.246081871345028	1.28	3.99	58.22222222222222	24	108.23380952380951	3.8866666666666667	338.14285714285717	30	22.68383647798742	7.146770833333334	57.290000000000006	13.92835294117647	8.5	350	3.6100000000000003	2	2	3335	2	52.59	2.785918367346939	49	1	3.2760000000000002	21.3	45	5	6.9762352941176475	199.25	4.01	170.2173913043478	45	27.66111111111111	6.69	15	20	9.473529411764705	475	3.04	7.456666666666667	0.99	299	4.24	3.05	0.99	149	75	13	200	5	2.5	2.99	43.998000000000005	4.2490000000000006	5	1.2	1.0750000000000002	45.03916666666667	1616.6666666666667	9.794355828220858	2.55	2	0	0	0	0	0	0	0	0	0	0	0	3	0	0	0	0	0	0	0	0	0	0	0	0	0	0	0	0	0	0	0	0	0	0	0	0	0	0	0	0	0	3	0	0	0	0	0	0	0	0	0	0	0	0	0	0	0	0	0	0	0	0	0	0	0	0	0	0	0	0	0	0	0	0	0	1	0	0	0	0	0	0	0	0	0	0	0	0	0	0	0	0	0	0	0	0	0	0	0	0	0	0	0	0	0	0	0	0	0	0	0	0	0	0	0	0	0	0	0	0	0	0	0	0	0	0	0	0	0	0	0	0	0	0	0	0	0	0	0	0	0	0	0	0	0	0	0	0	0	0	0	0	0	0	0	0	0	0	0	0	0	1	8	0	1	0	0	1	1	0	0	0	3	0	0	0	0	0	0	0	0	0	4	80	9	7	0	2	3	0	0	0	0	0	4	0	0	0	0	0	123
3	0	0	0	7	3	9	0	0	0	0	0	46	0	0	192	0	1	37	0	0	0	0	0	0	29	40	105	38	1	29	4	0	0	29	5680	1	1	2	402	53	2	8	0	24	0	5	32	0	2	1	37	0	0	0	0	0	0	0	0	0	0	0	0	11	0	0	1	0	0	0	11	0	0	0	2	0	0	19338	22	0	232	538	0	21	65	48	359	10	121	23	11	25	4	0	20	2	2	3	1	24	30	0	3	8	0	2	45	7	11	22	0	2	4	0	0	10	0	19	4	0	0	10	46	0	0	5	0	283	2	0	0	17	0	0	2	0	10	1	0	6	1	0	0	150	0	1	0	0	0	23	12	4	0	1	0	0	0	19	12	0	0	0	0	0	0	0	0	0	0	2	11	1	0	1	3	0	10	0	0	0	0	0	0	0	0	0	0	0	70	0	0	201	0	0	0	0	0	3	8	66	3134	0	0	0	0	0	0	0	24	55	0	54	0	7168	16	17	2	5	1	36	14	3	1	8	65	9	20	6	1	10	4	0	5	26	56	1	1	1	0	5	1	26	4	1	21	0	2	8	2	50	3	1	9	15	3	0	1	26	0	1	1	0	0	1	1	1	30	1	0	26	1	3	0	26	0	0	38	0	57	4	1	23	1	37	2	0	1	10	0	68	46	0	0	1	1	2	0	12	16	0	1	1	12	0	2	0	0	0	0	0	0	851	1	2	159	0	20	21	0	0	0	17	15	0	9	0	0	0	21	0	0	0	0	1	171	1	4	4	85	0	9	0	0	0	49	0	0	4	1	0	0	0	2	0	0	0	0	0	12	0	0	0	0	0	0	1	2	0	12	0	96	6	0	0	0	1	163	2.8	14.740000000000002	49.13	9.246081871345028	1.28	3.99	58.22222222222222	24	108.23380952380951	3.8866666666666667	338.14285714285717	30	22.68383647798742	7.146770833333334	57.290000000000006	13.92835294117647	8.5	350	3.6100000000000003	2	2	3335	2	52.59	2.785918367346939	49	1	3.2760000000000002	21.3	45	5	6.9762352941176475	199.25	4.01	170.2173913043478	45	27.66111111111111	6.69	15	20	9.473529411764705	475	3.04	7.456666666666667	0.99	299	4.24	3.05	0.99	149	75	13	200	5	2.5	2.99	43.998000000000005	4.2490000000000006	5	1.2	1.0750000000000002	45.03916666666667	1616.6666666666667	9.794355828220858	2.55	2	0	0	0	0	0	0	0	0	0	0	0	4	0	0	0	0	0	0	0	0	0	0	0	0	0	0	0	0	0	0	0	0	0	0	0	0	0	0	0	0	0	4	0	0	0	0	0	0	0	0	0	0	0	0	0	0	0	0	0	0	0	0	0	0	0	0	0	0	0	0	0	0	0	0	0	3	0	0	0	0	0	0	0	0	0	0	0	0	0	0	0	0	0	0	0	0	0	0	0	0	0	0	0	0	0	0	0	0	0	0	0	0	0	0	0	0	0	0	0	0	0	0	0	0	0	0	0	0	0	0	0	0	0	0	0	0	0	0	0	0	0	0	0	0	0	0	0	0	0	0	0	0	0	0	0	0	0	0	0	0	0	3	7	0	1	0	0	0	1	0	0	0	5	0	0	0	0	0	0	0	0	0	13	123	21	13	0	1	4	0	0	0	0	0	12	1	0	0	0	0	202
9	37	0	47	47	2	45	1	1	0	0	0	80	16	0	79	0	0	0	37	0	0	0	0	0	28	0	110	37	0	94	20	0	1	8	15814	4	16	2	563	57	0	13	0	22	0	6	28	0	10	6	27	0	0	0	0	0	0	0	0	0	0	0	0	18	2	23	2	0	0	0	10	2	2	0	0	1	2	26652	29	4	199	637	0	20	62	36	533	6	193	28	14	0	4	0	38	0	6	0	22	22	57	0	13	39	0	2	57	6	0	6	1	1	2	2	0	14	0	19	0	2	0	17	126	1	0	0	2	205	4	0	0	17	2	0	4	0	0	0	0	9	0	0	0	112	0	0	0	4	0	11	38	8	4	0	0	0	2	7	7	0	4	1	0	0	1	0	3	0	0	0	2	0	0	0	5	0	16	0	0	0	0	0	0	0	0	0	0	0	70	0	0	201	0	0	0	0	0	3	8	66	3134	0	0	0	0	0	0	0	24	55	0	54	0	7168	18	17	2	5	1	36	16	4	1	8	68	7	21	6	1	11	4	0	4	26	55	1	1	1	0	5	1	24	6	1	18	0	2	8	2	55	3	1	10	16	3	0	1	27	1	1	1	0	0	1	1	1	31	1	0	32	1	3	0	25	0	0	32	0	59	4	1	20	1	36	1	0	1	9	0	64	46	0	0	1	1	2	0	12	49	1	10	3	24	0	3	0	0	1	0	0	0	851	1	2	159	0	20	21	0	0	0	17	15	0	9	0	0	0	21	0	0	0	0	1	171	1	4	4	85	0	9	0	0	0	49	0	0	4	1	0	0	0	2	0	0	0	0	0	12	0	0	0	0	0	0	1	2	0	12	0	96	6	0	0	0	1	163	2.8	14.740000000000002	49.13	9.246081871345028	1.28	3.99	58.22222222222222	24	108.23380952380951	3.8866666666666667	338.14285714285717	30	22.68383647798742	7.146770833333334	57.290000000000006	13.92835294117647	8.5	350	3.6100000000000003	2	2	3335	2	52.59	2.785918367346939	49	1	3.2760000000000002	21.3	45	5	6.9762352941176475	199.25	4.01	170.2173913043478	45	27.66111111111111	6.69	15	20	9.473529411764705	475	3.04	7.456666666666667	0.99	299	4.24	3.05	0.99	149	75	13	200	5	2.5	2.99	43.998000000000005	4.2490000000000006	5	1.2	1.0750000000000002	45.03916666666667	1616.6666666666667	9.794355828220858	2.55	2	0	0	0	1	0	0	0	0	0	0	0	3	0	0	0	0	0	0	0	0	0	0	0	0	0	0	0	0	0	0	0	0	0	0	0	0	0	0	0	0	0	4	0	0	0	0	0	0	0	0	0	0	0	0	0	0	0	0	0	0	0	0	0	0	0	0	0	0	0	0	0	0	0	0	0	1	0	0	0	0	0	0	0	0	0	0	0	0	0	0	0	0	0	0	0	0	0	0	0	0	0	0	0	0	0	0	0	0	0	0	0	0	0	0	0	0	0	0	0	0	0	0	0	0	0	0	0	0	0	0	0	0	0	0	0	0	0	0	0	0	0	1	0	0	0	0	0	0	0	0	0	0	0	0	0	0	0	0	0	0	0	2	5	0	0	0	0	2	2	0	0	2	5	1	0	0	0	0	0	0	0	0	7	94	8	13	0	1	3	0	0	0	0	0	2	0	0	0	0	0	145
8	1	0	9	11	6	10	0	0	0	0	0	11	46	0	83	0	0	5	0	0	0	0	0	0	20	74	180	70	0	123	14	0	0	19	13411	3	17	10	668	76	3	12	0	18	0	0	53	0	6	0	33	0	0	0	0	0	0	0	0	0	0	0	0	16	11	10	2	0	0	0	10	5	3	0	1	1	3	30487	20	0	288	671	3	27	75	44	533	16	248	38	27	12	3	1	27	4	0	1	5	22	36	2	0	8	1	6	79	18	0	14	0	5	1	0	0	16	0	5	5	0	1	14	104	0	0	3	0	198	4	0	0	19	0	0	2	0	0	0	0	7	0	0	0	159	0	7	0	0	2	26	43	11	0	4	16	0	0	20	5	0	0	0	0	0	0	2	0	2	2	0	0	0	0	2	12	0	9	0	0	0	0	0	0	0	0	0	0	0	70	0	0	201	0	0	0	0	0	3	8	66	3134	0	0	0	0	0	0	0	24	55	0	54	0	7168	18	17	2	5	1	35	14	3	1	8	72	7	21	6	1	10	4	0	4	29	56	1	1	1	0	5	1	27	4	1	19	0	2	7	2	53	3	1	12	15	3	0	1	24	1	1	1	0	0	1	1	1	32	1	0	32	1	3	0	24	0	0	38	0	62	4	1	29	1	35	1	0	1	9	0	62	44	0	0	1	1	2	0	12	39	0	7	5	16	0	0	0	0	0	0	0	0	851	1	2	159	0	20	21	0	0	0	17	15	0	9	0	0	0	21	0	0	0	0	1	171	1	4	4	85	0	9	0	0	0	49	0	0	4	1	0	0	0	2	0	0	0	0	0	12	0	0	0	0	0	0	1	2	0	12	0	96	6	0	0	0	1	163	2.8	14.740000000000002	49.13	9.246081871345028	1.28	3.99	58.22222222222222	24	108.23380952380951	3.8866666666666667	338.14285714285717	30	22.68383647798742	7.146770833333334	57.290000000000006	13.92835294117647	8.5	350	3.6100000000000003	2	2	3335	2	52.59	2.785918367346939	49	1	3.2760000000000002	21.3	45	5	6.9762352941176475	199.25	4.01	170.2173913043478	45	27.66111111111111	6.69	15	20	9.473529411764705	475	3.04	7.456666666666667	0.99	299	4.24	3.05	0.99	149	75	13	200	5	2.5	2.99	43.998000000000005	4.2490000000000006	5	1.2	1.0750000000000002	45.03916666666667	1616.6666666666667	9.794355828220858	2.55	2	0	0	0	0	0	0	0	0	0	0	0	1	0	0	0	0	0	0	0	0	0	0	0	0	0	0	0	0	0	0	0	0	0	0	0	0	0	0	0	0	0	1	0	0	0	0	0	0	0	0	0	0	0	0	0	0	0	0	0	0	0	0	0	0	0	0	0	0	0	0	0	0	0	0	0	1	0	0	0	0	0	0	0	0	0	0	0	0	0	0	0	0	0	0	0	0	0	0	0	0	0	0	0	0	0	0	0	0	0	0	0	0	0	0	0	0	0	0	0	0	0	0	0	0	0	0	0	0	0	0	0	0	0	0	0	0	0	0	0	0	0	0	0	0	0	0	0	0	0	0	0	0	0	0	0	0	0	0	0	0	0	1	3	0	0	0	0	0	4	0	0	0	2	0	0	0	0	0	0	0	0	0	3	86	7	9	0	1	4	0	0	0	0	0	5	0	0	0	0	0	124
9	1	0	44	48	7	5	37	2	1	0	0	246	12	0	173	0	0	77	1	0	0	0	0	0	13	74	184	81	1	107	36	0	0	27	19192	5	21	21	785	111	11	6	0	23	0	1	106	0	4	1	48	4	0	0	0	0	0	0	0	0	0	0	2	2	11	2	1	0	0	0	3	1	1	4	5	0	3	38795	45	0	304	738	0	10	93	79	654	7	233	42	49	21	4	0	33	0	0	4	40	35	61	0	0	16	4	5	22	8	3	28	1	1	7	0	0	15	12	14	0	0	0	16	129	3	0	9	0	296	6	0	1	7	0	0	0	0	0	0	0	10	0	0	0	168	0	1	2	0	4	29	52	17	3	1	1	6	0	6	2	0	0	0	0	0	0	0	0	1	3	2	8	3	0	0	3	0	1	0	0	0	0	0	0	0	0	0	0	0	70	0	0	201	0	0	0	0	0	3	8	66	3134	0	0	0	0	0	0	0	24	55	0	54	0	7168	16	19	3	5	1	40	13	3	1	8	75	6	18	6	1	10	4	0	4	28	58	1	1	1	0	5	1	27	3	1	20	0	2	8	2	51	3	2	11	16	3	0	1	27	1	1	1	0	0	1	1	1	33	1	0	32	1	3	0	29	0	0	35	0	58	5	1	34	1	34	1	0	1	9	0	66	46	0	0	1	1	2	0	13	38	1	8	8	13	0	1	0	1	0	0	0	0	851	1	2	159	0	20	21	0	0	0	17	15	0	9	0	0	0	21	0	0	0	0	1	171	1	4	4	85	0	9	0	0	0	49	0	0	4	1	0	0	0	2	0	0	0	0	0	12	0	0	0	0	0	0	1	2	0	12	0	96	6	0	0	0	1	163	2.8	14.740000000000002	49.13	9.246081871345028	1.28	3.99	58.22222222222222	24	108.23380952380951	3.8866666666666667	338.14285714285717	30	22.68383647798742	7.146770833333334	57.290000000000006	13.92835294117647	8.5	350	3.6100000000000003	2	2	3335	2	52.59	2.785918367346939	49	1	3.2760000000000002	21.3	45	5	6.9762352941176475	199.25	4.01	170.2173913043478	45	27.66111111111111	6.69	15	20	9.473529411764705	475	3.04	7.456666666666667	0.99	299	4.24	3.05	0.99	149	75	13	200	5	2.5	2.99	43.998000000000005	4.2490000000000006	5	1.2	1.0750000000000002	45.03916666666667	1616.6666666666667	9.794355828220858	2.55	2	0	0	0	0	0	0	1	0	0	0	0	1	0	0	0	0	0	0	0	0	0	0	0	0	0	0	0	0	0	0	0	0	0	0	0	0	0	0	0	0	0	2	0	0	0	0	0	0	0	0	0	0	0	0	0	0	0	0	0	0	0	0	0	0	0	0	0	0	0	0	0	0	0	0	0	0	0	0	0	0	0	0	0	0	0	0	0	0	0	0	0	0	0	0	0	0	0	0	0	0	0	0	0	0	0	0	0	0	0	0	0	0	0	0	0	0	0	0	0	0	0	0	0	0	0	0	0	0	0	0	0	0	0	0	0	0	0	0	0	0	0	0	0	0	0	0	0	0	0	0	0	0	0	0	0	0	0	0	0	0	0	0	2	0	0	0	0	0	0	0	0	0	1	0	0	0	0	0	0	0	0	0	8	94	8	16	0	1	1	0	0	0	0	0	7	0	0	0	0	0	138
38	0	1	7	9	3	9	0	38	0	0	0	11	18	0	86	0	0	3	0	0	0	0	0	0	24	1	152	85	5	118	14	0	0	24	27175	11	5	16	689	79	3	8	0	17	0	3	46	0	19	4	27	2	0	0	0	0	0	0	0	0	2	0	0	57	6	16	3	0	0	0	8	2	0	0	1	0	0	27659	33	5	317	876	0	11	64	66	599	14	208	46	33	15	1	6	18	0	3	1	32	29	35	0	5	5	1	5	44	13	7	38	1	0	2	2	0	30	0	21	0	0	0	10	135	3	0	7	0	183	2	0	1	24	0	5	15	0	0	0	2	5	0	0	0	137	0	12	0	2	0	18	29	8	2	0	13	0	0	14	2	0	12	3	0	0	5	0	0	2	0	36	9	3	0	2	8	10	16	0	0	0	0	0	0	0	0	0	0	0	70	0	0	201	0	0	0	0	0	3	8	66	3134	0	0	0	0	0	0	0	24	55	0	54	0	7168	15	20	2	5	1	38	14	3	1	8	64	8	16	6	1	10	4	0	4	26	57	1	1	1	0	5	1	25	4	1	22	0	2	8	2	50	3	2	9	18	4	0	1	26	1	2	1	0	0	1	1	1	33	1	0	36	1	3	0	27	0	0	36	0	60	5	1	37	1	34	2	0	1	8	1	68	46	0	0	1	1	2	0	13	43	7	11	10	21	0	2	0	0	1	0	0	0	851	1	2	159	0	20	21	0	0	0	17	15	0	9	0	0	0	21	0	0	0	0	1	171	1	4	4	85	0	9	0	0	0	49	0	0	4	1	0	0	0	2	0	0	0	0	0	12	0	0	0	0	0	0	1	2	0	12	0	96	6	0	0	0	1	163	2.8	14.740000000000002	49.13	9.246081871345028	1.28	3.99	58.22222222222222	24	108.23380952380951	3.8866666666666667	338.14285714285717	30	22.68383647798742	7.146770833333334	57.290000000000006	13.92835294117647	8.5	350	3.6100000000000003	2	2	3335	2	52.59	2.785918367346939	49	1	3.2760000000000002	21.3	45	5	6.9762352941176475	199.25	4.01	170.2173913043478	45	27.66111111111111	6.69	15	20	9.473529411764705	475	3.04	7.456666666666667	0.99	299	4.24	3.05	0.99	149	75	13	200	5	2.5	2.99	43.998000000000005	4.2490000000000006	5	1.2	1.0750000000000002	45.03916666666667	1616.6666666666667	9.794355828220858	2.55	2	0	1	0	0	0	0	0	0	0	0	0	2	0	0	0	0	0	0	0	0	0	0	0	0	0	0	0	0	0	0	0	0	0	0	0	0	0	0	0	0	0	3	0	0	0	0	0	0	0	0	0	1	0	0	0	0	0	0	0	0	0	0	0	0	0	0	0	0	0	0	0	0	0	0	0	2	0	0	0	0	0	0	0	0	0	0	0	0	0	0	0	0	0	0	0	0	0	0	0	0	0	0	0	0	0	0	0	0	0	0	0	0	0	0	0	0	0	0	0	0	0	0	0	0	0	0	0	0	0	0	0	0	0	0	0	0	0	0	0	0	0	0	0	0	0	0	0	0	0	0	0	0	0	0	0	0	0	0	0	0	0	3	3	0	0	0	0	1	0	0	0	0	3	0	0	0	0	0	0	0	0	0	4	110	4	3	0	0	20	0	0	0	0	0	8	0	0	0	0	0	156
14	74	0	17	15	4	5	0	77	3	0	0	120	53	0	114	0	0	38	0	0	0	0	0	0	59	1	163	20	2	91	11	0	0	12	10224	3	9	4	403	41	1	10	0	6	2	0	54	0	1	0	21	4	0	0	0	0	0	0	0	0	0	0	0	14	0	0	0	0	0	0	0	8	0	1	0	0	0	28713	23	0	239	562	4	7	72	62	459	11	202	21	10	4	0	0	27	0	1	5	0	8	6	0	6	26	0	2	3	7	8	8	0	10	3	3	0	27	0	8	0	2	0	2	94	0	0	4	0	173	0	0	1	6	8	0	2	0	0	0	0	13	0	0	0	151	0	0	0	6	0	13	59	3	0	0	1	0	0	8	13	2	0	11	0	0	0	0	1	6	0	0	5	0	0	0	6	0	1	0	0	0	0	0	0	0	0	0	0	0	70	0	0	201	0	0	0	0	0	3	8	66	3134	0	0	0	0	0	0	0	24	55	0	54	0	7168	17	18	4	5	1	37	13	3	1	8	62	6	15	6	1	10	4	0	4	23	54	1	1	1	0	5	1	23	4	1	24	0	2	9	2	50	4	2	9	15	3	0	1	25	1	1	1	0	0	1	1	1	31	1	0	38	1	3	0	31	0	0	35	0	58	4	1	25	1	33	2	0	1	8	1	61	42	0	0	1	1	2	0	12	41	0	13	3	11	0	4	0	0	0	0	0	0	851	1	2	159	0	20	21	0	0	0	17	15	0	9	0	0	0	21	0	0	0	0	1	171	1	4	4	85	0	9	0	0	0	49	0	0	4	1	0	0	0	2	0	0	0	0	0	12	0	0	0	0	0	0	1	2	0	12	0	96	6	0	0	0	1	163	2.8	14.740000000000002	49.13	9.246081871345028	1.28	3.99	58.22222222222222	24	108.23380952380951	3.8866666666666667	338.14285714285717	30	22.68383647798742	7.146770833333334	57.290000000000006	13.92835294117647	8.5	350	3.6100000000000003	2	2	3335	2	52.59	2.785918367346939	49	1	3.2760000000000002	21.3	45	5	6.9762352941176475	199.25	4.01	170.2173913043478	45	27.66111111111111	6.69	15	20	9.473529411764705	475	3.04	7.456666666666667	0.99	299	4.24	3.05	0.99	149	75	13	200	5	2.5	2.99	43.998000000000005	4.2490000000000006	5	1.2	1.0750000000000002	45.03916666666667	1616.6666666666667	9.794355828220858	2.55	2	0	0	0	0	0	0	0	0	0	0	0	4	0	0	0	0	0	0	0	0	0	0	0	0	0	0	0	0	0	0	0	0	0	0	0	0	0	0	0	0	0	4	0	0	0	0	0	0	0	0	0	0	0	0	0	0	0	0	0	0	0	0	0	0	0	0	0	0	0	0	0	0	0	0	0	4	0	0	0	0	0	0	0	0	0	0	0	0	0	0	0	0	0	0	0	0	0	0	0	0	0	0	0	0	0	0	0	0	0	0	0	0	0	0	0	0	0	0	0	0	0	0	0	0	0	0	0	0	0	0	0	0	0	0	0	0	0	0	0	0	0	0	0	0	0	0	0	0	0	0	0	0	0	0	0	0	0	0	0	2	2	8	0	0	0	0	0	2	0	0	0	0	4	3	0	0	0	0	0	0	0	0	7	48	8	9	0	1	8	0	0	0	0	0	7	0	0	0	0	0	97
50	4	1	14	8	46	77	2	38	0	0	0	13	18	0	46	0	0	3	0	0	0	0	0	0	20	2	239	90	0	173	7	1	2	12	16347	23	6	3	904	103	3	10	0	31	2	0	80	0	22	15	22	0	0	0	0	0	0	0	0	0	0	0	0	37	25	4	1	0	0	0	7	0	2	0	3	0	3	17715	63	0	436	889	5	13	137	97	641	5	256	23	14	11	4	0	56	2	0	5	23	39	53	0	0	6	4	3	48	7	16	36	1	4	10	0	0	16	0	13	0	2	0	12	124	6	0	2	0	342	0	0	3	19	0	1	3	0	12	0	0	0	1	0	0	212	0	8	0	2	0	28	37	8	3	1	0	0	0	14	4	0	5	6	0	0	0	6	0	10	4	11	2	10	0	1	3	0	141	0	0	0	0	0	0	0	0	0	0	0	70	0	0	201	0	0	0	0	0	3	8	66	3134	0	0	0	0	0	0	0	24	55	0	54	0	7168	17	17	5	5	1	32	13	3	1	7	62	6	14	6	1	11	4	0	4	24	54	1	1	1	0	5	1	23	5	1	20	0	2	8	2	49	3	1	9	15	3	0	1	23	1	1	1	0	0	1	1	1	36	1	0	31	1	3	0	29	0	0	35	0	58	4	1	23	1	35	1	0	1	7	1	59	42	0	0	1	1	2	0	11	30	4	19	9	8	0	4	0	0	2	1	0	0	851	1	2	159	0	20	21	0	0	0	17	15	0	9	0	0	0	21	0	0	0	0	1	171	1	4	4	85	0	9	0	0	0	49	0	0	4	1	0	0	0	2	0	0	0	0	0	12	0	0	0	0	0	0	1	2	0	12	0	96	6	0	0	0	1	163	2.8	14.740000000000002	49.13	9.246081871345028	1.28	3.99	58.22222222222222	24	108.23380952380951	3.8866666666666667	338.14285714285717	30	22.68383647798742	7.146770833333334	57.290000000000006	13.92835294117647	8.5	350	3.6100000000000003	2	2	3335	2	52.59	2.785918367346939	49	1	3.2760000000000002	21.3	45	5	6.9762352941176475	199.25	4.01	170.2173913043478	45	27.66111111111111	6.69	15	20	9.473529411764705	475	3.04	7.456666666666667	0.99	299	4.24	3.05	0.99	149	75	13	200	5	2.5	2.99	43.998000000000005	4.2490000000000006	5	1.2	1.0750000000000002	45.03916666666667	1616.6666666666667	9.794355828220858	2.55	2	0	0	0	0	0	0	0	0	0	0	0	7	0	0	0	0	0	0	0	0	0	0	0	0	0	0	0	0	0	0	0	0	0	0	0	0	0	0	0	0	0	7	0	0	0	0	0	0	0	0	0	0	0	0	0	0	0	0	0	0	0	0	0	0	0	0	0	0	0	0	0	0	0	0	0	6	0	0	0	0	0	0	0	0	0	0	0	0	0	0	0	0	0	0	0	0	0	0	0	0	0	0	0	0	0	0	0	0	0	0	0	0	0	0	0	0	0	0	0	0	0	0	0	0	0	0	0	0	0	0	0	0	0	0	0	0	0	0	0	0	0	0	0	0	0	0	0	0	0	0	0	0	0	0	0	0	0	0	0	0	0	6	4	0	0	0	0	1	3	0	0	0	6	0	0	0	0	0	0	0	0	2	8	63	7	7	0	0	4	0	0	0	0	0	5	0	0	0	0	0	110
17	2	0	14	4	11	43	1	0	0	0	0	82	11	0	79	0	0	39	1	0	0	37	1	0	30	0	211	85	11	102	35	0	2	13	18541	6	15	5	798	74	3	10	1	24	0	12	90	0	17	7	31	1	0	0	0	0	0	0	0	1	0	0	1	15	6	15	0	0	0	0	13	25	6	1	2	0	0	28030	55	5	340	756	1	19	82	49	648	8	244	30	16	11	0	0	6	1	3	0	14	19	46	2	3	72	1	2	23	9	0	70	1	7	0	2	0	31	0	12	0	0	0	30	78	3	0	0	3	197	10	0	6	5	0	0	4	0	10	2	4	9	0	0	0	216	0	0	0	0	2	3	59	16	0	0	3	0	0	21	17	0	0	3	0	0	5	2	0	0	0	7	6	2	1	0	8	0	6	0	0	0	0	0	0	0	0	0	0	0	70	0	0	201	0	0	0	0	0	3	8	66	3134	0	0	0	0	0	0	0	24	55	0	54	0	7168	17	17	3	4	1	30	12	3	1	6	52	5	10	5	1	11	4	0	4	20	49	1	1	1	0	4	1	20	3	1	18	0	2	8	2	53	3	1	9	14	3	0	1	21	1	2	1	0	0	1	1	1	29	1	0	59	1	3	1	27	0	0	31	0	49	5	1	21	1	33	1	0	1	7	1	53	39	0	0	1	1	2	0	11	45	2	42	7	57	0	1	1	1	1	0	0	0	851	1	2	159	0	20	21	0	0	0	17	15	0	9	0	0	0	21	0	0	0	0	1	171	1	4	4	85	0	9	0	0	0	49	0	0	4	1	0	0	0	2	0	0	0	0	0	12	0	0	0	0	0	0	1	2	0	12	0	96	6	0	0	0	1	163	2.8	14.740000000000002	49.13	9.246081871345028	1.28	3.99	58.22222222222222	24	108.23380952380951	3.8866666666666667	338.14285714285717	30	22.68383647798742	7.146770833333334	57.290000000000006	13.92835294117647	8.5	350	3.6100000000000003	2	2	3335	2	52.59	2.785918367346939	49	1	3.2760000000000002	21.3	45	5	6.9762352941176475	199.25	4.01	170.2173913043478	45	27.66111111111111	6.69	15	20	9.473529411764705	475	3.04	7.456666666666667	0.99	299	4.24	3.05	0.99	149	75	13	200	5	2.5	2.99	43.998000000000005	4.2490000000000006	5	1.2	1.0750000000000002	45.03916666666667	1616.6666666666667	9.794355828220858	2.55	2	0	0	1	1	0	0	0	0	1	0	0	11	0	0	0	0	0	0	0	0	0	0	0	0	0	0	0	0	0	0	0	0	0	0	0	0	0	0	0	0	0	14	0	0	2	0	0	0	0	0	1	0	0	0	0	0	0	0	0	0	0	0	0	0	0	0	0	0	0	0	0	0	0	0	1	11	0	0	0	0	0	0	0	0	0	0	0	0	0	0	0	0	0	0	0	0	0	0	0	0	0	0	0	0	0	0	0	0	0	0	0	0	0	0	0	0	0	0	0	0	0	0	0	0	0	0	0	0	0	0	0	0	0	0	0	0	0	0	0	0	0	0	0	0	0	0	0	0	0	0	0	0	0	0	0	0	0	0	0	0	0	15	2	0	0	0	0	0	0	0	0	0	4	3	0	0	0	0	0	0	0	0	17	70	10	10	0	1	12	0	0	0	0	0	1	0	0	0	0	0	130
3	8	38	52	7	8	2	38	38	0	0	0	192	52	0	6	0	39	74	38	0	0	0	0	0	60	0	85	20	0	95	24	0	0	10	11344	7	1	3	567	73	2	1	0	12	0	1	30	0	4	0	18	0	0	0	0	0	0	0	0	0	0	0	0	25	3	0	0	0	0	0	8	4	0	0	1	0	1	52200	26	5	188	660	0	4	46	38	388	2	103	14	4	18	1	0	35	0	0	0	9	21	18	1	4	20	0	2	30	3	0	72	1	2	1	0	0	15	0	5	0	0	0	18	97	0	0	0	0	182	2	0	1	4	0	0	13	0	0	0	0	6	0	0	0	99	0	8	0	9	0	8	45	5	0	1	0	0	0	21	3	0	2	3	0	2	0	0	0	9	1	0	11	0	0	3	4	0	5	0	0	0	0	0	0	0	0	0	0	0	70	0	0	201	0	0	0	0	0	3	8	66	3134	0	0	0	0	0	0	0	24	55	0	54	0	7168	16	20	6	4	1	35	13	3	1	8	52	6	10	6	1	11	4	0	5	21	49	1	1	1	0	4	1	21	7	1	21	0	2	9	2	60	3	2	9	16	3	0	1	25	1	2	1	0	0	1	1	1	30	1	0	59	1	3	0	29	0	0	30	0	44	5	1	23	1	32	1	0	1	8	0	57	37	0	0	1	1	2	0	11	47	3	4	11	12	0	2	1	1	0	1	0	0	851	1	2	159	0	20	21	0	0	0	17	15	0	9	0	0	0	21	0	0	0	0	1	171	1	4	4	85	0	9	0	0	0	49	0	0	4	1	0	0	0	2	0	0	0	0	0	12	0	0	0	0	0	0	1	2	0	12	0	96	6	0	0	0	1	163	2.8	14.740000000000002	49.13	9.246081871345028	1.28	3.99	58.22222222222222	24	108.23380952380951	3.8866666666666667	338.14285714285717	30	22.68383647798742	7.146770833333334	57.290000000000006	13.92835294117647	8.5	350	3.6100000000000003	2	2	3335	2	52.59	2.785918367346939	49	1	3.2760000000000002	21.3	45	5	6.9762352941176475	199.25	4.01	170.2173913043478	45	27.66111111111111	6.69	15	20	9.473529411764705	475	3.04	7.456666666666667	0.99	299	4.24	3.05	0.99	149	75	13	200	5	2.5	2.99	43.998000000000005	4.2490000000000006	5	1.2	1.0750000000000002	45.03916666666667	1616.6666666666667	9.794355828220858	2.55	2	0	0	0	1	0	0	0	0	0	0	0	12	0	0	1	0	0	0	0	0	0	0	0	0	0	0	0	0	0	0	0	0	0	0	0	0	0	0	0	0	0	14	0	0	1	0	0	0	0	0	0	0	0	0	0	0	0	0	0	0	0	0	0	0	0	0	0	0	0	0	0	0	0	0	0	10	0	0	0	0	0	0	0	0	0	0	0	0	0	0	0	0	0	0	0	0	0	0	0	0	0	0	0	0	0	0	0	0	0	0	0	0	0	0	0	0	0	0	0	0	0	0	0	0	0	0	0	0	0	0	0	0	0	0	0	0	0	0	0	0	0	1	0	1	0	0	0	0	0	0	0	0	0	0	0	0	0	0	0	0	0	13	3	0	0	0	0	0	1	0	0	0	2	0	0	0	0	0	0	0	0	0	1	58	8	6	0	0	7	0	0	0	0	0	10	0	0	0	0	0	96
7	12	1	11	8	17	1	0	3	0	0	0	159	21	0	81	0	0	77	38	0	0	0	0	0	28	1	167	68	1	108	28	4	0	19	14157	10	8	37	840	75	6	8	0	36	3	0	79	0	8	5	29	0	0	0	0	0	0	0	0	1	0	1	5	18	8	9	3	0	0	0	5	1	6	0	0	0	2	23663	50	5	258	726	9	26	84	68	631	12	225	27	26	12	0	2	35	0	0	1	23	21	30	0	5	58	0	0	27	4	9	42	0	4	2	1	0	14	0	23	0	0	0	29	96	0	0	1	0	272	6	0	0	4	0	0	4	0	3	0	0	3	0	0	0	171	0	1	0	0	3	12	21	7	0	0	0	0	0	8	2	0	3	8	0	0	1	0	0	0	0	17	17	8	0	0	1	0	9	0	0	0	0	0	0	0	0	0	0	0	70	0	0	201	0	0	0	0	0	3	8	66	3134	0	0	0	0	0	0	0	24	55	0	54	0	7168	15	19	12	5	1	34	15	3	1	8	53	6	11	6	1	11	4	0	4	20	47	1	1	1	0	4	1	19	5	1	21	0	2	10	2	59	3	2	9	17	3	0	1	25	1	2	1	0	0	1	1	1	31	1	0	56	1	4	0	32	0	0	33	0	47	5	1	23	1	32	1	0	1	8	1	57	40	0	0	1	1	2	0	12	50	2	15	19	36	0	1	1	1	1	0	0	0	851	1	2	159	0	20	21	0	0	0	17	15	0	9	0	0	0	21	0	0	0	0	1	171	1	4	4	85	0	9	0	0	0	49	0	0	4	1	0	0	0	2	0	0	0	0	0	12	0	0	0	0	0	0	1	2	0	12	0	96	6	0	0	0	1	163	2.8	14.740000000000002	49.13	9.246081871345028	1.28	3.99	58.22222222222222	24	108.23380952380951	3.8866666666666667	338.14285714285717	30	22.68383647798742	7.146770833333334	57.290000000000006	13.92835294117647	8.5	350	3.6100000000000003	2	2	3335	2	52.59	2.785918367346939	49	1	3.2760000000000002	21.3	45	5	6.9762352941176475	199.25	4.01	170.2173913043478	45	27.66111111111111	6.69	15	20	9.473529411764705	475	3.04	7.456666666666667	0.99	299	4.24	3.05	0.99	149	75	13	200	5	2.5	2.99	43.998000000000005	4.2490000000000006	5	1.2	1.0750000000000002	45.03916666666667	1616.6666666666667	9.794355828220858	2.55	2	0	0	0	0	0	0	0	1	0	0	0	15	0	0	0	0	0	0	0	0	0	0	0	0	0	0	0	0	0	0	0	0	0	0	0	0	0	0	0	0	0	16	0	0	0	0	0	0	0	0	0	0	0	0	0	0	0	0	0	0	0	0	0	0	0	0	0	0	0	0	0	0	0	0	1	15	0	0	0	0	0	0	0	0	0	0	0	0	0	0	0	0	0	0	0	0	0	0	0	0	0	1	0	0	0	0	0	0	0	0	0	0	0	0	0	0	0	0	0	0	0	0	0	0	0	0	0	0	0	0	0	0	0	0	0	0	0	0	0	0	0	0	0	0	0	0	0	0	0	0	0	0	0	0	0	0	0	0	0	0	0	17	1	0	0	0	0	0	1	0	0	0	6	0	0	0	0	0	0	0	0	0	6	47	12	13	0	1	7	0	0	1	0	0	0	0	0	0	0	0	95
43	6	2	10	7	11	39	1	2	0	0	0	83	23	0	117	0	0	3	1	37	0	0	0	0	23	38	100	53	4	68	14	0	0	25	9721	4	7	10	444	47	9	3	0	8	0	0	26	0	25	3	35	0	0	0	0	0	0	0	0	0	0	0	0	20	11	0	1	0	0	0	3	0	1	2	2	0	2	17151	22	8	210	529	0	15	51	30	414	12	163	12	9	21	0	1	16	0	2	0	6	26	38	0	2	11	3	0	42	12	0	30	0	1	0	0	0	5	0	9	2	3	0	19	112	2	0	0	0	139	7	0	2	4	0	0	2	0	7	0	0	0	0	0	0	90	0	0	0	0	0	12	24	7	0	0	0	0	0	13	6	0	3	0	0	0	0	0	0	0	0	9	0	0	0	4	9	0	1	0	0	0	0	0	0	0	0	0	0	0	70	0	0	201	0	0	0	0	0	3	8	66	3134	0	0	0	0	0	0	0	24	55	0	54	0	7168	14	19	10	5	1	32	14	3	1	7	49	7	9	5	1	13	4	0	5	18	45	1	1	1	0	4	1	18	4	1	51	0	2	10	2	51	3	2	9	16	3	0	1	25	1	2	1	0	0	1	1	1	28	1	0	41	1	4	0	36	0	0	35	0	44	4	1	36	1	31	1	0	1	8	0	54	39	0	0	1	1	2	0	12	42	4	14	6	17	0	2	0	1	1	0	0	0	851	1	2	159	0	20	21	0	0	0	17	15	0	9	0	0	0	21	0	0	0	0	1	171	1	4	4	85	0	9	0	0	0	49	0	0	4	1	0	0	0	2	0	0	0	0	0	12	0	0	0	0	0	0	1	2	0	12	0	96	6	0	0	0	1	163	2.8	14.740000000000002	49.13	9.246081871345028	1.28	3.99	58.22222222222222	24	108.23380952380951	3.8866666666666667	338.14285714285717	30	22.68383647798742	7.146770833333334	57.290000000000006	13.92835294117647	8.5	350	3.6100000000000003	2	2	3335	2	52.59	2.785918367346939	49	1	3.2760000000000002	21.3	45	5	6.9762352941176475	199.25	4.01	170.2173913043478	45	27.66111111111111	6.69	15	20	9.473529411764705	475	3.04	7.456666666666667	0.99	299	4.24	3.05	0.99	149	75	13	200	5	2.5	2.99	43.998000000000005	4.2490000000000006	5	1.2	1.0750000000000002	45.03916666666667	1616.6666666666667	9.794355828220858	2.55	2	0	1	0	0	0	0	0	0	1	0	0	12	0	0	0	0	0	0	0	0	0	0	0	0	0	0	1	0	0	0	0	0	0	0	0	0	0	0	0	0	0	15	0	0	0	0	0	0	0	0	0	0	0	0	0	0	0	0	0	0	0	0	0	0	0	0	0	0	0	0	0	0	0	0	1	14	0	0	0	0	0	0	0	0	0	0	0	0	0	0	0	0	0	0	0	0	0	0	0	0	0	0	0	1	0	0	0	0	0	0	0	0	0	0	0	0	0	0	0	0	0	0	0	0	0	0	0	0	0	0	0	0	0	0	0	0	0	0	0	0	0	0	0	0	0	0	0	0	0	0	0	0	0	0	0	0	0	0	0	0	0	16	3	0	0	0	0	0	1	0	0	0	4	6	0	0	0	0	0	0	0	3	9	59	12	12	0	0	8	0	0	0	0	0	6	0	0	0	0	0	123
268	1	0	10	11	43	4	0	3	0	0	0	49	166	0	81	0	0	2	0	0	0	0	0	0	135	37	83	43	1	91	28	0	0	43	18001	5	4	9	639	71	2	10	0	5	0	1	36	0	16	1	6	0	0	0	0	0	0	0	0	0	0	0	1	13	2	6	2	0	0	0	3	13	0	0	0	0	1	21113	68	6	239	643	6	5	63	39	426	4	84	31	17	5	0	2	58	1	2	3	15	17	27	0	0	19	0	3	4	3	2	16	0	3	0	0	0	14	0	9	1	3	0	7	84	0	0	5	0	285	3	1	0	5	0	0	2	0	22	0	0	7	0	0	0	144	0	0	0	0	0	13	23	3	0	0	0	0	0	11	3	0	2	3	0	0	7	0	0	4	1	6	11	3	0	0	12	0	12	0	0	0	0	0	0	0	0	0	0	0	70	0	0	201	0	0	0	0	0	3	8	66	3134	0	0	0	0	0	0	0	24	55	0	54	0	7168	14	18	8	5	1	31	14	2	1	7	46	7	8	6	1	10	4	0	4	17	45	1	1	1	0	3	1	17	4	1	24	0	2	11	2	54	3	2	9	17	3	0	1	23	1	2	1	0	0	1	1	1	33	1	0	31	1	4	0	35	0	0	32	0	44	5	1	57	1	34	1	0	1	8	0	56	39	0	0	1	1	2	0	13	59	1	27	18	12	0	1	0	1	0	1	0	0	851	1	2	159	0	20	21	0	0	0	17	15	0	9	0	0	0	21	0	0	0	0	1	171	1	4	4	85	0	9	0	0	0	49	0	0	4	1	0	0	0	2	0	0	0	0	0	12	0	0	0	0	0	0	1	2	0	12	0	96	6	0	0	0	1	163	2.8	14.740000000000002	49.13	9.246081871345028	1.28	3.99	58.22222222222222	24	108.23380952380951	3.8866666666666667	338.14285714285717	30	22.68383647798742	7.146770833333334	57.290000000000006	13.92835294117647	8.5	350	3.6100000000000003	2	2	3335	2	52.59	2.785918367346939	49	1	3.2760000000000002	21.3	45	5	6.9762352941176475	199.25	4.01	170.2173913043478	45	27.66111111111111	6.69	15	20	9.473529411764705	475	3.04	7.456666666666667	0.99	299	4.24	3.05	0.99	149	75	13	200	5	2.5	2.99	43.998000000000005	4.2490000000000006	5	1.2	1.0750000000000002	45.03916666666667	1616.6666666666667	9.794355828220858	2.55	2	0	1	0	1	0	0	0	0	0	0	0	12	0	0	0	0	0	0	0	0	0	0	0	0	0	0	0	0	0	0	0	0	0	0	0	0	0	0	0	0	0	14	0	0	0	0	0	0	0	0	0	0	1	0	0	0	0	0	0	0	0	0	0	0	0	0	0	0	0	0	0	0	0	1	1	11	0	0	0	0	0	0	0	0	0	0	0	0	0	0	0	0	0	0	0	0	0	0	0	0	0	0	0	0	0	0	0	0	0	0	0	0	0	0	0	0	0	0	0	0	0	0	0	0	0	0	0	0	0	0	0	0	0	0	0	0	0	0	0	0	0	0	0	0	0	0	0	0	0	0	0	0	0	0	0	0	0	0	0	0	0	14	4	0	0	0	0	0	2	0	0	0	6	0	0	0	2	0	0	0	0	0	14	54	9	13	1	1	4	0	0	0	0	0	4	0	0	0	0	0	114
10	37	0	8	1	54	49	0	79	0	0	0	46	92	0	158	0	1	0	0	0	0	0	1	0	114	37	156	79	9	60	53	0	0	24	18769	7	4	15	651	105	11	34	0	7	0	1	34	0	10	4	26	0	0	0	0	0	0	0	0	11	0	0	0	9	0	4	1	0	0	0	20	7	1	0	3	2	1	14459	23	0	274	720	3	15	89	85	537	27	185	24	13	1	2	0	25	0	0	1	7	55	55	0	0	2	0	3	9	12	4	30	0	5	2	0	0	9	0	15	0	0	0	6	67	0	0	4	0	148	7	0	7	19	0	0	4	0	18	0	0	0	0	0	0	110	0	2	0	2	0	9	28	5	1	0	0	2	1	10	5	0	5	10	0	0	0	0	0	0	3	2	10	6	0	6	3	0	3	0	0	0	0	0	0	0	0	0	0	0	70	0	0	201	0	0	0	0	0	3	8	66	3134	0	0	0	0	0	0	0	24	55	0	54	0	7168	13	17	8	5	1	28	14	3	1	8	44	6	8	5	1	10	4	0	4	15	43	1	1	1	0	3	1	15	3	1	21	0	1	13	2	52	3	1	9	16	3	0	1	25	2	2	1	0	0	1	1	1	33	1	0	23	1	4	0	29	0	0	33	0	43	5	1	34	1	38	1	0	1	9	0	58	42	0	0	1	1	2	0	12	42	1	31	9	31	0	4	0	0	0	1	0	0	851	1	2	159	0	20	21	0	0	0	17	15	0	9	0	0	0	21	0	0	0	0	1	171	1	4	4	85	0	9	0	0	0	49	0	0	4	1	0	0	0	2	0	0	0	0	0	12	0	0	0	0	0	0	1	2	0	12	0	96	6	0	0	0	1	163	2.8	14.740000000000002	49.13	9.246081871345028	1.28	3.99	58.22222222222222	24	108.23380952380951	3.8866666666666667	338.14285714285717	30	22.68383647798742	7.146770833333334	57.290000000000006	13.92835294117647	8.5	350	3.6100000000000003	2	2	3335	2	52.59	2.785918367346939	49	1	3.2760000000000002	21.3	45	5	6.9762352941176475	199.25	4.01	170.2173913043478	45	27.66111111111111	6.69	15	20	9.473529411764705	475	3.04	7.456666666666667	0.99	299	4.24	3.05	0.99	149	75	13	200	5	2.5	2.99	43.998000000000005	4.2490000000000006	5	1.2	1.0750000000000002	45.03916666666667	1616.6666666666667	9.794355828220858	2.55	2	0	0	1	0	0	0	0	0	2	0	0	14	0	0	0	0	0	0	0	0	0	0	0	0	0	0	0	0	0	0	0	0	0	0	0	0	0	0	0	0	0	17	0	0	0	0	0	0	0	0	0	0	2	1	0	1	0	0	0	0	0	0	0	0	0	0	0	0	0	0	0	0	0	0	0	14	0	0	0	0	0	0	0	0	0	0	0	0	0	0	0	0	1	0	0	0	0	0	0	0	0	0	0	0	0	0	0	0	0	0	0	0	0	0	0	0	0	0	0	0	0	0	0	0	0	0	0	0	0	0	0	0	0	0	0	0	0	0	0	0	0	0	0	0	0	0	0	0	0	0	0	0	0	0	0	0	0	0	0	0	0	19	3	0	0	0	0	0	0	0	0	0	5	0	0	0	0	0	0	0	0	0	7	56	10	6	0	1	7	0	0	0	0	0	4	0	0	0	0	0	99
11	38	37	9	3	13	5	0	5	0	0	0	192	26	0	118	0	0	38	0	37	0	37	1	0	26	0	153	79	1	95	23	0	0	19	25737	16	18	9	738	106	13	13	0	29	0	0	69	0	24	0	38	2	0	0	0	0	0	0	0	0	0	0	0	23	1	11	3	0	0	0	8	34	1	0	0	0	10	35126	27	18	318	898	11	8	116	95	709	19	336	41	5	11	0	0	49	0	0	4	24	29	51	0	3	38	0	0	26	4	3	78	0	3	0	0	0	12	0	27	0	0	0	11	186	0	0	17	0	315	2	0	0	15	0	0	0	0	16	0	2	1	0	0	0	157	3	0	0	0	0	25	64	12	0	1	0	0	0	11	7	0	3	5	0	2	3	0	1	0	0	14	5	8	0	4	3	0	12	0	0	0	0	0	0	0	0	0	0	0	70	0	0	201	0	0	0	0	0	3	8	66	3134	0	0	0	0	0	0	0	24	55	0	54	0	7168	15	16	7	4	1	25	12	3	1	7	45	6	7	5	1	10	3	0	4	16	43	1	1	1	0	3	1	16	2	1	18	0	1	11	2	52	3	1	9	14	3	0	1	20	1	2	1	0	0	1	1	1	33	1	0	23	1	3	0	23	0	0	33	0	40	4	1	22	1	36	1	0	1	8	0	50	37	0	0	1	1	2	0	11	39	0	17	8	19	0	4	0	0	0	0	0	0	851	1	2	159	0	20	21	0	0	0	17	15	0	9	0	0	0	21	0	0	0	0	1	171	1	4	4	85	0	9	0	0	0	49	0	0	4	1	0	0	0	2	0	0	0	0	0	12	0	0	0	0	0	0	1	2	0	12	0	96	6	0	0	0	1	163	2.8	14.740000000000002	49.13	9.246081871345028	1.28	3.99	58.22222222222222	24	108.23380952380951	3.8866666666666667	338.14285714285717	30	22.68383647798742	7.146770833333334	57.290000000000006	13.92835294117647	8.5	350	3.6100000000000003	2	2	3335	2	52.59	2.785918367346939	49	1	3.2760000000000002	21.3	45	5	6.9762352941176475	199.25	4.01	170.2173913043478	45	27.66111111111111	6.69	15	20	9.473529411764705	475	3.04	7.456666666666667	0.99	299	4.24	3.05	0.99	149	75	13	200	5	2.5	2.99	43.998000000000005	4.2490000000000006	5	1.2	1.0750000000000002	45.03916666666667	1616.6666666666667	9.794355828220858	2.55	2	0	1	0	0	0	0	1	1	0	0	0	12	0	0	1	0	0	0	0	0	0	0	0	0	0	0	0	0	0	0	0	0	0	0	0	0	0	0	0	0	0	16	0	0	0	0	0	0	0	0	0	0	0	0	0	1	0	0	0	0	0	0	0	0	0	0	0	0	0	0	0	0	0	0	0	14	0	0	0	0	0	0	0	0	0	0	0	0	0	0	0	0	0	0	0	0	0	0	0	0	0	0	0	0	0	0	0	0	0	0	0	0	0	0	0	0	0	0	0	0	0	0	0	0	0	0	0	0	0	0	0	0	0	0	0	0	0	0	0	0	0	0	0	0	0	0	0	0	0	0	0	0	0	0	0	0	0	0	0	0	0	15	3	0	0	0	0	0	2	0	0	0	4	0	0	0	0	0	0	0	0	0	11	102	11	10	0	1	9	0	0	0	0	0	1	0	0	0	0	0	154
12	0	38	45	44	92	3	75	5	0	0	0	280	67	0	125	0	0	0	3	1	0	0	0	0	30	1	161	102	7	90	27	0	0	17	18716	12	29	11	710	94	1	14	0	14	1	1	57	0	9	1	43	0	0	0	0	0	0	0	0	0	0	0	13	49	4	0	2	0	0	0	14	2	0	2	10	0	3	31770	20	20	249	862	4	13	96	52	597	10	189	36	15	21	5	0	6	0	0	2	20	25	16	0	4	39	0	6	49	6	6	34	0	8	5	1	0	10	4	18	0	0	0	23	135	8	0	5	0	361	0	0	4	5	0	0	1	3	0	0	1	19	0	0	0	127	0	3	0	6	0	13	22	4	3	2	14	0	4	13	4	0	0	1	0	2	0	0	1	0	1	12	15	2	0	0	4	0	17	0	0	0	0	0	0	0	0	0	0	0	70	0	0	201	0	0	0	0	0	3	8	66	3134	0	0	0	0	0	0	0	24	55	0	54	0	7168	17	15	8	4	1	26	14	3	1	7	42	6	8	5	1	9	3	0	4	17	41	1	1	1	0	3	1	16	2	1	17	0	1	11	2	53	2	1	9	17	3	0	1	20	1	1	1	0	0	1	1	1	33	1	0	22	1	3	0	27	0	0	32	0	40	4	1	27	1	35	1	0	1	8	0	52	40	0	0	1	1	2	0	11	33	0	20	19	9	0	4	0	0	0	2	0	0	851	1	2	159	0	20	21	0	0	0	17	15	0	9	0	0	0	21	0	0	0	0	1	171	1	4	4	85	0	9	0	0	0	49	0	0	4	1	0	0	0	2	0	0	0	0	0	12	0	0	0	0	0	0	1	2	0	12	0	96	6	0	0	0	1	163	2.8	14.740000000000002	49.13	9.246081871345028	1.28	3.99	58.22222222222222	24	108.23380952380951	3.8866666666666667	338.14285714285717	30	22.68383647798742	7.146770833333334	57.290000000000006	13.92835294117647	8.5	350	3.6100000000000003	2	2	3335	2	52.59	2.785918367346939	49	1	3.2760000000000002	21.3	45	5	6.9762352941176475	199.25	4.01	170.2173913043478	45	27.66111111111111	6.69	15	20	9.473529411764705	475	3.04	7.456666666666667	0.99	299	4.24	3.05	0.99	149	75	13	200	5	2.5	2.99	43.998000000000005	4.2490000000000006	5	1.2	1.0750000000000002	45.03916666666667	1616.6666666666667	9.794355828220858	2.55	2	0	0	0	0	0	0	0	0	0	0	0	14	0	0	1	0	0	0	0	0	0	0	0	0	0	0	1	0	0	0	0	0	0	0	0	0	0	0	0	0	0	16	0	0	0	0	0	0	0	0	0	1	0	0	0	0	0	0	0	0	0	0	0	0	0	0	0	0	0	0	0	0	0	0	0	13	0	0	0	0	0	0	0	0	0	0	0	0	0	0	0	0	0	0	0	0	0	0	0	0	0	0	0	1	0	0	0	0	0	0	0	0	0	0	0	0	0	0	0	0	0	0	0	0	0	0	0	0	0	0	0	0	0	0	0	0	0	0	0	0	0	0	0	0	0	0	0	0	0	0	0	0	0	0	0	0	0	0	0	1	1	17	5	0	0	0	0	0	0	0	0	0	3	0	0	3	0	0	0	0	0	0	7	74	11	4	0	0	16	0	0	0	0	0	10	0	0	0	0	0	133
9	0	0	11	5	83	3	1	5	0	0	0	115	19	0	38	0	0	0	1	0	0	0	0	0	28	1	198	55	13	85	18	0	0	29	22496	4	11	5	622	64	4	14	2	10	0	4	88	0	29	3	13	4	0	0	0	0	0	0	0	0	0	0	0	37	8	2	3	0	0	0	2	3	0	0	2	0	1	33960	36	11	262	677	0	18	81	37	493	38	211	15	2	4	2	0	26	1	1	0	20	46	44	0	2	94	1	4	31	5	7	24	0	9	4	0	0	15	0	15	0	0	0	21	133	1	0	3	0	266	11	0	0	9	0	0	4	0	6	0	0	3	0	0	0	145	0	1	0	0	0	18	25	4	0	5	0	0	0	21	0	0	1	2	0	2	1	0	0	0	2	15	3	8	0	2	3	0	4	0	0	0	0	0	0	0	0	0	0	0	70	0	0	201	0	0	0	0	0	3	8	66	3134	0	0	0	0	0	0	0	24	55	0	54	0	7168	17	17	9	5	1	31	13	3	1	7	45	9	9	6	1	11	4	0	4	17	41	1	1	1	1	4	1	17	2	1	20	0	1	13	2	50	3	2	10	16	3	0	1	23	1	1	1	0	0	1	1	1	34	1	0	28	1	3	0	30	0	0	31	1	43	6	1	25	1	36	1	0	1	9	0	54	42	0	0	1	1	2	0	12	39	1	8	7	22	1	1	2	1	0	0	0	0	851	1	2	159	0	20	21	0	0	0	17	15	0	9	0	0	0	21	0	0	0	0	1	171	1	4	4	85	0	9	0	0	0	49	0	0	4	1	0	0	0	2	0	0	0	0	0	12	0	0	0	0	0	0	1	2	0	12	0	96	6	0	0	0	1	163	2.8	14.740000000000002	49.13	9.246081871345028	1.28	3.99	58.22222222222222	24	108.23380952380951	3.8866666666666667	338.14285714285717	30	22.68383647798742	7.146770833333334	57.290000000000006	13.92835294117647	8.5	350	3.6100000000000003	2	2	3335	2	52.59	2.785918367346939	49	1	3.2760000000000002	21.3	45	5	6.9762352941176475	199.25	4.01	170.2173913043478	45	27.66111111111111	6.69	15	20	9.473529411764705	475	3.04	7.456666666666667	0.99	299	4.24	3.05	0.99	149	75	13	200	5	2.5	2.99	43.998000000000005	4.2490000000000006	5	1.2	1.0750000000000002	45.03916666666667	1616.6666666666667	9.794355828220858	2.55	2	1	1	0	0	0	0	0	0	3	0	0	14	0	0	0	0	0	0	0	0	0	0	0	0	0	0	0	0	0	0	0	0	0	0	0	0	0	0	0	0	0	19	0	1	1	0	0	0	0	0	0	2	0	0	0	0	0	0	0	0	0	0	0	0	0	0	0	0	0	0	0	0	0	0	2	17	0	0	0	0	0	0	0	0	0	0	0	0	0	0	0	0	1	0	0	0	0	0	0	0	0	0	0	0	0	0	0	0	0	0	0	0	0	0	0	0	0	0	0	0	0	0	0	0	0	0	0	0	0	0	0	0	0	0	0	0	0	0	0	0	0	0	0	0	0	0	0	0	0	0	0	0	0	0	0	0	0	0	0	0	0	24	4	0	0	0	0	0	2	0	0	0	8	0	0	0	2	0	0	0	0	0	4	60	5	9	0	0	5	0	0	0	0	0	6	0	0	0	0	0	105
2	3	0	39	0	10	1	37	1	0	0	0	120	12	0	47	0	0	1	0	0	0	0	0	0	13	0	216	155	17	138	70	1	0	22	26583	6	9	31	972	117	13	7	8	15	0	5	51	0	10	2	28	3	0	0	0	0	0	0	0	0	0	0	0	33	7	5	2	0	0	0	11	3	11	0	2	0	3	37544	44	47	343	905	0	12	114	104	704	12	312	34	14	14	8	2	20	2	2	0	55	30	42	5	2	24	0	1	24	16	4	32	1	12	4	2	0	30	0	7	8	12	0	7	148	0	0	0	0	289	2	1	0	16	1	0	0	0	0	0	0	14	0	0	0	153	0	4	0	0	0	16	50	17	0	4	10	0	0	23	0	0	6	2	1	2	1	5	0	7	2	37	15	10	0	2	8	0	12	0	0	0	0	0	0	0	0	0	0	0	70	0	0	201	0	0	0	0	0	3	8	66	3134	0	0	0	0	0	0	0	24	55	0	54	0	7168	35	17	8	4	1	30	13	3	1	7	45	6	8	5	1	10	6	0	4	16	42	1	1	1	0	4	1	16	2	1	20	0	2	14	2	53	3	2	10	17	3	0	1	24	1	1	1	0	0	1	1	1	35	1	0	30	1	4	0	34	0	0	31	0	41	6	1	26	1	34	1	0	1	8	0	56	40	0	0	1	1	2	0	13	32	2	11	9	4	1	2	0	2	0	1	0	0	851	1	2	159	0	20	21	0	0	0	17	15	0	9	0	0	0	21	0	0	0	0	1	171	1	4	4	85	0	9	0	0	0	49	0	0	4	1	0	0	0	2	0	0	0	0	0	12	0	0	0	0	0	0	1	2	0	12	0	96	6	0	0	0	1	163	2.8	14.740000000000002	49.13	9.246081871345028	1.28	3.99	58.22222222222222	24	108.23380952380951	3.8866666666666667	338.14285714285717	30	22.68383647798742	7.146770833333334	57.290000000000006	13.92835294117647	8.5	350	3.6100000000000003	2	2	3335	2	52.59	2.785918367346939	49	1	3.2760000000000002	21.3	45	5	6.9762352941176475	199.25	4.01	170.2173913043478	45	27.66111111111111	6.69	15	20	9.473529411764705	475	3.04	7.456666666666667	0.99	299	4.24	3.05	0.99	149	75	13	200	5	2.5	2.99	43.998000000000005	4.2490000000000006	5	1.2	1.0750000000000002	45.03916666666667	1616.6666666666667	9.794355828220858	2.55	2	0	0	0	0	0	0	0	0	2	0	0	16	0	0	0	0	0	0	0	0	0	0	0	0	0	0	0	0	0	0	0	0	0	0	0	0	0	0	0	0	0	18	0	0	0	0	0	0	0	0	0	1	3	0	0	0	0	0	0	0	0	0	0	0	0	0	0	0	0	0	0	0	0	0	0	14	0	0	0	0	0	0	0	0	0	0	0	0	0	0	0	0	0	0	0	0	0	0	0	0	0	0	0	0	0	0	0	0	0	0	0	0	0	0	0	0	0	0	0	0	0	0	0	0	0	0	0	0	0	0	0	0	0	0	0	0	0	0	1	0	1	0	0	0	0	0	0	0	0	0	0	0	0	0	0	0	0	0	0	0	0	20	4	0	1	0	0	0	2	0	0	0	4	1	0	0	0	0	0	0	0	0	11	52	17	2	0	0	5	0	0	0	0	0	7	0	0	0	0	0	106
20	40	1	6	5	12	0	74	113	111	0	0	212	82	0	151	0	1	37	37	2	0	0	0	0	53	1	291	58	18	116	11	0	0	21	12571	10	13	8	713	80	2	9	0	25	0	2	47	0	15	1	32	0	0	0	0	0	0	0	0	0	0	0	0	23	2	1	4	0	0	0	5	6	0	0	1	0	0	18997	23	9	308	962	0	4	122	63	771	5	267	24	7	28	0	2	0	1	3	5	18	41	52	0	4	11	0	9	37	23	9	44	0	5	9	0	0	13	0	12	4	5	0	20	161	1	0	5	0	382	4	1	1	9	0	0	6	0	13	0	1	0	1	0	0	102	0	0	0	0	5	16	46	12	0	0	17	0	3	6	5	2	3	1	0	0	0	0	0	0	2	7	5	7	2	1	5	0	19	0	0	0	0	0	0	0	0	0	0	0	70	0	0	201	0	0	0	0	0	3	8	66	3134	0	0	0	0	0	0	0	24	55	0	54	0	7168	17	18	8	5	1	23	21	3	3	7	50	3	8	5	1	15	5	0	4	18	52	1	1	1	0	4	1	18	2	1	27	0	1	17	1	54	3	2	11	30	3	0	2	27	81	2	0	0	0	1	1	1	36	1	0	2	7	4	0	33	0	0	17	0	35	7	1	17	1	32	1	0	1	5	1	48	35	0	0	1	1	1	0	7	52	3	13	5	7	0	5	1	0	1	0	0	0	851	1	2	159	0	20	21	0	0	0	17	15	0	9	0	0	0	21	0	0	0	0	1	171	1	4	4	85	0	9	0	0	0	49	0	0	4	1	0	0	0	2	0	0	0	0	0	12	0	0	0	0	0	0	1	2	0	12	0	96	6	0	0	0	1	163	2.8	14.740000000000002	49.13	9.246081871345028	1.28	3.99	58.22222222222222	24	108.23380952380951	3.8866666666666667	338.14285714285717	30	22.68383647798742	7.146770833333334	57.290000000000006	13.92835294117647	8.5	350	3.6100000000000003	2	2	3335	2	52.59	2.785918367346939	49	1	3.2760000000000002	21.3	45	5	6.9762352941176475	199.25	4.01	170.2173913043478	45	27.66111111111111	6.69	15	20	9.473529411764705	475	3.04	7.456666666666667	0.99	299	4.24	3.05	0.99	149	75	13	200	5	2.5	2.99	43.998000000000005	4.2490000000000006	5	1.2	1.0750000000000002	45.03916666666667	1616.6666666666667	9.794355828220858	2.55	2	0	0	0	1	0	0	0	0	1	0	0	13	0	1	0	0	0	0	0	0	0	0	0	0	0	0	0	0	0	0	0	0	0	0	0	0	0	0	0	0	0	16	0	0	1	0	0	0	0	0	0	1	1	0	0	1	0	0	0	0	0	0	0	0	0	0	0	0	0	0	0	0	0	0	0	15	0	0	0	0	0	0	0	0	0	0	0	0	0	0	0	0	0	0	0	0	0	0	0	0	0	0	0	0	0	0	0	0	0	0	0	0	0	0	0	0	0	0	0	0	0	0	0	0	0	0	0	0	0	0	0	0	0	0	0	0	0	0	0	0	0	0	0	0	0	0	0	0	0	0	0	0	0	0	0	0	0	0	0	0	0	19	1	0	0	0	0	1	5	0	0	0	2	0	0	0	0	0	1	0	0	0	19	57	20	9	0	0	14	0	0	0	0	0	8	0	0	0	0	0	137
9	0	0	4	8	16	2	0	3	1	0	0	121	42	1	77	0	0	37	0	1	0	0	0	0	39	37	200	107	23	180	33	0	0	16	36983	4	20	8	967	116	8	23	1	18	0	0	92	0	9	16	46	0	0	0	0	0	0	0	0	0	0	0	0	23	2	6	3	0	0	0	3	15	0	0	1	0	2	21105	67	41	345	975	0	22	151	112	812	10	349	37	16	26	0	0	56	0	2	2	24	66	48	2	9	49	3	4	45	8	24	58	0	4	9	0	0	11	0	17	0	0	0	22	185	3	0	9	0	338	6	0	0	12	1	2	1	0	1	0	0	14	3	0	0	217	0	0	5	5	0	31	67	32	0	2	9	6	0	15	2	0	0	6	0	0	0	5	0	6	5	26	4	12	2	0	7	0	7	0	0	0	0	0	0	0	0	0	0	0	70	0	0	201	0	0	0	0	0	3	8	66	3134	0	0	0	0	0	0	0	24	55	0	54	0	7168	14	17	9	4	1	23	19	4	3	7	48	3	8	5	1	16	5	0	4	16	54	1	1	1	0	4	1	17	3	1	26	0	1	16	1	54	4	2	10	26	3	0	2	24	86	3	0	0	0	1	1	1	35	1	0	1	7	5	0	27	0	0	10	0	34	7	1	16	1	38	1	0	1	5	1	44	34	0	0	1	1	1	0	7	59	4	17	9	16	0	1	1	2	2	0	0	0	851	1	2	159	0	20	21	0	0	0	17	15	0	9	0	0	0	21	0	0	0	0	1	171	1	4	4	85	0	9	0	0	0	49	0	0	4	1	0	0	0	2	0	0	0	0	0	12	0	0	0	0	0	0	1	2	0	12	0	96	6	0	0	0	1	163	2.8	14.740000000000002	49.13	9.246081871345028	1.28	3.99	58.22222222222222	24	108.23380952380951	3.8866666666666667	338.14285714285717	30	22.68383647798742	7.146770833333334	57.290000000000006	13.92835294117647	8.5	350	3.6100000000000003	2	2	3335	2	52.59	2.785918367346939	49	1	3.2760000000000002	21.3	45	5	6.9762352941176475	199.25	4.01	170.2173913043478	45	27.66111111111111	6.69	15	20	9.473529411764705	475	3.04	7.456666666666667	0.99	299	4.24	3.05	0.99	149	75	13	200	5	2.5	2.99	43.998000000000005	4.2490000000000006	5	1.2	1.0750000000000002	45.03916666666667	1616.6666666666667	9.794355828220858	2.55	2	0	0	0	0	0	0	1	0	0	0	0	13	0	0	0	0	0	0	0	0	0	0	0	0	0	0	0	0	0	0	0	0	0	0	0	0	0	0	0	0	0	14	0	0	0	0	0	0	0	0	0	0	0	0	0	0	0	0	0	0	0	0	0	0	0	0	0	0	0	0	0	0	0	0	0	12	0	0	0	0	0	0	0	0	0	0	0	0	0	0	0	0	1	0	0	0	0	0	0	0	0	0	0	0	0	0	0	0	0	0	0	0	0	0	0	0	1	0	0	0	0	0	0	0	0	0	0	0	0	0	1	0	0	0	0	0	0	0	0	0	1	0	0	0	0	0	0	0	0	0	0	0	0	0	0	0	0	0	0	1	1	18	3	2	1	0	0	0	4	0	0	0	2	0	0	0	0	0	0	0	0	0	21	43	18	20	0	0	13	0	0	0	0	0	15	1	0	0	0	0	143
5	17	11	1	1	16	2	0	3	0	0	0	25	15	0	57	0	0	0	0	0	0	0	0	0	18	41	198	64	14	143	27	2	0	67	24173	14	14	14	1175	86	3	10	1	20	6	2	133	0	64	3	39	0	0	0	0	0	0	1	0	4	0	0	1	19	2	8	3	0	0	0	37	16	0	0	6	0	11	58698	76	27	380	873	4	33	120	62	771	20	318	30	14	22	3	1	0	6	4	1	28	52	47	0	0	51	0	2	41	5	10	56	0	18	13	0	0	9	0	21	17	2	0	27	113	1	0	14	0	618	9	2	0	13	0	0	5	0	12	0	0	0	1	0	0	185	2	6	2	0	1	19	16	8	0	0	9	0	0	29	11	0	2	5	0	9	0	0	0	2	1	18	11	7	5	0	8	0	21	0	0	0	0	0	0	0	0	0	0	0	70	0	0	201	0	0	0	0	0	3	8	66	3134	0	0	0	0	0	0	0	24	55	0	54	0	7168	12	20	7	5	1	22	18	3	3	7	49	3	8	5	1	18	4	0	4	19	53	1	1	1	0	3	1	18	2	1	25	0	1	16	1	55	4	2	10	27	4	0	2	26	94	2	0	0	0	1	1	1	35	0	0	0	5	4	0	30	0	0	10	0	34	7	1	18	1	34	1	0	1	5	1	47	37	0	0	1	1	1	0	6	52	18	7	8	19	0	2	0	2	0	0	0	0	851	1	2	159	0	20	21	0	0	0	17	15	0	9	0	0	0	21	0	0	0	0	1	171	1	4	4	85	0	9	0	0	0	49	0	0	4	1	0	0	0	2	0	0	0	0	0	12	0	0	0	0	0	0	1	2	0	12	0	96	6	0	0	0	1	163	2.8	14.740000000000002	49.13	9.246081871345028	1.28	3.99	58.22222222222222	24	108.23380952380951	3.8866666666666667	338.14285714285717	30	22.68383647798742	7.146770833333334	57.290000000000006	13.92835294117647	8.5	350	3.6100000000000003	2	2	3335	2	52.59	2.785918367346939	49	1	3.2760000000000002	21.3	45	5	6.9762352941176475	199.25	4.01	170.2173913043478	45	27.66111111111111	6.69	15	20	9.473529411764705	475	3.04	7.456666666666667	0.99	299	4.24	3.05	0.99	149	75	13	200	5	2.5	2.99	43.998000000000005	4.2490000000000006	5	1.2	1.0750000000000002	45.03916666666667	1616.6666666666667	9.794355828220858	2.55	2	0	2	1	1	0	0	0	0	0	0	0	11	0	0	0	0	0	0	0	0	0	0	0	0	0	0	0	0	0	0	0	0	0	0	0	0	0	0	0	0	0	15	0	0	0	0	0	0	0	0	0	3	1	0	0	0	0	0	0	0	0	0	0	0	0	0	0	0	0	0	0	0	0	0	0	13	0	0	0	0	0	0	0	0	0	0	0	0	0	0	0	0	0	0	0	0	0	0	0	0	0	0	0	1	0	0	0	0	0	0	0	0	0	0	0	0	0	0	0	1	0	0	0	0	0	0	0	0	0	0	0	0	0	0	0	0	0	1	1	0	0	1	0	0	0	0	0	0	0	0	0	0	0	0	0	0	0	0	0	0	0	22	2	0	2	0	0	3	0	0	0	0	0	1	0	0	0	0	0	0	0	0	57	65	11	7	0	2	14	0	0	0	0	0	9	0	0	0	0	0	173
2	2	5	41	38	7	6	0	75	0	0	0	276	84	0	48	0	0	0	0	0	0	0	1	0	17	39	145	69	3	86	29	1	0	22	14112	15	9	10	669	87	1	8	0	18	0	3	84	0	8	0	29	0	0	0	0	0	0	0	0	0	0	0	2	20	1	0	4	0	0	0	1	19	1	0	0	0	2	25096	12	1	233	643	0	9	99	68	552	27	192	24	11	6	3	2	28	2	1	0	15	38	44	0	0	4	0	8	21	7	13	30	0	0	5	0	0	14	0	14	2	0	0	2	119	0	0	0	0	307	0	0	1	6	0	0	10	0	13	0	0	17	3	0	0	102	0	2	0	0	2	21	27	9	0	0	0	0	0	19	5	0	1	6	0	3	0	2	1	1	0	9	2	2	5	2	5	0	17	0	0	0	0	0	0	0	0	0	0	0	109	0	0	284	0	0	0	0	0	5	7	62	2769	0	0	0	0	0	0	0	37	43	0	54	0	6145	12	19	8	5	1	23	17	3	2	8	45	3	7	5	1	17	5	0	5	19	51	1	1	1	0	4	1	19	3	1	29	0	1	16	1	54	4	2	11	49	4	0	2	30	98	3	0	0	0	1	1	1	34	0	0	0	9	4	0	34	0	0	10	0	36	7	1	22	1	33	2	0	1	6	1	59	43	0	0	1	1	1	0	8	40	7	7	6	7	0	3	0	0	0	0	0	0	851	1	2	159	0	20	21	0	0	0	17	15	0	9	0	0	0	21	0	0	0	0	1	171	1	4	4	85	0	9	0	0	0	49	0	0	4	1	0	0	0	2	0	0	0	0	0	12	0	0	0	0	0	0	1	2	0	12	0	96	6	0	0	0	1	163	2.8	14.740000000000002	49.13	9.246081871345028	1.28	3.99	58.22222222222222	24	108.23380952380951	3.8866666666666667	338.14285714285717	30	22.68383647798742	7.146770833333334	57.290000000000006	13.92835294117647	8.5	350	3.6100000000000003	2	2	3335	2	52.59	2.785918367346939	49	1	3.2760000000000002	21.3	45	5	6.9762352941176475	199.25	4.01	170.2173913043478	45	27.66111111111111	6.69	15	20	9.473529411764705	475	3.04	7.456666666666667	0.99	299	4.24	3.05	0.99	149	75	13	200	5	2.5	2.99	43.998000000000005	4.2490000000000006	5	1.2	1.0750000000000002	45.03916666666667	1616.6666666666667	9.794355828220858	2.55	2	0	1	0	0	0	0	0	0	1	0	0	14	0	0	0	0	0	0	0	0	0	0	0	0	0	0	0	0	0	0	0	0	0	0	0	0	0	0	0	0	0	16	0	0	0	0	0	0	0	0	0	1	1	0	0	1	0	0	0	0	0	0	0	0	0	0	0	0	0	0	0	0	0	0	0	12	0	0	0	0	0	0	0	0	0	0	0	0	0	0	0	0	0	0	0	0	0	0	0	0	0	0	0	0	0	0	0	0	0	0	0	0	0	0	0	0	0	0	0	0	0	0	0	0	0	0	0	0	0	0	0	0	0	1	0	0	0	0	0	0	1	0	0	0	0	0	0	0	0	0	0	0	0	0	0	0	0	0	0	0	0	17	3	11	0	0	0	2	4	0	0	0	1	1	0	0	0	0	0	0	0	0	20	108	26	9	0	5	11	0	0	1	0	0	9	0	0	0	0	0	211
4	41	46	2	1	79	3	1	3	0	0	0	321	43	0	119	0	0	38	0	75	0	0	0	0	124	37	152	61	11	71	29	0	4	12	26072	10	27	17	871	72	2	12	0	17	0	0	59	0	4	1	38	2	0	0	0	0	0	0	0	0	0	0	3	9	5	15	0	0	0	0	9	19	2	0	1	0	8	27423	17	34	287	873	2	26	77	47	511	3	284	29	15	18	2	0	19	0	0	0	31	44	29	0	9	21	1	3	24	1	14	18	0	0	0	3	0	7	0	18	0	2	1	28	86	5	0	1	0	246	4	0	1	12	0	0	16	0	8	0	1	3	0	2	0	154	0	1	0	0	1	13	27	9	0	0	0	0	0	8	10	0	2	4	0	0	0	2	1	1	1	17	6	9	0	3	3	0	11	0	0	0	0	0	0	0	0	0	0	0	100	0	0	245	0	0	0	0	0	6	7	40	2705	0	0	0	0	0	0	0	30	88	0	61	0	6969	12	19	8	5	1	22	22	4	2	8	44	3	8	5	1	17	4	0	5	18	52	1	1	1	0	4	1	18	3	1	29	0	1	17	1	52	4	2	10	61	4	0	3	29	90	2	0	0	0	1	1	1	37	0	0	0	5	4	0	37	0	0	15	1	35	7	1	20	1	31	2	0	1	5	1	70	42	0	0	1	1	1	0	8	13	4	2	4	4	0	0	0	0	0	0	0	0	851	1	2	159	0	20	21	0	0	0	17	15	0	9	0	0	0	21	0	0	0	0	1	171	1	4	4	85	0	9	0	0	0	49	0	0	4	1	0	0	0	2	0	0	0	0	0	12	0	0	0	0	0	0	1	2	0	12	0	96	6	0	0	0	1	163	2.8	14.740000000000002	49.13	9.246081871345028	1.28	3.99	58.22222222222222	24	108.23380952380951	3.8866666666666667	338.14285714285717	30	22.68383647798742	7.146770833333334	57.290000000000006	13.92835294117647	8.5	350	3.6100000000000003	2	2	3335	2	52.59	2.785918367346939	49	1	3.2760000000000002	21.3	45	5	6.9762352941176475	199.25	4.01	170.2173913043478	45	27.66111111111111	6.69	15	20	9.473529411764705	475	3.04	7.456666666666667	0.99	299	4.24	3.05	0.99	149	75	13	200	5	2.5	2.99	43.998000000000005	4.2490000000000006	5	1.2	1.0750000000000002	45.03916666666667	1616.6666666666667	9.794355828220858	2.55	2	0	0	0	3	0	0	0	0	1	0	0	13	0	0	0	0	0	0	0	0	0	0	0	0	0	0	0	0	0	0	0	0	0	0	0	0	0	0	0	0	0	17	0	0	0	0	0	0	0	0	0	1	0	0	0	1	0	0	0	0	0	0	0	0	0	0	0	0	0	0	0	0	0	0	0	15	0	0	0	0	0	0	0	0	0	0	0	0	0	0	0	0	0	0	0	0	0	0	0	0	0	0	0	0	0	0	0	0	0	0	0	0	0	0	0	0	0	0	0	0	0	0	0	0	0	0	0	0	0	0	0	0	0	0	0	0	0	0	0	0	0	0	0	0	0	0	0	0	0	0	0	0	0	0	0	0	0	0	0	0	0	17	0	1	3	0	0	3	2	0	0	0	0	2	0	0	2	2	0	0	0	0	35	165	90	18	1	2	21	0	0	0	0	0	22	0	0	0	0	0	369
1	77	5	3	0	87	3	38	75	74	0	0	353	83	0	237	0	74	74	1	0	0	0	0	0	55	1	163	45	25	78	12	0	0	30	22291	3	2	6	447	50	3	4	0	36	0	0	30	0	5	2	28	0	0	0	0	0	0	0	0	1	0	0	0	10	1	13	1	0	0	0	3	9	1	0	3	0	0	141742	62	22	177	685	1	18	75	48	498	2	232	16	11	0	0	0	35	1	1	2	41	11	49	0	0	18	0	0	38	9	11	16	0	7	6	0	0	20	0	18	0	0	0	3	103	0	0	0	0	171	6	0	1	2	0	0	8	0	0	0	0	6	3	0	0	91	0	3	0	0	0	10	34	9	0	0	16	0	0	11	3	0	4	3	0	0	1	2	0	6	4	23	0	12	0	0	1	0	5	0	0	0	0	0	0	0	0	0	0	0	57	0	0	249	0	0	0	0	0	7	2	79	3074	0	0	0	0	0	0	0	61	93	0	58	0	7283	13	18	7	4	2	20	20	4	2	8	43	3	7	5	1	16	4	0	5	18	47	1	1	1	0	4	1	17	2	1	30	0	1	19	1	54	4	2	11	49	3	0	2	25	100	2	0	0	0	1	1	1	36	0	0	0	3	5	0	38	0	0	13	2	35	6	1	16	1	31	1	0	1	5	0	66	39	0	0	1	1	1	0	8	37	5	2	6	8	0	3	0	2	1	1	0	0	851	1	2	159	0	20	21	0	0	0	17	15	0	9	0	0	0	21	0	0	0	0	1	171	1	4	4	85	0	9	0	0	0	49	0	0	4	1	0	0	0	2	0	0	0	0	0	12	0	0	0	0	0	0	1	2	0	12	0	96	6	0	0	0	1	163	2.8	14.740000000000002	49.13	9.246081871345028	1.28	3.99	58.22222222222222	24	108.23380952380951	3.8866666666666667	338.14285714285717	30	22.68383647798742	7.146770833333334	57.290000000000006	13.92835294117647	8.5	350	3.6100000000000003	2	2	3335	2	52.59	2.785918367346939	49	1	3.2760000000000002	21.3	45	5	6.9762352941176475	199.25	4.01	170.2173913043478	45	27.66111111111111	6.69	15	20	9.473529411764705	475	3.04	7.456666666666667	0.99	299	4.24	3.05	0.99	149	75	13	200	5	2.5	2.99	43.998000000000005	4.2490000000000006	5	1.2	1.0750000000000002	45.03916666666667	1616.6666666666667	9.794355828220858	2.55	2	0	0	0	0	0	0	1	0	0	0	0	10	0	0	0	0	0	0	0	0	0	0	0	0	0	0	0	0	0	0	0	0	0	0	0	0	0	0	0	0	0	11	0	0	0	0	0	0	0	0	0	1	0	0	0	0	0	0	0	0	0	0	0	0	0	0	0	0	0	0	0	0	0	0	0	9	0	0	0	0	0	0	0	0	0	0	0	0	0	0	0	0	0	0	0	0	0	0	0	0	0	0	0	0	0	0	0	0	0	0	0	0	0	0	1	0	0	0	0	0	0	0	0	0	0	0	0	0	0	0	0	0	0	0	0	0	0	0	0	0	0	0	0	0	0	0	0	0	0	0	0	0	0	0	0	0	0	0	0	0	0	11	1	0	2	0	0	0	6	0	0	0	8	9	0	1	2	0	0	0	0	0	90	107	49	13	1	0	11	1	0	0	0	0	15	1	0	0	0	0	317
2	42	74	3	1	84	1	37	38	37	0	0	269	52	37	261	0	0	37	37	37	0	37	0	0	57	3	121	65	6	82	33	0	0	38	14505	1	3	2	493	78	3	7	0	15	2	1	47	0	21	0	31	0	0	0	0	0	0	1	0	0	0	0	0	11	0	0	0	0	0	0	19	16	0	0	0	0	0	23674	55	55	231	788	10	0	95	71	542	4	184	18	9	12	8	0	9	0	0	0	13	36	44	2	0	5	0	4	12	9	11	38	0	1	2	0	0	7	4	18	3	0	0	12	86	0	0	0	0	220	3	0	1	0	5	2	0	0	3	0	0	2	0	1	0	104	0	1	0	0	0	13	28	2	0	0	0	0	0	9	0	0	7	6	0	0	3	4	0	7	0	20	2	0	2	0	6	0	14	0	0	0	0	0	0	0	0	0	0	0	85	0	0	275	0	0	0	0	0	11	8	63	2202	0	0	0	0	0	0	0	44	102	0	72	0	6648	11	22	100	4	2	22	23	4	2	8	56	6	8	5	1	15	4	0	5	18	61	1	1	1	0	4	1	16	3	1	31	0	1	18	1	52	4	2	12	52	4	0	3	28	88	1	0	0	0	1	1	1	44	0	0	0	3	4	0	38	0	0	16	0	35	6	1	18	1	30	1	0	1	5	0	73	42	0	0	1	1	1	0	8	39	61	2	11	9	0	2	0	0	0	1	0	0	851	1	2	159	0	20	21	0	0	0	17	15	0	9	0	0	0	21	0	0	0	0	1	171	1	4	4	85	0	9	0	0	0	49	0	0	4	1	0	0	0	2	0	0	0	0	0	12	0	0	0	0	0	0	1	2	0	12	0	96	6	0	0	0	1	163	2.8	14.740000000000002	49.13	9.246081871345028	1.28	3.99	58.22222222222222	24	108.23380952380951	3.8866666666666667	338.14285714285717	30	22.68383647798742	7.146770833333334	57.290000000000006	13.92835294117647	8.5	350	3.6100000000000003	2	2	3335	2	52.59	2.785918367346939	49	1	3.2760000000000002	21.3	45	5	6.9762352941176475	199.25	4.01	170.2173913043478	45	27.66111111111111	6.69	15	20	9.473529411764705	475	3.04	7.456666666666667	0.99	299	4.24	3.05	0.99	149	75	13	200	5	2.5	2.99	43.998000000000005	4.2490000000000006	5	1.2	1.0750000000000002	45.03916666666667	1616.6666666666667	9.794355828220858	2.55	2	0	1	0	1	0	0	0	0	2	0	0	5	0	0	0	0	0	0	0	0	0	0	0	0	0	0	0	0	0	0	0	0	0	0	0	0	0	0	0	0	0	9	0	0	0	0	0	0	0	0	0	0	1	0	0	0	0	0	0	0	0	0	0	0	0	0	0	0	0	0	0	0	0	0	0	7	0	0	0	0	0	0	0	0	0	0	0	0	0	0	0	0	0	0	0	0	0	0	0	0	0	0	0	1	0	0	0	0	0	0	0	0	0	0	1	0	0	0	0	0	0	0	0	0	0	0	0	0	0	0	0	0	0	0	0	0	0	0	0	0	0	0	0	0	0	0	0	0	0	0	0	0	0	0	0	0	0	0	0	0	0	10	5	0	1	0	2	0	10	0	0	0	5	1	1	1	2	0	0	0	0	0	27	104	75	35	0	1	9	0	0	0	0	0	12	0	0	0	0	0	291
3	1	83	3	0	41	1	37	37	0	0	0	279	43	0	118	37	1	38	38	1	0	1	1	0	12	2	346	72	30	90	10	0	0	60	38058	6	5	6	881	65	9	1	0	24	0	4	73	0	11	3	61	5	0	0	0	0	0	2	0	0	0	0	0	72	4	4	5	0	0	0	9	21	1	0	1	0	0	21685	48	107	370	871	4	18	163	95	704	8	318	32	19	19	7	0	45	2	2	5	23	53	65	0	0	25	0	6	68	11	10	36	0	10	2	0	0	11	0	24	0	2	0	19	138	0	0	13	0	404	4	0	1	12	0	3	12	3	19	0	5	3	0	0	0	145	0	8	0	6	3	21	27	16	0	4	1	0	0	17	10	0	3	2	0	0	0	0	0	0	5	0	18	8	4	0	13	0	6	0	0	0	0	0	0	0	0	0	0	0	43	0	0	270	0	0	0	0	0	12	10	43	2458	0	0	0	0	0	0	0	27	93	0	67	0	6260	10	17	24	4	2	19	22	3	2	7	41	3	6	4	1	15	3	0	5	18	49	1	1	1	0	3	1	18	1	1	37	0	1	20	1	55	5	1	13	52	4	0	2	30	89	2	0	0	0	1	1	1	40	0	0	0	3	5	0	33	0	0	15	1	32	6	1	18	1	34	1	0	1	5	1	69	37	0	0	1	1	1	0	8	22	85	4	9	5	0	3	0	1	0	1	0	0	851	1	2	159	0	20	21	0	0	0	17	15	0	9	0	0	0	21	0	0	0	0	1	171	1	4	4	85	0	9	0	0	0	49	0	0	4	1	0	0	0	2	0	0	0	0	0	12	0	0	0	0	0	0	1	2	0	12	0	96	6	0	0	0	1	163	2.8	14.740000000000002	49.13	9.246081871345028	1.28	3.99	58.22222222222222	24	108.23380952380951	3.8866666666666667	338.14285714285717	30	22.68383647798742	7.146770833333334	57.290000000000006	13.92835294117647	8.5	350	3.6100000000000003	2	2	3335	2	52.59	2.785918367346939	49	1	3.2760000000000002	21.3	45	5	6.9762352941176475	199.25	4.01	170.2173913043478	45	27.66111111111111	6.69	15	20	9.473529411764705	475	3.04	7.456666666666667	0.99	299	4.24	3.05	0.99	149	75	13	200	5	2.5	2.99	43.998000000000005	4.2490000000000006	5	1.2	1.0750000000000002	45.03916666666667	1616.6666666666667	9.794355828220858	2.55	2	0	0	0	0	0	0	0	0	0	0	0	8	0	0	0	0	0	0	0	0	0	0	0	0	0	0	0	0	0	0	0	0	0	0	0	0	0	0	0	0	0	8	0	0	0	0	0	0	0	0	0	0	0	0	0	0	0	0	0	0	0	0	0	0	0	0	0	0	0	0	0	0	0	0	0	7	0	0	0	0	0	0	0	0	0	0	0	0	0	0	0	0	0	0	0	0	0	0	0	0	0	0	0	0	0	0	0	0	0	0	0	0	0	0	0	0	0	0	0	0	0	0	0	0	0	0	0	0	0	0	0	0	0	0	0	0	0	0	0	0	0	0	0	0	0	0	0	0	0	0	0	0	0	0	0	0	0	0	0	0	0	7	2	1	1	0	0	1	7	0	0	1	23	1	0	0	5	0	1	0	0	0	15	119	62	47	0	1	23	0	0	0	0	0	25	0	0	0	0	0	335
1	39	43	1	0	88	0	37	38	0	0	0	460	53	0	153	0	0	0	1	38	0	0	37	0	50	3	354	139	47	170	35	0	7	13	35637	35	37	10	1111	128	15	4	4	18	7	4	148	0	29	2	70	2	0	0	0	0	0	1	0	1	0	0	0	31	5	1	4	0	0	0	9	53	5	0	6	0	3	27598	13	154	424	1104	7	48	223	168	832	15	435	50	23	34	6	0	32	5	0	0	45	61	57	0	4	41	0	6	42	28	11	22	0	11	21	0	0	22	8	15	0	0	0	35	225	0	0	3	4	320	12	0	0	13	0	3	14	0	8	0	1	14	0	0	0	140	0	2	0	0	1	15	50	13	0	3	0	0	0	28	17	2	7	1	0	9	0	2	0	4	2	10	5	6	4	5	6	0	13	0	0	0	0	0	0	0	0	0	0	0	69	0	0	217	0	0	0	0	0	8	3	53	2454	0	0	0	0	0	0	0	61	106	0	113	0	6795	10	15	12	4	2	17	19	3	2	7	38	4	6	4	1	16	3	0	4	15	44	1	1	1	0	3	1	14	1	1	30	0	1	18	1	57	5	1	13	50	3	0	2	26	83	4	0	0	0	1	1	1	40	0	0	0	3	4	0	29	0	0	14	0	34	5	1	17	1	34	2	0	1	5	0	67	39	0	0	1	1	1	0	7	23	6	1	11	3	0	2	0	2	0	2	0	0	851	1	2	159	0	20	21	0	0	0	17	15	0	9	0	0	0	21	0	0	0	0	1	171	1	4	4	85	0	9	0	0	0	49	0	0	4	1	0	0	0	2	0	0	0	0	0	12	0	0	0	0	0	0	1	2	0	12	0	96	6	0	0	0	1	163	2.8	14.740000000000002	49.13	9.246081871345028	1.28	3.99	58.22222222222222	24	108.23380952380951	3.8866666666666667	338.14285714285717	30	22.68383647798742	7.146770833333334	57.290000000000006	13.92835294117647	8.5	350	3.6100000000000003	2	2	3335	2	52.59	2.785918367346939	49	1	3.2760000000000002	21.3	45	5	6.9762352941176475	199.25	4.01	170.2173913043478	45	27.66111111111111	6.69	15	20	9.473529411764705	475	3.04	7.456666666666667	0.99	299	4.24	3.05	0.99	149	75	13	200	5	2.5	2.99	43.998000000000005	4.2490000000000006	5	1.2	1.0750000000000002	45.03916666666667	1616.6666666666667	9.794355828220858	2.55	2	0	0	1	0	0	0	0	0	0	0	0	10	0	0	0	0	0	0	0	0	0	0	0	0	0	0	0	0	0	0	0	0	0	0	0	0	0	0	0	0	0	11	0	0	0	0	0	0	0	0	0	0	1	0	0	0	0	0	0	0	0	0	0	0	0	0	0	0	0	0	0	0	0	0	1	10	0	0	0	0	0	0	0	0	0	0	0	0	0	0	0	0	1	0	0	0	0	0	0	0	0	0	0	0	0	0	0	0	0	0	0	0	0	0	0	0	0	0	0	0	0	0	0	0	0	0	0	0	0	0	0	0	0	0	0	0	0	0	0	0	0	0	0	0	0	0	0	0	0	0	0	0	0	0	0	0	0	0	0	0	0	13	8	0	0	0	1	0	6	0	0	0	23	1	0	0	1	0	0	0	0	0	95	190	77	6	9	3	20	2	0	0	0	0	19	0	0	0	0	0	461
5	81	84	39	0	126	2	150	76	0	0	0	833	44	0	152	38	2	37	39	74	0	0	37	0	158	0	187	113	13	83	7	0	0	1	13799	6	2	3	601	69	10	3	0	16	0	2	64	0	5	0	19	0	0	0	0	0	0	1	0	0	0	0	0	19	4	0	6	0	0	0	4	6	0	0	0	0	5	83066	23	43	174	690	3	12	118	51	449	9	207	56	39	0	3	0	0	1	1	2	22	46	40	0	11	16	0	2	24	12	15	22	0	0	5	0	0	25	0	15	0	2	0	5	128	2	0	0	0	96	0	0	2	14	0	6	3	0	3	0	2	8	0	0	0	125	0	4	0	0	0	17	35	2	1	0	29	0	5	20	1	0	2	1	0	0	0	6	0	1	2	10	4	3	1	3	5	0	16	0	0	0	0	0	0	0	0	0	0	0	60	0	0	236	0	0	0	0	0	6	5	47	2664	0	0	0	0	0	0	0	25	89	0	54	0	7180	10	16	8	4	2	18	17	3	2	7	37	3	6	4	1	15	3	0	4	15	43	1	1	1	0	3	1	14	1	1	31	0	1	20	1	59	5	1	11	45	4	0	2	27	73	3	0	0	0	1	1	1	40	0	0	0	3	5	0	33	0	0	15	1	39	5	1	17	1	29	2	0	1	6	1	68	50	0	1	1	1	1	0	7	19	9	7	3	22	0	0	0	0	0	0	0	0	851	1	2	159	0	20	21	0	0	0	17	15	0	9	0	0	0	21	0	0	0	0	1	171	1	4	4	85	0	9	0	0	0	49	0	0	4	1	0	0	0	2	0	0	0	0	0	12	0	0	0	0	0	0	1	2	0	12	0	96	6	0	0	0	1	163	2.8	14.740000000000002	49.13	9.246081871345028	1.28	3.99	58.22222222222222	24	108.23380952380951	3.8866666666666667	338.14285714285717	30	22.68383647798742	7.146770833333334	57.290000000000006	13.92835294117647	8.5	350	3.6100000000000003	2	2	3335	2	52.59	2.785918367346939	49	1	3.2760000000000002	21.3	45	5	6.9762352941176475	199.25	4.01	170.2173913043478	45	27.66111111111111	6.69	15	20	9.473529411764705	475	3.04	7.456666666666667	0.99	299	4.24	3.05	0.99	149	75	13	200	5	2.5	2.99	43.998000000000005	4.2490000000000006	5	1.2	1.0750000000000002	45.03916666666667	1616.6666666666667	9.794355828220858	2.55	2	0	0	0	0	0	0	0	0	2	0	0	12	0	0	0	0	0	0	0	0	0	0	0	0	0	0	0	0	0	0	0	0	0	0	0	0	0	0	0	0	0	14	0	0	0	0	0	0	0	0	0	0	2	0	0	0	0	0	0	0	0	0	0	0	0	0	0	0	0	0	0	0	0	0	1	12	0	0	0	0	0	0	0	0	0	0	0	0	0	0	0	0	0	0	0	0	0	0	0	0	0	0	0	0	0	0	0	0	0	0	0	0	0	0	0	0	0	0	0	0	0	1	0	0	0	0	0	0	0	0	0	0	0	0	0	0	0	0	0	0	0	0	0	0	0	0	0	0	0	0	0	0	0	0	0	0	0	0	0	0	0	16	3	0	6	0	0	0	8	0	0	4	35	0	0	0	0	1	0	0	0	0	23	126	121	11	2	1	21	1	0	1	0	0	13	0	0	0	0	0	377
4	40	75	1	0	43	1	1	150	0	0	0	713	11	0	119	0	1	74	111	0	0	0	0	0	15	76	180	66	32	99	20	0	0	36	27032	18	11	2	893	120	7	25	1	16	0	1	55	0	14	3	32	2	0	0	0	0	0	1	0	0	0	0	1	18	13	6	2	0	0	0	13	22	0	13	1	0	6	39064	38	136	393	936	0	10	138	55	671	9	252	40	25	16	5	0	21	0	0	1	25	51	56	0	0	11	0	2	20	14	5	28	0	6	8	0	0	14	0	26	0	1	0	8	220	1	0	2	0	196	2	0	6	12	0	3	3	0	13	0	0	13	0	0	0	160	0	1	0	0	0	13	42	6	0	11	20	0	0	9	12	0	0	1	1	1	0	0	3	0	0	14	8	15	2	1	4	0	18	0	0	0	0	0	0	0	0	0	0	0	50	0	0	197	0	0	0	0	0	4	4	37	2800	0	0	0	0	0	0	0	28	91	0	52	0	6434	10	18	8	4	2	18	19	3	2	8	39	49	6	4	1	15	3	0	4	15	42	1	1	1	0	3	1	15	1	1	34	0	1	21	1	53	6	2	10	36	4	0	2	26	78	2	0	0	0	1	1	1	39	0	0	0	3	4	0	32	0	0	16	2	39	5	1	21	1	31	2	0	1	5	1	65	40	0	0	1	1	1	0	9	26	3	8	13	2	0	3	0	2	0	0	0	0	851	1	2	159	0	20	21	0	0	0	17	15	0	9	0	0	0	21	0	0	0	0	1	171	1	4	4	85	0	9	0	0	0	49	0	0	4	1	0	0	0	2	0	0	0	0	0	12	0	0	0	0	0	0	1	2	0	12	0	96	6	0	0	0	1	163	2.8	14.740000000000002	49.13	9.246081871345028	1.28	3.99	58.22222222222222	24	108.23380952380951	3.8866666666666667	338.14285714285717	30	22.68383647798742	7.146770833333334	57.290000000000006	13.92835294117647	8.5	350	3.6100000000000003	2	2	3335	2	52.59	2.785918367346939	49	1	3.2760000000000002	21.3	45	5	6.9762352941176475	199.25	4.01	170.2173913043478	45	27.66111111111111	6.69	15	20	9.473529411764705	475	3.04	7.456666666666667	0.99	299	4.24	3.05	0.99	149	75	13	200	5	2.5	2.99	43.998000000000005	4.2490000000000006	5	1.2	1.0750000000000002	45.03916666666667	1616.6666666666667	9.794355828220858	2.55	2	0	0	0	1	0	0	0	0	0	0	0	9	0	0	0	0	0	0	0	0	0	0	0	0	0	0	0	0	0	0	0	0	0	0	0	0	0	0	0	0	0	10	0	0	0	0	0	0	0	0	0	0	2	0	0	0	0	0	0	0	0	0	0	0	0	0	0	0	0	0	0	0	0	0	0	10	0	0	0	0	0	0	0	0	0	0	0	0	0	0	0	0	1	0	0	0	0	0	0	0	0	0	0	0	0	0	0	0	0	0	0	0	0	0	0	0	0	0	0	0	0	0	0	0	0	0	0	0	0	0	0	0	0	0	0	0	0	0	0	0	0	0	0	0	0	0	0	0	0	0	0	0	0	0	0	0	0	0	0	0	0	13	3	0	3	0	0	0	4	0	0	1	8	2	0	0	0	0	0	0	0	0	40	167	76	9	0	0	7	0	0	0	0	0	3	0	0	0	0	0	323
4	151	41	3	0	160	1	0	75	0	1	0	606	16	0	345	0	0	74	1	111	0	0	1	0	65	38	346	104	58	225	47	0	1	30	41682	16	40	17	1061	118	5	14	1	23	0	9	118	0	15	2	93	5	0	0	0	0	0	7	0	1	0	0	1	75	17	12	2	0	0	0	20	48	3	0	7	3	0	31144	41	115	397	1326	2	19	236	133	931	3	378	37	22	14	10	1	15	6	1	5	18	91	67	0	4	29	2	2	20	13	10	88	1	7	2	6	0	27	0	27	0	0	0	29	194	0	0	18	0	334	3	1	0	19	11	5	11	0	4	2	4	17	0	0	0	157	0	2	0	0	10	28	76	13	3	1	0	5	0	11	11	0	15	3	1	7	0	4	0	4	3	60	5	0	6	2	13	0	18	0	0	0	0	0	0	0	0	0	0	0	59	0	0	240	0	0	0	0	0	9	2	75	2378	0	0	0	0	0	0	0	35	86	0	50	0	6559	15	19	9	4	2	22	24	3	2	7	39	10	6	4	1	14	4	0	5	16	41	1	1	1	0	3	1	16	1	2	37	0	1	23	1	54	5	2	12	34	4	0	2	28	76	3	0	0	0	1	1	1	40	0	0	0	3	4	0	38	0	0	16	2	40	5	1	19	1	29	2	0	2	6	1	67	43	0	0	1	1	1	0	9	26	7	10	12	2	0	1	2	2	0	1	0	0	851	1	2	159	0	20	21	0	0	0	17	15	0	9	0	0	0	21	0	0	0	0	1	171	1	4	4	85	0	9	0	0	0	49	0	0	4	1	0	0	0	2	0	0	0	0	0	12	0	0	0	0	0	0	1	2	0	12	0	96	6	0	0	0	1	163	2.8	14.740000000000002	49.13	9.246081871345028	1.28	3.99	58.22222222222222	24	108.23380952380951	3.8866666666666667	338.14285714285717	30	22.68383647798742	7.146770833333334	57.290000000000006	13.92835294117647	8.5	350	3.6100000000000003	2	2	3335	2	52.59	2.785918367346939	49	1	3.2760000000000002	21.3	45	5	6.9762352941176475	199.25	4.01	170.2173913043478	45	27.66111111111111	6.69	15	20	9.473529411764705	475	3.04	7.456666666666667	0.99	299	4.24	3.05	0.99	149	75	13	200	5	2.5	2.99	43.998000000000005	4.2490000000000006	5	1.2	1.0750000000000002	45.03916666666667	1616.6666666666667	9.794355828220858	2.55	2	1	0	0	0	0	0	1	0	1	0	0	12	0	0	0	0	0	0	0	0	0	0	0	0	0	0	0	0	0	0	0	0	0	0	0	0	0	0	0	0	0	15	1	0	0	0	0	0	0	0	0	1	1	0	0	0	0	0	0	0	0	0	0	0	0	0	0	0	0	0	0	0	0	0	0	10	0	0	0	0	0	0	0	0	0	0	0	0	0	0	0	0	0	0	0	0	0	0	0	0	0	0	0	0	0	0	0	0	0	0	0	0	0	0	0	0	0	0	0	0	0	0	0	0	1	0	0	0	0	0	0	0	0	0	0	0	0	0	0	0	0	0	0	0	0	0	0	0	0	0	0	0	0	0	0	0	0	0	0	0	0	14	1	0	6	0	0	3	12	0	0	0	3	1	0	0	2	0	0	0	0	0	87	173	78	14	0	1	9	1	0	2	0	0	12	0	0	0	0	0	405
1	75	116	3	0	82	40	191	75	0	0	0	686	49	0	163	0	37	0	37	74	1	0	37	0	50	3	267	73	28	111	21	3	7	44	28292	23	18	18	678	67	11	7	0	18	3	0	58	0	6	0	53	3	0	0	0	0	0	4	0	0	0	0	0	18	0	6	8	4	0	0	10	43	0	0	8	0	14	58817	24	164	380	902	5	13	167	99	757	12	333	52	24	45	6	2	45	3	1	2	15	65	27	0	0	18	4	3	37	26	3	30	0	19	4	5	0	13	0	17	0	1	0	21	139	0	0	0	0	267	7	0	0	7	0	0	0	0	8	0	0	1	0	1	0	155	0	0	0	1	0	36	49	6	0	0	17	2	0	7	18	0	1	2	0	0	2	0	2	2	5	7	2	13	5	0	13	0	7	0	0	0	0	0	0	0	0	0	0	0	46	0	0	150	0	0	0	0	0	2	4	58	2324	0	0	0	0	0	0	0	30	61	0	32	0	5746	12	19	7	4	1	23	23	2	2	8	40	6	6	4	1	15	4	0	5	16	39	1	1	1	0	3	1	15	1	2	34	0	1	20	1	58	6	2	11	44	4	0	3	28	73	3	0	0	0	1	1	1	38	0	0	0	4	4	0	42	0	0	17	1	41	7	1	17	1	33	2	0	1	6	1	66	43	0	0	1	1	1	0	10	25	14	3	5	8	0	1	0	0	0	2	0	0	851	1	2	159	0	20	21	0	0	0	17	15	0	9	0	0	0	21	0	0	0	0	1	171	1	4	4	85	0	9	0	0	0	49	0	0	4	1	0	0	0	2	0	0	0	0	0	12	0	0	0	0	0	0	1	2	0	12	0	96	6	0	0	0	1	163	2.8	14.740000000000002	49.13	9.246081871345028	1.28	3.99	58.22222222222222	24	108.23380952380951	3.8866666666666667	338.14285714285717	30	22.68383647798742	7.146770833333334	57.290000000000006	13.92835294117647	8.5	350	3.6100000000000003	2	2	3335	2	52.59	2.785918367346939	49	1	3.2760000000000002	21.3	45	5	6.9762352941176475	199.25	4.01	170.2173913043478	45	27.66111111111111	6.69	15	20	9.473529411764705	475	3.04	7.456666666666667	0.99	299	4.24	3.05	0.99	149	75	13	200	5	2.5	2.99	43.998000000000005	4.2490000000000006	5	1.2	1.0750000000000002	45.03916666666667	1616.6666666666667	9.794355828220858	2.55	2	1	0	0	0	0	0	0	0	0	0	0	12	0	0	0	0	0	0	0	0	0	0	0	0	0	0	0	0	0	0	0	0	0	0	0	0	0	0	0	0	0	13	2	0	0	0	0	0	0	0	0	0	1	0	0	0	0	0	0	0	0	0	0	0	0	0	0	0	0	0	0	0	0	0	0	9	0	0	0	0	0	0	0	0	0	0	0	0	0	0	0	0	0	0	0	0	0	0	0	0	0	0	0	0	0	0	0	0	0	0	0	0	0	0	0	0	0	0	1	0	0	0	0	0	0	0	0	0	0	0	0	0	0	0	0	0	0	0	0	0	0	0	0	0	0	0	0	0	0	0	0	0	0	0	0	0	0	0	0	0	0	13	10	4	11	0	0	0	10	0	0	0	7	1	0	0	5	0	0	0	0	0	66	150	68	10	1	1	24	0	0	2	0	0	25	0	0	0	0	0	395
77	42	83	2	0	16	1	37	74	74	0	0	758	53	0	79	37	37	0	74	111	0	0	74	0	54	115	313	85	73	80	24	1	1	32	25051	3	12	8	1142	100	9	10	2	24	0	4	92	0	10	0	33	1	0	0	0	0	0	5	0	0	0	0	1	20	8	2	7	0	0	0	10	46	0	0	0	0	9	56394	59	208	406	1046	1	5	219	116	793	11	341	42	38	8	3	1	32	2	1	6	60	73	58	4	1	4	2	3	42	10	4	38	0	12	8	2	1	31	0	18	8	2	0	15	171	7	0	3	0	278	7	0	0	6	1	3	5	0	0	0	0	2	1	5	0	196	0	2	0	2	0	10	53	9	0	0	5	4	0	21	6	0	3	3	0	2	5	2	0	0	2	31	7	18	8	4	4	0	30	0	0	0	0	0	0	0	0	0	0	0	39	0	0	203	0	0	0	0	0	19	13	112	1772	0	0	0	0	0	0	0	33	25	0	189	0	5548	11	18	6	4	1	23	18	2	2	7	39	5	6	4	1	14	4	0	5	15	36	1	1	1	0	3	1	14	1	1	36	0	1	22	1	51	6	2	11	24	3	0	2	22	68	3	0	0	0	1	1	1	41	1	0	0	3	4	0	40	0	0	19	1	39	5	1	15	1	35	1	0	1	5	1	63	38	0	0	1	1	1	0	9	26	12	5	7	6	0	1	0	0	1	3	0	0	851	1	2	159	0	20	21	0	0	0	17	15	0	9	0	0	0	21	0	0	0	0	1	171	1	4	4	85	0	9	0	0	0	49	0	0	4	1	0	0	0	2	0	0	0	0	0	12	0	0	0	0	0	0	1	2	0	12	0	96	6	0	0	0	1	163	2.8	14.740000000000002	49.13	9.246081871345028	1.28	3.99	58.22222222222222	24	108.23380952380951	3.8866666666666667	338.14285714285717	30	22.68383647798742	7.146770833333334	57.290000000000006	13.92835294117647	8.5	350	3.6100000000000003	2	2	3335	2	52.59	2.785918367346939	49	1	3.2760000000000002	21.3	45	5	6.9762352941176475	199.25	4.01	170.2173913043478	45	27.66111111111111	6.69	15	20	9.473529411764705	475	3.04	7.456666666666667	0.99	299	4.24	3.05	0.99	149	75	13	200	5	2.5	2.99	43.998000000000005	4.2490000000000006	5	1.2	1.0750000000000002	45.03916666666667	1616.6666666666667	9.794355828220858	2.55	2	0	0	0	0	0	0	0	0	1	0	0	9	0	0	0	0	0	0	0	0	0	0	0	0	0	0	0	0	0	0	0	0	0	0	0	0	0	0	0	0	0	10	0	0	0	0	0	0	0	0	0	1	0	0	0	0	0	0	0	0	0	0	0	0	0	0	0	0	0	0	0	0	0	0	0	7	0	0	0	0	0	0	0	0	0	0	0	0	0	0	0	0	0	0	0	0	0	0	0	0	0	0	0	0	0	0	0	0	0	0	0	0	0	0	0	0	0	0	0	0	0	0	0	0	0	0	0	0	0	0	0	0	0	1	0	0	0	0	0	0	0	0	0	0	0	0	0	0	0	0	0	0	0	0	0	0	0	0	0	0	0	9	1	0	0	0	1	0	5	0	0	0	6	1	2	0	14	0	0	0	0	0	36	251	49	4	0	1	10	0	0	0	0	0	7	0	0	0	0	0	388
44	84	119	111	1	125	0	39	3	1	0	0	1178	9	0	159	37	0	74	37	259	0	0	0	0	15	187	165	45	21	53	16	0	0	44	28759	4	12	6	745	80	30	10	1	22	0	6	46	3	2	1	41	0	0	0	0	0	0	3	0	0	0	0	0	17	0	5	9	1	0	0	21	16	0	0	1	0	1	79486	53	230	328	957	4	16	162	50	677	17	272	21	22	16	1	1	23	1	0	1	15	38	70	0	4	10	0	3	23	17	8	36	0	2	0	0	0	26	0	20	0	3	1	20	92	0	0	14	0	308	5	0	0	12	2	0	8	0	8	0	0	1	0	0	0	191	1	0	0	2	0	8	55	0	0	0	14	0	3	22	8	0	1	9	0	0	0	0	0	2	1	25	4	8	12	0	8	0	4	0	0	0	0	717	22	0	0	889	72	0	62	0	0	311	1	0	0	0	646	12	8	102	2918	0	0	0	0	0	0	2	33	38	0	368	0	11587	10	20	6	3	1	20	33	2	2	7	40	5	6	4	1	15	3	0	5	14	41	1	1	1	0	3	1	14	1	1	31	0	1	23	1	51	6	2	11	27	3	0	2	24	63	3	0	0	0	1	1	1	48	1	0	0	3	4	0	39	0	0	16	1	40	4	1	17	1	33	1	0	1	6	0	63	42	0	0	1	1	1	0	9	30	11	7	15	8	0	2	0	0	0	1	0	0	851	1	2	159	0	20	21	0	0	0	17	15	0	9	0	0	0	21	0	0	0	0	1	171	1	4	4	85	0	9	0	0	0	49	0	0	4	1	0	0	0	2	0	0	0	0	0	12	0	0	0	0	0	0	1	2	0	12	0	96	6	0	0	0	1	163	2.8	14.740000000000002	49.13	9.246081871345028	1.28	3.99	58.22222222222222	24	108.23380952380951	3.8866666666666667	338.14285714285717	30	22.68383647798742	7.146770833333334	57.290000000000006	13.92835294117647	8.5	350	3.6100000000000003	2	2	3335	2	52.59	2.785918367346939	49	1	3.2760000000000002	21.3	45	5	6.9762352941176475	199.25	4.01	170.2173913043478	45	27.66111111111111	6.69	15	20	9.473529411764705	475	3.04	7.456666666666667	0.99	299	4.24	3.05	0.99	149	75	13	200	5	2.5	2.99	43.998000000000005	4.2490000000000006	5	1.2	1.0750000000000002	45.03916666666667	1616.6666666666667	9.794355828220858	2.55	2	0	0	0	1	0	0	0	0	2	0	0	9	0	0	0	0	0	0	0	0	0	0	0	0	0	0	0	0	0	0	0	0	0	0	0	0	0	0	0	0	0	12	0	0	1	0	0	0	0	0	1	0	0	0	0	1	0	0	0	0	0	0	0	0	0	0	0	0	0	0	0	0	0	0	0	8	0	0	0	0	0	0	0	0	0	0	0	0	0	0	0	0	0	0	0	0	0	0	0	0	0	0	0	0	0	0	0	0	0	0	0	0	0	0	0	0	0	0	0	0	0	0	0	0	0	0	0	0	0	0	0	0	0	0	0	0	0	1	0	0	0	0	0	0	0	0	0	0	0	0	0	0	0	0	0	0	0	0	0	0	0	12	10	1	4	0	0	0	9	1	0	0	2	1	0	0	7	0	0	0	0	0	80	234	90	9	1	1	8	0	0	1	0	0	9	0	0	0	0	0	468
41	197	119	40	1	211	1	76	296	74	0	0	1247	54	0	272	37	74	37	74	222	38	0	40	0	57	112	237	68	64	92	19	0	0	39	12479	2	12	9	793	69	10	4	1	25	0	0	38	0	15	1	59	4	0	0	0	0	0	2	0	0	0	0	3	14	3	0	20	0	0	0	27	27	1	0	4	0	2	85909	26	103	255	947	17	11	164	90	705	8	259	11	7	24	6	0	4	0	0	0	51	35	51	1	6	22	0	2	27	4	4	18	0	0	1	11	0	16	4	8	5	2	1	20	88	4	0	20	0	302	8	0	1	15	0	0	12	0	1	0	0	0	2	0	0	157	0	5	0	0	9	26	31	5	0	2	3	0	6	9	23	0	0	6	0	1	3	0	0	0	1	10	4	1	0	0	12	0	16	0	0	0	0	1058	21	0	0	824	75	0	34	0	0	309	0	0	0	0	601	5	5	98	2598	0	0	0	0	0	0	2	35	48	0	365	0	10908	10	20	6	4	1	21	21	3	2	8	38	7	6	5	1	15	3	0	5	13	39	1	1	1	0	3	1	13	1	2	28	0	1	19	1	56	5	2	11	27	3	0	2	28	78	3	0	0	0	1	1	1	39	1	0	0	5	5	0	43	0	0	20	2	39	5	1	18	1	32	2	0	2	6	1	68	47	0	0	1	1	2	0	9	37	9	6	16	2	0	1	0	1	1	0	0	0	851	1	2	159	0	20	21	0	0	0	17	15	0	9	0	0	0	21	0	0	0	0	1	171	1	4	4	85	0	9	0	0	0	49	0	0	4	1	0	0	0	2	0	0	0	0	0	12	0	0	0	0	0	0	1	2	0	12	0	96	6	0	0	0	1	163	2.8	14.740000000000002	49.13	9.246081871345028	1.28	3.99	58.22222222222222	24	108.23380952380951	3.8866666666666667	338.14285714285717	30	22.68383647798742	7.146770833333334	57.290000000000006	13.92835294117647	8.5	350	3.6100000000000003	2	2	3335	2	52.59	2.785918367346939	49	1	3.2760000000000002	21.3	45	5	6.9762352941176475	199.25	4.01	170.2173913043478	45	27.66111111111111	6.69	15	20	9.473529411764705	475	3.04	7.456666666666667	0.99	299	4.24	3.05	0.99	149	75	13	200	5	2.5	2.99	43.998000000000005	4.2490000000000006	5	1.2	1.0750000000000002	45.03916666666667	1616.6666666666667	9.794355828220858	2.55	2	0	0	0	0	0	0	1	0	1	0	0	9	0	0	0	0	0	0	0	0	0	0	0	0	0	0	1	0	0	0	0	0	0	0	0	0	0	0	0	0	0	12	0	0	0	0	0	0	0	0	1	0	1	0	0	0	0	0	0	0	0	0	0	0	0	0	0	0	0	0	0	0	0	0	1	11	0	0	0	0	0	0	0	0	0	0	0	0	0	0	0	0	0	0	0	0	0	0	0	0	0	0	0	0	0	0	0	0	0	0	0	0	0	0	0	0	0	0	0	0	0	0	0	0	0	0	0	0	0	0	0	0	0	0	0	0	0	0	0	0	0	0	0	0	0	0	0	0	0	0	0	0	0	0	0	0	0	0	0	0	0	14	1	1	4	0	1	1	10	0	0	0	4	2	0	0	0	0	0	0	0	0	37	188	53	8	1	1	23	1	0	0	0	0	11	1	0	0	0	0	348
4	47	7	1	0	18	0	187	112	37	0	0	1020	49	0	304	0	1	0	38	38	37	0	1	0	19	0	248	85	65	159	24	0	0	21	28851	18	11	17	1080	142	2	12	1	23	0	1	43	0	4	0	73	0	0	0	0	0	0	12	0	0	0	0	0	46	5	4	4	0	0	0	3	34	0	0	1	0	6	115378	33	200	359	1045	0	7	206	94	691	11	302	34	41	12	7	0	10	4	0	0	56	60	63	0	9	15	0	5	86	8	12	36	0	10	6	0	0	26	0	14	1	2	0	10	147	4	0	4	0	287	0	0	0	6	2	0	6	0	0	0	2	6	1	0	1	180	0	1	0	3	0	19	39	7	0	0	0	0	2	19	2	0	2	1	0	3	2	2	0	3	0	13	6	6	3	3	6	0	8	0	0	0	0	797	32	0	0	943	182	0	47	0	0	304	3	0	0	0	635	6	1	87	2275	0	0	0	0	0	0	1	24	57	0	265	0	10742	11	19	6	5	1	29	19	3	3	9	35	16	5	5	1	17	3	0	5	14	39	1	1	1	0	3	1	14	1	2	20	0	1	20	1	58	3	1	11	23	3	0	3	29	89	2	0	0	0	1	1	1	40	1	0	0	8	8	0	59	0	0	23	2	39	6	1	19	1	35	2	0	1	7	1	58	59	0	0	1	1	3	0	11	36	8	5	17	0	0	2	0	1	1	0	0	0	851	1	2	159	0	20	21	0	0	0	17	15	0	9	0	0	0	21	0	0	0	0	1	171	1	4	4	85	0	9	0	0	0	49	0	0	4	1	0	0	0	2	0	0	0	0	0	12	0	0	0	0	0	0	1	2	0	12	0	96	6	0	0	0	1	163	2.8	14.740000000000002	49.13	9.246081871345028	1.28	3.99	58.22222222222222	24	108.23380952380951	3.8866666666666667	338.14285714285717	30	22.68383647798742	7.146770833333334	57.290000000000006	13.92835294117647	8.5	350	3.6100000000000003	2	2	3335	2	52.59	2.785918367346939	49	1	3.2760000000000002	21.3	45	5	6.9762352941176475	199.25	4.01	170.2173913043478	45	27.66111111111111	6.69	15	20	9.473529411764705	475	3.04	7.456666666666667	0.99	299	4.24	3.05	0.99	149	75	13	200	5	2.5	2.99	43.998000000000005	4.2490000000000006	5	1.2	1.0750000000000002	45.03916666666667	1616.6666666666667	9.794355828220858	2.55	2	0	0	0	0	0	0	0	0	1	0	0	14	0	0	0	0	0	0	0	0	0	0	0	0	0	0	0	0	0	0	0	0	0	0	0	0	0	0	0	0	0	15	1	0	0	0	0	0	0	0	0	0	0	0	0	0	0	0	0	0	0	0	0	0	0	0	0	0	0	0	0	0	0	0	0	10	0	0	0	0	0	0	0	0	0	0	0	0	0	0	0	0	0	0	0	0	0	0	0	0	0	0	0	1	0	0	0	0	0	0	0	0	0	0	0	0	0	0	0	0	0	0	0	0	0	0	0	0	0	0	0	0	0	0	0	0	0	0	0	0	0	0	0	0	0	0	0	0	0	0	0	0	0	0	0	0	0	0	0	0	0	12	4	0	6	0	0	0	7	0	0	0	4	3	0	0	0	0	0	0	0	0	183	170	56	15	0	3	21	1	0	0	0	0	21	0	0	0	0	0	494
48	76	118	75	0	89	9	75	335	0	0	0	1011	51	0	228	37	38	0	111	148	37	74	37	0	12	75	194	82	19	97	17	0	1	37	12907	9	14	21	671	95	28	10	2	10	0	0	91	2	18	0	37	0	0	0	0	0	0	2	0	0	0	0	0	26	5	6	3	5	0	0	4	22	1	0	0	0	2	315095	49	124	209	909	2	2	133	76	498	11	206	23	20	16	5	0	31	1	1	2	28	50	32	2	0	19	2	4	5	20	12	24	0	3	7	0	0	26	4	14	0	0	0	15	123	4	0	0	0	225	0	0	2	12	5	5	2	0	10	0	0	1	0	0	0	172	2	4	0	0	1	4	21	5	0	0	0	0	0	17	0	0	5	7	0	12	0	2	0	0	0	7	8	0	2	2	7	0	16	0	0	0	0	1106	23	0	0	990	74	0	50	0	0	346	0	0	0	0	577	12	10	80	1790	0	0	0	0	0	0	1	18	63	0	364	0	10940	10	18	6	4	1	28	19	3	3	8	34	17	5	5	1	16	3	0	5	12	36	1	1	1	0	3	1	12	1	2	22	0	1	20	1	60	2	1	10	23	3	0	3	26	93	2	0	0	0	1	1	1	38	1	0	0	8	8	0	60	0	0	24	1	37	6	1	20	1	31	2	0	1	8	1	63	58	0	0	1	1	3	0	11	26	7	6	9	11	0	2	1	5	0	2	0	0	851	1	2	159	0	20	21	0	0	0	17	15	0	9	0	0	0	21	0	0	0	0	1	171	1	4	4	85	0	9	0	0	0	49	0	0	4	1	0	0	0	2	0	0	0	0	0	12	0	0	0	0	0	0	1	2	0	12	0	96	6	0	0	0	1	163	2.8	14.740000000000002	49.13	9.246081871345028	1.28	3.99	58.22222222222222	24	108.23380952380951	3.8866666666666667	338.14285714285717	30	22.68383647798742	7.146770833333334	57.290000000000006	13.92835294117647	8.5	350	3.6100000000000003	2	2	3335	2	52.59	2.785918367346939	49	1	3.2760000000000002	21.3	45	5	6.9762352941176475	199.25	4.01	170.2173913043478	45	27.66111111111111	6.69	15	20	9.473529411764705	475	3.04	7.456666666666667	0.99	299	4.24	3.05	0.99	149	75	13	200	5	2.5	2.99	43.998000000000005	4.2490000000000006	5	1.2	1.0750000000000002	45.03916666666667	1616.6666666666667	9.794355828220858	2.55	2	0	0	0	3	0	0	0	0	1	0	0	10	0	0	0	0	0	0	0	0	0	0	0	0	0	0	0	0	0	0	0	0	0	0	0	0	0	0	0	0	0	14	0	0	0	0	0	0	1	0	0	0	1	0	0	0	0	0	0	0	0	0	0	0	0	0	0	0	0	0	0	0	0	0	0	10	0	0	0	0	0	0	0	0	0	0	0	0	0	0	1	0	0	0	0	0	0	0	0	0	0	0	0	0	0	0	0	0	0	0	0	0	0	0	0	0	0	0	0	0	0	0	0	0	0	0	0	0	0	0	0	0	0	0	0	0	0	0	0	0	0	1	0	0	1	0	0	0	0	0	0	0	0	0	0	0	0	0	0	0	0	15	1	0	4	0	0	0	55	0	0	0	3	2	0	0	2	1	0	0	0	0	46	226	216	149	0	4	13	0	0	0	0	0	40	0	0	0	0	0	762
2	119	6	1	0	122	5	38	262	75	0	0	1033	52	0	87	74	39	0	111	185	0	1	38	0	23	2	204	71	54	128	1	0	22	19	27025	17	9	3	965	90	17	2	3	15	8	3	60	0	14	1	36	0	0	0	0	0	0	7	0	1	0	3	0	31	0	13	2	0	0	0	15	48	0	0	1	1	7	127325	66	353	251	1021	2	13	195	96	669	4	275	48	15	22	1	0	50	2	0	4	19	32	36	0	0	11	0	3	57	9	9	12	0	6	8	8	0	8	0	6	10	3	0	9	135	0	0	14	0	218	0	2	0	9	5	5	5	0	19	0	0	8	0	0	0	145	0	0	0	0	0	18	42	15	0	1	0	0	0	11	4	0	2	0	0	0	0	3	0	0	1	12	4	10	13	6	15	0	9	0	0	0	0	1300	33	0	0	803	67	0	68	0	0	421	0	0	0	0	670	16	36	87	1133	0	0	0	0	0	0	2	18	82	0	333	0	10758	10	20	6	4	1	27	19	3	3	8	36	13	5	5	1	14	3	0	4	12	37	1	1	1	0	2	1	12	1	2	25	0	1	17	1	57	2	2	10	23	3	0	3	26	96	1	0	0	0	1	1	1	49	1	0	0	8	8	0	57	0	0	25	2	35	5	1	17	1	31	2	0	1	8	0	61	44	0	0	1	1	3	0	11	47	9	6	6	12	0	1	0	1	0	5	0	0	851	1	2	159	0	20	21	0	0	0	17	15	0	9	0	0	0	21	0	0	0	0	1	171	1	4	4	85	0	9	0	0	0	49	0	0	4	1	0	0	0	2	0	0	0	0	0	12	0	0	0	0	0	0	1	2	0	12	0	96	6	0	0	0	1	163	2.8	14.740000000000002	49.13	9.246081871345028	1.28	3.99	58.22222222222222	24	108.23380952380951	3.8866666666666667	338.14285714285717	30	22.68383647798742	7.146770833333334	57.290000000000006	13.92835294117647	8.5	350	3.6100000000000003	2	2	3335	2	52.59	2.785918367346939	49	1	3.2760000000000002	21.3	45	5	6.9762352941176475	199.25	4.01	170.2173913043478	45	27.66111111111111	6.69	15	20	9.473529411764705	475	3.04	7.456666666666667	0.99	299	4.24	3.05	0.99	149	75	13	200	5	2.5	2.99	43.998000000000005	4.2490000000000006	5	1.2	1.0750000000000002	45.03916666666667	1616.6666666666667	9.794355828220858	2.55	2	0	0	0	0	0	0	0	0	1	0	0	13	0	0	0	0	0	0	0	0	0	0	0	0	0	0	0	0	0	0	0	0	0	0	0	0	0	0	0	0	0	14	0	0	1	0	0	0	0	0	0	0	0	0	0	0	0	0	0	0	0	0	0	0	0	0	0	0	0	0	0	0	0	0	0	10	0	0	0	0	0	0	0	0	0	0	0	0	0	0	0	0	0	0	0	0	0	0	0	0	0	0	0	0	0	0	0	0	0	0	0	0	0	0	0	0	0	0	0	0	0	0	0	0	0	0	0	0	0	0	1	0	0	0	0	0	0	0	0	0	0	0	0	0	1	0	0	0	0	0	0	0	0	0	0	0	0	0	0	0	0	13	4	3	2	0	0	3	4	0	0	0	0	7	0	0	0	0	3	0	0	0	50	148	61	4	0	1	9	1	0	1	0	0	35	0	0	0	0	0	336
39	80	39	4	0	54	2	38	154	1	0	0	828	55	0	158	38	0	0	38	111	37	0	0	0	16	77	288	114	33	127	26	0	1	24	21954	6	12	8	922	128	15	15	0	29	0	0	122	0	3	2	60	7	0	0	0	0	0	2	0	0	0	0	0	16	1	0	8	5	0	0	20	53	0	0	1	0	6	117552	36	351	365	1161	0	29	200	104	814	8	260	40	12	16	7	5	19	0	0	1	52	62	39	1	5	38	0	5	28	17	5	8	5	1	8	5	0	23	4	23	4	5	5	8	178	4	0	21	0	252	15	0	1	20	8	1	4	0	10	0	0	3	0	1	0	186	0	3	0	1	0	32	71	4	0	5	0	0	0	19	10	1	4	4	2	5	1	6	0	1	2	13	0	8	14	2	12	0	28	0	0	0	0	1166	14	0	0	844	57	0	84	1	0	312	0	0	0	0	611	11	48	70	1366	0	0	0	0	0	0	0	20	164	0	292	0	10533	9	18	5	4	1	23	17	3	3	8	33	11	5	5	1	13	3	0	4	13	33	1	1	1	0	2	1	12	1	2	25	0	1	17	1	53	2	1	10	18	3	0	2	27	87	1	0	0	0	1	1	1	40	1	0	0	8	8	0	50	0	0	25	2	36	5	1	17	1	34	2	0	1	8	0	48	41	0	0	0	1	3	0	10	43	4	6	9	5	0	0	0	0	0	0	0	0	851	1	2	159	0	20	21	0	0	0	17	15	0	9	0	0	0	21	0	0	0	0	1	171	1	4	4	85	0	9	0	0	0	49	0	0	4	1	0	0	0	2	0	0	0	0	0	12	0	0	0	0	0	0	1	2	0	12	0	96	6	0	0	0	1	163	2.8	14.740000000000002	49.13	9.246081871345028	1.28	3.99	58.22222222222222	24	108.23380952380951	3.8866666666666667	338.14285714285717	30	22.68383647798742	7.146770833333334	57.290000000000006	13.92835294117647	8.5	350	3.6100000000000003	2	2	3335	2	52.59	2.785918367346939	49	1	3.2760000000000002	21.3	45	5	6.9762352941176475	199.25	4.01	170.2173913043478	45	27.66111111111111	6.69	15	20	9.473529411764705	475	3.04	7.456666666666667	0.99	299	4.24	3.05	0.99	149	75	13	200	5	2.5	2.99	43.998000000000005	4.2490000000000006	5	1.2	1.0750000000000002	45.03916666666667	1616.6666666666667	9.794355828220858	2.55	2	0	1	0	0	0	0	0	0	2	0	0	17	0	0	0	0	0	0	0	0	0	0	0	0	0	0	0	0	0	0	0	0	0	0	0	0	0	0	0	0	0	20	0	0	0	0	0	0	0	1	0	1	1	0	0	0	0	0	0	0	0	0	0	0	0	0	0	0	0	0	0	0	0	0	1	17	0	0	0	0	0	0	0	0	0	0	0	0	0	0	0	0	0	0	0	0	0	0	0	0	0	0	0	0	0	0	0	0	0	0	0	0	0	0	0	0	0	0	0	0	0	0	0	0	0	0	0	0	0	0	2	0	0	0	0	0	0	0	0	0	0	0	0	0	0	0	0	0	0	0	0	0	0	0	0	0	0	0	0	1	1	25	1	1	7	0	1	3	17	0	0	0	13	3	0	0	1	0	0	0	0	0	57	198	55	9	1	2	6	0	0	0	0	0	29	0	0	0	0	0	404
2	46	42	41	0	97	2	76	230	0	0	0	948	63	0	57	37	0	37	112	148	74	0	0	0	15	4	406	51	66	102	0	0	0	58	32406	9	8	2	1110	108	25	9	3	21	0	0	108	4	16	11	38	3	0	0	0	0	0	5	0	0	0	0	1	33	0	0	29	2	0	0	8	127	0	0	7	0	0	134967	13	729	373	1149	4	40	345	175	815	15	413	46	7	6	0	0	31	2	2	1	45	71	52	0	4	19	0	4	36	20	10	38	1	6	9	7	0	41	0	17	1	7	0	51	249	0	0	20	0	355	2	0	4	22	5	0	9	0	9	0	0	4	2	0	0	180	2	0	0	0	2	54	66	19	0	0	22	1	0	19	0	2	9	5	0	3	1	4	1	0	1	23	3	20	52	1	18	0	37	0	0	0	0	921	13	0	0	933	48	0	164	1	0	263	1	0	0	0	703	17	71	45	1301	0	0	0	0	0	0	2	10	128	0	235	1	10356	9	18	6	4	1	23	16	2	3	8	35	11	5	5	1	13	3	0	4	12	32	1	1	1	0	2	1	12	1	2	28	0	1	17	1	68	2	1	10	19	3	0	2	25	73	1	0	0	0	1	1	1	39	1	0	0	8	8	0	50	0	0	24	2	34	5	1	17	1	35	1	0	2	7	0	49	41	0	0	1	1	3	0	11	58	10	2	25	7	1	2	1	0	0	2	0	0	851	1	2	159	0	20	21	0	0	0	17	15	0	9	0	0	0	21	0	0	0	0	1	171	1	4	4	85	0	9	0	0	0	49	0	0	4	1	0	0	0	2	0	0	0	0	0	12	0	0	0	0	0	0	1	2	0	12	0	96	6	0	0	0	1	163	2.8	14.740000000000002	49.13	9.246081871345028	1.28	3.99	58.22222222222222	24	108.23380952380951	3.8866666666666667	338.14285714285717	30	22.68383647798742	7.146770833333334	57.290000000000006	13.92835294117647	8.5	350	3.6100000000000003	2	2	3335	2	52.59	2.785918367346939	49	1	3.2760000000000002	21.3	45	5	6.9762352941176475	199.25	4.01	170.2173913043478	45	27.66111111111111	6.69	15	20	9.473529411764705	475	3.04	7.456666666666667	0.99	299	4.24	3.05	0.99	149	75	13	200	5	2.5	2.99	43.998000000000005	4.2490000000000006	5	1.2	1.0750000000000002	45.03916666666667	1616.6666666666667	9.794355828220858	2.55	2	0	0	0	0	0	0	0	0	0	0	0	14	0	0	0	0	0	0	0	0	0	0	0	0	0	0	0	0	0	0	0	0	0	0	0	0	0	0	0	0	0	14	0	0	0	0	0	0	0	0	0	1	0	0	0	0	0	0	0	0	0	0	0	0	0	0	0	0	0	0	0	0	0	0	0	13	0	0	0	0	0	0	0	0	0	0	0	0	0	0	0	0	0	0	0	0	0	0	0	0	0	0	0	0	0	0	0	0	0	0	0	0	0	0	0	0	0	0	0	0	0	0	0	0	0	0	0	0	0	0	0	0	0	0	0	0	0	0	0	0	0	0	0	0	0	0	0	0	0	0	0	0	0	0	0	0	0	0	0	1	1	16	0	0	2	0	0	0	8	0	0	0	7	1	0	0	0	0	0	0	0	0	44	157	67	13	0	3	9	0	0	0	0	0	25	0	0	0	0	0	336
1	118	114	2	1	124	0	114	39	0	0	0	761	18	0	82	1	0	0	0	74	0	0	74	0	8	77	330	90	62	80	13	0	0	35	28954	8	5	15	914	97	6	14	0	23	0	15	36	4	3	1	27	0	0	0	0	0	0	6	0	0	0	0	1	53	1	8	22	0	0	0	17	67	0	0	0	0	3	90639	37	374	352	1039	2	20	306	145	643	16	322	16	7	18	0	0	13	0	8	4	37	35	58	3	7	21	2	1	18	2	2	44	1	16	5	3	0	13	0	25	0	7	0	3	186	14	2	5	0	241	0	1	1	12	2	0	6	0	1	1	0	6	0	0	1	194	0	9	0	0	0	11	57	11	4	0	0	0	0	24	12	2	2	2	0	0	0	0	0	2	0	12	12	29	22	0	11	0	34	0	0	0	0	1054	23	0	0	1114	55	0	99	0	0	392	0	0	0	0	734	20	31	53	979	0	0	0	0	0	0	2	22	110	0	268	0	10295	9	18	6	4	1	22	15	2	2	7	33	9	4	4	1	10	3	0	4	11	30	1	1	1	0	2	1	12	1	2	21	0	1	58	1	64	2	1	10	17	3	0	2	25	61	1	0	0	0	1	1	1	40	1	0	0	8	6	0	49	0	0	27	2	39	6	1	17	1	34	1	0	2	8	0	54	41	0	0	1	1	2	0	10	39	5	1	14	1	0	1	0	0	0	5	0	0	851	1	2	159	0	20	21	0	0	0	17	15	0	9	0	0	0	21	0	0	0	0	1	171	1	4	4	85	0	9	0	0	0	49	0	0	4	1	0	0	0	2	0	0	0	0	0	12	0	0	0	0	0	0	1	2	0	12	0	96	6	0	0	0	1	163	2.8	14.740000000000002	49.13	9.246081871345028	1.28	3.99	58.22222222222222	24	108.23380952380951	3.8866666666666667	338.14285714285717	30	22.68383647798742	7.146770833333334	57.290000000000006	13.92835294117647	8.5	350	3.6100000000000003	2	2	3335	2	52.59	2.785918367346939	49	1	3.2760000000000002	21.3	45	5	6.9762352941176475	199.25	4.01	170.2173913043478	45	27.66111111111111	6.69	15	20	9.473529411764705	475	3.04	7.456666666666667	0.99	299	4.24	3.05	0.99	149	75	13	200	5	2.5	2.99	43.998000000000005	4.2490000000000006	5	1.2	1.0750000000000002	45.03916666666667	1616.6666666666667	9.794355828220858	2.55	2	1	0	0	0	0	0	0	0	2	0	0	14	0	0	0	0	0	0	0	0	0	0	0	0	0	0	0	0	0	0	0	0	0	0	0	0	0	0	0	0	0	17	0	1	0	0	0	0	0	0	0	1	0	0	0	1	0	0	0	0	0	0	0	0	0	0	0	0	0	0	0	0	0	0	0	13	0	0	0	0	0	0	0	0	0	0	0	0	0	0	0	0	1	0	0	0	0	0	0	0	0	0	0	0	0	0	0	0	0	0	0	0	0	0	0	0	0	0	0	0	0	1	0	0	0	0	0	0	0	0	0	0	0	0	0	0	0	0	0	0	0	0	0	0	0	0	0	0	0	0	0	0	0	0	0	0	0	0	0	1	1	20	2	0	2	0	0	0	2	0	0	0	2	2	0	0	1	0	0	0	0	0	32	160	70	10	0	0	5	1	0	0	0	0	19	1	0	0	0	0	309
5	78	232	41	0	78	1	39	227	0	0	0	1023	49	0	191	0	1	0	38	259	38	74	37	0	91	77	220	151	38	122	15	0	0	14	26196	14	5	17	950	102	23	6	4	24	1	2	93	0	9	0	33	0	0	0	0	0	0	2	0	0	0	0	0	32	1	2	7	2	0	0	15	48	1	0	1	0	6	133723	40	435	299	1031	8	18	307	97	760	16	343	54	21	11	5	0	23	7	0	3	20	60	52	0	0	44	1	5	16	9	10	14	0	20	12	0	0	15	0	4	0	0	0	11	213	10	0	6	0	286	2	0	2	6	2	0	8	0	0	0	0	6	2	0	1	148	0	4	0	0	0	19	55	5	2	0	5	0	0	28	0	0	5	6	0	0	0	0	0	0	3	25	5	11	13	0	18	0	23	0	0	0	0	1194	28	0	0	605	39	0	81	0	1	406	0	0	0	0	725	8	37	41	1059	0	0	0	0	0	0	3	22	97	0	304	0	9859	9	18	6	4	1	22	15	3	1	8	34	14	5	4	1	9	3	0	4	12	34	1	1	1	0	2	1	12	1	2	22	0	1	33	1	58	2	2	10	16	3	0	2	24	57	1	0	0	0	1	1	1	41	1	0	0	7	4	0	55	0	0	26	2	39	5	1	15	1	30	2	0	2	8	1	59	38	0	0	1	1	2	0	11	26	11	6	11	2	0	1	0	0	0	0	0	0	851	1	2	159	0	20	21	0	0	0	17	15	0	9	0	0	0	21	0	0	0	0	1	171	1	4	4	85	0	9	0	0	0	49	0	0	4	1	0	0	0	2	0	0	0	0	0	12	0	0	0	0	0	0	1	2	0	12	0	96	6	0	0	0	1	163	2.8	14.740000000000002	49.13	9.246081871345028	1.28	3.99	58.22222222222222	24	108.23380952380951	3.8866666666666667	338.14285714285717	30	22.68383647798742	7.146770833333334	57.290000000000006	13.92835294117647	8.5	350	3.6100000000000003	2	2	3335	2	52.59	2.785918367346939	49	1	3.2760000000000002	21.3	45	5	6.9762352941176475	199.25	4.01	170.2173913043478	45	27.66111111111111	6.69	15	20	9.473529411764705	475	3.04	7.456666666666667	0.99	299	4.24	3.05	0.99	149	75	13	200	5	2.5	2.99	43.998000000000005	4.2490000000000006	5	1.2	1.0750000000000002	45.03916666666667	1616.6666666666667	9.794355828220858	2.55	2	0	0	0	0	1	0	0	0	1	0	0	12	0	0	0	0	0	0	0	0	0	0	0	0	0	0	0	0	0	0	0	0	0	0	0	0	0	0	0	0	0	14	1	0	0	0	0	0	0	0	0	0	1	0	0	0	0	0	0	0	0	0	0	0	0	0	0	0	0	0	0	0	0	0	0	9	0	0	0	0	0	0	0	0	0	0	0	0	0	0	0	0	0	0	0	0	0	0	0	0	0	0	0	0	0	0	0	0	0	0	0	0	0	0	0	0	0	0	0	0	0	0	0	0	0	0	0	0	0	0	1	0	0	0	0	0	0	0	0	0	0	0	0	0	0	0	0	0	0	0	0	0	0	0	0	0	0	0	0	0	0	12	2	0	1	0	0	1	7	0	0	0	3	1	0	0	1	0	0	0	0	0	44	247	70	11	0	1	18	3	0	0	0	0	22	0	0	0	0	0	432
41	189	9	3	2	123	3	111	82	0	0	0	768	239	0	272	37	0	37	74	112	1	0	1	0	17	116	310	166	61	108	43	0	1	38	26271	26	15	22	1068	148	33	8	4	36	0	5	106	16	7	1	78	3	0	0	0	0	0	0	0	1	1	0	0	20	5	5	38	4	0	0	17	53	0	0	1	1	9	77619	25	518	372	1073	5	21	343	137	846	32	339	48	27	10	0	1	75	1	0	5	34	58	34	0	6	27	5	3	46	15	6	78	2	7	13	2	0	36	4	31	0	2	0	48	207	1	0	11	0	323	4	0	4	21	0	0	0	0	6	0	5	2	3	0	0	202	0	3	0	0	2	32	42	8	0	0	8	0	2	16	20	0	10	3	3	2	1	4	2	0	1	33	6	7	25	9	10	0	22	0	0	0	0	1495	21	0	0	732	31	0	125	1	1	391	0	0	0	0	845	13	33	44	832	0	0	0	0	0	0	5	40	87	0	378	0	9889	9	20	6	4	1	22	17	2	1	8	34	14	4	4	1	8	4	0	4	13	32	1	1	1	0	2	1	12	1	2	25	0	1	31	1	55	2	2	10	17	3	0	2	27	57	1	0	0	0	1	1	1	39	1	0	0	6	5	0	66	0	0	26	3	36	6	1	16	1	31	2	0	1	8	0	63	47	0	0	1	1	2	0	11	40	7	4	10	3	0	1	0	0	0	0	0	0	851	1	2	159	0	20	21	0	0	0	17	15	0	9	0	0	0	21	0	0	0	0	1	171	1	4	4	85	0	9	0	0	0	49	0	0	4	1	0	0	0	2	0	0	0	0	0	12	0	0	0	0	0	0	1	2	0	12	0	96	6	0	0	0	1	163	2.8	14.740000000000002	49.13	9.246081871345028	1.28	3.99	58.22222222222222	24	108.23380952380951	3.8866666666666667	338.14285714285717	30	22.68383647798742	7.146770833333334	57.290000000000006	13.92835294117647	8.5	350	3.6100000000000003	2	2	3335	2	52.59	2.785918367346939	49	1	3.2760000000000002	21.3	45	5	6.9762352941176475	199.25	4.01	170.2173913043478	45	27.66111111111111	6.69	15	20	9.473529411764705	475	3.04	7.456666666666667	0.99	299	4.24	3.05	0.99	149	75	13	200	5	2.5	2.99	43.998000000000005	4.2490000000000006	5	1.2	1.0750000000000002	45.03916666666667	1616.6666666666667	9.794355828220858	2.55	2	0	0	1	0	0	0	3	0	0	0	0	13	0	0	0	0	0	0	0	0	0	0	0	0	0	0	0	0	0	0	0	0	0	0	0	0	0	0	0	0	0	17	3	0	1	0	0	0	0	0	1	0	0	1	0	0	0	0	0	0	0	0	0	0	0	0	0	0	0	0	0	0	0	0	1	10	0	0	0	0	0	0	0	0	0	0	0	0	0	0	0	0	0	0	0	0	0	0	0	0	0	0	0	0	0	0	0	0	0	0	0	0	0	0	0	0	0	0	0	0	0	0	0	0	0	0	0	0	0	0	0	0	0	0	0	0	0	0	0	0	0	0	0	0	0	0	0	0	0	0	0	0	0	0	0	0	0	0	0	0	0	17	1	1	11	0	0	4	5	0	0	0	4	2	0	0	0	0	0	0	0	0	124	242	118	7	0	1	7	0	0	0	0	0	24	0	0	0	0	0	551
0	123	12	41	4	207	0	76	192	6	2	37	917	57	0	128	0	38	1	41	111	38	37	37	0	13	225	319	119	98	146	31	1	0	36	23561	7	15	18	1173	97	6	20	1	29	0	2	237	0	8	0	51	12	0	0	0	0	0	8	0	2	0	0	0	26	1	0	30	2	0	0	31	81	0	0	0	0	0	105717	30	526	319	1095	2	19	386	108	901	7	408	35	26	12	6	1	36	1	0	7	75	64	37	0	0	19	0	9	72	23	27	4	4	5	14	7	0	39	4	18	2	3	1	33	105	0	0	14	0	332	1	1	3	8	0	9	8	0	0	0	1	6	3	1	0	176	0	1	0	0	2	14	46	22	0	0	18	0	0	27	15	0	0	4	0	0	0	0	0	3	6	20	7	10	28	11	14	0	19	0	0	0	0	1291	20	0	0	813	51	0	77	0	0	393	1	0	0	0	672	10	15	46	1063	0	0	0	0	0	0	2	54	62	0	337	0	9515	17	21	7	4	1	27	17	2	2	8	34	14	5	5	1	12	3	0	5	13	33	1	1	1	0	3	1	12	1	2	24	0	1	37	1	60	3	2	10	18	3	0	3	26	60	1	0	0	0	1	1	1	44	1	0	0	8	7	0	62	0	0	26	1	34	5	1	16	1	34	2	0	1	8	1	56	48	0	0	1	1	3	0	12	43	16	5	18	5	0	0	0	0	0	4	0	0	851	1	2	159	0	20	21	0	0	0	17	15	0	9	0	0	0	21	0	0	0	0	1	171	1	4	4	85	0	9	0	0	0	49	0	0	4	1	0	0	0	2	0	0	0	0	0	12	0	0	0	0	0	0	1	2	0	12	0	96	6	0	0	0	1	163	2.8	14.740000000000002	49.13	9.246081871345028	1.28	3.99	58.22222222222222	24	108.23380952380951	3.8866666666666667	338.14285714285717	30	22.68383647798742	7.146770833333334	57.290000000000006	13.92835294117647	8.5	350	3.6100000000000003	2	2	3335	2	52.59	2.785918367346939	49	1	3.2760000000000002	21.3	45	5	6.9762352941176475	199.25	4.01	170.2173913043478	45	27.66111111111111	6.69	15	20	9.473529411764705	475	3.04	7.456666666666667	0.99	299	4.24	3.05	0.99	149	75	13	200	5	2.5	2.99	43.998000000000005	4.2490000000000006	5	1.2	1.0750000000000002	45.03916666666667	1616.6666666666667	9.794355828220858	2.55	2	0	0	1	1	0	1	0	0	0	0	0	12	0	0	0	0	0	0	0	0	0	0	0	0	0	0	0	0	0	0	0	0	0	0	0	0	0	0	0	0	0	15	1	0	0	0	0	0	0	0	1	1	1	0	0	0	0	0	0	0	0	0	0	0	0	0	0	0	0	0	0	0	0	0	0	9	0	0	0	0	0	0	0	0	0	0	0	0	0	0	0	0	0	0	0	0	0	0	0	0	0	0	0	0	0	0	0	0	0	0	0	0	0	0	0	0	0	0	0	0	0	0	0	0	0	0	0	0	0	0	0	0	0	0	0	0	0	0	0	0	0	0	0	0	0	0	0	0	0	0	0	0	0	0	0	0	0	0	0	0	0	13	2	1	1	0	0	0	7	0	0	1	3	1	1	0	2	0	0	0	0	0	30	162	70	11	0	3	6	0	0	0	0	0	30	0	0	0	0	0	331
0	199	43	38	1	175	3	148	76	0	0	0	616	130	37	266	0	0	0	38	37	0	74	0	0	47	152	510	146	123	152	18	1	7	60	49560	20	46	11	1513	102	40	19	1	36	3	6	123	1	9	2	84	1	0	0	0	0	0	9	0	0	0	0	1	29	6	2	38	0	0	0	40	55	7	0	3	0	9	97735	62	597	377	1472	2	37	611	185	904	15	461	29	23	6	2	6	45	1	9	0	69	74	71	0	0	59	1	9	80	20	10	46	4	26	12	7	0	21	4	21	0	2	0	20	221	1	0	6	0	605	2	0	3	12	0	3	5	0	4	0	0	7	3	0	0	266	2	0	0	0	1	20	46	14	4	2	1	0	0	37	9	0	9	13	0	1	0	5	5	0	1	55	17	15	20	3	10	0	48	0	0	0	0	1262	12	0	0	742	32	0	87	0	0	448	0	0	0	0	712	4	7	27	1145	0	0	0	0	0	0	6	90	48	0	411	0	10089	11	18	6	4	1	23	17	4	2	7	30	15	4	5	1	13	3	0	5	12	31	1	1	1	0	2	1	11	1	2	21	0	1	30	1	54	3	1	9	15	2	0	2	22	57	1	0	0	0	1	1	1	45	1	0	0	6	7	0	53	0	0	23	2	33	5	1	15	1	37	1	0	1	6	0	53	42	0	0	1	1	2	0	11	60	13	4	35	4	0	1	0	0	0	2	0	0	851	1	2	159	0	20	21	0	0	0	17	15	0	9	0	0	0	21	0	0	0	0	1	171	1	4	4	85	0	9	0	0	0	49	0	0	4	1	0	0	0	2	0	0	0	0	0	12	0	0	0	0	0	0	1	2	0	12	0	96	6	0	0	0	1	163	2.8	14.740000000000002	49.13	9.246081871345028	1.28	3.99	58.22222222222222	24	108.23380952380951	3.8866666666666667	338.14285714285717	30	22.68383647798742	7.146770833333334	57.290000000000006	13.92835294117647	8.5	350	3.6100000000000003	2	2	3335	2	52.59	2.785918367346939	49	1	3.2760000000000002	21.3	45	5	6.9762352941176475	199.25	4.01	170.2173913043478	45	27.66111111111111	6.69	15	20	9.473529411764705	475	3.04	7.456666666666667	0.99	299	4.24	3.05	0.99	149	75	13	200	5	2.5	2.99	43.998000000000005	4.2490000000000006	5	1.2	1.0750000000000002	45.03916666666667	1616.6666666666667	9.794355828220858	2.55	2	0	0	0	1	0	0	1	0	1	0	0	12	0	0	0	0	0	0	0	0	0	0	0	0	0	0	0	0	0	0	0	0	0	0	0	0	0	0	0	0	0	15	0	0	0	0	0	0	0	0	1	0	3	0	0	0	0	0	0	0	0	0	0	0	0	0	0	0	0	0	0	0	0	0	0	12	0	0	0	0	0	0	0	0	0	0	0	0	0	0	0	0	0	0	0	0	0	0	0	0	0	0	0	0	0	0	0	0	0	0	0	0	0	0	0	0	0	0	0	0	0	0	0	0	0	0	0	0	0	0	0	0	0	0	0	0	0	0	0	0	0	0	0	0	0	0	0	0	0	0	0	0	0	0	0	0	0	0	0	0	0	16	2	1	3	1	0	1	8	0	0	0	3	1	0	0	0	0	0	0	0	0	56	222	69	11	0	1	11	0	0	1	0	0	18	0	0	0	0	0	409
3	241	232	75	0	325	2	111	185	0	0	0	1533	161	37	153	111	0	111	37	111	37	0	0	0	119	196	312	102	102	130	18	0	1	44	34162	8	28	14	986	170	37	17	2	27	0	14	43	3	1	6	43	0	0	0	0	0	0	7	0	0	0	0	0	53	5	1	25	4	3	0	15	56	0	8	0	0	0	59902	53	681	382	1165	7	21	591	217	799	24	487	17	22	20	1	2	8	5	1	2	56	104	64	0	0	18	1	3	49	24	6	30	3	25	3	8	0	38	4	27	6	3	0	18	211	2	0	9	0	360	10	0	1	18	0	3	12	0	0	0	7	3	0	0	2	234	0	1	0	0	0	21	49	7	2	1	0	0	0	23	10	0	2	4	0	9	0	4	0	3	0	27	17	11	37	1	10	0	48	0	0	0	0	1053	14	0	0	1046	29	1	107	1	1	363	1	0	0	0	764	4	14	28	1205	0	0	0	0	0	0	5	80	42	0	306	0	10157	11	22	6	3	1	24	17	2	2	7	32	14	4	5	1	12	3	0	5	12	32	1	1	1	0	2	1	11	1	2	20	0	1	23	1	60	3	1	10	25	3	0	2	24	57	1	0	0	0	1	1	1	42	1	0	0	6	7	0	51	0	0	28	2	33	5	1	17	1	37	2	0	1	8	1	59	47	0	0	1	1	3	0	11	29	9	4	33	7	0	0	3	0	0	2	0	0	851	1	2	159	0	20	21	0	0	0	17	15	0	9	0	0	0	21	0	0	0	0	1	171	1	4	4	85	0	9	0	0	0	49	0	0	4	1	0	0	0	2	0	0	0	0	0	12	0	0	0	0	0	0	1	2	0	12	0	96	6	0	0	0	1	163	2.8	14.740000000000002	49.13	9.246081871345028	1.28	3.99	58.22222222222222	24	108.23380952380951	3.8866666666666667	338.14285714285717	30	22.68383647798742	7.146770833333334	57.290000000000006	13.92835294117647	8.5	350	3.6100000000000003	2	2	3335	2	52.59	2.785918367346939	49	1	3.2760000000000002	21.3	45	5	6.9762352941176475	199.25	4.01	170.2173913043478	45	27.66111111111111	6.69	15	20	9.473529411764705	475	3.04	7.456666666666667	0.99	299	4.24	3.05	0.99	149	75	13	200	5	2.5	2.99	43.998000000000005	4.2490000000000006	5	1.2	1.0750000000000002	45.03916666666667	1616.6666666666667	9.794355828220858	2.55	2	0	0	1	0	0	0	1	1	1	0	0	14	0	0	0	0	0	0	0	0	0	0	0	0	0	0	0	0	0	0	0	0	0	0	0	0	0	0	0	0	0	18	0	0	0	0	0	0	0	0	1	0	0	0	0	1	0	0	0	0	0	0	0	0	0	0	0	0	0	0	0	0	0	0	0	10	0	0	0	0	0	0	0	0	0	0	0	0	0	0	0	0	0	0	0	0	0	0	0	0	0	0	0	0	0	0	0	0	0	0	0	0	0	0	0	0	0	0	0	0	0	0	0	0	0	0	0	0	0	0	1	0	0	0	0	0	0	0	0	0	0	0	0	0	0	0	0	0	0	0	0	0	0	0	0	0	0	0	0	0	0	13	4	0	4	0	0	1	6	0	0	0	6	0	0	0	1	0	0	0	0	0	91	160	60	13	0	0	12	0	0	6	0	0	32	1	0	0	0	0	397
1	304	267	38	2	312	4	151	74	0	0	0	1617	53	0	120	0	1	75	148	37	0	37	0	0	125	224	222	26	12	89	22	4	0	18	28172	9	8	6	576	90	15	8	2	23	0	7	47	0	3	3	21	2	0	0	0	0	0	0	0	0	0	0	0	15	2	1	21	0	4	0	15	50	2	0	2	0	1	148919	23	527	167	718	2	5	313	74	473	10	190	26	17	21	2	0	17	0	0	3	28	35	41	0	0	19	0	0	23	7	8	0	1	0	5	5	0	10	0	15	0	4	0	7	123	0	0	8	0	262	3	0	4	10	0	7	5	1	23	0	2	5	0	0	0	104	1	2	0	3	0	8	21	21	0	1	0	0	4	22	2	4	4	5	0	1	0	0	0	1	0	8	13	7	20	1	12	0	21	0	0	0	0	1164	8	0	0	578	64	0	66	0	1	345	1	0	0	0	834	8	11	34	1241	0	0	0	0	0	0	4	33	28	0	271	0	9187	17	21	6	4	1	25	20	2	2	8	32	11	5	6	1	12	3	0	6	12	32	1	1	1	0	2	1	12	1	2	24	0	1	97	1	59	4	1	10	36	3	0	2	26	70	1	0	0	0	1	1	1	44	1	0	0	6	12	0	56	0	0	30	1	32	6	1	18	1	38	2	0	2	9	0	60	48	0	0	1	1	2	0	12	37	11	2	17	23	0	6	2	0	0	0	0	0	851	1	2	159	0	20	21	0	0	0	17	15	0	9	0	0	0	21	0	0	0	0	1	171	1	4	4	85	0	9	0	0	0	49	0	0	4	1	0	0	0	2	0	0	0	0	0	12	0	0	0	0	0	0	1	2	0	12	0	96	6	0	0	0	1	163	2.8	14.740000000000002	49.13	9.246081871345028	1.28	3.99	58.22222222222222	24	108.23380952380951	3.8866666666666667	338.14285714285717	30	22.68383647798742	7.146770833333334	57.290000000000006	13.92835294117647	8.5	350	3.6100000000000003	2	2	3335	2	52.59	2.785918367346939	49	1	3.2760000000000002	21.3	45	5	6.9762352941176475	199.25	4.01	170.2173913043478	45	27.66111111111111	6.69	15	20	9.473529411764705	475	3.04	7.456666666666667	0.99	299	4.24	3.05	0.99	149	75	13	200	5	2.5	2.99	43.998000000000005	4.2490000000000006	5	1.2	1.0750000000000002	45.03916666666667	1616.6666666666667	9.794355828220858	2.55	2	2	0	1	0	0	0	0	0	0	0	0	7	0	0	0	0	0	0	0	0	0	0	0	0	0	0	0	0	0	0	0	0	0	0	0	0	0	0	0	0	0	10	2	0	0	0	0	0	0	0	0	0	0	0	0	0	0	0	0	0	0	0	0	0	0	0	0	0	0	0	0	0	0	0	0	8	0	0	0	0	0	0	0	0	0	0	0	0	0	0	0	0	0	0	0	0	0	0	0	0	0	0	0	0	0	0	0	0	0	0	0	0	0	0	0	0	0	0	0	0	0	0	0	0	0	0	0	0	0	0	0	0	0	0	0	0	0	0	0	0	0	0	0	0	0	0	0	0	0	0	0	0	0	0	0	0	0	0	0	0	0	10	2	0	1	0	0	0	4	1	0	0	7	2	0	0	1	0	0	0	0	1	31	183	32	12	0	1	18	0	0	2	0	0	11	0	0	0	0	0	309
0	197	283	76	38	207	3	111	557	37	0	74	1017	160	0	243	1	37	0	77	37	37	51	1	0	47	191	288	220	48	85	6	0	1	24	25741	4	10	17	1096	86	19	2	10	21	1	3	116	0	16	3	47	0	0	0	0	0	0	1	0	0	0	0	0	33	2	3	19	0	0	0	20	66	0	4	0	0	4	103336	21	808	340	1119	2	14	459	148	816	15	404	26	17	10	6	0	0	0	3	2	48	81	35	2	4	22	0	3	51	11	10	36	3	6	2	7	0	23	0	11	0	6	0	31	209	3	0	9	2	410	0	0	0	28	10	0	18	0	3	0	0	16	0	0	0	219	0	0	0	0	0	12	25	13	0	0	0	0	4	26	2	0	2	12	0	0	1	0	0	0	0	18	13	2	42	0	3	0	25	0	0	0	0	1381	9	0	0	774	148	0	101	1	0	459	0	0	0	0	580	3	38	34	1511	0	0	0	0	0	0	1	45	90	0	415	0	10536	14	19	6	4	1	24	21	3	2	8	32	11	4	6	1	13	3	0	5	12	29	1	1	1	0	2	1	11	1	2	22	0	1	30	1	59	4	1	10	31	3	0	3	26	69	1	0	0	0	1	1	1	42	1	0	0	6	13	0	62	0	0	29	1	30	6	1	17	2	36	2	0	2	9	0	56	47	0	0	1	1	3	0	11	31	28	2	27	3	1	1	0	0	4	0	0	0	851	1	2	159	0	20	21	0	0	0	17	15	0	9	0	0	0	21	0	0	0	0	1	171	1	4	4	85	0	9	0	0	0	49	0	0	4	1	0	0	0	2	0	0	0	0	0	12	0	0	0	0	0	0	1	2	0	12	0	96	6	0	0	0	1	163	2.8	14.740000000000002	49.13	9.246081871345028	1.28	3.99	58.22222222222222	24	108.23380952380951	3.8866666666666667	338.14285714285717	30	22.68383647798742	7.146770833333334	57.290000000000006	13.92835294117647	8.5	350	3.6100000000000003	2	2	3335	2	52.59	2.785918367346939	49	1	3.2760000000000002	21.3	45	5	6.9762352941176475	199.25	4.01	170.2173913043478	45	27.66111111111111	6.69	15	20	9.473529411764705	475	3.04	7.456666666666667	0.99	299	4.24	3.05	0.99	149	75	13	200	5	2.5	2.99	43.998000000000005	4.2490000000000006	5	1.2	1.0750000000000002	45.03916666666667	1616.6666666666667	9.794355828220858	2.55	2	0	0	0	0	0	0	0	0	0	0	0	11	0	0	0	0	0	0	0	0	0	0	0	0	0	0	0	0	0	0	0	0	0	0	0	0	0	0	0	0	0	11	0	0	0	0	0	0	0	0	0	0	1	0	0	0	0	0	0	0	0	0	0	0	0	0	0	0	0	0	0	0	0	0	1	9	0	0	0	0	0	0	0	0	0	0	0	0	0	0	0	0	0	0	0	0	0	0	0	0	0	0	0	0	0	0	0	0	0	0	0	0	0	0	0	0	0	0	0	0	0	0	0	0	0	0	0	0	0	0	0	0	0	0	0	0	0	0	0	0	0	0	0	0	0	0	0	0	0	0	0	0	0	0	0	0	0	0	0	1	1	13	3	0	0	0	0	2	9	1	0	0	3	0	0	0	0	0	0	0	0	0	53	178	96	10	0	1	7	2	0	0	0	0	25	0	0	0	0	0	390
150	192	242	113	0	278	0	410	190	0	0	0	1186	85	0	303	37	1	38	3	38	0	0	38	0	87	338	335	76	53	122	53	0	0	37	29109	18	28	14	752	119	30	13	1	25	0	2	55	4	6	7	53	2	0	0	0	0	0	20	0	2	0	0	0	36	1	9	15	0	0	0	38	104	3	0	1	0	4	66642	59	780	310	1259	0	15	417	85	795	31	314	24	31	50	0	2	20	0	4	5	26	71	45	0	2	18	0	2	24	11	4	36	0	4	5	1	0	9	0	12	0	2	0	27	208	6	0	2	0	204	1	0	2	12	2	0	8	0	14	0	0	3	1	0	0	158	0	0	0	2	0	17	54	8	0	10	0	0	0	18	9	2	0	4	0	1	1	0	0	2	0	34	5	0	27	4	14	0	47	0	0	0	0	1338	6	0	0	611	50	0	108	1	1	843	1	0	0	0	646	5	10	21	1618	0	0	0	0	0	0	1	29	54	0	255	0	10575	11	18	6	4	1	23	20	3	2	9	32	11	4	5	1	14	3	0	5	11	26	1	1	1	0	2	1	11	1	2	21	0	1	49	1	60	4	2	12	30	3	0	3	27	67	2	0	0	0	1	1	1	49	1	0	0	6	18	0	63	0	0	27	2	30	6	1	18	1	34	2	0	2	9	1	63	49	0	0	1	1	3	0	12	26	24	3	37	18	0	0	1	1	0	0	0	0	851	1	2	159	0	20	21	0	0	0	17	15	0	9	0	0	0	21	0	0	0	0	1	171	1	4	4	85	0	9	0	0	0	49	0	0	4	1	0	0	0	2	0	0	0	0	0	12	0	0	0	0	0	0	1	2	0	12	0	96	6	0	0	0	1	163	2.8	14.740000000000002	49.13	9.246081871345028	1.28	3.99	58.22222222222222	24	108.23380952380951	3.8866666666666667	338.14285714285717	30	22.68383647798742	7.146770833333334	57.290000000000006	13.92835294117647	8.5	350	3.6100000000000003	2	2	3335	2	52.59	2.785918367346939	49	1	3.2760000000000002	21.3	45	5	6.9762352941176475	199.25	4.01	170.2173913043478	45	27.66111111111111	6.69	15	20	9.473529411764705	475	3.04	7.456666666666667	0.99	299	4.24	3.05	0.99	149	75	13	200	5	2.5	2.99	43.998000000000005	4.2490000000000006	5	1.2	1.0750000000000002	45.03916666666667	1616.6666666666667	9.794355828220858	2.55	2	0	0	0	0	0	0	0	0	0	0	0	8	0	0	0	0	0	0	0	0	0	0	0	0	0	0	0	0	0	0	0	0	0	0	0	0	0	0	0	0	0	8	0	0	0	0	0	0	0	0	1	0	0	0	0	1	0	0	0	0	0	0	0	0	0	0	0	0	0	0	0	0	0	0	0	4	0	0	0	0	0	0	0	0	0	0	0	0	0	0	0	0	1	0	0	0	0	0	0	0	0	0	0	0	0	0	0	0	0	0	0	0	0	0	0	0	0	0	0	0	0	0	0	0	0	0	0	0	0	0	0	0	0	0	0	0	0	0	0	0	0	0	0	0	0	0	0	0	0	0	0	0	0	0	0	0	0	0	0	1	1	9	4	1	4	0	0	0	5	0	0	0	1	3	0	0	0	0	0	0	0	0	114	128	75	15	0	1	7	1	0	0	0	0	16	0	0	0	0	0	375
1	115	344	114	3	275	1	185	152	0	0	0	1097	131	14	341	37	38	37	75	38	0	0	0	0	16	236	355	235	64	120	29	5	0	107	43576	13	27	6	1195	145	41	15	0	14	5	14	137	9	14	7	66	2	0	0	0	0	0	2	0	0	0	0	0	31	5	5	65	9	7	0	54	96	0	0	0	0	5	167271	57	1025	327	869	0	22	649	135	739	2	262	62	23	4	7	0	43	9	1	2	51	69	61	0	2	46	1	4	45	55	8	38	1	8	8	20	0	38	0	26	10	6	0	35	222	9	0	10	0	296	8	0	6	22	10	3	7	0	12	0	1	10	0	0	0	211	0	2	0	10	0	22	60	6	2	0	1	0	0	29	7	2	6	13	0	0	0	0	1	2	1	20	9	1	49	1	5	0	52	0	0	0	0	1278	3	0	0	710	41	0	123	0	0	811	0	0	0	0	600	7	51	31	2155	0	0	0	0	0	0	2	50	96	0	236	1	11170	10	19	7	4	1	22	23	3	2	9	32	11	4	5	1	13	3	0	6	14	28	1	1	1	0	2	1	13	1	2	23	0	1	44	1	54	4	1	10	40	3	0	3	25	57	1	0	0	0	1	1	1	57	1	0	0	5	18	0	58	0	0	27	2	30	6	1	18	1	39	2	0	1	8	1	57	47	0	0	1	1	3	0	12	36	13	1	21	8	0	1	0	1	1	1	0	0	851	1	2	159	0	20	21	0	0	0	17	15	0	9	0	0	0	21	0	0	0	0	1	171	1	4	4	85	0	9	0	0	0	49	0	0	4	1	0	0	0	2	0	0	0	0	0	12	0	0	0	0	0	0	1	2	0	12	0	96	6	0	0	0	1	163	2.8	14.740000000000002	49.13	9.246081871345028	1.28	3.99	58.22222222222222	24	108.23380952380951	3.8866666666666667	338.14285714285717	30	22.68383647798742	7.146770833333334	57.290000000000006	13.92835294117647	8.5	350	3.6100000000000003	2	2	3335	2	52.59	2.785918367346939	49	1	3.2760000000000002	21.3	45	5	6.9762352941176475	199.25	4.01	170.2173913043478	45	27.66111111111111	6.69	15	20	9.473529411764705	475	3.04	7.456666666666667	0.99	299	4.24	3.05	0.99	149	75	13	200	5	2.5	2.99	43.998000000000005	4.2490000000000006	5	1.2	1.0750000000000002	45.03916666666667	1616.6666666666667	9.794355828220858	2.55	2	0	0	0	1	0	0	0	0	1	0	0	13	0	0	1	0	0	0	0	0	0	0	0	0	0	0	0	0	0	0	0	0	0	0	0	0	0	0	0	0	0	16	1	0	0	0	0	0	0	0	0	0	1	1	0	0	0	0	0	0	0	0	0	0	0	0	0	0	0	0	0	0	0	0	0	10	0	0	0	0	0	0	0	0	0	0	0	0	0	0	0	0	0	0	0	0	0	0	0	0	0	0	0	0	0	0	0	0	0	0	0	0	0	0	0	0	0	0	0	0	0	0	0	0	0	0	0	0	0	0	0	0	0	0	0	0	0	0	0	0	0	0	0	0	0	0	0	0	0	0	0	0	0	0	0	0	0	0	0	0	0	13	4	0	6	0	0	2	12	0	0	0	2	4	0	0	1	0	0	0	0	0	50	172	83	9	1	3	15	0	0	0	0	0	22	0	0	0	4	0	390
38	231	166	40	0	240	0	297	297	37	0	0	1371	131	37	361	0	37	76	40	185	75	37	5	0	12	226	273	201	60	129	21	8	15	38	52585	19	7	6	1194	141	36	22	0	27	0	5	133	6	2	1	52	0	0	0	0	0	0	22	0	0	0	0	5	15	0	2	104	3	13	0	14	110	0	0	3	3	9	128616	52	1074	409	1290	13	39	578	136	811	11	416	25	23	22	2	0	31	2	3	5	37	68	43	0	4	32	0	15	32	33	28	80	1	2	1	24	0	22	0	44	4	2	0	22	209	4	0	4	0	293	12	0	0	16	3	8	15	0	2	0	9	5	0	1	0	214	0	0	0	2	0	30	41	13	0	2	3	0	0	21	38	0	7	4	0	6	0	1	0	0	1	13	19	17	45	0	12	0	33	0	0	0	0	1449	3	0	0	696	21	0	118	1	1	502	0	0	0	0	634	9	39	37	1590	0	0	0	0	0	0	2	59	121	0	165	0	10514	11	20	7	4	1	25	22	3	3	8	30	11	4	6	1	15	3	0	5	10	27	1	1	1	0	2	1	10	1	2	22	0	1	52	1	54	5	1	11	100	3	0	2	24	57	1	0	0	0	1	1	1	52	1	0	1	5	15	0	53	0	0	27	1	31	5	1	17	1	40	2	0	1	9	1	61	45	0	0	1	1	3	0	15	24	23	2	23	4	1	1	0	1	2	0	0	0	851	1	2	159	0	20	21	0	0	0	17	15	0	9	0	0	0	21	0	0	0	0	1	171	1	4	4	85	0	9	0	0	0	49	0	0	4	1	0	0	0	2	0	0	0	0	0	12	0	0	0	0	0	0	1	2	0	12	0	96	6	0	0	0	1	163	2.8	14.740000000000002	49.13	9.246081871345028	1.28	3.99	58.22222222222222	24	108.23380952380951	3.8866666666666667	338.14285714285717	30	22.68383647798742	7.146770833333334	57.290000000000006	13.92835294117647	8.5	350	3.6100000000000003	2	2	3335	2	52.59	2.785918367346939	49	1	3.2760000000000002	21.3	45	5	6.9762352941176475	199.25	4.01	170.2173913043478	45	27.66111111111111	6.69	15	20	9.473529411764705	475	3.04	7.456666666666667	0.99	299	4.24	3.05	0.99	149	75	13	200	5	2.5	2.99	43.998000000000005	4.2490000000000006	5	1.2	1.0750000000000002	45.03916666666667	1616.6666666666667	9.794355828220858	2.55	2	0	0	0	0	0	0	1	0	0	0	0	12	0	0	0	0	0	0	0	0	0	0	0	0	0	0	1	0	0	0	0	0	0	0	0	0	0	0	0	0	0	14	0	0	0	0	0	0	0	0	1	1	0	0	0	1	0	0	0	0	0	0	0	0	0	0	0	0	0	0	0	0	0	0	0	5	0	0	0	0	0	0	0	0	0	0	0	0	0	0	0	0	0	0	0	0	0	0	0	0	0	0	0	0	0	0	0	0	0	0	0	0	0	0	0	0	0	0	0	0	0	0	0	0	0	0	0	0	0	0	1	0	0	1	0	0	0	0	0	0	0	0	0	0	0	0	0	0	0	0	0	0	0	0	0	0	0	0	0	1	1	12	6	0	6	0	0	0	10	0	0	0	0	1	0	0	0	0	0	0	0	0	21	190	190	11	0	7	8	1	0	2	0	0	23	0	0	0	0	0	476
38	152	218	78	0	164	4	296	43	3	0	37	1566	86	0	200	0	0	37	112	74	0	0	37	0	17	116	342	159	63	100	34	1	0	44	30584	13	29	9	1037	140	36	11	1	30	0	3	63	8	4	9	48	0	0	0	0	0	0	4	0	0	0	0	0	36	2	9	64	6	4	0	20	73	2	0	0	0	5	68038	11	1086	305	1247	2	11	576	185	797	23	380	48	10	32	0	2	18	1	0	0	34	63	55	0	8	24	1	1	20	24	18	76	5	0	19	8	0	22	0	38	1	3	0	3	139	3	0	3	0	324	8	0	0	22	1	5	14	0	5	0	1	3	0	0	0	198	0	0	0	0	0	10	56	6	4	1	1	0	0	22	2	1	7	6	0	0	1	1	1	1	0	21	4	8	53	5	13	0	46	0	0	0	0	1206	8	0	0	658	36	0	110	0	1	440	0	0	0	0	636	11	17	16	1980	0	0	0	0	0	0	4	52	132	0	154	0	10738	11	20	7	4	1	22	23	2	3	8	29	89	3	5	1	15	3	0	5	10	29	1	1	1	0	2	1	10	1	2	21	0	1	55	1	53	6	1	11	70	3	0	2	25	56	1	0	0	0	1	1	1	50	1	0	40	7	14	0	49	0	0	29	2	28	6	1	17	1	43	2	0	2	8	1	53	49	0	0	1	1	3	0	12	35	41	6	18	9	0	3	0	2	0	0	0	0	851	1	2	159	0	20	21	0	0	0	17	15	0	9	0	0	0	21	0	0	0	0	1	171	1	4	4	85	0	9	0	0	0	49	0	0	4	1	0	0	0	2	0	0	0	0	0	12	0	0	0	0	0	0	1	2	0	12	0	96	6	0	0	0	1	163	2.8	14.740000000000002	49.13	9.246081871345028	1.28	3.99	58.22222222222222	24	108.23380952380951	3.8866666666666667	338.14285714285717	30	22.68383647798742	7.146770833333334	57.290000000000006	13.92835294117647	8.5	350	3.6100000000000003	2	2	3335	2	52.59	2.785918367346939	49	1	3.2760000000000002	21.3	45	5	6.9762352941176475	199.25	4.01	170.2173913043478	45	27.66111111111111	6.69	15	20	9.473529411764705	475	3.04	7.456666666666667	0.99	299	4.24	3.05	0.99	149	75	13	200	5	2.5	2.99	43.998000000000005	4.2490000000000006	5	1.2	1.0750000000000002	45.03916666666667	1616.6666666666667	9.794355828220858	2.55	2	0	0	0	1	0	0	0	0	1	0	0	7	0	0	0	0	0	0	0	0	0	0	0	0	0	0	0	0	0	0	0	0	0	0	0	0	0	0	0	0	0	9	1	0	0	0	0	0	0	0	0	1	1	0	0	0	0	0	0	0	0	0	0	0	0	0	0	0	0	0	0	0	0	0	0	2	0	0	0	0	0	0	0	0	0	0	0	0	0	0	0	0	0	0	0	0	0	0	0	0	0	0	0	0	0	0	0	0	0	0	0	0	0	0	0	0	0	0	0	0	0	0	0	0	0	0	0	0	0	0	0	0	0	0	0	0	0	0	0	0	0	0	0	0	0	0	0	0	0	0	0	0	0	0	0	0	0	0	0	0	0	5	8	0	7	0	0	3	10	0	0	0	2	6	0	0	3	0	0	0	0	0	128	217	95	13	0	3	11	1	0	0	0	0	27	1	0	0	0	0	535
38	455	161	40	1	390	3	447	112	0	0	0	1672	99	0	527	74	37	37	186	185	0	0	37	0	13	304	254	109	95	99	16	2	0	36	31882	32	7	6	1051	124	23	15	2	22	0	9	111	19	13	0	61	0	0	0	0	0	0	1	0	1	0	0	0	12	1	0	41	4	1	0	13	63	0	0	0	0	8	70433	42	696	223	992	7	12	496	129	653	9	289	42	15	21	1	3	20	0	0	1	22	56	35	0	3	18	3	3	41	18	9	24	2	3	6	11	0	19	0	31	3	5	0	5	148	4	0	2	0	221	7	0	2	10	0	0	13	0	0	0	0	15	7	0	0	133	0	1	0	0	0	31	45	3	0	0	7	0	4	5	0	0	2	6	1	2	4	0	0	0	0	22	32	15	12	3	1	0	35	0	0	0	0	927	6	0	0	643	30	0	100	0	1	461	0	0	0	0	662	12	18	25	1430	0	0	0	0	0	0	3	41	90	0	220	0	10124	10	19	8	4	1	22	24	2	2	8	30	28	3	5	1	14	3	0	5	11	31	1	1	1	0	2	1	10	1	2	19	0	1	53	1	55	6	1	12	45	3	0	2	22	47	1	0	0	0	1	1	1	47	1	0	20	5	12	0	47	0	0	30	2	30	5	1	15	2	42	2	0	1	7	1	58	51	0	0	1	1	2	0	11	35	12	8	28	9	0	3	2	1	0	0	0	0	851	1	2	159	0	20	21	0	0	0	17	15	0	9	0	0	0	21	0	0	0	0	1	171	1	4	4	85	0	9	0	0	0	49	0	0	4	1	0	0	0	2	0	0	0	0	0	12	0	0	0	0	0	0	1	2	0	12	0	96	6	0	0	0	1	163	2.8	14.740000000000002	49.13	9.246081871345028	1.28	3.99	58.22222222222222	24	108.23380952380951	3.8866666666666667	338.14285714285717	30	22.68383647798742	7.146770833333334	57.290000000000006	13.92835294117647	8.5	350	3.6100000000000003	2	2	3335	2	52.59	2.785918367346939	49	1	3.2760000000000002	21.3	45	5	6.9762352941176475	199.25	4.01	170.2173913043478	45	27.66111111111111	6.69	15	20	9.473529411764705	475	3.04	7.456666666666667	0.99	299	4.24	3.05	0.99	149	75	13	200	5	2.5	2.99	43.998000000000005	4.2490000000000006	5	1.2	1.0750000000000002	45.03916666666667	1616.6666666666667	9.794355828220858	2.55	2	0	0	0	0	0	0	0	0	0	0	0	14	0	0	0	1	0	0	0	0	0	0	0	0	0	0	0	0	0	0	0	0	0	0	0	0	0	0	0	0	0	15	0	0	1	0	1	0	0	0	0	0	0	1	0	0	0	0	0	0	0	0	0	0	0	0	0	0	0	0	0	0	0	0	0	8	0	0	0	0	0	0	0	0	0	0	0	0	0	0	0	0	0	0	0	0	0	0	0	0	0	0	0	0	0	0	0	0	0	0	0	0	0	0	1	0	0	0	0	0	0	0	0	0	0	0	0	0	0	0	0	0	0	0	0	0	0	0	0	0	0	0	0	0	0	0	0	0	0	0	0	0	0	0	0	0	0	0	0	0	0	12	1	0	2	0	0	1	12	6	0	0	3	4	0	0	1	0	0	0	0	0	53	547	92	20	0	3	14	0	0	0	0	0	33	1	0	0	0	0	793
39	163	253	39	0	207	0	260	77	0	0	0	1240	47	0	232	0	0	77	5	112	0	0	5	0	7	157	313	133	37	102	29	7	0	19	25999	21	43	4	865	110	24	10	6	32	0	13	122	9	12	5	43	5	0	0	0	0	0	1	0	3	0	0	0	19	1	0	39	0	3	0	3	55	0	0	1	0	7	152690	21	714	254	1067	5	24	518	155	751	33	469	55	13	59	2	0	7	2	2	2	25	40	47	0	8	30	0	3	9	10	14	46	0	5	6	8	0	25	6	23	6	16	0	12	137	1	0	9	0	444	0	0	1	15	1	6	10	0	3	0	0	1	2	0	0	243	0	1	0	0	0	24	33	3	0	2	18	0	0	28	4	0	1	11	0	4	0	0	0	1	3	15	9	2	30	1	12	0	39	0	0	0	0	1246	3	0	0	603	62	0	92	1	1	341	3	0	0	0	645	14	12	12	981	0	0	0	0	0	0	4	35	87	0	209	0	9636	14	22	9	4	1	26	24	3	2	8	36	22	4	5	1	15	3	0	5	10	32	1	1	1	0	2	1	11	1	2	21	0	1	41	1	55	6	1	12	38	3	0	2	24	52	1	0	0	0	1	1	1	47	1	0	4	5	10	0	48	0	0	32	3	31	7	1	18	2	44	2	0	1	8	0	66	51	0	0	1	1	2	0	13	19	33	10	21	8	0	0	0	4	0	0	0	0	851	1	2	159	0	20	21	0	0	0	17	15	0	9	0	0	0	21	0	0	0	0	1	171	1	4	4	85	0	9	0	0	0	49	0	0	4	1	0	0	0	2	0	0	0	0	0	12	0	0	0	0	0	0	1	2	0	12	0	96	6	0	0	0	1	163	2.8	14.740000000000002	49.13	9.246081871345028	1.28	3.99	58.22222222222222	24	108.23380952380951	3.8866666666666667	338.14285714285717	30	22.68383647798742	7.146770833333334	57.290000000000006	13.92835294117647	8.5	350	3.6100000000000003	2	2	3335	2	52.59	2.785918367346939	49	1	3.2760000000000002	21.3	45	5	6.9762352941176475	199.25	4.01	170.2173913043478	45	27.66111111111111	6.69	15	20	9.473529411764705	475	3.04	7.456666666666667	0.99	299	4.24	3.05	0.99	149	75	13	200	5	2.5	2.99	43.998000000000005	4.2490000000000006	5	1.2	1.0750000000000002	45.03916666666667	1616.6666666666667	9.794355828220858	2.55	2	0	0	0	1	0	1	0	0	0	0	0	10	0	0	0	0	0	0	0	0	0	0	0	0	0	0	0	0	0	0	0	0	0	0	0	0	0	0	0	0	0	12	0	0	0	0	0	0	0	0	1	0	0	0	0	0	0	0	0	0	0	0	0	0	0	0	0	0	0	0	0	0	0	0	1	7	0	0	0	0	0	0	0	0	0	0	0	0	0	0	0	0	0	0	0	0	0	0	0	0	0	0	0	1	0	0	0	0	0	0	0	0	0	0	0	0	0	0	0	0	0	0	0	0	0	0	0	0	0	0	0	0	0	0	0	0	0	0	0	0	0	0	0	0	0	0	0	0	0	0	0	0	0	0	0	0	0	0	0	0	0	10	4	1	4	0	0	1	10	0	0	0	0	2	0	0	3	0	0	0	0	0	37	297	138	6	0	3	3	2	0	3	0	0	28	0	0	0	0	0	542
79	228	247	2	1	235	0	153	191	37	0	0	1159	16	1	252	37	1	37	152	111	37	37	0	0	58	119	409	178	68	144	34	2	17	55	36066	33	31	12	1274	104	71	24	1	44	1	16	87	5	7	1	107	0	0	0	0	0	0	17	0	1	0	0	0	33	7	0	101	4	13	0	21	100	0	12	5	0	6	296130	40	1263	413	1379	3	12	731	244	910	8	591	52	35	22	0	2	10	9	0	4	70	97	76	0	1	21	2	0	97	23	11	36	0	0	0	17	0	26	0	25	0	0	0	45	220	2	0	9	0	363	0	0	4	12	3	4	11	0	0	0	1	13	0	0	0	254	2	10	0	0	0	30	52	27	2	3	3	0	0	23	20	0	3	1	0	2	0	0	0	0	5	5	20	7	31	12	13	0	42	0	0	0	0	1541	2	0	0	675	44	0	87	0	0	374	2	0	0	0	679	5	13	1	1534	0	0	0	0	0	0	1	48	108	0	211	0	10524	12	23	9	4	1	26	24	3	2	9	35	16	4	5	1	15	3	0	6	11	30	1	1	1	0	2	1	12	1	3	24	0	1	41	1	48	6	2	13	46	3	0	2	26	56	1	0	0	0	1	1	1	48	1	0	43	4	9	0	54	0	0	28	3	29	6	1	22	2	41	2	0	2	8	1	69	54	0	0	1	1	2	0	13	46	25	20	38	10	0	5	1	0	1	1	0	0	851	1	2	159	0	20	21	0	0	0	17	15	0	9	0	0	0	21	0	0	0	0	1	171	1	4	4	85	0	9	0	0	0	49	0	0	4	1	0	0	0	2	0	0	0	0	0	12	0	0	0	0	0	0	1	2	0	12	0	96	6	0	0	0	1	163	2.8	14.740000000000002	49.13	9.246081871345028	1.28	3.99	58.22222222222222	24	108.23380952380951	3.8866666666666667	338.14285714285717	30	22.68383647798742	7.146770833333334	57.290000000000006	13.92835294117647	8.5	350	3.6100000000000003	2	2	3335	2	52.59	2.785918367346939	49	1	3.2760000000000002	21.3	45	5	6.9762352941176475	199.25	4.01	170.2173913043478	45	27.66111111111111	6.69	15	20	9.473529411764705	475	3.04	7.456666666666667	0.99	299	4.24	3.05	0.99	149	75	13	200	5	2.5	2.99	43.998000000000005	4.2490000000000006	5	1.2	1.0750000000000002	45.03916666666667	1616.6666666666667	9.794355828220858	2.55	2	1	0	0	0	0	0	1	1	0	0	0	12	0	0	0	0	0	0	0	0	0	0	0	0	0	0	0	0	0	0	0	0	0	0	0	0	0	0	0	0	0	15	0	0	0	0	0	0	1	0	0	0	0	0	0	0	0	0	0	0	0	0	0	0	0	0	0	0	0	0	0	0	0	0	0	8	0	0	0	0	0	0	0	0	0	0	0	0	0	0	0	0	0	0	0	0	0	0	0	0	0	0	0	0	0	0	0	0	0	0	0	0	0	0	0	0	0	0	0	0	0	0	0	0	0	0	0	0	0	0	0	0	0	1	0	0	0	0	0	0	0	0	0	0	0	0	0	0	0	0	0	0	0	0	0	0	0	0	0	0	0	10	1	1	6	0	2	1	16	0	0	0	3	3	0	0	3	0	0	0	0	0	108	324	85	8	0	4	20	0	0	0	0	0	24	0	0	0	0	0	609
3	155	361	148	3	131	0	298	151	0	0	0	1372	131	0	191	74	0	75	74	185	0	0	0	0	10	39	385	159	55	136	56	0	0	41	44557	17	23	13	1416	136	61	9	1	32	1	18	159	29	20	1	69	2	0	0	0	0	0	1	0	0	0	0	6	46	6	9	81	11	30	0	13	91	0	13	4	0	10	96331	27	1085	325	1213	4	18	673	154	814	18	535	67	31	25	2	0	39	1	0	0	2	75	71	0	2	21	0	5	72	43	12	28	4	3	14	13	0	26	0	24	1	0	0	18	171	4	0	6	0	514	0	0	5	13	0	9	9	0	5	0	1	28	0	0	0	227	3	11	0	0	0	30	27	21	0	0	7	0	0	30	8	0	2	18	0	0	0	0	0	3	1	50	16	39	52	2	19	0	42	0	0	0	0	1220	2	0	0	638	25	0	78	1	0	221	0	0	0	0	647	1	20	4	1673	0	0	0	0	0	0	3	28	48	0	313	0	9687	14	22	10	4	1	27	23	3	3	9	34	15	4	5	1	14	3	0	6	14	29	1	1	1	0	2	1	13	1	2	22	0	1	50	1	48	6	2	12	56	3	0	3	26	54	1	0	0	0	1	1	1	46	1	0	100	5	10	0	56	0	0	26	2	31	6	1	17	2	43	2	0	1	8	1	68	49	0	0	1	1	2	0	14	27	28	5	27	4	0	4	0	1	0	0	0	0	851	1	2	159	0	20	21	0	0	0	17	15	0	9	0	0	0	21	0	0	0	0	1	171	1	4	4	85	0	9	0	0	0	49	0	0	4	1	0	0	0	2	0	0	0	0	0	12	0	0	0	0	0	0	1	2	0	12	0	96	6	0	0	0	1	163	2.8	14.740000000000002	49.13	9.246081871345028	1.28	3.99	58.22222222222222	24	108.23380952380951	3.8866666666666667	338.14285714285717	30	22.68383647798742	7.146770833333334	57.290000000000006	13.92835294117647	8.5	350	3.6100000000000003	2	2	3335	2	52.59	2.785918367346939	49	1	3.2760000000000002	21.3	45	5	6.9762352941176475	199.25	4.01	170.2173913043478	45	27.66111111111111	6.69	15	20	9.473529411764705	475	3.04	7.456666666666667	0.99	299	4.24	3.05	0.99	149	75	13	200	5	2.5	2.99	43.998000000000005	4.2490000000000006	5	1.2	1.0750000000000002	45.03916666666667	1616.6666666666667	9.794355828220858	2.55	2	0	0	3	0	0	0	0	0	0	0	0	9	0	0	1	0	0	0	0	0	0	0	0	0	0	0	0	0	0	0	0	0	0	0	0	0	0	0	0	0	0	13	0	0	1	0	0	0	0	0	0	0	0	0	0	0	0	0	0	0	0	0	0	0	0	0	0	0	0	0	0	0	0	0	0	7	0	0	0	0	0	0	0	0	0	0	0	0	0	0	0	0	0	0	0	0	0	0	0	0	0	0	0	0	0	0	0	0	0	0	0	0	0	0	0	0	0	0	0	0	0	0	0	0	0	0	0	0	0	0	0	0	0	0	0	0	0	0	0	0	0	0	0	0	0	0	0	0	0	0	0	0	0	0	0	0	0	0	0	0	0	8	5	1	2	0	0	0	19	0	0	0	3	3	0	1	4	0	0	0	0	0	42	169	64	13	0	3	43	0	0	0	0	0	42	1	0	0	0	0	415
37	234	147	113	0	276	0	261	38	0	0	0	915	50	0	200	0	0	37	37	148	0	1	0	0	45	265	449	174	156	85	40	2	9	59	37237	24	18	7	1625	144	68	17	6	49	4	14	149	5	6	2	64	0	0	0	0	0	0	15	0	0	0	0	0	51	3	7	100	14	1	0	10	78	1	1	1	0	16	121077	60	1435	362	1571	2	29	956	268	1028	16	537	41	37	33	13	2	44	2	0	0	51	67	92	0	12	25	0	0	37	17	21	28	2	7	19	14	0	33	4	18	2	3	0	1	297	8	2	20	0	432	3	0	0	15	1	7	10	1	7	3	1	7	0	0	0	288	0	1	0	0	0	9	57	19	0	2	0	0	0	16	21	2	7	19	0	0	2	0	4	5	3	6	25	5	40	5	22	0	33	0	0	0	0	1080	6	0	0	715	26	0	66	0	2	204	0	0	0	0	530	11	7	3	1389	0	0	0	0	0	0	2	37	50	0	252	0	9146	15	20	8	4	1	22	20	2	2	8	32	15	3	5	1	14	3	0	6	10	27	1	1	1	0	2	1	11	1	2	18	0	1	52	1	49	5	1	11	48	2	0	2	22	52	1	0	0	0	1	1	1	47	1	0	76	4	9	0	49	0	0	24	2	31	6	1	14	2	70	2	0	2	7	1	62	38	0	0	1	1	2	0	13	39	36	11	16	6	1	7	1	2	0	0	0	0	851	1	2	159	0	20	21	0	0	0	17	15	0	9	0	0	0	21	0	0	0	0	1	171	1	4	4	85	0	9	0	0	0	49	0	0	4	1	0	0	0	2	0	0	0	0	0	12	0	0	0	0	0	0	1	2	0	12	0	96	6	0	0	0	1	163	2.8	14.740000000000002	49.13	9.246081871345028	1.28	3.99	58.22222222222222	24	108.23380952380951	3.8866666666666667	338.14285714285717	30	22.68383647798742	7.146770833333334	57.290000000000006	13.92835294117647	8.5	350	3.6100000000000003	2	2	3335	2	52.59	2.785918367346939	49	1	3.2760000000000002	21.3	45	5	6.9762352941176475	199.25	4.01	170.2173913043478	45	27.66111111111111	6.69	15	20	9.473529411764705	475	3.04	7.456666666666667	0.99	299	4.24	3.05	0.99	149	75	13	200	5	2.5	2.99	43.998000000000005	4.2490000000000006	5	1.2	1.0750000000000002	45.03916666666667	1616.6666666666667	9.794355828220858	2.55	2	0	0	1	0	0	0	0	0	1	0	0	7	0	0	0	0	0	0	0	0	0	0	0	0	0	0	0	0	0	0	0	0	0	0	0	0	0	0	0	0	0	9	1	0	0	0	0	0	0	0	0	1	0	0	0	0	0	0	0	0	0	0	0	0	0	0	0	0	0	0	0	0	0	0	0	8	0	0	0	0	0	0	0	0	0	0	0	0	0	0	0	0	0	0	0	0	0	0	0	0	0	0	0	0	0	0	0	0	0	0	0	0	0	0	0	0	0	0	0	0	0	0	0	0	0	0	0	0	0	0	0	0	0	0	0	0	0	0	0	0	0	0	0	0	1	0	0	0	0	0	0	0	0	0	0	0	0	0	0	1	1	13	5	0	2	0	0	0	6	0	0	0	4	1	0	0	1	0	0	0	0	0	81	148	80	10	0	2	11	1	0	1	0	0	31	1	0	0	0	0	385
1	82	320	39	0	56	3	191	338	74	0	0	900	119	0	214	0	0	0	74	38	0	0	0	0	14	229	252	128	26	58	32	0	0	26	19727	8	6	8	731	95	83	4	0	29	0	12	84	5	9	5	21	1	0	0	0	0	0	5	0	2	0	0	2	19	1	0	57	4	17	0	41	60	0	10	3	0	5	486676	68	1192	232	898	6	13	451	102	576	24	269	6	4	8	1	0	37	3	1	2	15	38	53	0	2	13	1	1	12	38	6	22	1	3	1	1	3	14	0	13	0	4	0	4	164	0	0	3	0	192	13	0	1	10	0	0	5	0	0	0	2	9	0	3	0	148	0	9	0	0	0	13	45	3	0	0	0	0	0	26	1	0	3	3	0	0	1	0	0	0	4	15	4	17	30	2	14	0	32	3	8	0	0	1025	1	8	10	885	21	0	37	0	1	198	0	1	3	1	629	11	16	9	1290	0	1	1	0	0	12	1	36	36	1	208	0	9611	18	23	8	3	1	23	26	3	2	8	31	18	3	5	1	15	3	0	6	11	35	1	1	1	0	2	1	11	1	2	18	0	1	48	1	48	5	1	11	41	3	0	1	23	55	1	0	0	0	1	1	1	47	1	0	48	4	11	0	48	0	0	25	2	30	7	1	18	2	63	2	0	2	8	1	63	42	0	0	1	1	2	0	13	40	38	20	28	45	0	1	0	2	0	8	0	0	851	1	2	159	0	20	21	0	0	0	17	15	0	9	0	0	0	21	0	0	0	0	1	171	1	4	4	85	0	9	0	0	0	49	0	0	4	1	0	0	0	2	0	0	0	0	0	12	0	0	0	0	0	0	1	2	0	12	0	96	6	0	0	0	1	163	2.8	14.740000000000002	49.13	9.246081871345028	1.28	3.99	58.22222222222222	24	108.23380952380951	3.8866666666666667	338.14285714285717	30	22.68383647798742	7.146770833333334	57.290000000000006	13.92835294117647	8.5	350	3.6100000000000003	2	2	3335	2	52.59	2.785918367346939	49	1	3.2760000000000002	21.3	45	5	6.9762352941176475	199.25	4.01	170.2173913043478	45	27.66111111111111	6.69	15	20	9.473529411764705	475	3.04	7.456666666666667	0.99	299	4.24	3.05	0.99	149	75	13	200	5	2.5	2.99	43.998000000000005	4.2490000000000006	5	1.2	1.0750000000000002	45.03916666666667	1616.6666666666667	9.794355828220858	2.55	2	0	0	1	2	0	0	0	0	0	0	0	9	0	0	0	0	0	0	0	0	0	0	0	0	0	0	0	0	0	0	0	0	0	0	0	0	0	0	0	0	0	12	0	0	0	0	0	0	0	0	1	0	0	0	0	0	0	0	0	0	0	0	0	0	0	0	0	0	0	0	0	0	0	0	0	10	0	0	0	0	0	0	0	0	0	0	0	0	0	0	0	0	0	0	0	0	0	0	0	0	0	0	0	0	0	0	0	0	0	0	0	0	0	0	0	0	0	0	0	0	0	0	0	0	1	0	0	0	0	0	0	0	0	0	0	0	0	0	0	0	0	0	0	0	0	0	0	0	0	0	0	0	0	0	0	0	0	0	0	0	0	12	2	0	9	0	0	4	3	0	0	0	3	2	0	0	2	0	0	0	0	1	134	213	77	16	0	1	10	1	0	2	0	0	42	2	0	0	0	0	524
4	321	190	0	1	257	0	223	300	111	0	0	1096	53	0	128	0	0	0	40	0	0	0	0	0	13	305	189	76	36	74	23	0	0	23	17207	8	13	8	703	77	43	8	1	14	1	10	65	0	14	6	27	0	0	0	0	0	0	0	0	0	0	0	0	5	1	0	31	0	14	1	5	54	4	11	1	0	4	92634	15	771	160	883	3	30	452	93	522	0	352	20	26	12	2	0	44	1	0	0	12	33	57	0	4	16	1	0	25	10	3	58	1	6	0	4	0	31	0	18	0	0	0	20	78	0	0	16	1	180	0	0	0	15	0	2	11	0	10	0	2	10	0	0	0	138	0	1	0	2	0	19	16	9	0	1	0	0	0	26	0	0	4	0	0	0	0	0	0	1	2	0	5	11	19	1	16	0	18	14	11	0	0	1093	7	6	12	662	23	0	49	0	3	211	0	1	0	3	609	6	30	2	1455	0	1	0	1	0	15	1	50	45	1	260	0	9306	24	24	8	4	1	26	22	3	2	8	29	16	3	5	1	14	3	0	6	11	35	1	1	1	0	2	1	11	1	2	25	0	1	49	1	48	6	1	30	32	2	0	1	25	56	1	0	0	0	1	1	1	50	1	0	46	4	9	0	47	0	0	26	2	29	6	1	19	2	83	2	0	2	8	1	67	44	0	0	1	1	3	0	14	57	44	11	9	8	0	2	0	0	0	1	0	0	851	1	2	159	0	20	21	0	0	0	17	15	0	9	0	0	0	21	0	0	0	0	1	171	1	4	4	85	0	9	0	0	0	49	0	0	4	1	0	0	0	2	0	0	0	0	0	12	0	0	0	0	0	0	1	2	0	12	0	96	6	0	0	0	1	163	2.8	14.740000000000002	49.13	9.246081871345028	1.28	3.99	58.22222222222222	24	108.23380952380951	3.8866666666666667	338.14285714285717	30	22.68383647798742	7.146770833333334	57.290000000000006	13.92835294117647	8.5	350	3.6100000000000003	2	2	3335	2	52.59	2.785918367346939	49	1	3.2760000000000002	21.3	45	5	6.9762352941176475	199.25	4.01	170.2173913043478	45	27.66111111111111	6.69	15	20	9.473529411764705	475	3.04	7.456666666666667	0.99	299	4.24	3.05	0.99	149	75	13	200	5	2.5	2.99	43.998000000000005	4.2490000000000006	5	1.2	1.0750000000000002	45.03916666666667	1616.6666666666667	9.794355828220858	2.55	2	0	1	1	0	0	0	1	0	1	0	0	8	0	0	0	0	0	0	0	0	0	0	0	0	0	0	0	0	0	0	0	0	0	0	0	0	0	0	0	0	0	12	0	0	0	0	0	0	0	0	0	0	0	0	0	0	0	0	0	0	0	0	0	0	0	0	0	0	0	0	0	0	0	0	0	12	0	0	0	0	0	0	0	0	0	0	0	0	0	0	0	0	0	0	0	0	0	0	0	0	0	0	0	0	0	0	0	0	0	0	0	0	0	0	0	0	0	0	0	0	0	0	0	0	0	0	0	0	0	0	0	0	0	0	0	0	0	0	0	0	0	0	0	0	0	0	0	0	0	0	0	0	0	0	0	0	0	0	0	0	0	12	4	0	2	0	1	1	13	0	0	0	0	1	0	0	6	0	0	0	0	0	47	161	75	4	0	1	9	2	0	0	0	0	28	0	0	0	0	0	355
41	422	172	3	0	318	0	228	261	38	0	0	1545	56	0	213	0	0	0	112	111	0	37	0	0	32	83	216	135	32	26	19	0	0	53	30497	16	15	11	922	81	85	15	0	15	0	22	37	14	34	15	43	0	0	0	0	0	0	0	0	0	0	0	0	18	4	5	55	10	13	0	13	82	0	0	0	0	6	65714	17	868	176	874	2	12	526	141	597	6	382	21	25	44	1	0	23	2	1	0	18	65	62	0	2	5	1	0	48	16	3	10	5	15	11	7	0	31	0	14	4	7	0	11	143	5	4	4	0	204	4	0	1	8	0	13	10	0	8	0	0	6	0	1	0	206	0	4	0	0	0	12	48	4	0	0	4	0	0	11	2	0	7	5	0	0	0	0	0	1	0	25	0	6	29	3	14	0	57	14	9	0	0	1392	4	21	6	724	22	0	40	0	1	282	0	0	2	3	602	19	6	4	698	1	0	2	0	0	6	1	39	60	1	231	0	9257	26	24	7	3	2	25	23	2	2	8	35	11	3	5	1	13	3	0	5	11	44	1	1	1	0	2	1	11	1	2	22	0	1	61	1	49	7	1	51	20	3	0	1	21	45	1	0	0	0	1	1	1	67	1	0	37	3	8	0	45	0	0	25	3	34	5	1	20	2	70	2	0	1	7	1	62	44	0	0	1	1	2	0	12	53	36	8	13	2	0	0	0	0	0	0	0	0	851	1	2	159	0	20	21	0	0	0	17	15	0	9	0	0	0	21	0	0	0	0	1	171	1	4	4	85	0	9	0	0	0	49	0	0	4	1	0	0	0	2	0	0	0	0	0	12	0	0	0	0	0	0	1	2	0	12	0	96	6	0	0	0	1	163	2.8	14.740000000000002	49.13	9.246081871345028	1.28	3.99	58.22222222222222	24	108.23380952380951	3.8866666666666667	338.14285714285717	30	22.68383647798742	7.146770833333334	57.290000000000006	13.92835294117647	8.5	350	3.6100000000000003	2	2	3335	2	52.59	2.785918367346939	49	1	3.2760000000000002	21.3	45	5	6.9762352941176475	199.25	4.01	170.2173913043478	45	27.66111111111111	6.69	15	20	9.473529411764705	475	3.04	7.456666666666667	0.99	299	4.24	3.05	0.99	149	75	13	200	5	2.5	2.99	43.998000000000005	4.2490000000000006	5	1.2	1.0750000000000002	45.03916666666667	1616.6666666666667	9.794355828220858	2.55	2	0	0	1	1	0	0	1	0	0	1	0	15	0	0	0	0	0	0	0	0	0	0	0	0	0	0	0	0	0	0	0	0	0	0	0	0	0	0	0	0	0	19	1	0	0	0	0	0	0	0	1	0	2	0	0	1	0	0	0	0	0	0	0	0	0	0	0	0	0	0	0	0	0	0	0	13	0	0	0	0	0	0	0	0	0	0	0	0	0	0	0	0	0	0	0	0	0	0	0	0	0	0	0	0	0	0	0	0	0	0	0	0	0	0	0	0	0	0	0	0	0	0	0	0	0	0	0	0	0	0	0	0	0	0	0	0	0	0	0	0	0	0	0	0	0	0	0	0	0	0	0	0	0	0	0	0	0	0	0	0	0	18	1	1	5	1	0	2	22	0	0	0	0	1	0	0	2	1	0	0	0	0	49	318	78	15	1	7	9	3	0	0	0	0	33	0	0	0	1	0	550
39	459	128	114	41	540	37	157	192	75	0	0	1480	129	37	157	0	74	111	111	162	0	0	1	0	17	531	217	91	34	61	14	0	3	30	21267	3	16	3	798	114	123	13	0	11	0	11	64	22	3	17	34	7	0	0	0	0	0	0	0	0	0	0	0	15	6	0	68	12	40	0	11	60	0	0	9	0	2	46927	62	722	184	848	0	9	431	100	499	4	265	14	4	17	1	0	14	0	2	2	11	45	38	0	0	12	3	0	35	26	3	16	0	9	1	6	0	15	0	11	0	1	0	2	158	0	0	8	0	301	0	0	0	11	5	4	9	0	1	0	1	0	2	0	0	177	0	3	0	0	4	10	41	14	0	0	10	0	0	15	4	0	2	2	0	4	0	0	1	7	0	11	12	4	25	0	5	3	16	9	2	0	0	1067	8	41	6	737	14	0	57	0	5	442	0	5	2	1	621	4	17	3	617	2	0	0	0	0	13	1	41	57	1	164	0	9048	18	29	10	4	2	25	32	3	2	8	39	13	4	7	1	12	3	0	6	14	35	1	1	1	0	3	1	14	1	2	24	0	1	95	1	64	7	1	25	13	3	0	1	22	43	1	0	0	0	1	1	1	57	1	0	20	6	8	0	52	0	0	25	2	41	5	1	23	3	69	2	0	2	7	1	72	41	0	0	1	1	2	0	14	68	30	6	9	13	0	0	0	1	1	1	0	0	851	1	2	159	0	20	21	0	0	0	17	15	0	9	0	0	0	21	0	0	0	0	1	171	1	4	4	85	0	9	0	0	0	49	0	0	4	1	0	0	0	2	0	0	0	0	0	12	0	0	0	0	0	0	1	2	0	12	0	96	6	0	0	0	1	163	2.8	14.740000000000002	49.13	9.246081871345028	1.28	3.99	58.22222222222222	24	108.23380952380951	3.8866666666666667	338.14285714285717	30	22.68383647798742	7.146770833333334	57.290000000000006	13.92835294117647	8.5	350	3.6100000000000003	2	2	3335	2	52.59	2.785918367346939	49	1	3.2760000000000002	21.3	45	5	6.9762352941176475	199.25	4.01	170.2173913043478	45	27.66111111111111	6.69	15	20	9.473529411764705	475	3.04	7.456666666666667	0.99	299	4.24	3.05	0.99	149	75	13	200	5	2.5	2.99	43.998000000000005	4.2490000000000006	5	1.2	1.0750000000000002	45.03916666666667	1616.6666666666667	9.794355828220858	2.55	2	0	0	0	1	0	0	1	0	0	0	0	11	0	0	0	0	0	0	0	0	0	0	0	0	0	0	0	0	0	0	0	0	0	0	0	0	0	0	0	0	0	13	0	0	0	0	0	0	0	0	0	0	0	0	0	0	0	0	0	0	0	0	0	0	0	0	0	0	0	0	0	0	0	0	0	10	0	0	0	0	0	0	0	0	0	0	0	0	0	0	0	0	1	0	0	0	0	0	0	0	0	0	0	0	0	0	0	0	0	0	0	0	0	0	0	0	0	0	0	0	0	0	0	0	0	0	0	0	0	0	0	0	0	0	0	0	0	0	0	0	0	0	0	0	0	0	0	0	0	0	0	0	0	0	0	0	0	0	0	0	0	11	1	3	1	0	1	0	4	0	0	0	2	3	0	0	3	0	0	0	0	0	119	264	104	15	0	3	12	2	0	0	0	0	60	0	0	1	0	0	598
41	341	175	42	1	428	1	150	117	0	0	0	1139	104	0	240	0	0	0	75	111	0	1	0	0	104	229	166	75	69	62	17	0	0	17	24411	10	25	5	754	89	55	11	0	17	0	33	41	9	8	1	43	1	0	0	0	0	0	1	0	0	0	0	1	6	1	0	89	7	10	0	18	65	0	0	0	0	2	92100	74	776	257	743	3	7	416	125	500	9	246	13	10	18	0	0	33	2	1	0	44	29	38	0	0	16	0	1	28	43	0	14	0	7	9	25	0	14	0	9	0	0	0	22	167	0	0	3	0	170	10	0	0	6	0	11	7	0	12	3	3	3	0	0	1	172	0	1	0	9	0	18	25	1	0	0	0	0	0	14	5	0	4	2	0	1	0	0	0	1	0	40	0	1	43	9	17	0	32	31	8	0	0	1173	3	4	10	611	61	0	53	0	2	313	0	4	6	2	729	15	6	5	659	0	0	1	0	0	9	0	69	79	2	177	0	9180	17	26	8	4	1	24	25	2	2	8	33	12	3	7	1	12	3	0	7	13	27	1	1	1	0	2	1	12	1	2	25	0	1	100	1	65	7	1	18	14	2	0	1	21	36	1	0	0	0	1	1	1	49	1	0	23	9	8	0	55	0	0	22	2	36	4	1	24	2	67	2	0	1	7	1	61	41	0	0	1	1	2	0	18	81	32	8	5	12	1	0	0	4	1	1	0	0	851	1	2	159	0	20	21	0	0	0	17	15	0	9	0	0	0	21	0	0	0	0	1	171	1	4	4	85	0	9	0	0	0	49	0	0	4	1	0	0	0	2	0	0	0	0	0	12	0	0	0	0	0	0	1	2	0	12	0	96	6	0	0	0	1	163	2.8	14.740000000000002	49.13	9.246081871345028	1.28	3.99	58.22222222222222	24	108.23380952380951	3.8866666666666667	338.14285714285717	30	22.68383647798742	7.146770833333334	57.290000000000006	13.92835294117647	8.5	350	3.6100000000000003	2	2	3335	2	52.59	2.785918367346939	49	1	3.2760000000000002	21.3	45	5	6.9762352941176475	199.25	4.01	170.2173913043478	45	27.66111111111111	6.69	15	20	9.473529411764705	475	3.04	7.456666666666667	0.99	299	4.24	3.05	0.99	149	75	13	200	5	2.5	2.99	43.998000000000005	4.2490000000000006	5	1.2	1.0750000000000002	45.03916666666667	1616.6666666666667	9.794355828220858	2.55	2	0	0	3	1	0	0	0	0	0	0	0	14	0	0	0	0	0	0	0	0	0	0	0	0	0	0	0	0	0	0	0	0	0	0	0	0	0	0	0	0	0	18	0	0	0	0	0	0	0	0	1	0	1	0	0	0	0	0	0	0	0	0	0	0	0	0	0	0	0	0	0	0	0	1	1	11	0	0	0	0	0	0	0	0	0	0	0	0	0	0	0	0	1	0	0	0	0	0	0	0	0	0	0	0	0	0	0	0	0	0	0	0	0	0	0	0	0	0	0	0	0	0	0	0	1	0	1	0	0	0	0	0	0	0	0	0	0	0	0	0	0	0	0	0	0	0	0	0	0	0	0	0	0	0	0	0	0	0	0	0	0	18	3	1	1	0	0	1	8	0	0	0	1	1	0	0	0	0	0	0	0	0	36	117	87	14	0	5	3	2	0	0	0	0	25	1	0	0	0	0	306
117	234	553	1	37	355	1	113	112	0	0	0	1348	210	0	232	0	74	0	111	111	37	0	39	0	94	194	457	187	126	99	70	0	0	38	36702	21	25	7	1155	178	58	13	0	29	0	10	139	9	2	2	61	0	0	0	0	0	0	2	0	0	0	0	0	40	2	12	108	8	24	0	38	105	0	4	0	0	6	139947	29	1633	449	1145	6	13	737	245	843	30	564	50	31	12	3	5	23	0	2	2	19	68	65	1	0	7	0	8	31	24	10	22	1	7	2	7	0	32	0	20	0	7	0	16	310	0	0	4	0	221	3	0	0	18	3	14	14	1	5	0	1	6	4	0	2	297	0	1	0	0	0	35	39	10	0	0	1	0	0	34	10	0	0	12	2	7	3	2	1	4	2	26	4	6	73	0	7	2	57	58	10	0	0	824	3	15	14	555	31	0	48	1	0	325	0	2	0	2	650	11	6	5	621	2	1	2	2	0	6	0	28	111	0	180	0	8325	28	26	9	4	5	22	22	2	2	9	32	12	3	7	1	12	4	0	6	12	26	1	1	1	0	2	1	11	1	2	22	0	1	74	1	64	7	1	17	15	2	0	1	22	36	1	0	0	0	1	1	1	46	1	0	24	7	7	0	55	0	0	29	2	36	4	1	17	3	63	2	0	1	8	1	64	40	0	0	1	1	3	0	16	74	39	6	9	7	1	0	0	3	0	1	0	0	851	1	2	159	0	20	21	0	0	0	17	15	0	9	0	0	0	21	0	0	0	0	1	171	1	4	4	85	0	9	0	0	0	49	0	0	4	1	0	0	0	2	0	0	0	0	0	12	0	0	0	0	0	0	1	2	0	12	0	96	6	0	0	0	1	163	2.8	14.740000000000002	49.13	9.246081871345028	1.28	3.99	58.22222222222222	24	108.23380952380951	3.8866666666666667	338.14285714285717	30	22.68383647798742	7.146770833333334	57.290000000000006	13.92835294117647	8.5	350	3.6100000000000003	2	2	3335	2	52.59	2.785918367346939	49	1	3.2760000000000002	21.3	45	5	6.9762352941176475	199.25	4.01	170.2173913043478	45	27.66111111111111	6.69	15	20	9.473529411764705	475	3.04	7.456666666666667	0.99	299	4.24	3.05	0.99	149	75	13	200	5	2.5	2.99	43.998000000000005	4.2490000000000006	5	1.2	1.0750000000000002	45.03916666666667	1616.6666666666667	9.794355828220858	2.55	2	0	0	0	0	0	0	0	0	0	0	0	16	0	0	0	0	0	0	0	0	0	0	0	0	0	0	0	0	0	0	0	0	0	0	0	0	0	0	0	0	0	16	0	0	0	0	0	0	0	0	0	0	0	0	0	0	0	0	0	0	0	0	0	0	0	0	0	0	0	0	0	0	0	0	0	11	0	0	0	0	0	0	0	0	0	0	0	0	0	0	0	0	0	0	0	0	0	0	0	0	0	0	0	0	0	0	0	0	0	0	0	0	0	0	0	0	0	0	0	0	0	0	0	0	0	0	0	0	0	0	0	0	0	0	0	0	0	0	0	0	0	0	0	0	0	0	0	0	0	0	0	0	0	0	0	0	0	0	0	0	0	11	2	0	0	0	0	1	13	0	0	0	4	0	0	0	2	0	0	0	0	0	56	211	72	16	0	6	6	3	0	2	0	0	40	2	0	0	0	0	436
2	311	250	53	1	329	14	297	224	0	1	0	1154	147	0	122	0	0	37	39	186	37	37	1	0	142	217	278	146	55	88	40	2	0	51	29635	15	25	11	1089	134	147	12	1	26	0	19	86	4	4	6	58	0	0	0	0	0	0	2	0	1	0	0	0	18	5	2	125	15	58	0	11	118	0	23	0	0	6	122530	21	1166	183	1045	2	15	763	204	681	9	486	58	28	12	0	0	9	1	0	5	32	74	61	0	3	30	4	1	25	21	12	20	3	8	8	26	0	21	0	16	0	7	0	15	279	0	0	5	0	213	8	0	7	9	9	8	14	0	2	0	3	2	0	1	0	182	1	0	0	0	0	9	53	8	0	0	4	0	0	13	14	0	9	3	1	0	6	0	2	4	2	37	6	0	40	3	22	0	58	32	12	0	0	721	8	5	10	590	17	0	74	1	0	242	0	3	4	0	631	22	4	2	749	1	0	1	2	0	13	0	36	94	1	157	0	8647	17	23	10	3	2	20	24	2	3	9	31	12	3	6	1	13	3	0	5	13	27	1	1	1	0	2	1	13	1	2	22	0	1	82	1	83	7	1	13	26	2	0	1	21	35	1	0	0	0	1	1	1	50	1	0	25	5	8	0	47	0	0	30	2	32	4	1	19	3	66	2	0	1	8	0	63	41	0	0	1	1	3	0	17	80	37	6	18	11	0	1	0	1	4	0	0	0	851	1	2	159	0	20	21	0	0	0	17	15	0	9	0	0	0	21	0	0	0	0	1	171	1	4	4	85	0	9	0	0	0	49	0	0	4	1	0	0	0	2	0	0	0	0	0	12	0	0	0	0	0	0	1	2	0	12	0	96	6	0	0	0	1	163	2.8	14.740000000000002	49.13	9.246081871345028	1.28	3.99	58.22222222222222	24	108.23380952380951	3.8866666666666667	338.14285714285717	30	22.68383647798742	7.146770833333334	57.290000000000006	13.92835294117647	8.5	350	3.6100000000000003	2	2	3335	2	52.59	2.785918367346939	49	1	3.2760000000000002	21.3	45	5	6.9762352941176475	199.25	4.01	170.2173913043478	45	27.66111111111111	6.69	15	20	9.473529411764705	475	3.04	7.456666666666667	0.99	299	4.24	3.05	0.99	149	75	13	200	5	2.5	2.99	43.998000000000005	4.2490000000000006	5	1.2	1.0750000000000002	45.03916666666667	1616.6666666666667	9.794355828220858	2.55	2	0	0	1	0	0	0	0	0	1	0	0	6	0	0	0	0	0	0	0	0	0	0	0	0	0	0	0	0	0	0	0	0	0	0	0	0	0	0	0	0	0	8	0	0	0	0	1	0	0	0	0	0	0	0	0	0	0	0	0	0	0	0	0	0	0	0	0	0	0	0	0	0	0	0	0	7	0	0	0	0	0	0	0	0	0	0	0	0	0	0	0	0	0	0	0	0	0	0	0	0	0	0	0	0	0	0	0	0	0	0	0	0	0	0	0	0	0	0	0	0	0	0	0	0	0	0	0	0	0	0	0	0	0	0	0	0	0	0	0	0	0	0	0	0	0	0	0	0	0	0	0	0	0	0	0	0	0	0	0	0	0	8	2	1	1	0	0	1	12	0	0	0	2	4	0	0	0	0	0	0	0	0	100	195	88	12	0	7	3	0	0	1	0	0	34	0	0	0	0	0	463
115	461	79	113	38	393	1	43	113	0	0	37	1101	135	0	233	0	74	0	37	111	37	74	0	0	20	348	256	143	49	83	13	0	0	53	30714	7	11	6	838	100	97	5	3	16	8	2	123	1	4	5	53	0	0	0	0	0	0	1	0	0	0	0	0	34	0	5	112	2	33	0	32	85	0	0	0	0	2	83541	36	911	241	1007	8	18	615	137	580	0	394	15	14	21	0	2	59	1	1	2	8	52	67	0	1	15	1	0	47	31	7	46	2	15	8	4	1	12	0	13	0	0	0	21	218	10	0	2	0	167	0	0	1	4	0	20	8	0	17	0	0	0	0	0	0	243	0	1	4	0	0	15	43	0	0	0	4	1	0	17	8	0	1	5	2	3	0	0	0	1	1	6	2	3	25	0	17	7	33	23	11	0	0	124	13	1	12	611	29	0	55	1	0	274	0	3	6	6	597	33	66	2	791	3	4	1	5	1	10	1	62	73	1	228	1	8036	16	23	8	3	1	20	22	2	3	8	29	12	2	6	1	13	3	0	4	11	25	1	1	1	0	2	1	11	1	2	20	0	1	76	1	65	8	1	13	30	2	0	1	20	32	1	0	0	0	1	1	1	49	1	0	23	4	8	0	46	0	0	29	2	34	4	1	17	3	60	2	0	1	7	1	62	39	0	0	1	1	3	0	15	111	47	30	18	21	0	1	0	1	0	0	0	0	851	1	2	159	0	20	21	0	0	0	17	15	0	9	0	0	0	21	0	0	0	0	1	171	1	4	4	85	0	9	0	0	0	49	0	0	4	1	0	0	0	2	0	0	0	0	0	12	0	0	0	0	0	0	1	2	0	12	0	96	6	0	0	0	1	163	2.8	14.740000000000002	49.13	9.246081871345028	1.28	3.99	58.22222222222222	24	108.23380952380951	3.8866666666666667	338.14285714285717	30	22.68383647798742	7.146770833333334	57.290000000000006	13.92835294117647	8.5	350	3.6100000000000003	2	2	3335	2	52.59	2.785918367346939	49	1	3.2760000000000002	21.3	45	5	6.9762352941176475	199.25	4.01	170.2173913043478	45	27.66111111111111	6.69	15	20	9.473529411764705	475	3.04	7.456666666666667	0.99	299	4.24	3.05	0.99	149	75	13	200	5	2.5	2.99	43.998000000000005	4.2490000000000006	5	1.2	1.0750000000000002	45.03916666666667	1616.6666666666667	9.794355828220858	2.55	2	0	0	1	1	0	1	0	0	0	0	0	9	0	0	0	0	0	0	0	0	0	0	0	0	0	0	0	0	0	0	0	0	0	0	0	0	0	0	0	0	0	12	0	0	0	0	0	0	0	0	0	1	0	0	0	0	0	0	0	0	0	0	0	0	0	0	0	0	0	0	0	0	0	0	0	8	0	0	0	0	0	0	0	0	0	0	0	0	0	0	0	0	0	0	0	0	0	0	0	0	0	0	0	0	0	0	0	0	0	0	0	0	0	0	0	0	0	0	0	0	0	0	0	0	0	0	0	0	0	0	0	0	0	0	0	0	0	0	0	0	0	0	0	0	0	0	0	0	0	0	0	0	0	0	0	0	0	0	0	0	0	9	6	0	3	0	0	1	11	1	0	0	1	2	0	0	0	0	1	0	0	0	46	155	74	11	0	2	11	1	0	0	0	0	27	1	0	0	0	0	354
5	271	215	74	0	280	0	37	77	0	0	0	807	60	1	248	0	0	37	38	0	0	1	2	0	60	190	303	193	63	36	40	0	0	61	36209	14	24	18	1191	123	114	14	2	23	4	41	54	11	12	1	86	1	0	0	0	0	0	2	0	0	0	0	0	38	8	8	55	11	28	0	14	102	6	3	4	0	1	160400	18	1301	271	1093	7	14	720	159	751	27	360	64	40	4	3	0	35	0	0	1	35	41	28	0	0	12	2	4	10	25	11	22	0	18	9	20	0	27	0	26	1	8	0	26	169	7	0	13	0	273	14	0	0	6	3	14	35	0	6	0	0	7	4	0	0	299	0	0	0	0	1	16	29	5	1	0	3	0	0	26	12	2	0	11	0	4	1	1	3	0	1	20	12	4	49	0	12	0	56	29	1	0	0	182	5	2	12	630	14	0	57	0	0	260	0	1	3	2	544	24	3	6	901	0	3	0	0	0	12	0	37	69	0	139	0	7845	15	26	10	4	1	22	24	3	3	8	31	14	3	7	1	15	3	0	5	12	29	1	1	1	0	2	1	12	1	2	23	0	1	54	1	69	8	1	12	32	2	0	2	22	36	1	0	0	0	1	1	1	51	1	0	26	4	8	0	56	0	0	34	2	37	5	1	18	3	63	2	0	2	8	1	61	44	0	0	1	1	3	0	19	137	63	19	17	9	1	1	1	2	0	3	0	0	851	1	2	159	0	20	21	0	0	0	17	15	0	9	0	0	0	21	0	0	0	0	1	171	1	4	4	85	0	9	0	0	0	49	0	0	4	1	0	0	0	2	0	0	0	0	0	12	0	0	0	0	0	0	1	2	0	12	0	96	6	0	0	0	1	163	2.8	14.740000000000002	49.13	9.246081871345028	1.28	3.99	58.22222222222222	24	108.23380952380951	3.8866666666666667	338.14285714285717	30	22.68383647798742	7.146770833333334	57.290000000000006	13.92835294117647	8.5	350	3.6100000000000003	2	2	3335	2	52.59	2.785918367346939	49	1	3.2760000000000002	21.3	45	5	6.9762352941176475	199.25	4.01	170.2173913043478	45	27.66111111111111	6.69	15	20	9.473529411764705	475	3.04	7.456666666666667	0.99	299	4.24	3.05	0.99	149	75	13	200	5	2.5	2.99	43.998000000000005	4.2490000000000006	5	1.2	1.0750000000000002	45.03916666666667	1616.6666666666667	9.794355828220858	2.55	2	0	0	0	0	0	0	0	0	0	0	0	8	0	0	0	0	0	0	0	0	0	0	0	0	0	0	0	0	0	0	0	0	0	0	0	0	0	0	0	0	0	8	0	0	0	0	0	0	0	0	0	0	1	0	0	1	0	0	0	0	0	0	0	0	0	0	0	0	0	0	0	0	0	0	2	5	0	0	0	0	0	0	0	0	0	0	0	0	0	0	0	0	0	0	0	0	0	0	0	0	0	0	0	0	0	0	0	0	0	0	0	0	0	0	0	0	0	0	0	0	0	0	0	0	0	0	0	0	0	0	0	0	0	0	0	0	0	0	0	0	0	0	0	0	0	0	0	0	0	0	0	0	0	0	0	0	0	0	0	0	0	9	8	3	2	0	0	3	14	0	0	1	0	4	1	0	1	0	0	0	0	0	72	252	102	9	0	0	5	3	0	1	0	0	52	1	0	0	0	0	534
42	377	214	39	0	458	1	76	263	74	0	0	1418	105	3	239	37	0	0	39	223	37	5	1	0	81	119	525	218	69	143	33	1	0	38	58008	42	13	24	1644	200	227	10	2	36	1	47	201	5	9	1	96	4	0	0	0	0	0	12	0	0	0	0	0	23	0	9	166	5	122	0	31	149	0	1	7	0	10	83321	39	1715	416	1597	4	42	991	307	966	21	688	48	36	30	1	2	44	2	2	2	49	54	68	0	4	15	3	2	83	45	14	48	0	12	7	18	0	19	0	18	6	11	0	21	254	5	0	5	0	389	7	0	1	21	1	15	40	0	10	2	0	13	0	1	1	264	0	1	0	0	4	22	49	13	1	0	20	0	0	40	13	0	5	2	4	5	1	1	0	9	0	27	16	4	38	1	39	0	58	28	10	0	0	261	13	9	8	704	34	0	47	0	0	250	0	1	1	0	487	30	22	5	895	0	1	0	1	1	6	0	37	81	0	243	0	8481	13	26	9	3	1	21	21	2	3	7	32	14	3	6	1	13	3	0	5	12	29	1	1	1	0	2	1	12	1	2	22	0	1	53	1	59	7	1	11	16	2	0	2	19	30	1	0	0	0	1	1	1	58	1	0	26	3	7	0	50	0	0	28	2	35	4	1	21	2	58	1	0	2	7	0	57	36	0	0	1	1	2	0	14	147	57	19	52	7	0	2	0	5	0	1	0	0	851	1	2	159	0	20	21	0	0	0	17	15	0	9	0	0	0	21	0	0	0	0	1	171	1	4	4	85	0	9	0	0	0	49	0	0	4	1	0	0	0	2	0	0	0	0	0	12	0	0	0	0	0	0	1	2	0	12	0	96	6	0	0	0	1	163	2.8	14.740000000000002	49.13	9.246081871345028	1.28	3.99	58.22222222222222	24	108.23380952380951	3.8866666666666667	338.14285714285717	30	22.68383647798742	7.146770833333334	57.290000000000006	13.92835294117647	8.5	350	3.6100000000000003	2	2	3335	2	52.59	2.785918367346939	49	1	3.2760000000000002	21.3	45	5	6.9762352941176475	199.25	4.01	170.2173913043478	45	27.66111111111111	6.69	15	20	9.473529411764705	475	3.04	7.456666666666667	0.99	299	4.24	3.05	0.99	149	75	13	200	5	2.5	2.99	43.998000000000005	4.2490000000000006	5	1.2	1.0750000000000002	45.03916666666667	1616.6666666666667	9.794355828220858	2.55	2	0	0	0	0	0	0	0	0	4	0	0	9	0	0	0	0	0	0	0	0	0	0	0	0	0	0	1	0	0	0	0	0	0	0	0	0	0	0	0	0	0	14	0	0	0	0	0	0	1	0	0	1	3	0	0	0	0	0	0	0	0	0	0	0	0	0	0	0	0	0	0	0	0	0	1	8	0	0	0	0	0	0	0	0	0	0	0	0	0	0	0	0	0	0	0	0	0	0	0	0	0	0	0	0	0	0	0	0	0	0	0	0	0	0	0	0	0	0	0	0	0	0	0	0	0	0	0	0	0	0	0	0	0	0	0	0	0	0	0	0	0	0	0	0	0	0	0	0	0	0	0	0	0	0	0	0	0	0	0	1	1	16	5	1	2	0	0	0	16	3	0	0	3	10	0	0	0	0	0	0	0	0	122	169	126	12	0	5	12	1	0	2	0	0	33	0	0	0	0	0	522
1	231	137	38	0	312	1	112	409	185	0	0	884	96	0	262	0	37	0	149	113	0	37	37	0	68	233	356	173	74	65	24	0	0	90	42554	7	6	8	1441	124	142	17	0	22	6	32	138	9	11	1	58	1	0	0	0	0	0	2	0	0	0	1	0	40	2	0	156	4	48	0	28	107	0	6	2	0	7	61721	23	1567	305	1338	3	24	1043	251	733	7	538	23	18	1	1	0	52	2	2	7	12	60	41	0	9	40	2	0	44	41	15	14	3	29	4	26	0	26	2	29	0	3	4	35	232	6	0	4	0	313	2	0	0	10	3	39	12	0	7	0	1	9	2	2	0	216	0	11	0	0	0	23	33	5	0	0	0	0	0	40	6	0	7	4	0	4	1	1	0	0	4	60	3	9	47	1	20	0	88	16	1	0	0	238	2	15	16	642	16	0	60	0	0	250	0	4	1	1	601	22	11	3	820	0	0	1	0	1	3	1	34	25	0	208	0	7897	12	24	9	3	1	20	21	2	2	7	29	13	2	6	1	12	3	0	5	10	27	1	1	1	0	2	1	11	1	2	20	0	1	72	1	61	7	1	9	23	2	0	1	18	27	1	0	0	0	1	1	1	50	1	0	29	3	7	0	47	0	0	26	2	31	4	1	16	2	60	1	0	2	6	0	55	34	0	0	1	1	2	0	12	74	66	12	7	10	1	1	0	5	0	0	0	0	851	1	2	159	0	20	21	0	0	0	17	15	0	9	0	0	0	21	0	0	0	0	1	171	1	4	4	85	0	9	0	0	0	49	0	0	4	1	0	0	0	2	0	0	0	0	0	12	0	0	0	0	0	0	1	2	0	12	0	96	6	0	0	0	1	163	2.8	14.740000000000002	49.13	9.246081871345028	1.28	3.99	58.22222222222222	24	108.23380952380951	3.8866666666666667	338.14285714285717	30	22.68383647798742	7.146770833333334	57.290000000000006	13.92835294117647	8.5	350	3.6100000000000003	2	2	3335	2	52.59	2.785918367346939	49	1	3.2760000000000002	21.3	45	5	6.9762352941176475	199.25	4.01	170.2173913043478	45	27.66111111111111	6.69	15	20	9.473529411764705	475	3.04	7.456666666666667	0.99	299	4.24	3.05	0.99	149	75	13	200	5	2.5	2.99	43.998000000000005	4.2490000000000006	5	1.2	1.0750000000000002	45.03916666666667	1616.6666666666667	9.794355828220858	2.55	2	0	0	0	0	0	0	0	0	1	0	0	12	0	0	0	0	0	0	0	0	0	0	0	0	0	0	0	0	0	0	0	0	0	0	0	0	0	0	0	0	0	13	0	0	0	0	0	0	0	0	0	0	0	0	0	0	0	0	0	0	0	0	0	0	0	0	0	0	0	0	0	0	0	0	1	9	0	0	0	0	0	0	0	0	0	0	0	0	0	0	0	0	0	0	0	0	0	0	0	0	0	0	0	0	0	0	0	0	0	0	0	0	0	0	0	0	0	0	0	0	0	0	0	0	0	0	0	0	0	0	0	0	0	0	0	0	0	0	0	0	0	0	0	0	0	0	0	0	0	0	0	0	0	0	0	0	0	0	0	0	0	10	1	0	1	0	0	1	6	0	0	0	1	3	0	0	1	0	0	0	0	2	32	133	99	9	0	5	8	6	0	1	0	0	33	0	0	0	0	0	342
53	493	146	39	0	537	1	38	188	37	0	0	1082	208	0	283	0	0	0	149	148	0	74	0	0	65	123	455	226	95	135	33	3	0	59	41935	51	29	19	1924	200	248	9	0	23	0	27	172	15	19	2	69	2	0	0	0	0	0	1	0	0	0	0	0	51	0	2	157	17	73	0	34	155	2	19	1	2	23	74662	62	2028	569	1516	11	16	1257	348	922	17	779	63	32	61	16	0	40	7	0	6	68	66	85	1	1	20	1	4	71	300	19	54	4	8	15	26	0	44	0	34	2	6	0	38	346	12	3	25	2	397	17	0	0	3	2	15	28	0	13	0	2	4	1	0	0	290	0	0	0	0	1	36	58	23	6	1	5	0	5	20	12	2	8	11	0	2	1	1	1	0	4	48	13	24	69	0	39	0	164	28	3	0	0	353	6	7	2	638	16	0	53	1	0	219	0	3	0	7	560	11	4	5	884	0	1	0	0	0	6	0	46	48	0	229	0	7745	13	24	8	3	1	20	19	2	2	7	28	14	2	5	1	13	2	0	5	10	28	1	1	1	0	2	1	10	1	2	23	0	1	57	1	59	6	1	11	23	2	0	2	16	28	1	0	0	0	1	1	1	50	1	0	22	4	8	0	50	0	0	22	1	32	3	1	16	2	64	1	0	2	6	0	53	31	0	0	1	1	3	0	12	126	78	22	21	11	1	0	5	9	1	1	0	0	851	1	2	159	0	20	21	0	0	0	17	15	0	9	0	0	0	21	0	0	0	0	1	171	1	4	4	85	0	9	0	0	0	49	0	0	4	1	0	0	0	2	0	0	0	0	0	12	0	0	0	0	0	0	1	2	0	12	0	96	6	0	0	0	1	163	2.8	14.740000000000002	49.13	9.246081871345028	1.28	3.99	58.22222222222222	24	108.23380952380951	3.8866666666666667	338.14285714285717	30	22.68383647798742	7.146770833333334	57.290000000000006	13.92835294117647	8.5	350	3.6100000000000003	2	2	3335	2	52.59	2.785918367346939	49	1	3.2760000000000002	21.3	45	5	6.9762352941176475	199.25	4.01	170.2173913043478	45	27.66111111111111	6.69	15	20	9.473529411764705	475	3.04	7.456666666666667	0.99	299	4.24	3.05	0.99	149	75	13	200	5	2.5	2.99	43.998000000000005	4.2490000000000006	5	1.2	1.0750000000000002	45.03916666666667	1616.6666666666667	9.794355828220858	2.55	2	0	0	0	1	0	0	0	0	0	0	0	11	0	0	0	0	0	0	0	0	0	0	0	0	0	0	0	0	0	0	0	0	0	0	0	0	0	0	0	0	0	12	1	0	0	0	0	0	0	0	0	0	0	0	0	0	0	0	0	0	0	0	0	0	0	0	0	0	0	0	0	0	0	0	0	10	0	0	0	0	0	0	0	0	0	0	0	0	0	0	0	0	0	0	0	0	0	0	0	0	0	0	0	0	0	0	0	0	0	0	0	0	0	0	0	0	0	0	0	0	0	0	0	0	0	0	0	0	0	0	0	0	0	0	0	0	0	0	0	0	0	0	0	0	0	0	0	0	0	0	0	0	0	0	0	0	0	0	0	0	0	11	5	0	3	1	0	5	16	1	0	0	3	2	0	0	0	1	0	0	0	0	81	246	99	6	2	4	10	3	0	0	0	0	37	3	0	0	0	0	528
39	307	183	115	2	320	0	39	264	113	0	0	944	36	37	150	0	1	37	112	74	37	0	0	0	68	155	253	154	118	78	4	1	0	36	24787	8	9	10	1018	164	232	11	3	13	0	7	100	2	17	3	39	0	0	0	0	0	0	4	1	0	1	0	0	21	0	0	107	2	48	0	24	111	1	0	1	0	1	77673	55	1807	284	996	10	18	734	113	716	18	387	14	13	21	1	0	5	4	2	0	34	44	35	0	0	7	1	0	10	33	14	22	5	5	15	3	0	26	0	20	0	1	0	27	333	1	0	4	0	281	5	0	3	10	0	17	18	5	5	0	0	1	0	0	0	203	0	2	2	0	0	13	40	6	2	1	1	0	0	27	3	2	3	7	0	0	1	1	0	0	1	14	9	1	59	0	29	0	60	18	3	0	2	392	11	1	3	719	18	0	52	0	1	188	0	1	15	0	652	8	24	2	899	0	0	0	0	0	7	2	49	37	0	273	0	8351	12	25	6	3	1	22	16	2	2	6	27	16	2	5	1	14	2	0	5	10	30	1	1	1	0	2	1	10	1	2	23	0	1	73	1	58	6	1	10	20	2	0	2	17	24	1	0	0	0	1	1	1	52	1	0	23	3	7	0	42	0	0	24	1	30	4	1	17	2	59	1	0	1	6	0	52	31	0	0	1	1	3	0	11	87	51	11	9	7	0	0	2	1	0	1	0	0	0	0	0	0	0	0	0	0	0	0	0	0	0	0	0	0	0	0	0	0	0	0	0	0	0	0	0	0	0	0	0	0	0	0	0	0	0	0	0	0	0	0	0	0	0	0	0	0	0	0	0	0	0	0	0	0	0	0	0	0	0	0	0	0	0	0	2.8	14.740000000000002	49.13	9.246081871345028	1.28	3.99	58.22222222222222	24	108.23380952380951	3.8866666666666667	338.14285714285717	30	22.68383647798742	7.146770833333334	57.290000000000006	13.92835294117647	8.5	350	3.6100000000000003	2	2	3335	2	52.59	2.785918367346939	49	1	3.2760000000000002	21.3	45	5	6.9762352941176475	199.25	4.01	170.2173913043478	45	27.66111111111111	6.69	15	20	9.473529411764705	475	3.04	7.456666666666667	0.99	299	4.24	3.05	0.99	149	75	13	200	5	2.5	2.99	43.998000000000005	4.2490000000000006	5	1.2	1.0750000000000002	45.03916666666667	1616.6666666666667	9.794355828220858	2.55	2	0	0	0	0	0	0	1	0	0	0	0	5	0	0	0	0	0	0	0	0	0	0	0	0	0	0	0	0	0	0	0	0	0	0	0	0	0	0	0	0	0	6	0	0	0	0	0	0	0	0	0	0	0	0	0	0	0	0	0	0	0	0	0	0	0	0	0	0	0	0	0	0	0	0	0	6	0	0	0	0	0	0	0	0	0	0	0	0	0	0	0	0	0	0	0	0	0	0	0	0	0	0	0	0	0	0	0	0	0	0	0	0	0	0	0	0	0	0	0	0	0	0	0	0	0	0	0	0	0	0	0	0	0	0	0	0	0	0	0	0	0	0	0	0	0	0	0	0	0	0	0	0	0	0	0	0	0	0	0	0	0	6	3	0	0	0	0	1	24	0	0	0	4	0	0	0	0	1	0	0	0	0	158	227	69	7	2	1	6	1	0	2	0	0	27	0	0	6	0	0	539
113	255	118	1	1	264	1	186	277	149	0	0	1212	179	75	353	1	0	37	112	148	0	12	37	0	50	175	250	49	24	28	31	0	0	33	17895	16	20	6	649	76	86	15	0	16	0	2	60	0	16	0	43	0	0	0	0	0	0	0	0	0	0	0	0	0	0	11	64	1	14	0	40	44	0	6	0	0	4	70635	31	995	220	938	6	23	477	94	584	5	301	28	8	32	0	0	44	2	2	1	40	25	21	0	2	8	2	0	20	20	0	16	0	5	0	5	0	23	0	7	0	0	0	7	170	0	0	9	0	129	5	0	0	2	0	13	9	0	1	0	0	3	0	0	0	192	0	0	0	0	0	13	57	7	0	0	0	0	0	12	3	0	0	0	0	2	0	0	0	0	2	20	9	1	19	0	5	0	41	3	5	2	0	404	11	14	2	576	19	0	78	3	0	146	0	1	11	0	591	12	5	6	862	0	0	0	0	0	5	0	30	17	0	207	0	7728	11	25	8	3	1	22	20	2	2	7	31	15	2	6	1	15	3	0	5	10	30	1	1	1	0	2	1	10	1	2	25	0	1	73	2	57	6	1	10	12	2	0	2	20	23	1	0	0	0	1	1	1	53	1	1	24	2	7	0	52	0	0	25	2	31	3	1	18	2	57	1	0	1	7	0	60	38	0	0	1	1	3	0	15	72	85	11	25	6	18	0	16	2	1	1	0	0	0	0	0	0	0	0	0	0	0	0	0	0	0	0	0	0	0	0	0	0	0	0	0	0	0	0	0	0	0	0	0	0	0	0	0	0	0	0	0	0	0	0	0	0	0	0	0	0	0	0	0	0	0	0	0	0	0	0	0	0	0	0	0	0	0	0	2.8	14.740000000000002	49.13	9.246081871345028	1.28	3.99	58.22222222222222	24	108.23380952380951	3.8866666666666667	338.14285714285717	30	22.68383647798742	7.146770833333334	57.290000000000006	13.92835294117647	8.5	350	3.6100000000000003	2	2	3335	2	52.59	2.785918367346939	49	1	3.2760000000000002	21.3	45	5	6.9762352941176475	199.25	4.01	170.2173913043478	45	27.66111111111111	6.69	15	20	9.473529411764705	475	3.04	7.456666666666667	0.99	299	4.24	3.05	0.99	149	75	13	200	5	2.5	2.99	43.998000000000005	4.2490000000000006	5	1.2	1.0750000000000002	45.03916666666667	1616.6666666666667	9.794355828220858	2.55	2	0	0	0	1	0	0	0	0	0	0	0	9	0	0	0	0	0	0	0	0	0	0	0	0	0	0	0	0	0	0	0	0	0	0	0	0	0	0	0	0	0	10	1	0	0	0	0	0	0	0	0	1	0	0	0	1	0	0	0	0	0	0	0	0	0	0	0	0	0	0	0	0	0	0	0	6	0	0	0	0	0	0	0	0	0	0	0	0	0	0	0	0	0	0	0	0	0	0	0	0	0	0	0	0	0	0	0	0	0	0	0	0	0	0	0	0	0	0	0	0	0	0	0	0	0	0	0	0	0	0	0	0	0	0	0	0	0	0	0	0	0	0	0	0	0	0	0	0	0	0	0	0	0	0	0	0	0	0	0	0	0	9	1	0	3	0	0	0	10	0	0	1	1	2	1	0	1	0	0	0	0	0	96	162	100	15	0	1	5	0	0	0	0	0	31	0	1	0	0	0	431
75	277	282	37	0	358	1	77	507	41	0	0	1259	73	0	196	37	74	0	112	111	37	0	37	0	128	135	295	134	47	85	49	0	0	22	22884	11	13	11	1081	120	199	8	0	12	0	16	56	0	17	4	34	0	3	0	0	0	0	2	0	0	0	0	0	16	0	0	65	5	72	0	29	79	0	0	1	0	7	88103	18	1265	217	973	4	14	632	178	581	6	325	10	23	37	0	0	23	2	1	3	14	36	44	0	3	6	4	0	42	81	2	12	0	4	6	14	0	8	0	12	1	2	0	11	225	0	0	10	0	246	2	0	1	15	0	9	19	0	0	0	1	2	0	2	0	228	0	1	0	3	0	10	42	13	0	0	0	0	0	12	1	4	0	2	0	0	1	0	0	0	2	31	7	4	50	3	4	0	38	15	6	0	0	464	10	5	10	661	42	0	84	3	1	186	1	1	3	0	668	11	9	23	820	0	0	0	0	1	6	2	19	21	0	188	0	8700	11	27	8	3	1	24	24	4	2	7	30	16	2	6	1	15	3	0	5	10	31	1	1	1	0	2	1	10	1	2	23	0	1	61	2	60	6	1	10	13	2	0	1	20	24	1	0	0	0	1	1	1	51	1	0	25	3	7	0	60	0	0	28	2	32	3	1	18	3	60	1	0	2	8	0	63	43	0	0	1	1	4	0	16	96	90	11	16	13	12	4	3	0	12	0	0	0	0	0	0	0	0	0	0	0	0	0	0	0	0	0	0	0	0	0	0	0	0	0	0	0	0	0	0	0	0	0	0	0	0	0	0	0	0	0	0	0	0	0	0	0	0	0	0	0	0	0	0	0	0	0	0	0	0	0	0	0	0	0	0	0	0	0	2.8	14.740000000000002	49.13	9.246081871345028	1.28	3.99	58.22222222222222	24	108.23380952380951	3.8866666666666667	338.14285714285717	30	22.68383647798742	7.146770833333334	57.290000000000006	13.92835294117647	8.5	350	3.6100000000000003	2	2	3335	2	52.59	2.785918367346939	49	1	3.2760000000000002	21.3	45	5	6.9762352941176475	199.25	4.01	170.2173913043478	45	27.66111111111111	6.69	15	20	9.473529411764705	475	3.04	7.456666666666667	0.99	299	4.24	3.05	0.99	149	75	13	200	5	2.5	2.99	43.998000000000005	4.2490000000000006	5	1.2	1.0750000000000002	45.03916666666667	1616.6666666666667	9.794355828220858	2.55	2	0	0	0	0	1	0	2	0	2	0	0	12	0	0	0	0	0	0	0	0	0	0	0	0	0	0	0	0	0	0	0	0	0	0	0	0	0	0	0	0	0	17	0	0	0	0	0	0	1	0	0	0	0	0	0	0	0	0	0	0	0	0	0	0	0	0	0	0	0	0	0	0	0	0	0	11	0	0	0	0	0	0	0	0	0	0	0	0	0	0	0	0	0	0	0	0	0	0	0	0	0	0	0	0	0	0	0	0	0	0	0	0	0	0	0	0	0	0	0	0	0	0	0	0	1	0	0	0	0	0	0	0	0	0	0	0	0	0	0	0	0	0	0	0	0	0	0	0	0	0	0	0	0	0	0	0	0	0	0	0	0	13	2	0	2	0	0	1	25	0	0	0	1	0	0	0	1	0	0	0	0	0	81	238	92	8	1	3	7	0	0	0	0	0	37	0	0	0	0	0	499
0	274	256	150	0	240	0	39	319	123	37	0	1612	143	0	8	0	0	37	75	185	38	1	0	0	50	194	286	120	42	91	38	0	0	32	26187	15	9	29	970	128	166	10	1	19	0	47	34	3	2	1	58	0	0	0	0	0	0	1	0	0	0	0	1	6	0	0	100	13	72	0	34	90	0	5	2	0	7	118292	58	1238	363	1146	4	19	653	161	706	20	456	29	15	20	3	1	33	0	1	5	28	70	46	0	1	12	3	0	48	16	5	18	3	15	22	8	4	19	0	23	0	8	0	31	229	10	0	7	0	212	10	0	3	12	0	3	7	0	8	0	1	9	7	0	1	257	0	2	0	0	0	23	24	8	0	1	6	0	0	31	15	0	5	2	0	2	1	0	0	0	0	15	0	6	30	0	16	0	72	21	17	1	0	763	13	22	4	651	24	0	80	4	0	345	1	1	3	0	663	14	28	12	708	0	0	0	0	0	7	1	24	24	1	231	1	9168	12	27	8	3	1	21	22	3	2	8	27	19	2	7	1	14	3	0	6	10	29	1	1	1	0	2	1	9	1	2	22	0	1	54	1	61	6	1	10	20	2	0	1	19	27	1	0	0	0	1	1	1	49	1	0	30	2	7	0	57	0	0	30	1	30	4	1	19	2	62	1	0	2	7	1	65	38	0	0	1	1	4	0	15	30	81	0	12	0	17	1	2	3	0	3	0	0	8	1	0	3	0	46	30	0	8	0	9	12	0	4	0	0	0	9	0	0	0	0	1	58	1	1	203	86	1	20	0	2	0	14	0	0	4	11	0	0	0	29	0	0	0	0	0	26	0	0	0	0	0	1	0	10	0	12	0	121	8	0	0	0	0	806	2.8	70.5	49.13	5.931034482758621	1.28	3.99	6.95	24	24.033333333333335	28	338.14285714285717	2	8.666666666666666	11.859504132231406	57.290000000000006	758.25	8.5	350	6	2	2	3335	2	52.59	45.642857142857146	49	1	3.2760000000000002	25.482758620689655	45	5	7	199.25	4.01	170.2173913043478	45	63.5	6.69	3	20	4	475	1.5	6.333333333333333	7.2727272727272725	3	129	3.05	0.99	149	75	13	200	5	86.9	2.99	43.998000000000005	38.99782608695652	9.47783251231527	1.2	1.0750000000000002	42.23076923076923	73.63	9.758064516129032	2.55	2	0	1	1	0	0	0	1	0	2	0	0	7	0	0	0	0	0	0	0	0	0	0	0	0	0	0	0	0	0	0	0	0	0	0	0	0	0	0	0	0	0	12	0	0	0	0	0	0	0	0	0	0	0	1	0	0	0	0	0	0	0	0	0	0	0	0	0	0	0	0	0	0	0	0	0	10	0	0	0	0	0	0	0	0	0	0	0	0	0	0	0	0	0	0	0	0	0	0	0	0	0	0	0	0	0	0	0	0	0	0	0	0	0	0	0	0	0	0	0	0	0	0	0	0	0	0	0	0	0	0	0	0	0	0	0	0	0	0	0	0	0	0	0	0	0	0	0	0	0	0	0	0	0	0	0	0	0	0	0	0	0	11	2	1	1	0	0	3	19	0	0	0	0	5	0	0	1	0	0	0	0	0	126	239	138	11	2	3	6	1	0	0	0	0	34	1	2	4	0	0	599
4	303	330	75	0	238	1	113	201	37	0	0	1094	24	0	40	0	0	37	148	37	37	0	0	0	25	371	289	197	49	137	22	0	0	28	40718	23	16	18	1290	127	113	16	0	29	0	51	123	0	17	5	61	5	0	0	0	0	0	2	0	0	0	0	0	54	0	0	111	18	54	0	35	69	2	6	0	0	9	200064	80	1494	344	1291	15	28	783	283	703	3	419	84	44	14	7	1	25	4	0	0	30	58	49	1	0	15	0	3	23	95	3	44	0	12	1	22	0	21	0	23	0	0	0	4	273	3	0	6	0	383	13	0	2	10	1	26	11	0	12	0	0	6	1	0	0	181	0	2	0	0	0	27	79	4	0	2	6	0	0	23	6	0	6	11	0	2	1	6	2	5	1	24	4	1	42	5	23	0	118	20	10	3	1	820	9	15	6	685	31	0	94	2	0	281	0	1	10	1	688	28	162	2	727	0	0	0	1	0	10	3	16	53	1	939	0	10797	12	26	15	4	1	20	19	3	2	7	26	16	2	5	1	12	3	0	6	9	29	1	1	1	0	2	1	9	1	2	24	0	1	54	2	65	6	1	11	15	2	0	1	17	22	1	0	0	0	1	1	1	54	1	0	28	2	7	0	56	0	0	27	2	30	3	1	17	3	59	1	0	2	7	0	63	38	0	0	1	1	3	0	16	33	60	5	11	1	23	1	0	0	0	0	0	0	25	1	0	48	0	52	44	0	23	0	31	21	2	9	3	0	0	435	0	0	0	2	1	130	1	7	166	85	3	22	0	1	0	62	0	0	6	20	0	1	0	30	2	0	0	0	0	50	0	2	0	0	0	0	0	3	3	24	0	153	9	0	3	2	5	929	2.8	6.896666666666666	559.1818181818181	113.85916666666667	1.28	3.99	1347.6666666666667	24	466.1515151515151	4.31	338.14285714285717	2	31.603461538461538	324.6321649484536	57.290000000000006	12.63	8.5	350	2189.9166666666665	2	0.99	3335	2	52.59	3.1032075471698115	49	1	3.2760000000000002	220.28400000000002	45	5	40.67	199.25	4.01	170.2173913043478	45	36.666666666666664	6.69	3.49	20	322.08608695652174	475	1.5	24.224562647754137	1123.33	2	1.1	3.05	3.59	149	75	13	200	5	86.9	2.99	43.998000000000005	115.23	531.0689655172414	1.2	1.0750000000000002	1106.6826315789474	1346.6666666666667	993.8440298507463	2.55	2	0	0	2	0	0	0	1	0	1	0	0	7	0	0	0	0	0	0	0	0	0	0	0	0	0	0	0	0	0	0	0	0	0	0	0	0	0	0	0	0	0	11	0	0	0	0	1	0	0	0	0	1	0	0	0	0	0	0	0	0	0	0	0	0	0	0	0	0	0	0	0	0	0	0	0	11	0	0	0	0	0	0	0	0	0	0	0	0	0	0	0	0	0	0	0	0	0	0	0	0	0	0	0	0	0	0	0	0	0	0	0	0	0	0	0	0	0	0	0	0	0	0	0	0	0	0	0	0	0	0	0	0	0	0	0	0	0	0	0	0	0	0	0	0	0	0	0	0	0	0	0	0	0	0	0	0	0	0	0	0	0	13	3	0	2	0	0	6	8	1	0	0	2	1	0	0	0	0	0	0	0	1	70	238	107	12	1	3	19	3	0	2	0	0	47	1	0	0	0	0	527
41	194	205	37	0	128	1	112	303	79	0	0	1142	289	2	119	0	37	37	77	37	0	37	0	0	45	226	402	224	57	29	26	2	2	26	54250	11	21	5	1329	139	193	18	2	18	0	76	134	8	9	0	33	0	0	0	0	0	0	1	1	0	4	0	0	35	0	18	201	20	70	0	41	93	1	10	0	1	24	77357	24	1452	354	1124	9	25	956	281	757	21	661	41	9	20	4	0	23	2	1	2	22	56	91	2	5	5	0	2	22	23	11	28	0	11	24	39	2	34	0	36	0	7	0	27	274	2	0	19	0	328	0	0	2	17	0	22	21	0	5	0	0	7	3	0	4	186	0	5	0	0	1	22	55	2	0	0	15	0	0	9	9	0	2	11	4	0	0	2	1	0	0	21	0	0	42	5	11	0	54	14	6	4	0	463	10	8	7	665	59	0	103	2	0	159	1	0	9	0	718	25	23	6	918	1	0	0	0	1	16	2	13	43	0	208	2	9202	12	25	14	3	1	24	20	3	3	8	26	17	2	5	1	11	2	0	5	9	30	1	1	1	0	2	1	9	1	2	23	0	1	54	1	63	7	1	10	18	2	0	1	18	20	1	0	0	0	1	1	1	48	1	0	29	1	7	0	57	0	0	31	2	29	3	1	18	3	64	1	0	1	8	1	61	38	0	0	1	1	3	0	19	42	48	6	21	4	35	0	0	1	0	0	0	0	0	0	0	0	0	0	0	0	0	0	0	0	0	0	0	0	0	0	0	0	0	0	0	0	0	0	0	0	0	0	0	0	0	0	0	0	0	0	0	0	0	0	0	0	0	0	0	0	0	0	0	0	0	0	0	0	0	0	0	0	0	0	0	0	0	0	2.8	6.896666666666666	559.1818181818181	113.85916666666667	1.28	3.99	1347.6666666666667	24	466.1515151515151	4.31	338.14285714285717	2	31.603461538461538	324.6321649484536	57.290000000000006	12.63	8.5	350	2189.9166666666665	2	0.99	3335	2	52.59	3.1032075471698115	49	1	3.2760000000000002	220.28400000000002	45	5	40.67	199.25	4.01	170.2173913043478	45	36.666666666666664	6.69	3.49	20	322.08608695652174	475	1.5	24.224562647754137	1123.33	2	1.1	3.05	3.59	149	75	13	200	5	86.9	2.99	43.998000000000005	115.23	531.0689655172414	1.2	1.0750000000000002	1106.6826315789474	1346.6666666666667	993.8440298507463	2.55	2	0	0	1	1	0	0	1	0	0	0	0	2	0	0	0	0	0	0	0	0	0	0	0	0	0	0	0	0	0	0	0	0	0	0	0	0	0	0	0	0	0	5	0	0	0	0	0	0	0	0	0	0	0	0	0	0	0	0	0	0	0	0	0	0	0	0	0	0	0	0	0	0	0	0	0	4	0	0	0	0	0	0	0	0	0	0	0	0	0	0	0	0	0	0	0	0	0	0	0	0	0	0	0	0	0	0	0	0	0	0	0	0	0	0	0	0	0	0	0	0	0	0	0	0	0	0	0	0	0	0	0	0	0	0	0	0	0	0	0	0	0	0	0	0	0	0	0	0	0	0	0	0	0	0	0	0	0	0	0	0	0	4	7	1	2	0	0	6	15	0	0	0	1	1	0	0	1	0	0	0	0	0	66	247	86	12	0	3	3	5	0	0	0	0	31	0	1	0	0	0	488
2	419	293	187	38	349	3	39	347	229	1	0	1450	47	0	339	37	38	0	74	112	37	0	111	0	25	76	320	127	50	69	27	2	0	58	36931	18	19	7	1151	154	177	18	3	30	0	68	79	3	34	3	42	6	0	0	0	0	0	0	0	0	0	0	2	10	0	0	224	14	62	0	40	84	0	8	0	0	13	85230	30	1323	245	1245	6	13	787	178	678	11	438	40	25	2	1	0	17	1	0	0	27	59	34	0	1	2	0	4	37	41	0	30	9	13	0	45	2	19	0	9	0	0	2	24	237	0	0	5	0	240	4	0	4	4	0	6	9	0	0	0	2	4	0	0	0	214	2	2	0	0	1	20	35	11	0	0	1	0	0	25	19	0	0	3	1	7	0	3	0	0	6	12	0	4	28	2	14	9	74	9	8	2	2	631	19	3	10	657	18	0	76	2	0	153	0	2	10	0	625	25	16	1	915	2	0	2	0	0	8	0	23	41	0	169	0	9002	11	24	14	3	1	21	23	4	3	8	24	14	2	5	1	12	2	0	4	27	27	1	1	1	0	1	1	28	1	2	22	1	1	53	1	65	6	1	12	26	2	0	2	18	19	1	1	0	0	1	1	1	48	1	0	28	1	6	0	49	0	0	32	2	28	3	1	17	3	64	1	0	1	7	0	52	34	0	0	1	1	4	0	20	44	37	5	4	2	11	0	1	1	1	0	0	0	0	0	0	0	0	0	0	0	0	0	0	0	0	0	0	0	0	0	0	0	0	0	0	0	0	0	0	0	0	0	0	0	0	0	0	0	0	0	0	0	0	0	0	0	0	0	0	0	0	0	0	0	0	0	0	0	0	0	0	0	0	0	0	0	0	0	2.8	6.896666666666666	559.1818181818181	113.85916666666667	1.28	3.99	1347.6666666666667	24	466.1515151515151	4.31	338.14285714285717	2	31.603461538461538	324.6321649484536	57.290000000000006	12.63	8.5	350	2189.9166666666665	2	0.99	3335	2	52.59	3.1032075471698115	49	1	3.2760000000000002	220.28400000000002	45	5	40.67	199.25	4.01	170.2173913043478	45	36.666666666666664	6.69	3.49	20	322.08608695652174	475	1.5	24.224562647754137	1123.33	2	1.1	3.05	3.59	149	75	13	200	5	86.9	2.99	43.998000000000005	115.23	531.0689655172414	1.2	1.0750000000000002	1106.6826315789474	1346.6666666666667	993.8440298507463	2.55	2	0	1	2	2	0	0	0	0	1	0	0	7	0	0	0	0	0	0	0	0	0	0	0	0	0	0	0	0	0	0	0	0	0	0	0	0	0	0	0	0	0	13	0	0	0	0	0	0	0	0	0	0	1	0	0	0	0	0	0	0	0	0	0	0	0	0	0	0	0	0	0	0	0	0	0	13	0	0	0	0	0	0	0	0	0	0	0	0	0	0	0	0	1	0	0	0	0	0	0	0	0	0	0	0	0	0	0	0	0	0	0	0	0	0	0	0	0	0	0	0	0	0	0	0	0	0	0	0	0	0	0	0	0	0	0	0	0	0	0	0	0	0	0	0	0	0	0	0	0	0	0	0	0	0	0	0	0	0	0	0	0	15	4	1	3	0	1	2	11	0	0	3	2	3	0	0	0	0	0	0	0	0	126	326	115	10	0	5	16	0	0	0	0	0	33	0	0	0	0	0	661
1	160	375	37	0	307	0	150	154	1	0	1	1279	69	0	47	0	75	1	77	259	0	0	38	0	76	155	190	81	66	52	12	2	8	24	33095	11	10	0	801	105	261	22	0	17	0	14	103	0	2	0	44	6	0	0	0	0	0	2	0	0	0	0	0	38	0	0	114	9	115	0	9	68	0	7	0	0	6	164316	26	1117	295	1044	0	8	653	174	642	14	435	66	16	28	0	0	35	1	2	0	38	58	31	0	1	12	0	4	32	42	8	14	1	2	1	19	0	25	0	14	0	6	0	4	197	0	0	2	0	217	4	0	0	26	10	14	10	0	30	1	2	4	0	0	2	242	0	0	0	0	2	16	29	8	0	7	2	0	0	11	7	0	6	0	0	0	0	0	0	0	2	22	9	4	33	8	28	0	76	14	9	3	1	555	18	5	5	676	22	0	104	0	0	150	1	3	25	0	536	23	13	1	810	0	1	0	1	1	8	1	22	44	0	162	0	8374	10	23	11	3	1	20	19	2	2	7	23	17	2	4	1	12	2	0	4	12	27	1	1	1	0	1	1	12	1	2	19	1	1	46	2	61	6	1	12	23	1	0	1	17	20	1	2	0	0	1	1	1	48	1	0	27	1	6	0	44	0	0	23	2	29	3	1	15	2	65	1	0	1	7	0	51	35	0	0	1	1	4	0	18	53	41	0	8	1	2	0	2	0	1	0	0	0	0	0	0	0	0	0	0	0	0	0	0	0	0	0	0	0	0	0	0	0	0	0	0	0	0	0	0	0	0	0	0	0	0	0	0	0	0	0	0	0	0	0	0	0	0	0	0	0	0	0	0	0	0	0	0	0	0	0	0	0	0	0	0	0	0	0	2.8	6.896666666666666	559.1818181818181	113.85916666666667	1.28	3.99	1347.6666666666667	24	466.1515151515151	4.31	338.14285714285717	2	31.603461538461538	324.6321649484536	57.290000000000006	12.63	8.5	350	2189.9166666666665	2	0.99	3335	2	52.59	3.1032075471698115	49	1	3.2760000000000002	220.28400000000002	45	5	40.67	199.25	4.01	170.2173913043478	45	36.666666666666664	6.69	3.49	20	322.08608695652174	475	1.5	24.224562647754137	1123.33	2	1.1	3.05	3.59	149	75	13	200	5	86.9	2.99	43.998000000000005	115.23	531.0689655172414	1.2	1.0750000000000002	1106.6826315789474	1346.6666666666667	993.8440298507463	2.55	2	0	0	1	0	0	0	0	1	0	0	0	10	0	0	0	0	0	0	0	0	0	0	0	0	0	0	0	0	0	0	0	0	0	0	0	0	0	0	0	0	0	12	0	0	1	0	0	0	0	0	0	0	0	0	0	0	0	0	0	0	0	0	0	0	0	0	0	0	0	0	0	0	0	0	0	9	0	0	0	0	0	0	0	0	0	0	0	0	0	0	0	0	0	0	0	0	0	0	0	0	0	0	0	0	0	0	0	0	0	0	0	0	0	0	0	0	0	0	0	0	0	0	0	0	0	0	0	0	0	0	0	0	0	0	0	0	0	0	0	0	0	0	0	0	0	0	0	0	0	0	0	0	0	0	0	0	0	0	0	0	0	10	5	1	5	1	0	2	14	0	0	0	2	2	0	0	4	1	0	0	0	0	86	394	115	20	1	3	3	6	0	3	0	0	44	0	0	0	0	0	712
81	156	194	113	0	314	3	116	456	41	0	0	1105	129	1	206	0	0	0	114	75	37	0	37	0	24	77	264	158	75	51	22	1	0	23	22129	9	25	8	834	127	148	13	0	20	0	28	49	11	5	2	53	0	0	0	0	0	0	1	0	0	0	0	0	10	4	3	87	5	39	0	14	51	1	0	1	0	10	117551	31	1117	219	925	4	26	616	169	602	13	428	17	13	14	0	0	9	0	0	1	11	60	45	0	3	5	0	0	14	13	12	16	2	7	5	10	0	25	0	23	0	5	0	13	178	4	0	1	0	265	3	0	3	9	0	8	20	0	7	0	0	1	0	0	0	231	2	2	0	2	1	11	55	7	0	0	0	0	0	14	1	0	9	2	0	1	0	0	0	1	0	19	0	9	45	2	15	0	40	12	3	2	0	612	19	22	4	719	25	0	84	2	0	112	0	3	21	0	534	20	8	2	771	0	0	1	0	0	4	1	15	36	0	322	0	8175	12	24	11	3	1	22	25	3	3	8	27	15	2	4	1	12	2	1	5	14	29	1	1	1	0	2	1	13	1	2	26	0	1	28	2	69	6	1	10	22	2	0	1	19	30	1	1	0	0	1	1	1	48	1	0	27	4	6	0	47	0	0	27	1	30	4	1	19	1	72	1	0	2	8	1	53	43	0	0	1	1	4	0	18	53	29	12	11	4	6	0	0	0	0	0	0	0	0	0	0	0	0	0	0	0	0	0	0	0	0	0	0	0	0	0	0	0	0	0	0	0	0	0	0	0	0	0	0	0	0	0	0	0	0	0	0	0	0	0	0	0	0	0	0	0	0	0	0	0	0	0	0	0	0	0	0	0	0	0	0	0	0	0	2.8	6.896666666666666	559.1818181818181	113.85916666666667	1.28	3.99	1347.6666666666667	24	466.1515151515151	4.31	338.14285714285717	2	31.603461538461538	324.6321649484536	57.290000000000006	12.63	8.5	350	2189.9166666666665	2	0.99	3335	2	52.59	3.1032075471698115	49	1	3.2760000000000002	220.28400000000002	45	5	40.67	199.25	4.01	170.2173913043478	45	36.666666666666664	6.69	3.49	20	322.08608695652174	475	1.5	24.224562647754137	1123.33	2	1.1	3.05	3.59	149	75	13	200	5	86.9	2.99	43.998000000000005	115.23	531.0689655172414	1.2	1.0750000000000002	1106.6826315789474	1346.6666666666667	993.8440298507463	2.55	2	0	0	1	1	2	0	1	0	0	0	0	5	0	0	0	0	0	0	0	0	0	0	0	0	0	0	0	0	0	0	0	0	0	0	0	0	0	0	0	0	0	10	1	0	0	0	0	0	0	0	0	0	0	0	0	0	0	0	0	0	0	0	0	0	0	0	0	0	0	0	0	0	0	0	0	8	0	0	0	0	0	0	0	0	0	0	0	0	0	0	0	0	0	0	0	0	0	0	0	0	0	0	0	0	0	0	0	0	0	0	0	0	0	0	0	0	0	0	0	0	0	0	0	0	0	0	0	0	0	0	0	0	0	0	0	0	0	0	0	0	0	0	0	0	0	0	0	0	0	0	0	0	0	0	0	0	0	0	0	0	0	9	1	2	4	0	0	1	7	0	0	0	1	1	0	0	1	0	0	0	0	0	68	314	90	10	0	10	11	7	0	2	0	0	38	0	1	0	0	0	569
54	307	345	262	37	292	3	185	226	76	0	0	1651	89	0	223	0	0	0	38	149	0	0	1	0	29	224	218	110	40	33	2	0	0	13	24971	30	34	11	690	106	180	28	2	13	0	21	60	3	0	1	26	0	0	0	0	0	0	1	0	2	0	0	0	29	2	18	163	2	88	0	19	65	0	6	0	0	4	74031	28	706	142	895	0	8	509	148	451	29	275	30	9	12	4	0	24	0	1	0	4	21	22	0	0	12	2	2	32	38	8	16	4	2	7	7	1	9	0	10	3	0	0	37	166	2	0	0	2	107	0	0	6	6	0	13	7	0	0	0	0	3	0	0	0	173	0	4	0	0	1	10	26	1	1	0	0	0	0	18	0	0	7	0	0	3	0	0	0	4	0	12	6	12	28	6	15	0	48	11	2	2	1	707	17	9	4	768	24	0	69	1	0	132	0	1	8	0	601	14	5	4	700	0	0	0	1	1	10	1	9	26	0	245	0	8402	12	26	11	3	1	21	24	3	3	8	31	16	2	4	1	12	3	1	5	12	28	1	1	1	0	2	1	11	1	2	23	1	1	28	2	60	6	1	10	20	1	0	1	19	34	1	1	0	0	1	1	1	46	1	0	24	1	7	0	58	0	0	24	2	30	4	1	18	1	64	2	0	2	7	1	57	42	0	0	1	1	3	0	18	57	43	9	5	4	12	0	1	0	0	0	0	0	0	0	0	0	0	0	0	0	0	0	0	0	0	0	0	0	0	0	0	0	0	0	0	0	0	0	0	0	0	0	0	0	0	0	0	0	0	0	0	0	0	0	0	0	0	0	0	0	0	0	0	0	0	0	0	0	0	0	0	0	0	0	0	0	0	0	2.8	6.896666666666666	559.1818181818181	113.85916666666667	1.28	3.99	1347.6666666666667	24	466.1515151515151	4.31	338.14285714285717	2	31.603461538461538	324.6321649484536	57.290000000000006	12.63	8.5	350	2189.9166666666665	2	0.99	3335	2	52.59	3.1032075471698115	49	1	3.2760000000000002	220.28400000000002	45	5	40.67	199.25	4.01	170.2173913043478	45	36.666666666666664	6.69	3.49	20	322.08608695652174	475	1.5	24.224562647754137	1123.33	2	1.1	3.05	3.59	149	75	13	200	5	86.9	2.99	43.998000000000005	115.23	531.0689655172414	1.2	1.0750000000000002	1106.6826315789474	1346.6666666666667	993.8440298507463	2.55	2	1	0	0	1	0	0	0	0	0	0	0	3	0	0	0	0	0	0	0	0	0	0	0	0	0	0	0	0	0	0	0	0	0	0	0	0	0	0	0	0	0	5	0	0	0	0	0	0	0	0	0	0	0	0	0	0	0	0	0	0	0	0	0	0	0	0	0	0	0	0	0	0	0	0	0	4	0	0	0	0	0	0	0	0	0	0	0	0	0	0	0	0	0	0	0	0	0	0	0	0	0	0	0	0	0	0	0	0	0	0	0	0	0	0	0	0	0	0	0	0	0	0	0	0	0	0	0	0	0	0	0	0	0	0	0	0	0	0	0	0	0	0	0	0	0	0	0	0	0	0	0	0	0	0	0	0	0	0	0	0	0	4	6	4	1	0	1	1	13	1	0	0	2	0	0	0	4	0	0	0	0	0	192	363	125	8	0	4	7	4	0	0	0	0	37	0	0	2	0	0	775
77	377	331	1	0	466	1	297	305	1	37	0	1571	198	0	340	0	0	0	37	185	0	0	39	0	71	121	235	110	69	59	8	0	0	7	26015	7	15	6	761	93	162	8	0	8	0	75	58	0	12	0	52	8	0	0	0	0	0	0	0	0	0	0	0	14	0	5	138	7	73	0	30	70	0	0	0	0	3	78927	26	910	172	717	6	15	585	113	498	4	300	39	16	2	0	1	22	1	0	0	15	40	34	1	0	17	1	4	18	15	12	12	0	10	1	19	0	22	0	28	0	3	0	12	182	0	0	8	0	168	0	0	0	0	0	20	0	1	6	0	3	8	0	0	0	195	0	4	0	0	0	14	37	2	0	0	9	0	0	28	0	0	3	2	1	0	0	0	0	1	1	15	1	0	46	0	18	0	93	11	9	1	0	937	17	6	0	731	25	0	72	2	1	137	0	3	1	0	585	14	10	8	686	0	0	1	0	0	7	1	18	22	0	272	0	8617	11	25	10	3	1	21	24	3	3	8	28	14	2	5	1	13	3	1	5	11	26	1	1	1	0	2	1	11	1	2	26	1	1	28	2	55	6	1	11	21	2	0	1	20	32	1	2	0	0	1	1	1	47	1	0	23	1	6	0	64	0	0	28	2	28	4	1	17	1	60	1	0	2	8	0	59	41	0	0	1	1	4	0	21	44	26	2	7	5	7	1	0	0	0	0	0	0	0	0	0	0	0	0	0	0	0	0	0	0	0	0	0	0	0	0	0	0	0	0	0	0	0	0	0	0	0	0	0	0	0	0	0	0	0	0	0	0	0	0	0	0	0	0	0	0	0	0	0	0	0	0	0	0	0	0	0	0	0	0	0	0	0	0	2.8	6.896666666666666	559.1818181818181	113.85916666666667	1.28	3.99	1347.6666666666667	24	466.1515151515151	4.31	338.14285714285717	2	31.603461538461538	324.6321649484536	57.290000000000006	12.63	8.5	350	2189.9166666666665	2	0.99	3335	2	52.59	3.1032075471698115	49	1	3.2760000000000002	220.28400000000002	45	5	40.67	199.25	4.01	170.2173913043478	45	36.666666666666664	6.69	3.49	20	322.08608695652174	475	1.5	24.224562647754137	1123.33	2	1.1	3.05	3.59	149	75	13	200	5	86.9	2.99	43.998000000000005	115.23	531.0689655172414	1.2	1.0750000000000002	1106.6826315789474	1346.6666666666667	993.8440298507463	2.55	2	0	0	1	0	0	0	0	1	0	0	0	12	0	0	0	0	0	0	0	0	0	0	0	0	0	0	0	0	0	0	0	0	0	0	0	0	0	0	0	0	0	14	0	0	0	0	0	0	0	0	0	0	0	0	0	0	0	0	0	0	0	0	0	0	0	0	0	0	0	0	0	0	0	0	1	6	0	0	0	0	0	0	0	0	0	0	0	0	0	0	0	0	0	0	0	0	0	0	0	0	0	0	0	0	0	0	0	0	0	0	0	0	0	0	0	0	0	0	0	0	0	0	0	0	0	0	0	0	0	0	0	0	0	0	0	0	0	0	0	0	0	0	0	0	0	0	0	0	0	0	0	0	0	0	0	0	0	0	0	0	0	7	2	1	4	0	0	5	13	0	0	0	2	0	0	0	0	0	0	0	0	0	79	280	63	13	0	2	7	9	0	0	0	0	32	0	1	0	0	0	513
0	234	403	111	0	278	1	78	891	74	0	0	1648	91	0	158	0	0	37	2	223	37	1	263	0	68	378	260	127	51	55	4	0	6	24	26582	9	19	5	908	107	324	7	1	17	0	25	80	2	11	2	27	1	0	0	0	0	0	3	1	2	0	1	0	26	0	13	94	9	82	0	30	55	0	0	1	0	6	107612	68	1142	249	1076	4	23	716	101	569	0	369	33	8	22	0	6	26	1	2	0	52	26	56	0	2	19	3	4	24	40	0	40	1	13	3	15	0	23	0	28	0	0	0	21	207	0	0	5	0	165	1	0	2	15	0	19	10	0	18	0	0	6	0	0	0	250	2	3	0	0	0	19	43	4	0	0	1	0	0	10	8	0	4	2	0	6	0	0	0	0	1	12	2	0	50	6	13	0	58	5	2	2	0	549	6	16	2	680	20	0	75	0	0	135	0	0	4	0	580	12	11	14	690	0	0	0	0	1	4	2	28	18	0	315	0	8236	11	24	13	3	1	19	65	8	2	9	25	13	2	4	1	14	3	1	5	10	28	1	1	1	0	2	1	10	1	2	24	1	1	25	1	59	6	1	10	19	1	0	1	17	31	1	1	0	0	1	1	1	48	1	0	21	1	6	0	57	0	0	25	1	29	4	1	16	1	65	1	0	1	7	1	60	38	0	0	1	1	3	0	18	58	55	1	6	1	8	0	0	0	0	0	0	0	8	1	2	5	0	24	13	0	8	0	19	6	0	3	0	0	0	25	0	0	0	0	0	28	0	2	113	37	0	8	0	1	0	4	0	0	24	3	0	0	0	20	0	0	0	0	0	38	0	0	0	0	1	0	0	5	0	4	0	68	5	0	0	0	0	287	2.8	3.5416666666666665	36.88	7.535714285714286	8.5	3.99	10	24	57.30769230769231	2.75	338.14285714285717	2	4.8	10.279411764705882	57.290000000000006	11.25	8.5	350	4.166666666666667	2	0.99	3335	2	52.59	37.75	49	1	3.2760000000000002	15.65	45	5	17.945945945945947	199.25	4.01	170.2173913043478	45	8	6.69	3.49	20	170.42105263157896	475	1.5	4.88	8	3	2	3.05	3.59	149	75	13	200	5	161	2.99	43.998000000000005	58.333333333333336	35.70796460176991	1.2	1.0750000000000002	5.157894736842105	51	11.442508710801393	2.55	2	0	0	2	3	0	0	0	0	1	0	0	14	0	0	0	0	0	0	0	0	0	0	0	0	0	0	0	0	0	0	0	0	0	0	0	0	0	0	0	0	0	20	0	0	0	0	0	0	0	0	0	0	0	0	0	0	0	0	0	0	0	0	0	0	0	0	0	0	0	0	0	0	0	0	0	12	0	0	0	0	0	0	0	0	0	0	0	0	0	0	0	0	0	0	0	0	0	0	0	0	0	0	0	0	0	0	0	0	0	0	0	0	0	0	0	0	0	0	0	0	0	0	0	0	0	0	0	0	0	0	0	0	0	0	0	0	0	0	0	0	0	0	0	0	0	0	0	0	0	0	0	0	0	0	0	0	0	0	0	0	0	12	5	3	0	0	0	1	6	1	0	0	0	0	0	0	0	0	0	0	0	0	54	347	105	14	0	5	13	6	0	0	0	0	39	0	0	0	0	0	599
41	204	289	76	1	286	3	114	412	111	0	0	1089	89	0	53	0	37	0	148	37	0	1	4	0	75	154	210	79	53	51	15	1	6	5	19369	18	6	4	501	94	237	3	0	11	0	19	55	2	8	2	26	0	0	0	0	0	0	1	0	0	0	0	1	23	0	2	81	5	59	0	48	97	0	0	0	1	3	160187	60	1522	171	917	9	14	619	84	469	1	298	13	16	21	2	0	15	0	4	0	4	61	18	0	0	18	2	2	34	18	1	28	8	1	2	2	0	12	0	14	0	2	0	8	218	0	0	17	0	202	5	0	0	3	3	13	10	0	15	0	0	2	0	0	0	188	0	5	0	0	0	3	33	7	0	5	2	0	0	12	0	0	0	4	0	0	8	3	3	0	0	7	10	0	61	2	19	0	55	12	0	0	0	427	12	4	2	724	13	0	85	1	0	179	1	0	1	0	615	18	16	5	817	0	0	1	0	0	2	2	12	17	0	232	7	8932	12	27	10	4	1	23	33	3	2	9	29	14	2	5	1	15	3	1	6	11	31	1	1	1	0	2	1	12	1	3	30	1	1	30	2	78	9	1	14	21	2	0	2	21	37	1	2	0	0	1	1	1	58	1	0	29	1	7	0	64	0	0	26	1	35	5	1	19	1	72	2	0	2	8	1	61	46	0	0	1	1	4	0	24	34	80	2	6	11	7	0	0	0	0	0	0	0	8	0	2	2	0	21	12	0	14	0	24	8	0	1	0	0	0	29	0	0	0	0	1	31	0	0	194	68	0	8	0	2	0	6	0	0	44	4	0	0	0	33	0	0	0	0	0	54	0	0	0	0	0	1	0	7	0	4	0	118	9	0	0	0	0	399	2.8	3.86046511627907	49.785714285714285	9.516129032258064	15	3.99	22.88	24	66	3	338.14285714285717	150	12	7.711864406779661	57.290000000000006	3.25	8.5	350	9	2	0.99	3335	2	52.59	34.166666666666664	49	1	3.2760000000000002	17.636363636363637	45	6	22.926470588235293	199.25	4.01	170.2173913043478	45	55	6.69	3.49	20	116	475	2	5.103448275862069	5.75	3	2	3.05	3.59	149	75	13	200	5	70	2.99	43.998000000000005	76.42857142857143	19.95360824742268	1.2	1.0750000000000002	5.481481481481482	96.44444444444444	14.218045112781954	2.55	2	0	1	0	0	0	0	0	0	0	0	0	14	0	0	0	0	0	0	0	0	0	0	0	0	0	0	0	0	0	0	0	0	0	0	0	0	0	0	0	0	0	15	0	0	0	0	0	0	0	0	1	0	0	0	0	0	0	0	0	0	0	0	0	0	0	0	0	0	0	0	0	0	0	0	0	6	0	0	0	0	0	0	0	0	0	0	0	0	0	0	0	0	0	0	0	0	0	0	0	0	0	0	0	0	0	0	0	0	0	0	0	0	0	0	0	0	0	0	0	0	0	0	0	0	0	0	0	0	0	0	0	0	0	0	0	0	0	0	0	0	0	0	0	0	0	0	0	0	0	0	0	0	0	0	0	0	0	0	0	0	0	7	1	0	2	0	0	1	23	0	0	0	1	1	0	0	0	0	0	0	0	0	193	328	107	5	1	2	9	10	0	0	0	0	33	0	0	0	0	0	717
8	200	140	2	0	219	2	78	133	16	0	0	1235	93	1	163	0	0	37	152	74	0	38	0	0	32	158	202	86	51	81	1	0	0	24	15970	7	11	3	703	72	126	6	0	16	0	19	68	0	2	0	9	0	0	0	0	0	0	4	0	0	0	0	0	2	0	0	117	0	30	0	18	60	0	0	0	0	3	564347	22	690	194	773	3	5	472	125	442	3	308	37	16	5	0	0	0	7	0	0	11	47	36	3	0	2	0	0	24	18	6	24	1	6	4	23	0	10	2	13	5	2	0	21	165	1	0	4	0	114	9	0	1	7	0	5	3	0	4	0	0	0	0	0	5	143	0	1	0	0	3	6	28	0	0	0	0	0	0	4	1	0	2	0	0	0	4	1	0	0	0	7	3	3	28	0	6	0	21	16	0	1	1	1449	14	7	2	635	18	0	86	2	1	305	0	0	2	0	547	11	4	2	724	0	0	0	0	0	6	1	16	13	0	288	0	8934	17	27	11	4	1	27	34	3	3	9	34	16	2	6	1	13	3	1	6	12	33	1	1	1	0	2	1	13	1	3	31	1	1	33	2	75	9	2	14	23	2	0	2	23	46	1	2	0	0	1	1	1	57	1	0	31	1	6	0	85	0	0	27	2	35	4	1	20	1	74	2	0	2	9	0	68	48	0	0	1	1	4	0	26	41	39	16	11	13	9	1	0	0	3	0	0	0	1	0	0	1	0	10	5	0	3	0	8	4	0	1	0	0	0	10	0	0	0	0	0	6	0	0	89	24	0	3	0	0	0	1	0	0	12	0	0	0	0	6	0	0	0	0	0	18	0	0	0	0	1	0	0	1	0	2	0	48	4	0	0	0	0	118	2.8	11.916666666666666	48.333333333333336	4.833333333333333	15	3.99	11.333333333333334	24	116	3	338.14285714285717	150	10	7.333333333333333	57.290000000000006	49	8.5	350	4.75	2	0.99	3335	2	52.59	50	49	1	3.2760000000000002	19.333333333333332	45	6	13.791666666666666	199.25	4.01	170.2173913043478	45	55	6.69	3.49	20	72	475	2	8	5.75	3	2	3.05	3.59	149	75	13	200	5	3	2.99	43.998000000000005	94.5	19.089887640449437	1.2	1.0750000000000002	9.444444444444445	86.25	9.008474576271187	2.55	2	0	0	1	0	0	0	1	0	0	0	0	9	0	0	0	0	0	0	0	0	0	0	0	0	0	0	0	0	0	0	0	0	0	0	0	0	0	0	0	0	0	11	0	0	0	0	0	0	0	0	0	0	1	0	0	0	0	0	0	0	0	0	0	0	0	0	0	0	0	0	0	0	0	0	0	9	0	0	0	0	0	0	0	0	0	0	0	0	0	0	0	0	0	0	0	0	0	0	0	0	0	0	0	0	0	0	0	0	0	0	0	0	0	0	1	0	0	0	0	0	0	0	0	0	0	0	0	0	0	0	0	0	0	0	0	0	0	0	0	0	0	0	0	0	0	0	0	0	0	0	0	0	0	0	0	0	0	0	0	0	0	11	2	5	4	0	0	1	33	0	0	0	0	3	0	0	1	0	0	0	0	0	110	329	110	7	0	4	9	1	0	1	0	0	45	0	0	0	0	0	665
90	283	243	1	0	250	4	224	381	75	0	0	1313	110	0	143	0	0	0	150	111	0	37	0	0	101	85	308	93	83	68	0	0	0	35	15783	15	22	8	600	75	195	5	3	20	0	34	93	1	6	2	39	0	0	0	0	0	0	0	0	0	0	0	2	31	0	0	94	2	44	0	9	67	0	0	0	0	6	635848	17	970	144	859	4	15	574	118	439	6	337	17	5	12	1	0	64	0	0	5	16	30	59	0	3	7	0	0	21	18	0	30	2	10	1	17	1	11	2	9	0	3	0	7	233	1	0	3	0	231	0	0	0	8	0	13	5	0	0	0	0	4	2	0	1	194	0	3	0	0	0	7	34	0	0	0	1	0	0	32	0	0	3	1	0	0	0	1	0	0	0	20	7	3	33	5	5	6	29	11	5	4	1	2517	19	19	0	731	23	0	83	4	0	289	0	0	4	1	572	18	19	25	542	0	0	0	0	1	3	1	39	16	0	381	0	10302	17	27	12	5	1	27	35	4	2	11	36	15	3	6	1	16	4	1	6	12	29	1	1	1	0	2	1	12	1	3	32	1	1	33	2	73	11	2	13	29	2	0	3	23	48	1	2	0	0	1	1	1	69	1	0	39	1	7	0	96	0	0	27	2	36	5	1	21	1	77	2	0	2	9	1	73	45	0	0	1	1	4	0	25	56	69	18	21	18	23	4	2	0	0	0	0	0	115	6	5	18	0	6	25	0	4	0	1	52	4	23	4	0	0	11	0	0	0	0	0	131	3	10	35	1	0	7	0	0	0	174	0	0	4	5	0	0	0	4	0	0	0	0	0	12	1	0	0	0	0	0	0	5	0	18	0	11	0	0	0	0	1	81	2.8	41.6	3.99	12.196823529411764	15	3.99	8	24	33.91777777777778	8.77	338.14285714285717	150	19.379166666666666	18.991666666666667	57.290000000000006	34.69	8.5	350	4.39	2	0.99	3335	2	52.59	3.24503355704698	49	1	3.2760000000000002	41.6	45	6	13.791666666666666	199.25	4.01	170.2173913043478	45	39.32833333333333	6.69	3.49	20	3.96	475	2	24.866666666666667	1	10	3.49	3.05	3.59	149	75	8	200	5	3	2.99	43.998000000000005	4.6	10	1.2	1.0750000000000002	123.37555555555556	86.25	7.381896551724138	14	2	0	0	1	0	0	0	1	1	0	0	0	9	0	0	0	0	0	0	0	0	0	0	0	0	0	0	0	0	0	0	0	0	0	0	0	0	0	0	0	0	0	12	0	0	0	0	0	0	0	0	0	0	0	0	0	0	0	0	0	0	0	0	0	0	0	0	0	0	0	0	0	0	0	0	0	8	0	0	0	0	0	0	0	0	0	0	0	0	0	0	0	0	0	0	0	0	0	0	0	0	0	0	0	0	0	0	0	0	0	0	0	0	0	0	0	0	0	0	0	0	0	0	0	0	1	0	0	0	0	0	0	0	0	0	0	0	0	0	0	0	0	0	0	0	0	0	0	0	0	0	0	0	0	0	0	0	0	0	0	0	0	9	8	4	3	0	2	3	31	0	0	0	4	2	0	0	2	0	0	0	0	0	92	421	140	17	1	4	35	7	0	2	0	0	24	1	0	1	0	0	804
80	312	138	74	0	175	1	2	308	38	4	0	1158	82	0	110	1	37	0	113	185	0	2	39	0	54	82	251	79	21	18	3	1	0	17	22092	18	36	12	550	56	280	7	0	16	0	4	50	2	6	11	45	0	0	0	0	0	0	0	0	0	0	0	0	16	0	9	102	12	87	0	3	63	0	0	2	0	6	531636	58	757	162	748	1	10	541	128	392	9	205	18	12	18	3	5	4	4	1	1	34	46	42	0	2	4	2	0	23	42	9	6	0	4	4	25	5	11	0	8	0	3	0	18	233	0	0	9	0	118	7	0	1	11	15	6	2	0	3	0	0	2	0	0	0	148	0	0	0	0	0	5	21	3	0	0	0	0	0	7	1	0	3	8	0	2	5	0	0	0	4	17	5	5	30	1	10	0	57	21	8	1	0	2162	28	17	0	777	17	0	97	0	1	238	3	0	3	0	560	15	16	1	857	0	1	0	0	1	4	1	31	32	0	523	0	10450	12	28	10	5	1	25	39	4	2	9	33	15	3	6	1	16	4	1	6	13	26	1	1	1	0	2	1	13	1	3	29	1	1	31	2	72	11	1	13	27	2	0	4	22	41	1	2	0	0	1	1	1	58	1	0	37	1	8	0	100	0	0	25	2	31	5	1	21	1	76	2	0	2	9	1	68	41	0	0	1	1	4	0	27	68	151	20	15	3	5	2	0	0	0	1	0	0	475	7	11	53	0	13	66	0	11	0	3	104	8	49	8	0	0	31	0	0	0	0	1	308	8	23	143	3	0	24	0	0	0	371	0	0	8	26	0	0	0	7	0	0	0	0	0	29	4	0	0	0	0	0	0	17	0	44	0	38	3	0	0	0	3	197	2.8	41.6	190.12	14.828589743589745	12.2	3.99	33.99333333333333	24	30.842272727272725	13.187096774193549	338.14285714285717	150	23.268571428571427	17.580909090909092	57.290000000000006	24.33	8.5	350	4.62	2	0.99	3335	2	52.59	3.141541666666667	49	1	3.2760000000000002	41.6	45	6	13.791666666666666	199.25	4.01	170.2173913043478	45	47.83483870967741	6.69	3.49	20	3.9599999999999995	475	2	18.468076923076925	132.97058823529412	10	3.545555555555556	3.05	3.59	149	75	8	200	5	1.99	2.99	43.998000000000005	6.567142857142857	8.7	1.2	1.0750000000000002	94.10549999999999	100	8.850747663551402	14	2	0	0	0	4	0	0	2	0	0	0	0	5	0	0	0	0	0	0	0	0	0	0	0	0	0	0	0	0	0	0	0	0	0	0	0	0	0	0	0	0	0	11	0	0	0	0	0	0	0	0	0	0	0	1	0	0	0	0	0	0	0	0	0	0	0	0	0	0	0	0	0	0	0	0	0	3	0	0	0	0	0	0	0	0	0	0	0	0	0	0	0	0	0	0	0	0	0	0	0	0	0	0	0	0	0	0	0	0	0	0	0	0	0	0	0	0	0	0	0	0	0	0	0	0	0	0	0	0	0	0	0	0	0	0	0	0	0	0	0	0	0	0	0	0	0	0	0	0	0	0	0	0	0	0	0	0	0	0	0	0	0	4	4	0	3	0	1	0	16	0	0	0	4	5	0	0	3	0	0	0	0	0	140	416	174	13	0	2	6	4	0	2	0	0	52	0	0	0	0	0	845
13	256	188	78	0	115	1	334	446	259	1	0	1535	148	78	209	0	38	37	222	75	0	37	112	0	117	123	179	57	79	90	0	0	1	6	22063	23	3	2	856	101	223	7	0	18	0	63	69	7	17	0	23	2	0	0	0	0	0	1	0	0	0	0	0	12	2	0	81	11	105	0	21	62	0	11	1	0	13	538150	67	784	215	870	0	15	644	177	464	0	318	23	14	6	0	0	0	0	0	0	22	14	57	0	0	19	1	0	9	30	13	20	3	3	16	9	1	12	0	10	0	1	0	2	222	0	0	4	0	162	3	0	1	23	0	13	18	0	1	0	0	2	2	0	0	144	0	0	0	0	0	19	30	5	0	0	0	0	0	11	0	0	4	3	0	2	0	0	2	1	0	21	2	1	38	6	4	0	30	19	0	0	0	2987	34	11	3	905	24	0	91	0	0	188	1	0	2	0	662	14	8	0	958	0	0	0	0	0	4	0	9	33	0	488	0	12263	11	26	11	5	1	25	30	3	2	10	28	14	2	5	1	12	3	1	6	13	24	1	1	1	0	2	1	12	1	3	28	1	1	30	2	67	8	1	13	23	2	0	4	22	45	1	2	0	0	1	1	1	55	1	0	39	1	8	0	96	0	0	8	1	31	4	1	24	1	74	2	0	2	9	1	56	40	0	0	1	1	4	0	25	44	38	25	30	1	24	0	0	2	0	0	0	15	443	11	11	137	0	276	129	0	56	0	457	138	9	95	9	0	0	145	23	0	0	0	14	782	6	47	815	266	12	14	0	6	0	393	0	3	50	229	0	0	0	174	0	0	12	0	9	164	8	0	0	15	0	0	3	46	0	100	0	983	138	0	12	0	11	654	2.8	10.15952380952381	80.68660714285714	26.758734015345272	6.343636363636364	2.94	15.969999999999999	24	18.459767441860464	3.99	338.14285714285717	6.9678571428571425	8.098175182481752	9.528585961342829	57.290000000000006	5.379548532731377	8.5	350	4.258115942028986	2	1.5999999999999999	3335	2	52.59	4.4746819338422394	49	1	3.2760000000000002	35.83011494252873	45	112.5	32.73399239543726	199.25	4.01	170.2173913043478	94.5	12.059263157894739	6.69	3.49	20	288.7287723785166	1.99	1.6731034482758622	125.02406896551726	49.30244541484716	2.5045454545454544	5.7855319148936175	3.05	1.1618181818181819	149	75	8.333333333333334	200	5	2.8167391304347826	2.99	43.998000000000005	357.521897810219	26.600700245700246	1.2	1.0750000000000002	42.643797468354435	157.02152173913043	176.37710122699386	14	2	0	1	0	0	0	0	1	0	0	0	0	5	0	0	0	0	0	0	0	0	0	0	0	0	0	0	0	0	0	0	0	0	0	0	0	0	0	0	0	0	0	7	0	0	0	0	0	0	0	0	0	0	0	0	0	0	0	0	0	0	0	0	0	0	0	0	0	0	0	0	0	0	0	0	0	5	0	0	0	0	0	0	0	0	0	0	0	0	0	0	0	0	0	0	0	0	0	0	0	0	0	0	0	0	0	0	0	0	0	0	0	0	0	0	0	0	0	0	0	0	0	0	0	0	0	0	0	0	0	0	0	0	0	0	0	0	0	0	1	0	0	0	0	0	0	0	0	0	0	0	0	0	0	0	0	0	0	0	0	0	0	6	6	0	4	0	1	0	11	0	0	0	0	4	0	0	1	0	0	0	0	0	79	545	124	8	1	2	22	11	0	3	0	0	38	0	0	0	0	0	860
6	401	306	37	0	359	1	66	591	56	0	0	1251	88	4	148	37	37	0	225	222	1	40	2	0	42	79	219	108	44	116	26	0	9	37	24965	13	4	2	846	114	390	24	7	10	0	61	64	0	2	0	22	0	0	0	0	0	0	0	2	0	0	0	6	11	0	0	227	12	167	0	13	59	0	0	3	0	12	493858	39	1101	198	1085	2	8	774	252	563	0	387	36	13	10	6	1	0	2	1	0	20	27	45	0	5	5	5	1	29	19	16	8	10	16	1	17	3	14	0	31	7	2	0	7	252	3	0	0	0	121	0	0	1	17	0	17	10	0	1	0	4	1	0	0	1	181	0	0	0	5	6	16	35	3	8	0	2	0	0	12	0	1	0	0	0	0	2	0	0	0	1	11	0	4	36	2	6	0	61	20	3	1	1	3684	18	7	2	816	24	0	109	0	2	158	0	0	0	0	638	14	5	2	762	0	0	0	1	0	9	0	23	45	0	290	0	11949	11	28	10	4	1	21	34	4	2	10	28	13	2	5	1	12	3	1	6	10	25	1	1	1	0	2	1	11	1	3	27	1	1	32	2	73	7	1	11	27	2	0	4	22	49	1	1	0	0	1	1	1	58	1	0	35	1	9	0	82	0	0	24	2	30	5	1	29	1	74	2	0	2	10	1	59	40	0	0	1	1	4	0	25	41	47	19	22	5	9	2	0	1	0	0	0	64	1060	31	39	348	2	731	438	0	263	0	951	329	23	240	26	0	0	534	7	0	0	0	37	1998	10	107	3694	1346	53	152	0	11	0	792	2	5	137	501	0	0	0	453	0	0	19	0	19	508	23	3	0	29	0	8	5	118	0	301	0	3670	238	4	14	0	53	1724	2.8	9.83219512195122	57.553498098859315	12.773380070105157	4.788717948717949	2.9947826086956524	18.480263157894736	24	28.911944444444448	8.665681063122923	338.14285714285717	5.677297297297297	36.18348703170029	10.42704743729553	57.290000000000006	6.31677358490566	33.666666666666664	350	4.485963302752294	18.5	2.3390566037735847	3335	2	52.59	4.369457070707071	49	1	7.55	56.763885209713024	45	38.63636363636363	20.361196136701334	199.21052631578948	4.01	152.14285714285714	51.714285714285715	16.923933054393306	6.213157894736842	3.49	20	213.11549947423765	1.9899999999999998	1.4933333333333334	28.280637898686678	69.93051896207585	3.252258064516129	6.406635514018691	3.05	1.1067924528301887	149	75	8.652173913043478	200	5	3.0107627118644067	2.99	43.067241379310346	213.41281379310345	21.2136064235166	1.2	1.0750000000000002	31.129153543307087	71.14961373390558	89.04699361578642	14.115384615384615	2	0	1	1	0	0	0	0	0	0	0	0	16	0	0	0	0	0	0	0	0	0	0	0	0	0	0	0	0	0	0	0	0	0	0	0	0	0	0	0	0	0	18	2	0	0	0	0	0	0	0	0	0	0	0	0	0	0	0	0	0	0	0	0	0	0	0	0	0	0	0	0	0	0	0	0	12	0	0	0	0	0	0	0	0	0	0	0	0	0	0	0	0	0	0	0	0	0	0	0	0	0	0	0	0	0	0	0	0	0	0	0	0	0	0	0	0	0	0	1	0	0	0	0	0	0	0	0	0	0	0	0	0	0	0	0	0	0	0	0	0	0	0	0	0	0	0	0	0	0	0	0	0	0	2	0	0	0	0	0	0	0	17	3	0	3	0	0	0	22	0	0	0	3	33	0	0	0	0	0	0	0	0	60	563	134	8	1	6	15	4	0	1	0	0	58	1	0	0	0	0	915
9	424	200	3	0	526	1	1	302	2	0	0	1428	103	0	108	74	0	37	150	39	1	74	37	0	47	49	225	78	33	26	7	0	0	41	16600	14	27	10	720	78	200	14	0	8	0	62	79	0	6	2	21	0	0	0	0	0	0	0	0	0	0	0	0	23	0	0	147	15	70	0	10	51	0	0	0	2	7	505282	34	955	209	862	0	19	596	149	451	8	323	36	15	3	0	0	19	1	2	0	14	28	67	3	0	1	3	1	20	20	4	22	0	3	2	10	0	31	0	15	2	5	0	8	220	0	0	5	0	216	5	0	1	12	0	8	15	0	1	0	1	3	0	0	0	138	0	3	0	0	0	12	33	1	0	0	0	0	2	10	5	0	3	7	0	0	0	0	0	0	0	0	2	7	46	0	7	0	50	28	6	3	0	4410	49	37	1	937	12	1	130	0	0	162	0	1	0	0	567	22	7	0	1069	1	0	0	1	0	3	0	16	47	0	236	1	13180	10	26	10	4	1	20	27	3	2	8	28	13	2	5	1	12	3	1	5	11	32	1	1	1	0	2	1	10	1	3	24	1	1	32	2	71	8	1	9	24	2	0	3	19	68	1	1	0	0	1	1	1	56	1	0	38	1	9	0	72	0	0	24	1	30	4	1	27	1	75	2	0	2	9	0	46	38	0	0	1	1	4	0	24	68	91	51	30	9	16	2	1	1	2	0	0	46	2115	32	30	255	2	511	362	0	221	0	508	246	17	209	20	0	0	618	0	0	0	0	29	1530	13	80	3152	1197	33	260	0	4	0	643	2	2	169	283	3	0	0	335	0	0	8	0	17	300	15	4	0	14	0	6	6	79	0	241	0	2715	139	2	6	0	32	1249	2.8	5.418859649122807	89.40981651376147	7.870490196078432	4.126333333333333	3.220666666666667	17.822653846153848	24	34.55941340782123	7.593500000000001	338.14285714285717	45.46448275862069	50.55826771653543	11.186238464377999	57.290000000000006	11.698529550827423	25.5	350	4.635204918032787	24	2.41	3335	2	52.59	3.9922550544323485	49	1	7.171739130434782	64.19256024096386	45	37.5	24.876390284757118	199.25	4.01	152.14285714285714	19.333333333333332	16.812631578947368	6.34	2.1507692307692308	20	169.18074803149605	5.328333333333333	1.644423076923077	23.597750809061488	59.33010638297873	4.41	11.08	3.05	1.07	149	75	8.764705882352942	200	5	2.837236842105263	2.99	39.462857142857146	144.53577075098812	23.342028241335044	1.2	1.03	31.285685618729097	56.322500000000005	48.64853697749196	14	2	0	1	2	0	0	0	1	0	0	0	0	7	0	0	0	0	0	0	0	0	0	0	0	0	0	0	0	0	0	0	0	0	0	0	0	0	0	0	0	0	0	11	0	0	0	0	0	0	0	0	0	0	0	0	0	0	0	0	0	0	0	0	0	0	0	0	0	0	0	0	0	0	0	0	0	7	0	0	0	0	0	0	0	0	0	0	0	0	0	0	0	0	0	0	0	0	0	0	0	0	0	0	0	0	0	0	0	0	0	0	0	0	0	0	0	0	0	0	0	0	0	0	0	0	0	0	0	0	0	0	0	0	0	0	0	0	0	0	0	0	0	0	0	0	0	0	0	0	0	0	0	0	0	0	0	0	0	0	0	0	0	7	5	1	0	0	0	2	22	1	0	0	1	10	1	0	0	0	0	0	0	0	153	286	124	11	0	5	19	4	0	1	0	0	20	1	0	0	0	0	667
48	352	251	75	0	368	1	42	124	1	0	0	1121	94	1	145	37	37	0	90	38	0	1	0	0	52	173	235	102	27	17	10	0	4	1	18538	17	7	5	793	101	142	15	3	16	0	38	52	12	5	13	26	0	0	0	0	0	0	0	0	0	0	0	0	14	1	1	142	9	61	0	18	75	0	0	2	0	3	559863	20	1136	168	940	4	17	606	181	546	11	313	2	4	12	0	0	0	0	0	0	12	34	37	0	0	6	2	1	13	33	6	6	0	8	2	29	2	17	0	20	0	2	0	13	280	1	0	12	0	122	2	0	2	4	0	9	10	0	0	0	1	0	0	0	0	195	0	1	0	0	0	23	27	1	0	0	4	0	0	20	0	1	4	8	0	0	0	0	1	0	4	14	7	2	34	3	9	0	56	16	1	1	0	5113	37	15	2	975	20	0	92	3	0	184	0	1	0	1	623	14	23	2	1139	1	1	1	0	0	3	0	27	48	0	333	0	14091	10	26	9	4	1	21	32	3	2	9	25	14	2	4	1	12	3	1	5	10	28	1	1	1	0	1	1	10	1	3	22	1	1	32	2	75	8	1	9	24	2	0	2	19	57	1	1	0	0	1	1	1	55	1	0	38	1	8	0	67	0	0	25	1	30	4	2	26	1	74	2	0	2	9	1	47	40	0	0	1	1	4	0	21	74	102	103	40	5	21	0	0	0	0	0	0	49	1770	25	24	252	1	889	372	0	310	0	677	228	12	202	17	0	0	754	1	0	0	0	37	1398	10	72	5365	6226	35	184	0	5	0	623	2	2	263	366	5	0	0	919	0	0	12	0	16	418	13	3	0	16	0	6	8	89	0	218	0	5405	326	2	5	0	31	1425	2.8	4.566584158415842	250.11700000000002	13.160100143061516	4.08	3.102307692307692	15.978858695652175	24	34.793695652173916	8.546697247706422	338.14285714285717	42.51135135135135	53.46801587301587	12.258517490283177	57.290000000000006	18.263203389830508	33.666666666666664	350	4.396491228070175	24	2.341714285714286	3002	2	52.59	5.489550561797754	49	1	6.624285714285714	35.036626768226334	45	39	32.081893671699326	199.25	4.01	5	21.6	14.650148514851486	5.93	2.25	20	198.55240768094535	4.49	1.5277049180327869	19.886976127320956	110.04142076502731	3.9863999999999997	10.717083333333333	3.05	1.1090322580645162	149	75	8.75	200	5	2.8634831460674155	2.99	34.44	153.0586230248307	136.47917941066765	1.2	1.05	53.4784928229665	89.08086419753087	79.83569122807017	13.294117647058824	2	0	1	1	0	2	1	0	0	1	0	0	13	0	0	0	0	0	0	0	0	0	0	0	0	0	0	0	0	0	0	0	0	0	0	0	0	0	0	0	0	0	19	1	0	0	0	0	0	0	0	0	0	0	1	0	1	0	0	0	0	0	0	0	0	0	0	0	0	0	0	0	0	0	0	0	5	0	0	0	0	0	0	0	0	0	0	0	0	0	0	0	0	0	0	0	0	0	0	0	0	0	0	0	0	0	0	0	0	0	0	0	0	0	0	0	0	0	0	0	0	0	0	0	0	0	0	0	0	0	0	0	0	0	0	0	0	0	0	0	0	0	0	0	0	0	0	0	0	0	0	0	0	0	0	0	0	0	0	0	0	0	8	4	1	1	0	0	0	10	0	0	0	2	4	0	0	1	0	0	0	0	0	77	406	105	8	2	8	13	5	0	1	0	0	38	1	0	0	0	1	688
48	274	154	0	0	263	0	56	278	77	0	0	697	64	1	23	0	0	37	5	38	0	2	0	0	63	54	181	67	35	20	22	0	0	15	22691	25	7	9	708	113	185	7	0	14	0	38	51	6	3	1	21	0	0	0	0	0	0	1	0	0	0	0	0	13	0	0	157	4	85	0	9	68	0	7	0	0	5	579777	22	1092	193	1074	2	10	646	158	603	0	412	28	20	0	0	0	12	0	1	0	19	53	33	0	9	17	1	1	5	22	7	10	0	5	2	32	3	23	0	6	3	2	0	20	322	0	0	0	0	138	0	0	1	8	7	21	5	0	1	0	0	25	0	0	0	162	1	0	0	3	0	11	43	3	0	0	1	0	0	19	7	0	4	7	0	1	0	0	1	0	0	15	11	10	40	6	7	0	49	13	5	0	0	4741	45	6	1	886	27	0	116	1	0	205	0	1	0	1	545	32	9	1	917	0	0	0	0	0	4	0	7	33	0	351	0	13425	10	31	10	4	1	25	31	3	2	9	31	23	3	5	1	12	3	1	5	11	26	1	1	1	0	2	1	10	1	3	26	1	1	33	2	69	8	1	9	23	2	0	2	19	52	1	1	0	0	1	1	1	81	1	0	44	1	8	0	72	0	0	29	2	33	4	2	28	1	73	2	0	2	9	1	49	39	0	0	1	1	4	0	24	65	51	63	12	11	19	0	4	0	3	0	0	6	1427	7	8	72	0	338	83	0	89	0	188	48	2	58	4	0	0	80	0	0	0	0	11	338	8	19	1607	3820	5	17	0	2	0	214	0	1	26	131	0	0	0	475	0	0	4	0	6	84	1	0	0	4	0	1	5	28	0	36	0	2106	106	0	0	0	10	374	2.8	11.042142857142858	610.52	11.003934911242604	1.47	1.2	3.4929411764705884	24	23.487439024390245	6.082222222222223	338.14285714285717	69.19909090909091	10.870694444444446	16.060973409306744	57.290000000000006	18.125381920112126	33.666666666666664	350	4.794791666666667	14	1.52	3002	2	52.59	6.533831775700935	49	1	2.9133333333333336	23.564757894736843	45	50	27.37978272251309	199.25	4.01	5	21.6	8.055172413793104	8.2	1	20	215.72281914893617	4.39	1.4649999999999999	61.881375000000006	176.08824427480914	21.881428571428568	3.3752631578947367	3.05	61.8	149	75	9	200	5	21.87607142857143	2.99	51.25	116.79468842729969	82.47289719626168	1.2	1.05	147.99	127.0847619047619	80.81467914438504	12.5	2	0	0	0	1	0	0	1	0	0	0	0	10	0	0	0	0	0	0	0	0	0	0	0	0	0	0	0	0	0	0	0	0	0	0	0	0	0	0	0	0	0	12	0	0	0	0	0	0	0	0	0	0	0	0	0	0	0	0	0	0	0	0	0	0	0	0	0	0	0	0	0	0	0	0	0	8	0	0	0	0	0	0	0	0	0	0	0	0	0	0	0	0	0	0	0	0	0	0	0	0	0	0	0	0	0	0	0	0	0	0	0	0	0	0	0	0	0	0	0	0	0	0	0	0	0	0	0	0	0	0	0	0	0	0	0	0	0	0	0	0	0	0	0	0	0	0	0	0	0	0	0	0	0	0	0	0	0	0	0	0	0	8	3	0	2	2	0	1	11	1	0	0	2	26	0	0	1	0	0	0	0	0	86	414	143	20	0	4	27	1	0	1	0	0	31	0	0	0	0	0	776
6	100	161	78	0	127	1	82	88	38	0	0	759	140	1	59	1	0	2	39	39	74	5	43	0	58	119	227	106	70	42	14	1	0	21	28814	10	16	5	940	101	279	9	4	12	0	62	93	19	4	3	23	2	0	0	0	0	0	4	0	0	0	0	0	14	0	11	188	6	117	0	47	107	0	3	1	0	21	582837	40	1227	209	998	0	17	692	147	458	19	416	18	11	9	3	0	11	0	0	2	22	38	48	0	0	17	3	1	23	34	20	4	0	5	9	21	0	29	0	22	1	2	0	4	250	0	1	3	0	202	2	0	0	22	0	11	5	0	14	0	0	6	0	0	3	128	8	0	0	0	0	17	42	4	3	0	2	9	0	15	3	0	5	0	0	0	0	0	0	0	1	12	0	12	49	5	8	0	55	12	1	0	1	4161	68	9	5	900	14	0	127	4	0	159	0	1	0	0	648	57	7	2	1051	0	0	2	0	0	4	1	3	32	0	652	0	12983	13	30	10	4	1	25	32	3	2	9	32	23	2	5	1	13	3	1	5	10	29	1	1	1	0	2	1	10	1	3	25	1	1	32	3	67	7	1	10	24	2	0	2	20	61	1	2	0	0	1	1	1	100	1	0	44	1	8	0	77	0	0	26	1	31	4	2	30	1	72	2	0	2	9	1	49	39	0	0	1	1	4	0	25	36	64	58	17	7	44	0	2	2	2	0	0	13	851	7	6	88	0	312	112	0	95	1	332	48	1	59	2	0	1	83	0	0	0	0	14	316	6	18	1212	5834	15	22	0	2	0	148	0	0	36	188	0	0	0	650	0	1	6	0	6	95	3	0	0	6	0	1	5	46	0	52	0	1723	106	0	0	2	16	426	1	12.12923076923077	691.2297894736843	13.059683544303796	1.5533333333333335	2.0633333333333335	5.0159090909090915	24	35.81891891891892	24.525192307692308	338.14285714285717	54.69	72.37329545454544	17.362890307603017	57.290000000000006	34.21101057579318	33.666666666666664	350	4.304583333333333	14	1.5326666666666668	3002	2	52.59	6.270945945945946	49	1	2.3838461538461537	38.02987692307692	45	50	22.996774082961945	199	4.01	5	21.6	9.571525423728813	5.53	1.5	20	243.0391265060241	4.39	2.120434782608696	71.23602409638555	163.36138297872338	3.495714285714286	10.728333333333333	3.05	23.51	149	75	9	200	5	43.746521739130436	2.99	14.325000000000001	71.72622580645162	48.551272727272725	1.2	1.05	156.05684210526314	92.60038461538463	27.688615023474178	13	2	0	1	0	1	0	0	1	0	2	0	0	22	0	0	0	0	0	0	0	0	0	0	0	0	0	0	0	0	0	0	0	0	0	0	0	0	0	0	0	0	0	27	2	0	1	0	0	0	1	0	0	0	0	0	0	0	0	0	0	0	0	0	0	0	0	0	0	0	0	0	0	0	0	0	0	22	0	0	0	0	0	0	0	0	0	0	0	0	0	0	0	0	0	0	0	0	0	0	0	0	0	0	0	0	0	0	0	0	0	0	0	0	0	0	0	0	0	0	0	0	0	0	0	0	0	0	0	0	0	0	0	0	0	0	0	0	0	0	0	0	0	0	0	0	0	0	0	0	0	0	0	0	0	0	0	0	0	0	0	0	0	26	3	1	4	0	0	1	6	0	0	0	2	18	0	0	2	2	0	0	0	0	114	304	142	6	0	8	8	7	0	1	0	0	25	1	2	0	0	0	657
96	308	206	42	0	410	0	75	8	3	0	0	1115	99	37	28	37	0	40	85	76	0	1	3	0	97	118	196	176	26	67	19	1	8	25	41783	29	11	10	985	150	172	8	0	10	0	97	65	14	2	4	16	0	0	0	0	0	0	0	0	0	0	0	0	12	0	0	158	11	57	0	111	93	0	0	1	0	8	543755	23	1295	181	1066	1	10	932	198	604	17	424	53	32	14	1	0	13	3	0	0	18	41	30	0	0	15	0	2	25	34	2	32	4	1	8	32	0	4	0	14	0	7	0	3	384	10	0	0	0	157	0	0	1	10	7	7	7	3	13	0	3	14	0	0	0	150	0	1	0	0	5	11	28	0	0	0	8	0	0	22	0	0	2	6	0	0	0	0	0	0	5	42	0	6	37	5	14	0	40	11	2	0	0	4126	66	3	0	885	12	0	89	2	0	127	3	3	1	1	581	57	12	0	1207	0	0	0	0	0	1	1	5	28	0	406	0	12686	11	30	11	5	1	24	34	3	2	9	31	17	2	6	1	13	3	1	5	10	25	1	1	1	0	2	1	10	1	3	28	1	1	32	2	72	8	1	9	29	2	0	3	38	53	1	2	0	0	1	1	1	77	1	0	33	1	8	0	91	0	0	28	1	31	4	2	29	1	70	2	0	2	9	1	49	42	0	0	1	1	4	0	27	39	70	141	7	1	46	1	1	0	0	0	0	0	0	0	0	0	0	0	0	0	0	0	0	0	0	0	0	0	0	0	0	0	0	0	0	0	0	0	0	0	0	0	0	0	0	0	0	0	0	0	0	0	0	0	0	0	0	0	0	0	0	0	0	0	0	0	0	0	0	0	0	0	0	0	0	0	0	0	1	12.12923076923077	691.2297894736843	13.059683544303796	1.5533333333333335	2.0633333333333335	5.0159090909090915	24	35.81891891891892	24.525192307692308	338.14285714285717	54.69	72.37329545454544	17.362890307603017	57.290000000000006	34.21101057579318	33.666666666666664	350	4.304583333333333	14	1.5326666666666668	3002	2	52.59	6.270945945945946	49	1	2.3838461538461537	38.02987692307692	45	50	22.996774082961945	199	4.01	5	21.6	9.571525423728813	5.53	1.5	20	243.0391265060241	4.39	2.120434782608696	71.23602409638555	163.36138297872338	3.495714285714286	10.728333333333333	3.05	23.51	149	75	9	200	5	43.746521739130436	2.99	14.325000000000001	71.72622580645162	48.551272727272725	1.2	1.05	156.05684210526314	92.60038461538463	27.688615023474178	13	2	0	0	0	3	0	0	0	0	2	0	0	11	0	0	0	0	0	0	0	0	0	0	0	0	0	0	0	0	0	0	0	0	0	0	0	0	0	0	0	0	0	16	0	0	0	0	0	0	0	0	1	1	0	0	0	0	0	0	0	0	0	0	0	0	0	0	0	0	0	0	0	0	0	0	2	10	0	0	0	0	0	0	0	0	0	0	0	0	0	0	0	0	0	0	0	0	0	0	0	0	0	0	0	0	0	0	0	0	0	0	0	0	0	0	0	0	0	0	0	0	0	0	0	0	0	0	0	0	0	0	0	0	0	0	0	0	0	0	0	0	0	0	0	0	0	0	0	0	0	0	0	0	0	0	0	0	0	0	0	0	0	14	6	1	1	0	0	0	24	0	0	0	0	14	0	0	1	0	0	0	0	0	77	436	89	5	0	3	3	8	0	2	0	0	31	0	0	0	0	0	701
7	122	138	38	0	242	0	2	86	3	0	0	991	127	0	55	37	37	0	76	115	0	0	37	0	62	88	290	235	118	61	8	1	6	43	31757	25	42	9	1174	121	302	17	1	28	0	40	118	11	14	3	43	0	3	0	0	0	0	2	1	0	0	0	0	38	5	0	174	8	84	0	55	101	3	0	1	0	5	531207	65	1434	228	1072	13	21	999	219	598	5	586	24	10	10	5	1	43	0	2	1	35	54	65	0	1	9	1	3	43	43	15	26	0	7	12	27	6	36	0	20	0	8	0	8	375	4	6	1	0	176	0	0	0	6	0	29	12	0	0	0	0	5	1	0	4	282	0	5	0	0	0	12	32	3	0	0	0	0	0	22	4	0	0	0	0	0	0	0	0	4	1	14	10	5	60	6	20	0	80	15	0	0	1	4024	47	8	0	789	8	0	109	1	0	128	0	4	0	1	555	30	7	0	852	0	0	0	0	0	7	0	6	22	0	436	0	11531	11	26	9	4	1	22	29	3	2	8	28	17	2	5	1	14	3	1	5	10	25	1	1	1	0	2	1	10	1	3	25	1	1	29	2	69	9	1	8	29	1	0	3	25	52	1	2	0	0	1	1	1	75	1	0	31	1	8	0	82	0	0	23	1	29	3	1	24	1	76	2	0	2	8	0	45	36	0	0	1	1	3	0	25	44	49	51	17	1	35	1	0	0	0	0	0	0	0	0	0	0	0	0	0	0	0	0	0	0	0	0	0	0	0	0	0	0	0	0	0	0	0	0	0	0	0	0	0	0	0	0	0	0	0	0	0	0	0	0	0	0	0	0	0	0	0	0	0	0	0	0	0	0	0	0	0	0	0	0	0	0	0	0	1	12.12923076923077	691.2297894736843	13.059683544303796	1.5533333333333335	2.0633333333333335	5.0159090909090915	24	35.81891891891892	24.525192307692308	338.14285714285717	54.69	72.37329545454544	17.362890307603017	57.290000000000006	34.21101057579318	33.666666666666664	350	4.304583333333333	14	1.5326666666666668	3002	2	52.59	6.270945945945946	49	1	2.3838461538461537	38.02987692307692	45	50	22.996774082961945	199	4.01	5	21.6	9.571525423728813	5.53	1.5	20	243.0391265060241	4.39	2.120434782608696	71.23602409638555	163.36138297872338	3.495714285714286	10.728333333333333	3.05	23.51	149	75	9	200	5	43.746521739130436	2.99	14.325000000000001	71.72622580645162	48.551272727272725	1.2	1.05	156.05684210526314	92.60038461538463	27.688615023474178	13	2	0	1	1	2	0	0	0	0	1	0	0	16	0	0	0	0	0	0	0	0	0	0	0	0	0	0	0	0	0	0	0	0	0	0	0	0	0	0	0	0	0	21	0	0	0	0	0	0	0	0	0	0	0	0	0	0	0	0	0	0	0	0	0	0	0	0	0	0	0	0	0	0	0	0	0	5	0	0	0	0	0	0	0	0	0	0	0	0	0	0	0	0	0	0	0	0	0	0	0	0	0	0	0	0	0	0	0	0	0	0	0	0	0	0	0	0	0	0	0	0	0	0	0	0	0	0	0	0	0	0	0	0	0	0	0	0	0	0	0	0	0	0	0	0	0	0	0	0	0	0	0	0	0	0	0	0	0	0	0	0	0	5	6	1	3	0	0	1	8	0	0	0	1	6	1	0	0	0	0	0	0	0	59	406	89	15	0	4	10	5	0	2	0	0	27	0	0	0	0	0	644
3	126	79	7	3	45	0	37	52	0	1	0	266	4	0	7	0	0	0	0	0	0	0	0	0	11	37	290	235	118	61	8	1	6	43	31757	25	42	9	1174	121	302	17	1	28	0	40	118	11	14	3	43	0	3	0	0	0	0	2	1	0	0	0	0	38	5	0	174	8	84	0	55	101	3	0	1	0	5	531207	65	6	6	4	8	8	0	8	6	0	4	4	2	2	12	0	0	4	4	0	2	4	2	2	2	0	0	0	6	0	0	0	0	2	0	2	4	2	0	4	4	0	0	4	0	0	0	0	0	2	0	2	0	0	4	0	0	2	0	4	4	0	0	2	2	0	2	2	0	0	2	4	0	0	2	0	0	6	0	0	0	0	0	0	0	2	0	2	0	4	0	0	0	0	0	0	0	0	0	19	1	0	0	4171	47	2	6	871	10	0	114	0	0	151	0	0	1	0	623	17	5	1	754	0	1	0	0	0	5	0	0	22	0	535	0	12517	10	27	9	4	1	22	28	2	2	9	29	19	2	5	1	14	3	1	6	11	26	1	1	1	0	2	1	10	1	3	26	1	1	32	2	76	10	1	9	26	2	0	3	24	70	1	2	0	0	1	1	1	77	1	0	34	1	8	0	73	0	0	26	1	29	4	1	31	1	79	2	0	2	9	1	51	41	0	0	1	1	3	0	26	31	54	45	16	8	19	0	0	5	1	2	0	25	864	17	6	145	0	358	179	0	183	4	423	81	4	89	4	0	1	131	0	0	0	0	25	664	3	33	1538	772	23	35	0	4	0	118	0	0	71	335	2	0	0	305	0	1	12	2	12	112	5	0	0	2	0	2	8	57	0	87	7	1495	326	0	1	0	31	605	1	9.355652173913043	544.8506557377049	10.68531626506024	1.4533333333333334	2.32	6.108285714285714	24	39.33653179190752	7.18896551724138	338.14285714285717	81.05	21.65903448275862	24.01066220735786	57.290000000000006	44.60239583333333	33.666666666666664	350	4.194444444444445	14	1.624782608695652	50	1	52.59	14.533474576271187	49	1.05	4.26	44.63334426229508	45	50	36.02487046632125	199.25	4.01	5	8	15.09808988764045	6.211666666666666	1	20	251.39134751773048	3.99	1.9358333333333333	85.81595419847328	164.0173273273273	10.49529411764706	7.922727272727272	3.05	12.783870967741937	149	75	9	200	5	33.95947368421053	2.99	18.5	80.20295774647887	60.38985045513654	1.2	1.05	177.45374999999999	62.46690402476781	33.20867768595041	12.5	2	0	0	1	1	0	0	0	1	1	0	0	11	0	0	0	0	0	0	0	0	0	0	0	0	0	0	0	0	0	0	0	0	0	0	0	0	0	0	0	0	0	15	0	0	1	0	0	0	0	0	0	0	0	0	0	0	0	0	0	0	0	0	0	0	0	0	0	0	0	0	0	0	0	0	1	8	0	0	0	0	0	0	0	0	0	0	0	0	0	0	0	0	0	0	0	0	0	0	0	0	0	0	0	0	0	0	0	0	0	0	0	0	0	0	0	0	0	0	0	0	0	0	0	0	0	0	0	0	0	0	0	0	0	0	0	0	0	0	0	0	0	0	0	0	0	0	0	0	0	0	0	0	0	0	0	0	0	0	0	0	0	10	1	0	2	0	0	0	10	0	0	0	0	1	0	0	0	0	0	0	0	0	103	552	103	6	0	4	8	2	0	2	0	0	43	0	0	0	0	0	837
6	153	52	3	2	7	4	0	3	0	37	0	82	5	0	18	0	0	0	0	0	0	0	0	0	9	6	290	235	118	61	8	1	6	43	31757	25	42	9	1174	121	302	17	1	28	0	40	118	11	14	3	43	0	3	0	0	0	0	2	1	0	0	0	0	38	5	0	174	8	84	0	55	101	3	0	1	0	5	531207	65	4	2	4	2	8	0	10	10	2	2	2	0	0	4	0	2	6	2	0	4	4	4	4	6	0	4	0	2	0	0	0	0	6	0	2	4	0	2	0	4	2	0	2	0	0	0	0	0	4	0	4	0	0	4	0	0	4	0	2	0	0	0	0	2	0	6	0	2	0	4	2	2	4	0	0	0	8	0	0	0	0	0	0	0	0	0	2	0	0	0	0	0	0	0	2	6	2	0	12	2	0	0	4176	73	1	2	755	15	0	126	2	0	205	0	0	0	0	508	17	6	1	420	0	0	0	0	0	8	0	1	31	0	468	0	11331	12	29	11	4	1	23	33	3	2	9	31	17	2	5	1	16	3	1	6	11	26	1	1	1	0	2	1	11	1	3	26	1	1	34	3	82	11	1	9	26	2	0	2	23	66	1	2	0	0	1	1	1	70	1	0	38	1	7	0	82	0	0	28	1	29	4	2	33	1	80	2	0	2	11	0	60	44	0	0	1	1	4	0	30	75	36	14	15	1	11	0	0	1	0	0	0	8	50	6	1	40	0	117	57	0	72	2	148	21	1	25	1	0	2	26	0	0	0	0	6	209	0	9	417	232	7	12	0	1	0	43	0	0	24	88	0	0	0	92	0	0	4	1	4	34	2	0	0	1	0	0	2	11	0	29	2	511	101	0	1	0	12	181	1	7.32	480.40486111111113	11.472488038277511	1.2	2.6	4.2	24	23.579818181818183	4.347931034482759	319.5	11.07	50.920500000000004	22.57843444227006	57.290000000000006	49.348600000000005	33.666666666666664	350	5.4	14	1.6842857142857144	50	69.98	52.59	18.254883720930234	49	1.1	4.81	38.37836956521739	45	50	34.89931034482759	199.25	4.01	5	8	12.69	8.8	1	20	256.86486486486484	3.99	1.62	61.21615384615385	140.6389655172414	3.9433333333333334	3.75	3.05	1.4000000000000001	149	75	9	200	5	2.8227272727272728	2.99	18.5	61.55	58.51827338129496	1.2	1.05	197.1414705882353	53.47	23.77613259668508	14	2	0	0	0	2	0	0	0	0	0	0	0	21	0	0	0	0	0	0	0	0	0	0	0	0	0	0	1	0	0	0	0	0	0	0	0	0	0	0	0	0	0	24	0	0	2	0	0	0	0	0	0	0	0	0	0	0	0	0	0	0	0	0	0	0	0	0	0	0	0	0	0	0	0	0	0	14	0	0	0	0	0	0	0	0	0	0	0	0	0	0	0	0	2	0	0	0	0	0	0	0	0	0	0	0	0	0	0	0	0	0	0	0	0	0	0	0	0	0	0	0	0	0	0	0	0	0	0	0	0	0	0	0	0	0	0	0	0	0	0	0	0	1	0	0	0	0	0	0	0	0	0	0	0	0	0	0	0	0	0	0	0	19	5	1	6	0	1	5	11	0	0	3	3	6	0	0	1	0	0	0	0	0	66	522	120	14	0	1	10	1	0	1	0	0	28	0	0	0	0	0	805
6	39	154	4	3	51	3	37	104	0	14	0	81	9	0	78	0	0	0	0	0	0	0	0	1	14	1	290	235	118	61	8	1	6	43	31757	25	42	9	1174	121	302	17	1	28	0	40	118	11	14	3	43	0	3	0	0	0	0	2	1	0	0	0	0	38	5	0	174	8	84	0	55	101	3	0	1	0	5	531207	65	4	6	4	2	2	0	10	6	2	8	8	4	6	6	0	0	4	0	2	2	4	4	2	4	0	0	0	2	0	0	0	0	2	0	2	8	0	6	0	2	0	0	0	0	0	0	2	0	2	0	2	0	0	4	0	0	6	0	2	2	4	0	0	2	0	2	4	0	0	2	2	2	4	2	0	0	4	0	4	0	0	0	0	0	0	0	0	0	2	0	0	0	0	0	0	4	0	0	9	2	1	0	4667	80	10	4	874	15	0	103	1	0	205	0	0	2	0	550	19	13	0	669	0	1	0	0	0	0	0	3	18	0	433	0	12456	11	28	10	4	1	23	36	3	1	10	30	16	2	5	1	14	2	1	6	11	20	1	1	1	1	2	1	11	1	3	28	1	1	36	2	85	14	1	11	20	2	0	2	23	56	1	2	0	1	1	1	1	72	1	0	35	1	6	0	79	0	0	25	2	29	5	2	24	1	81	2	0	2	10	1	53	42	0	0	1	1	4	1	31	94	99	12	24	2	16	0	1	7	2	1	1	0	0	0	0	0	0	0	0	0	0	0	0	0	0	0	0	0	0	0	0	0	0	0	0	0	0	0	0	0	0	0	0	0	0	0	0	0	0	0	0	0	0	0	0	0	0	0	0	0	0	0	0	0	0	0	0	0	0	0	0	0	0	0	0	0	0	0	1	7.32	480.40486111111113	11.472488038277511	1.2	2.6	4.2	24	23.579818181818183	4.347931034482759	319.5	11.07	50.920500000000004	22.57843444227006	57.290000000000006	49.348600000000005	33.666666666666664	350	5.4	14	1.6842857142857144	50	69.98	52.59	18.254883720930234	49	1.1	4.81	38.37836956521739	45	50	34.89931034482759	199.25	4.01	5	8	12.69	8.8	1	20	256.86486486486484	3.99	1.62	61.21615384615385	140.6389655172414	3.9433333333333334	3.75	3.05	1.4000000000000001	149	75	9	200	5	2.8227272727272728	2.99	18.5	61.55	58.51827338129496	1.2	1.05	197.1414705882353	53.47	23.77613259668508	14	2	0	0	0	1	0	0	1	0	0	0	0	11	0	0	0	0	0	0	0	0	0	0	0	0	0	0	0	0	0	0	0	0	0	0	0	0	0	0	0	0	0	13	0	0	1	0	0	0	1	0	0	0	0	0	0	0	0	0	0	0	0	0	0	0	0	0	0	0	0	0	0	0	0	0	0	9	0	0	0	0	0	0	0	0	0	0	0	0	0	0	0	0	0	0	0	0	0	0	0	0	0	0	0	0	0	0	0	0	0	0	0	0	0	0	0	0	0	0	1	0	0	0	0	0	0	0	0	0	0	0	0	0	0	0	0	0	0	0	0	0	0	0	0	0	0	0	0	0	0	0	0	0	0	0	0	0	0	0	0	0	0	12	4	0	3	0	0	3	18	0	0	0	3	0	0	0	7	1	0	0	0	0	78	539	168	5	0	9	6	1	0	1	0	0	55	0	0	0	1	0	902
6	76	85	3	3	48	5	37	75	0	37	0	267	10	0	84	0	0	0	0	0	0	0	0	0	51	5	290	235	118	61	8	1	6	43	31757	25	42	9	1174	121	302	17	1	28	0	40	118	11	14	3	43	0	3	0	0	0	0	2	1	0	0	0	0	38	5	0	174	8	84	0	55	101	3	0	1	0	5	531207	65	12	2	4	2	2	0	10	4	0	0	6	0	0	4	0	0	6	2	0	4	4	2	0	8	0	2	2	2	0	0	0	0	4	0	4	12	0	2	0	4	4	0	2	0	0	0	2	0	2	0	2	0	0	6	0	0	2	2	2	2	2	0	2	6	0	8	2	2	0	2	0	2	2	2	0	0	2	2	0	2	0	4	0	0	0	0	2	0	0	0	0	0	4	0	0	2	0	0	12	2	0	0	4177	84	5	2	798	10	1	127	0	0	167	0	2	2	0	553	12	20	0	742	0	0	0	0	0	5	0	1	27	0	369	0	12087	11	25	9	4	1	20	31	3	1	9	28	17	2	5	1	14	3	1	5	10	18	1	1	1	1	2	1	10	1	3	25	0	1	31	2	85	13	1	11	19	2	0	2	20	40	1	2	0	1	1	1	1	73	1	0	27	1	4	0	82	0	0	23	2	30	5	2	21	1	84	2	0	2	9	1	44	39	0	0	1	1	4	3	29	56	47	12	12	22	16	0	3	8	0	1	0	7	852	7	2	71	0	217	91	0	87	2	181	31	2	45	2	0	4	84	0	0	0	0	7	301	7	15	703	1405	8	10	0	1	0	91	0	0	26	106	1	0	0	248	0	0	4	0	7	77	2	1	0	0	0	1	3	26	0	40	5	1284	150	0	0	0	14	334	1	6.776666666666667	428.7722988505747	11.666179401993356	1.6	2.6	4.09	24	35.45943820224719	10.68	193.4	13.34142857142857	17.110422535211267	15.017352024922117	57.290000000000006	37.70555164319249	15	350	4.585483870967742	15	1.6	3.5	32.13	52.59	14.207362637362635	49	1.1	2.64	31.176693548387096	45	50	24.252846975088968	199.25	4.01	5	8	17.18311111111111	7.74	1.8557142857142856	20	5707.918011049724	4.66	2.7041176470588235	49.63142857142857	122.27537735849057	20.497142857142855	11.982666666666667	3.05	26.914285714285715	149	75	9	200	5	72.8076923076923	2.99	18.5	49.50851851851852	53.850796586059744	1.2	1.05	151.5933766233766	70.44	66.81844311377246	11	2	0	1	0	1	0	0	0	0	0	0	0	12	0	0	0	0	0	0	0	0	0	0	0	0	0	0	0	0	0	0	0	0	0	0	0	0	0	0	0	0	0	14	1	0	0	0	0	0	0	0	0	0	0	0	0	0	0	0	0	0	0	0	0	0	0	0	0	0	0	0	0	0	0	0	0	11	0	0	0	0	0	0	0	0	0	0	0	0	0	0	0	0	0	0	0	0	0	0	0	0	0	0	0	0	0	0	0	0	0	0	0	0	0	0	0	0	0	0	0	0	0	0	0	0	0	0	0	0	0	0	0	0	0	0	0	0	0	0	0	0	0	0	0	0	0	0	0	0	0	0	0	0	0	0	0	0	0	0	0	0	0	12	3	2	6	0	0	1	10	1	0	0	1	1	2	0	5	0	0	0	0	0	126	581	138	6	1	5	44	3	0	1	0	0	53	1	0	0	0	0	991
43	77	91	3	8	6	4	40	7	0	8	0	301	7	2	78	0	0	0	0	0	0	0	0	0	7	83	290	235	118	61	8	1	6	43	31757	25	42	9	1174	121	302	17	1	28	0	40	118	11	14	3	43	0	3	0	0	0	0	2	1	0	0	0	0	38	5	0	174	8	84	0	55	101	3	0	1	0	5	531207	65	8	12	2	0	0	0	10	4	2	2	2	0	2	0	2	0	2	0	0	2	6	2	4	0	0	0	0	10	0	0	0	0	0	0	8	4	0	6	0	2	4	0	4	0	0	0	0	0	4	0	0	0	0	2	2	0	4	0	0	4	0	0	0	2	0	2	2	0	0	2	4	2	0	0	0	0	8	0	0	0	0	0	0	0	2	0	6	0	2	0	0	0	0	0	0	6	2	0	12	2	1	0	4848	257	4	4	928	16	0	126	2	0	333	0	3	0	0	619	22	51	0	589	0	2	1	0	0	4	0	2	103	0	459	0	13701	11	27	11	4	1	20	34	3	2	9	30	18	2	6	1	12	3	1	5	10	18	1	1	1	1	2	1	10	1	3	26	1	1	34	2	94	14	1	12	22	1	0	2	21	50	1	2	0	1	1	1	1	70	1	0	29	1	5	0	84	0	0	27	2	30	5	1	25	1	84	2	0	2	10	1	47	44	0	0	1	1	5	7	30	69	42	10	13	1	23	2	0	3	0	1	0	0	0	0	0	0	0	0	0	0	0	0	0	0	0	0	0	0	0	0	0	0	0	0	0	0	0	0	0	0	0	0	0	0	0	0	0	0	0	0	0	0	0	0	0	0	0	0	0	0	0	0	0	0	0	0	0	0	0	0	0	0	0	0	0	0	0	0	1	6.776666666666667	428.7722988505747	11.666179401993356	1.6	2.6	4.09	24	35.45943820224719	10.68	193.4	13.34142857142857	17.110422535211267	15.017352024922117	57.290000000000006	37.70555164319249	15	350	4.585483870967742	15	1.6	3.5	32.13	52.59	14.207362637362635	49	1.1	2.64	31.176693548387096	45	50	24.252846975088968	199.25	4.01	5	8	17.18311111111111	7.74	1.8557142857142856	20	5707.918011049724	4.66	2.7041176470588235	49.63142857142857	122.27537735849057	20.497142857142855	11.982666666666667	3.05	26.914285714285715	149	75	9	200	5	72.8076923076923	2.99	18.5	49.50851851851852	53.850796586059744	1.2	1.05	151.5933766233766	70.44	66.81844311377246	11	2	0	1	0	0	0	0	0	0	1	0	0	8	0	0	0	0	0	0	0	0	0	0	0	0	0	0	0	0	0	0	0	0	0	0	0	1	0	0	0	0	0	11	0	0	0	0	0	0	0	0	1	0	1	0	0	0	0	0	0	0	0	0	0	0	0	0	0	0	0	0	0	0	0	0	0	8	0	0	0	0	0	0	0	0	0	0	0	0	0	0	0	0	0	0	0	0	0	0	0	0	0	0	0	0	0	0	0	0	0	0	0	0	0	0	0	0	0	0	0	0	0	0	0	0	0	0	0	0	0	0	0	0	0	0	0	0	0	0	0	0	0	0	0	0	0	0	0	0	0	0	0	0	0	0	0	0	0	0	0	0	0	10	8	1	3	0	0	3	16	0	0	0	1	2	0	0	0	0	0	0	0	0	98	622	171	14	0	9	23	3	0	2	0	0	49	0	1	0	0	0	1026
4	77	83	42	44	5	41	0	1	0	0	0	231	4	0	3	0	0	0	0	0	0	0	0	0	8	4	290	235	118	61	8	1	6	43	31757	25	42	9	1174	121	302	17	1	28	0	40	118	11	14	3	43	0	3	0	0	0	0	2	1	0	0	0	0	38	5	0	174	8	84	0	55	101	3	0	1	0	5	531207	65	2	2	6	0	4	0	10	4	0	8	4	0	8	4	0	0	0	0	2	2	2	4	0	2	0	2	0	4	2	0	0	2	10	0	0	4	0	0	0	8	2	0	2	0	0	0	4	0	0	0	2	0	0	8	4	0	10	0	4	6	0	0	0	6	0	0	4	0	0	6	0	4	2	0	0	4	2	0	2	2	0	0	0	0	0	2	6	0	0	0	0	0	0	0	0	6	10	0	14	2	2	0	5130	320	12	2	817	17	0	114	1	0	396	0	0	0	1	532	35	5	1	746	1	0	1	0	2	5	0	2	24	0	412	0	13857	13	25	11	4	1	20	35	3	1	9	30	20	2	5	1	12	3	1	5	10	18	1	1	1	1	2	1	10	1	3	27	1	1	33	3	96	14	1	12	19	2	0	2	21	54	1	2	0	1	1	1	1	67	1	0	28	1	3	0	69	0	0	26	2	29	5	2	23	1	89	2	0	2	10	1	48	44	0	0	1	1	4	14	29	46	116	16	14	2	38	1	1	1	1	0	0	25	92	9	2	89	0	481	287	1	250	2	369	53	1	53	4	0	2	439	0	0	1	0	16	444	8	17	1231	2896	18	112	0	1	0	118	1	0	115	150	4	0	0	778	0	0	5	1	8	130	4	4	0	2	0	0	4	25	0	411	3	6171	209	0	2	0	15	1070	1	4.464210526315789	222.11	15.605157657657658	7.88	3.32	14.250267857142857	24	159.2378596491228	5.760681265206812	321.3333333333333	286.07	30.949325842696627	9.294184086857884	57.290000000000006	160.96717391304347	35.88	350	4.449433962264151	15	2.571111111111111	3.53	5.5	52.59	11.49864406779661	49	1.1	11.04	23.17115681233933	45	50	19.592524171270718	859.4	4.01	5	21.6	21.566226415094338	6.32	2.78	15	3042.0484552845533	4.99	1.6635000000000002	28.7201138952164	119.03193333333334	4.5488888888888885	5763.928235294117	3.05	1.5053333333333332	149	75	9	200	5	4.48	2.99	50	32.970437499999996	38.57137286758733	1.2	1.15	63.15430769230769	59.26072115384615	27.06593457943925	12.26	2	0	0	0	1	0	0	0	0	5	0	0	9	0	0	0	0	0	0	0	0	0	0	0	0	0	0	0	0	0	0	0	0	0	0	0	0	0	0	0	0	0	15	0	0	1	0	0	0	0	0	0	0	1	0	0	0	0	0	0	0	0	0	0	0	0	0	0	0	0	0	0	0	0	0	0	12	0	0	0	0	0	0	0	0	0	0	0	0	0	0	0	0	1	0	0	0	0	0	0	0	0	0	0	0	0	0	0	0	0	0	0	0	0	0	0	0	0	0	0	0	0	0	0	0	0	0	0	0	0	0	0	0	0	0	0	0	0	0	0	0	0	0	0	0	0	0	0	0	0	0	0	0	0	0	0	0	0	0	0	0	0	15	8	0	2	0	0	5	15	0	0	0	2	3	0	0	0	0	0	0	0	0	95	515	172	10	1	11	23	3	0	2	0	0	60	0	1	4	0	0	932
9	81	48	6	3	42	3	74	260	0	4	0	529	43	0	7	0	0	0	0	0	0	0	0	0	7	76	290	235	118	61	8	1	6	43	31757	25	42	9	1174	121	302	17	1	28	0	40	118	11	14	3	43	0	3	0	0	0	0	2	1	0	0	0	0	38	5	0	174	8	84	0	55	101	3	0	1	0	5	531207	65	10	4	16	2	2	0	10	0	4	6	8	4	4	0	2	0	8	2	0	4	4	4	0	0	0	0	0	2	0	0	0	0	10	0	4	4	0	6	2	0	2	0	0	0	0	0	4	0	2	0	8	0	0	2	0	0	2	2	2	6	2	0	0	2	0	2	0	0	0	2	2	0	2	0	0	0	6	0	0	2	0	0	0	0	2	0	4	0	2	0	0	0	0	0	0	6	0	0	15	3	0	0	4833	332	20	8	905	10	0	141	0	0	484	0	3	0	0	633	20	7	0	752	0	0	0	0	0	6	1	4	34	0	449	0	14396	12	27	9	4	1	17	32	3	1	9	28	18	2	5	1	13	3	1	5	10	18	1	1	1	1	1	1	9	1	3	21	1	1	31	2	99	84	1	12	22	2	0	1	21	49	1	2	0	1	1	1	1	64	1	0	27	1	4	0	64	0	0	26	1	30	5	1	23	1	89	2	0	2	10	0	50	42	0	0	1	1	5	22	26	129	45	5	3	3	33	0	0	0	5	0	0	10	34	4	2	46	0	205	221	0	105	0	183	30	0	22	1	0	3	400	0	0	0	0	4	173	5	6	467	1333	11	1	0	0	0	46	2	0	96	24	1	0	0	462	0	0	0	0	3	69	2	1	0	1	0	2	0	19	0	348	0	4791	67	0	2	0	2	803	1	3.43	49.92847619047619	5.928265895953757	9.27	4.05	5.45	24	164.39995475113122	5.785028735632184	321.3333333333333	2.02	8.782391304347826	7.396547693592152	57.290000000000006	136.7264705882353	50.25	350	3.97	18.63	3.2318181818181824	5	7.016666666666667	52.59	4.634782608695652	49	1.1	3.56	7.656515151515151	45	50	13.299032258064516	859.4	4.01	5	25.150000000000002	7.221363636363637	12.1	1.6380000000000003	15	4.952349726775956	4.99	1.67	8.121224999999999	23.454166666666666	7.27	6.886666666666667	3.05	3.05	149	75	9	200	5	9.439473684210526	2.99	50	24.321219512195125	24.554453961456105	1.2	1.2	11.771159420289855	32.07545454545455	12.95359900373599	14	2	0	0	0	0	0	0	0	0	1	0	0	16	0	0	0	0	0	0	0	0	0	0	0	0	0	0	0	0	0	0	0	0	0	0	0	0	0	0	0	0	0	17	2	0	0	0	0	0	0	0	0	0	0	0	1	0	0	0	0	0	0	0	0	0	0	0	0	0	0	0	0	0	0	0	0	7	0	0	0	0	0	0	0	0	0	0	0	0	0	0	0	0	0	0	0	0	0	0	0	0	0	0	0	0	0	0	0	0	0	0	0	0	0	0	0	0	0	0	0	0	0	0	0	0	0	0	0	0	0	0	0	0	0	0	0	0	0	0	0	0	0	0	0	0	0	0	0	0	0	0	0	0	0	0	0	0	0	0	0	0	0	10	7	5	10	0	0	0	21	0	0	0	2	0	0	0	0	0	0	0	0	0	90	389	152	10	0	7	7	1	0	0	0	0	45	0	0	0	0	0	746
7	152	122	3	7	6	4	4	40	0	1	0	354	9	0	4	0	0	0	0	0	0	0	0	0	10	76	290	235	118	61	8	1	6	43	31757	25	42	9	1174	121	302	17	1	28	0	40	118	11	14	3	43	0	3	0	0	0	0	2	1	0	0	0	0	38	5	0	174	8	84	0	55	101	3	0	1	0	5	531207	65	8	2	6	0	4	0	10	4	0	2	6	2	4	8	0	0	10	2	0	0	8	4	0	6	0	0	2	4	0	0	0	0	2	0	2	12	0	2	2	2	0	0	0	0	0	0	2	0	0	0	0	0	0	6	0	0	8	0	2	4	0	0	0	4	0	2	4	0	0	4	0	0	0	0	0	0	0	0	2	2	0	0	0	0	4	0	8	0	2	0	0	0	0	0	0	2	0	2	12	1	0	0	5221	333	0	10	913	6	1	196	1	0	303	0	1	0	1	641	10	10	1	906	0	0	0	0	0	3	0	3	30	0	392	0	14950	9	27	9	4	1	18	34	3	1	9	28	20	2	5	1	12	3	1	4	9	17	1	1	1	1	2	1	9	1	3	22	1	1	33	3	100	16	1	11	18	2	0	1	21	58	0	2	0	1	1	1	1	66	1	0	37	1	4	0	63	0	0	25	2	32	6	2	23	1	87	2	0	2	10	0	48	42	0	0	1	1	4	27	26	72	70	13	15	6	56	0	1	0	1	0	0	0	0	0	0	0	0	0	0	0	0	0	0	0	0	0	0	0	0	0	0	0	0	0	0	0	0	0	0	0	0	0	0	0	0	0	0	0	0	0	0	0	0	0	0	0	0	0	0	0	0	0	0	0	0	0	0	0	0	0	0	0	0	0	0	0	0	0	1	3.43	49.92847619047619	5.928265895953757	9.27	4.05	5.45	24	164.39995475113122	5.785028735632184	321.3333333333333	2.02	8.782391304347826	7.396547693592152	57.290000000000006	136.7264705882353	50.25	350	3.97	18.63	3.2318181818181824	5	7.016666666666667	52.59	4.634782608695652	49	1.1	3.56	7.656515151515151	45	50	13.299032258064516	859.4	4.01	5	25.150000000000002	7.221363636363637	12.1	1.6380000000000003	15	4.952349726775956	4.99	1.67	8.121224999999999	23.454166666666666	7.27	6.886666666666667	3.05	3.05	149	75	9	200	5	9.439473684210526	2.99	50	24.321219512195125	24.554453961456105	1.2	1.2	11.771159420289855	32.07545454545455	12.95359900373599	14	2	0	1	0	1	1	0	3	0	0	0	0	16	0	0	0	0	0	0	0	0	0	0	0	0	0	0	0	0	0	0	0	0	0	0	0	0	0	0	0	0	0	22	2	0	1	0	0	0	0	0	1	0	0	0	0	0	0	0	0	0	0	0	0	0	0	0	0	0	0	0	0	0	0	0	0	16	0	0	0	0	0	0	0	0	0	0	0	0	0	0	0	0	0	0	0	0	0	0	0	0	0	0	0	0	0	0	0	0	0	0	0	0	0	0	0	0	0	0	0	0	0	0	0	0	0	0	0	0	0	0	0	0	0	0	0	0	0	0	0	0	0	0	0	0	0	0	0	0	0	0	0	0	0	0	0	0	0	0	0	0	0	20	1	0	2	0	0	1	8	0	0	0	0	3	0	0	1	0	0	0	0	0	102	591	208	17	2	20	29	2	0	2	0	0	59	0	0	0	0	0	1048
42	117	85	2	2	8	2	90	77	0	0	0	562	7	2	77	0	0	0	0	0	0	0	0	0	7	2	290	235	118	61	8	1	6	43	31757	25	42	9	1174	121	302	17	1	28	0	40	118	11	14	3	43	0	3	0	0	0	0	2	1	0	0	0	0	38	5	0	174	8	84	0	55	101	3	0	1	0	5	531207	65	6	6	2	6	4	0	10	8	4	10	12	4	4	0	0	0	0	0	0	0	4	2	0	2	0	2	0	4	0	0	0	0	10	0	2	0	2	0	2	0	4	2	0	0	0	0	0	0	0	0	4	0	0	0	2	0	2	2	4	6	2	0	0	2	0	6	0	2	0	0	0	0	4	0	0	0	4	0	2	2	0	2	0	0	0	0	4	0	0	0	0	0	2	0	0	2	2	0	10	3	1	0	4448	507	3	4	871	20	0	144	0	0	303	0	0	1	1	551	16	11	2	1095	0	0	0	1	0	2	0	1	21	0	402	0	14176	10	29	12	4	1	20	36	4	1	9	32	21	3	5	1	12	3	1	5	13	17	1	1	1	0	2	1	11	1	3	24	1	1	35	3	93	16	1	11	21	2	0	1	20	58	1	3	0	1	1	1	1	70	1	0	30	1	4	0	70	0	0	27	2	34	6	2	23	1	92	2	0	2	10	0	52	43	0	0	1	1	4	28	30	61	93	14	6	2	57	0	3	0	0	1	0	0	0	0	0	0	0	0	0	0	0	0	0	0	0	0	0	0	0	0	0	0	0	0	0	0	0	0	0	0	0	0	0	0	0	0	0	0	0	0	0	0	0	0	0	0	0	0	0	0	0	0	0	0	0	0	0	0	0	0	0	0	0	0	0	0	0	0	1	3.43	49.92847619047619	5.928265895953757	9.27	4.05	5.45	24	164.39995475113122	5.785028735632184	321.3333333333333	2.02	8.782391304347826	7.396547693592152	57.290000000000006	136.7264705882353	50.25	350	3.97	18.63	3.2318181818181824	5	7.016666666666667	52.59	4.634782608695652	49	1.1	3.56	7.656515151515151	45	50	13.299032258064516	859.4	4.01	5	25.150000000000002	7.221363636363637	12.1	1.6380000000000003	15	4.952349726775956	4.99	1.67	8.121224999999999	23.454166666666666	7.27	6.886666666666667	3.05	3.05	149	75	9	200	5	9.439473684210526	2.99	50	24.321219512195125	24.554453961456105	1.2	1.2	11.771159420289855	32.07545454545455	12.95359900373599	14	2	0	2	0	1	0	0	1	0	0	0	0	10	0	0	0	0	0	0	0	0	0	0	0	0	0	0	0	0	0	0	0	0	0	0	0	0	0	0	0	0	0	14	0	0	0	0	0	0	0	0	0	0	0	1	0	0	0	0	0	0	0	0	0	0	0	0	0	0	0	0	0	0	0	0	0	6	0	0	0	0	0	0	0	0	0	0	0	0	0	0	0	0	0	0	0	0	0	0	0	0	0	0	0	0	0	0	0	0	0	0	0	0	0	0	0	0	0	0	0	0	0	0	0	0	0	0	0	0	0	0	0	0	0	0	0	0	0	0	0	0	0	0	0	0	0	0	0	0	0	0	0	0	0	0	0	0	0	0	0	0	0	7	5	0	2	0	2	3	22	1	0	0	1	4	0	0	0	0	0	0	0	0	70	561	195	6	0	7	13	5	0	0	0	0	42	0	0	4	0	0	943
9	158	50	41	4	44	3	42	76	0	76	0	313	44	1	118	0	0	0	0	0	0	0	0	0	45	79	290	235	118	61	8	1	6	43	31757	25	42	9	1174	121	302	17	1	28	0	40	118	11	14	3	43	0	3	0	0	0	0	2	1	0	0	0	0	38	5	0	174	8	84	0	55	101	3	0	1	0	5	531207	65	12	2	2	2	4	0	10	4	2	0	6	2	2	8	0	0	2	0	0	0	4	2	0	6	0	0	2	6	0	0	0	0	8	0	0	8	0	0	0	2	4	0	2	0	0	0	0	0	0	0	6	0	0	2	2	0	4	0	2	4	4	0	0	4	0	2	0	0	0	4	4	2	0	0	0	0	0	0	0	2	0	0	0	0	2	0	4	0	0	0	0	0	0	0	0	2	0	0	17	2	1	1	4526	377	2	4	853	11	0	158	0	0	233	0	0	0	0	534	7	511	0	1436	0	0	1	0	0	5	0	4	28	0	2052	0	16679	11	30	11	4	1	26	38	5	1	9	36	22	2	5	1	12	3	1	5	12	19	1	1	1	1	2	1	12	1	3	25	1	1	37	3	88	16	1	12	21	2	0	2	22	56	1	3	0	1	1	1	1	63	1	0	26	1	5	0	79	0	0	28	2	33	5	2	24	1	84	2	0	2	11	1	55	45	0	0	1	1	3	32	30	50	72	12	4	11	51	0	3	0	2	0	0	0	0	0	0	0	0	0	0	0	0	0	0	0	0	0	0	0	0	0	0	0	0	0	0	0	0	0	0	0	0	0	0	0	0	0	0	0	0	0	0	0	0	0	0	0	0	0	0	0	0	0	0	0	0	0	0	0	0	0	0	0	0	0	0	0	0	0	1	3.43	49.92847619047619	5.928265895953757	9.27	4.05	5.45	24	164.39995475113122	5.785028735632184	321.3333333333333	2.02	8.782391304347826	7.396547693592152	57.290000000000006	136.7264705882353	50.25	350	3.97	18.63	3.2318181818181824	5	7.016666666666667	52.59	4.634782608695652	49	1.1	3.56	7.656515151515151	45	50	13.299032258064516	859.4	4.01	5	25.150000000000002	7.221363636363637	12.1	1.6380000000000003	15	4.952349726775956	4.99	1.67	8.121224999999999	23.454166666666666	7.27	6.886666666666667	3.05	3.05	149	75	9	200	5	9.439473684210526	2.99	50	24.321219512195125	24.554453961456105	1.2	1.2	11.771159420289855	32.07545454545455	12.95359900373599	14	2	0	0	0	2	0	0	1	0	1	0	0	9	0	0	0	0	0	0	0	0	0	0	0	0	0	0	0	0	0	0	0	0	0	0	0	0	0	0	0	0	0	13	0	0	1	0	0	0	0	0	0	0	0	0	0	1	0	0	0	0	0	0	0	0	0	0	0	0	0	0	0	0	0	0	0	7	0	0	0	0	0	0	0	0	0	0	0	0	0	0	0	0	0	0	0	0	0	0	0	0	0	0	0	0	0	0	0	0	0	0	0	0	0	0	0	0	0	0	0	0	0	0	0	0	0	0	1	0	0	0	1	0	0	0	0	0	0	0	0	0	0	0	0	0	0	0	0	0	0	0	0	0	0	0	0	0	0	0	0	0	0	11	4	1	7	0	0	2	17	1	0	0	1	4	0	0	3	0	0	0	0	0	128	570	174	9	0	10	30	3	0	1	0	0	65	0	0	0	0	0	1030
4	7	9	38	3	10	0	2	76	0	2	0	267	42	0	53	0	0	0	0	0	0	0	0	0	87	39	290	235	118	61	8	1	6	43	31757	25	42	9	1174	121	302	17	1	28	0	40	118	11	14	3	43	0	3	0	0	0	0	2	1	0	0	0	0	38	5	0	174	8	84	0	55	101	3	0	1	0	5	531207	65	16	2	4	4	2	0	10	8	2	4	6	4	0	4	0	0	6	0	0	0	10	4	4	6	0	0	0	6	0	0	0	0	2	0	4	0	0	2	0	0	0	0	4	0	0	0	0	0	0	0	6	0	0	8	0	0	2	0	2	2	0	0	2	0	0	2	0	0	0	4	0	0	6	2	0	0	6	0	0	0	0	0	0	0	0	0	4	0	0	0	0	0	0	0	0	2	6	0	16	0	4	0	4309	264	6	4	752	15	0	131	0	0	321	0	2	1	0	471	16	278	1	1012	0	0	1	1	0	1	0	1	14	0	2011	0	15988	10	30	12	4	1	21	36	3	1	9	32	20	2	6	1	12	3	1	5	10	18	1	1	1	1	2	1	10	1	4	26	1	1	35	2	85	15	1	12	22	2	0	2	22	62	1	3	0	1	1	1	1	62	1	0	26	1	4	0	82	0	0	27	2	31	5	2	24	1	86	2	0	2	11	1	52	45	0	0	1	1	4	37	30	154	24	12	10	3	54	0	4	2	3	0	0	0	0	0	0	0	0	0	0	0	0	0	0	0	0	0	0	0	0	0	0	0	0	0	0	0	0	0	0	0	0	0	0	0	0	0	0	0	0	0	0	0	0	0	0	0	0	0	0	0	0	0	0	0	0	0	0	0	0	0	0	0	0	0	0	0	0	0	1	3.43	49.92847619047619	5.928265895953757	9.27	4.05	5.45	24	164.39995475113122	5.785028735632184	321.3333333333333	2.02	8.782391304347826	7.396547693592152	57.290000000000006	136.7264705882353	50.25	350	3.97	18.63	3.2318181818181824	5	7.016666666666667	52.59	4.634782608695652	49	1.1	3.56	7.656515151515151	45	50	13.299032258064516	859.4	4.01	5	25.150000000000002	7.221363636363637	12.1	1.6380000000000003	15	4.952349726775956	4.99	1.67	8.121224999999999	23.454166666666666	7.27	6.886666666666667	3.05	3.05	149	75	9	200	5	9.439473684210526	2.99	50	24.321219512195125	24.554453961456105	1.2	1.2	11.771159420289855	32.07545454545455	12.95359900373599	14	2	1	0	0	0	0	0	0	0	0	0	0	15	0	0	0	0	0	0	0	0	0	0	0	0	0	0	0	0	0	0	0	0	0	0	0	0	0	0	0	0	0	16	0	0	1	0	0	0	0	0	1	0	0	0	0	0	0	0	0	0	0	0	0	0	0	0	0	0	0	0	0	0	0	0	0	10	0	0	0	0	0	0	0	0	0	0	0	0	0	0	0	0	0	0	0	0	0	0	0	0	0	0	0	0	0	0	0	0	0	0	0	0	0	0	0	0	0	0	0	0	0	0	0	0	0	0	0	0	0	0	0	0	0	0	0	0	0	0	0	0	0	0	0	0	0	0	0	0	0	0	0	0	0	0	0	0	0	0	0	0	0	12	2	2	2	0	0	1	15	0	0	0	0	7	0	0	3	0	0	0	0	0	106	588	149	11	0	6	15	6	0	1	0	0	54	0	0	0	0	0	968
9	46	156	5	2	42	4	1	117	0	38	0	156	4	0	2	0	0	0	0	0	0	0	0	0	47	44	290	235	118	61	8	1	6	43	31757	25	42	9	1174	121	302	17	1	28	0	40	118	11	14	3	43	0	3	0	0	0	0	2	1	0	0	0	0	38	5	0	174	8	84	0	55	101	3	0	1	0	5	531207	65	10	0	4	2	4	0	6	6	2	4	6	0	4	4	0	0	6	4	0	0	4	2	6	2	0	0	0	0	0	0	0	0	6	0	8	0	0	0	4	4	4	0	2	0	0	0	4	0	2	0	6	0	0	4	0	0	6	0	6	2	0	0	2	0	0	0	0	2	0	4	6	4	2	4	0	0	2	2	0	0	0	2	0	0	0	0	6	0	0	0	0	0	0	0	0	2	0	0	9	1	0	0	4066	379	6	2	699	12	0	118	0	0	260	0	1	1	0	473	13	281	0	1117	0	0	0	0	0	0	0	1	16	0	2093	0	16087	9	27	9	4	1	19	33	3	1	10	28	20	2	5	1	13	2	1	5	10	16	1	1	1	1	2	1	10	1	3	26	1	1	31	2	99	13	1	11	16	1	0	3	19	74	1	2	0	1	1	1	1	66	1	0	25	1	3	0	78	0	0	23	2	31	5	1	22	1	83	2	0	2	9	1	48	40	0	0	1	1	3	40	28	102	8	6	6	1	29	0	0	0	1	0	0	0	0	0	0	0	0	0	0	0	0	0	0	0	0	0	0	0	0	0	0	0	0	0	0	0	0	0	0	0	0	0	0	0	0	0	0	0	0	0	0	0	0	0	0	0	0	0	0	0	0	0	0	0	0	0	0	0	0	0	0	0	0	0	0	0	0	0	1	3.43	49.92847619047619	5.928265895953757	9.27	4.05	5.45	24	164.39995475113122	5.785028735632184	321.3333333333333	2.02	8.782391304347826	7.396547693592152	57.290000000000006	136.7264705882353	50.25	350	3.97	18.63	3.2318181818181824	5	7.016666666666667	52.59	4.634782608695652	49	1.1	3.56	7.656515151515151	45	50	13.299032258064516	859.4	4.01	5	25.150000000000002	7.221363636363637	12.1	1.6380000000000003	15	4.952349726775956	4.99	1.67	8.121224999999999	23.454166666666666	7.27	6.886666666666667	3.05	3.05	149	75	9	200	5	9.439473684210526	2.99	50	24.321219512195125	24.554453961456105	1.2	1.2	11.771159420289855	32.07545454545455	12.95359900373599	14	2	0	0	1	0	0	0	0	0	1	0	0	17	0	0	0	0	0	0	0	0	0	0	0	0	0	0	0	0	0	0	0	0	0	0	0	0	0	0	0	0	0	19	1	0	0	0	0	0	0	0	2	0	0	1	0	0	0	0	0	0	0	0	0	0	0	0	0	0	0	0	0	0	0	0	1	5	0	0	0	0	0	0	0	0	0	0	0	0	0	0	0	0	0	0	0	0	0	0	0	0	0	0	0	0	0	0	0	0	0	0	0	0	0	0	0	0	0	0	0	0	0	0	0	0	0	0	0	0	0	0	0	0	0	0	0	0	0	0	0	0	0	0	0	0	0	0	0	0	0	0	0	0	0	0	0	0	0	0	0	0	0	10	8	1	1	0	0	2	14	0	0	0	0	3	0	0	4	0	0	0	0	0	75	734	187	14	1	7	24	0	0	7	0	0	37	0	0	0	2	0	1121
38	4	92	40	4	50	0	38	2	0	39	0	263	41	0	5	0	75	0	0	0	0	0	0	0	16	48	290	235	118	61	8	1	6	43	31757	25	42	9	1174	121	302	17	1	28	0	40	118	11	14	3	43	0	3	0	0	0	0	2	1	0	0	0	0	38	5	0	174	8	84	0	55	101	3	0	1	0	5	531207	65	10	0	4	2	0	0	6	2	0	2	8	2	4	4	0	0	4	2	0	2	4	4	6	2	0	0	2	4	0	0	0	0	2	0	6	4	2	2	2	2	2	0	6	0	0	0	0	0	4	0	4	0	0	4	0	0	4	0	4	4	2	0	2	4	0	0	2	0	0	4	2	4	2	4	0	0	2	0	2	0	0	0	0	0	2	0	2	0	2	0	0	0	0	0	0	2	0	2	5	0	1	1	4147	444	3	4	823	19	0	209	0	2	286	0	0	0	0	501	28	216	1	1043	0	0	0	0	0	7	1	1	13	1	1850	0	16270	10	30	10	4	1	20	36	3	1	9	30	21	2	5	1	14	3	1	5	10	19	1	1	1	1	2	1	10	1	3	24	1	1	33	2	86	15	1	12	14	1	0	2	21	83	1	3	0	3	1	1	1	66	1	0	30	1	2	0	63	0	0	24	2	30	5	1	23	1	86	3	0	2	11	1	49	45	0	0	1	1	2	51	28	71	41	25	1	28	22	0	3	0	3	0	0	0	1	3	0	0	0	0	0	0	0	0	1	2	0	0	0	0	0	2	0	0	0	0	0	2	0	1	6	0	0	0	0	0	0	1	0	0	0	0	0	0	0	0	0	0	0	0	0	2	1	0	0	0	0	0	0	0	0	0	0	3	0	0	0	0	0	10	1	3.43	49.92847619047619	8.07	9.27	1.08	5.45	24	164.39995475113122	5.785028735632184	321.3333333333333	2.02	8.782391304347826	15.666666666666666	57.290000000000006	1.98	50.25	350	2.9850000000000003	18.63	3.2318181818181824	5	7.016666666666667	52.59	2.1	49	1.1	3.56	7.656515151515151	45	50	13.299032258064516	859.4	4.01	5	25.150000000000002	7.221363636363637	12.1	1.6380000000000003	15	66	4.99	1.67	1.99	23.454166666666666	100	63	3.05	3.05	149	75	9	200	5	9.439473684210526	2.99	50	24.321219512195125	8.668333333333335	1.2	1.2	22.85	32.07545454545455	46.16	14	2	0	0	0	1	0	0	0	0	3	0	0	20	0	0	0	0	0	0	0	0	0	0	0	0	0	0	0	0	0	0	0	0	0	0	0	0	0	0	0	0	0	24	0	0	1	0	0	0	0	0	2	0	0	1	0	0	0	0	0	0	0	0	0	0	0	0	0	0	0	0	0	0	0	0	2	8	0	0	0	0	0	0	0	0	0	0	0	0	0	0	0	0	0	0	0	0	0	0	0	0	0	0	0	0	0	0	0	0	0	0	0	0	0	0	0	0	0	0	0	0	0	0	0	0	0	0	0	0	0	0	0	0	0	0	0	0	0	0	0	0	0	0	0	0	0	0	0	0	0	0	0	0	0	0	0	0	0	0	0	1	1	16	7	0	8	0	2	0	19	0	0	0	0	4	1	0	3	0	1	0	0	0	118	589	153	6	0	6	57	6	0	0	0	0	51	0	0	0	0	0	1031
2	154	164	6	40	28	1	1	3	0	74	0	339	50	0	115	0	0	0	0	0	0	0	0	0	10	75	290	235	118	61	8	1	6	43	31757	25	42	9	1174	121	302	17	1	28	0	40	118	11	14	3	43	0	3	0	0	0	0	2	1	0	0	0	0	38	5	0	174	8	84	0	55	101	3	0	1	0	5	531207	65	10	0	8	4	4	0	10	2	0	2	2	0	4	0	0	0	4	2	0	0	4	4	2	4	0	0	0	2	0	0	0	0	2	0	2	4	0	0	2	0	0	2	4	0	0	0	0	0	0	0	2	0	0	4	0	0	0	0	6	6	2	0	0	2	0	0	2	0	0	2	0	0	0	2	0	0	4	0	0	0	0	0	0	0	0	0	0	0	0	0	0	0	0	0	0	2	0	2	13	2	1	0	3899	376	2	7	698	28	0	304	0	0	277	0	1	1	0	533	9	183	0	928	0	0	1	0	0	3	0	2	11	0	1576	0	15265	14	30	12	4	1	20	43	4	1	10	33	20	2	6	1	14	3	1	5	11	20	1	1	1	1	2	1	11	1	3	25	1	1	35	3	76	18	1	13	17	2	0	2	24	73	1	3	0	5	1	1	1	69	1	0	33	1	1	0	77	0	0	28	4	31	5	2	26	1	86	2	0	2	13	1	58	51	0	0	1	1	3	64	29	32	27	5	7	5	21	0	2	0	0	0	0	1	17	11	0	12	0	22	10	0	6	0	13	1	0	1	3	0	1	24	2	0	0	0	3	28	7	0	25	38	12	0	0	0	0	1	0	0	1	0	0	0	0	15	0	0	0	0	0	4	0	0	0	0	0	0	0	0	0	4	0	23	9	0	1	0	0	63	1	3.43	11	23.223636363636363	9.27	1.08	5.45	24	13.19	4.333333333333333	321.3333333333333	2.99	13.986666666666666	6.19	57.290000000000006	12.19	50.25	350	2.9850000000000003	18.63	4.827777777777778	5	2.99	52.59	12.5	49	1.1	3.56	2.9966666666666666	45	50	7.4543478260869565	859.4	4.01	255	19	7.221363636363637	12.1	17.2	15	40.13	4.99	1.67	36.64869565217391	23.454166666666666	33	63	3.05	3.05	149	75	9	200	5	9.439473684210526	2.99	50	18.96	5.628181818181819	1.2	1.2	3.3333333333333335	8.09	43.63568627450981	13.666666666666666	2	0	0	0	1	0	0	0	1	0	0	0	22	0	0	1	0	0	0	0	0	0	0	0	0	0	0	0	0	0	0	0	0	0	0	0	0	0	0	0	0	0	25	2	0	0	0	0	0	0	0	1	0	0	1	0	0	0	0	0	0	0	0	0	0	0	0	0	0	0	0	0	0	0	0	0	10	0	0	0	0	0	0	0	0	0	0	0	0	0	0	0	0	0	0	0	0	0	0	0	0	0	0	0	0	0	0	0	0	0	0	0	0	0	0	0	0	0	0	0	0	0	0	0	0	0	0	0	0	0	0	0	0	0	0	0	0	0	0	0	0	0	0	0	0	0	0	0	0	0	0	0	0	0	0	0	0	0	0	0	1	1	16	11	3	8	0	1	1	28	0	0	0	1	1	0	0	0	0	1	0	0	0	84	616	129	14	0	11	17	5	0	3	0	0	48	0	1	0	0	0	983
8	5	128	39	42	113	2	77	39	0	37	0	461	9	0	39	0	0	0	0	0	0	0	0	0	11	114	290	235	118	61	8	1	6	43	31757	25	42	9	1174	121	302	17	1	28	0	40	118	11	14	3	43	0	3	0	0	0	0	2	1	0	0	0	0	38	5	0	174	8	84	0	55	101	3	0	1	0	5	531207	65	10	6	4	0	0	0	4	4	0	0	4	0	6	12	0	0	6	2	0	0	4	4	4	2	0	0	2	8	0	0	0	0	0	0	4	8	0	2	0	8	2	0	4	0	0	0	2	0	0	0	0	0	0	8	0	0	6	2	4	0	0	2	0	0	0	2	0	0	0	2	2	0	0	0	0	0	4	0	2	0	0	0	0	0	2	0	6	0	0	0	0	0	0	0	0	4	2	0	6	1	0	1	4625	728	6	5	833	23	0	139	0	0	269	0	1	1	0	542	15	228	0	1030	0	0	0	1	1	2	3	3	57	0	1658	0	16729	12	29	11	5	1	21	39	3	1	9	35	26	2	6	1	17	3	1	5	11	17	1	1	1	1	2	1	10	1	3	26	1	1	36	3	77	17	1	13	19	2	1	2	24	85	1	3	0	5	1	1	1	65	1	0	32	1	1	0	89	0	0	28	2	32	5	2	26	1	91	2	0	2	12	1	58	47	0	0	1	1	3	76	32	34	33	4	15	3	20	0	0	1	1	0	0	0	0	0	0	0	0	0	0	0	0	0	0	0	0	0	0	0	0	0	0	0	0	0	0	0	0	0	0	0	0	0	0	0	0	0	0	0	0	0	0	0	0	0	0	0	0	0	0	0	0	0	0	0	0	0	0	0	0	0	0	0	0	0	0	0	0	0	1	3.43	11	23.223636363636363	9.27	1.08	5.45	24	13.19	4.333333333333333	321.3333333333333	2.99	13.986666666666666	6.19	57.290000000000006	12.19	50.25	350	2.9850000000000003	18.63	4.827777777777778	5	2.99	52.59	12.5	49	1.1	3.56	2.9966666666666666	45	50	7.4543478260869565	859.4	4.01	255	19	7.221363636363637	12.1	17.2	15	40.13	4.99	1.67	36.64869565217391	23.454166666666666	33	63	3.05	3.05	149	75	9	200	5	9.439473684210526	2.99	50	18.96	5.628181818181819	1.2	1.2	3.3333333333333335	8.09	43.63568627450981	13.666666666666666	2	1	2	0	1	0	0	0	0	0	0	0	13	0	0	0	0	0	0	0	0	0	0	0	0	0	0	0	0	0	0	0	0	0	0	0	0	0	0	0	0	0	17	2	0	1	0	0	0	1	0	1	0	0	1	0	0	0	0	0	0	0	0	0	0	0	0	0	0	0	0	0	0	0	0	0	5	0	0	0	0	0	0	0	0	0	0	0	0	1	0	0	0	0	0	0	0	0	0	0	0	0	0	0	0	0	0	0	0	0	0	0	0	0	0	0	0	0	0	0	0	0	0	0	0	0	0	0	0	0	0	0	0	0	0	0	0	0	0	0	0	0	0	0	0	0	0	0	0	0	0	0	0	0	0	0	0	0	0	0	0	0	12	3	3	8	0	3	1	22	0	0	0	0	3	0	0	0	0	0	0	0	0	110	1030	168	9	0	7	21	9	0	1	0	0	39	0	1	4	0	0	1442
16	41	22	45	2	18	3	38	38	0	39	1	114	9	0	3	0	0	0	0	0	0	0	0	0	45	75	290	235	118	61	8	1	6	43	31757	25	42	9	1174	121	302	17	1	28	0	40	118	11	14	3	43	0	3	0	0	0	0	2	1	0	0	0	0	38	5	0	174	8	84	0	55	101	3	0	1	0	5	531207	65	10	2	2	4	4	0	8	6	0	2	8	2	4	4	2	0	4	0	0	0	6	2	0	2	0	0	0	2	0	0	0	0	4	0	6	8	0	4	2	0	6	0	2	0	0	0	0	0	0	0	2	0	0	8	0	0	2	0	4	4	0	0	0	0	0	0	0	0	0	0	6	2	0	2	0	0	4	0	4	2	0	0	0	0	4	0	2	0	0	0	0	0	0	0	0	6	0	0	14	0	0	3	3974	575	4	3	752	16	0	201	0	1	363	0	1	0	1	628	18	195	0	903	0	0	0	0	0	2	0	5	30	1	1382	0	15342	12	28	10	5	1	21	43	4	1	10	29	33	2	6	1	20	3	1	5	11	16	1	1	1	1	2	1	11	1	4	26	1	1	38	3	74	17	1	12	19	2	0	2	25	92	1	4	0	6	1	1	1	64	1	0	36	1	2	0	87	0	0	29	2	31	5	2	27	1	83	2	0	3	12	1	59	63	0	0	1	1	2	86	30	43	28	1	10	1	7	1	1	0	1	0	0	2	187	5	15	171	0	51	84	0	11	0	63	24	1	14	3	0	1	46	1	1	0	0	3	137	3	7	49	25	405	1	0	0	1	61	0	0	17	16	1	2	0	34	0	0	0	0	4	20	2	0	0	0	1	5	0	22	0	38	0	391	4	0	0	0	7	398	1	19.675555555555555	6.921818181818182	12.387664233576642	2.707333333333333	2.0300000000000002	85	24	47.232261904761906	57.71473684210526	321.3333333333333	5.596666666666667	73.68333333333334	11.152992327365729	57.290000000000006	68.84133689839572	50.25	350	6.433333333333334	43.98	23.828395061728394	5.86	2.99	52.59	25.12344262295082	61.99	1.1	10	13.184117647058823	45	50	4.49	859.4	4.01	35.13	19	157.7792857142857	3.47	9.663333333333334	15	280.22793650793653	4.99	6.42	11.096521739130434	6.87	66	44.027142857142856	3.05	17.59	149	75	9	200	5	92.68045454545455	2.99	50	21.67607843137255	11.267142857142858	1.2	1.2	51.65650000000001	37.33	28.811231155778895	14	2	1	0	0	0	0	0	0	0	0	0	0	8	0	0	0	0	0	0	0	0	0	0	0	0	0	0	0	0	0	0	0	0	0	0	0	0	0	0	0	0	0	9	0	0	1	0	0	0	0	0	1	0	0	0	0	0	0	0	0	0	0	0	0	0	0	0	0	0	0	0	0	0	0	0	0	4	0	0	0	0	0	0	0	0	0	0	0	0	0	0	0	0	0	0	0	0	0	0	0	0	0	0	0	0	0	0	0	0	0	0	0	0	0	0	0	0	0	0	0	0	0	0	0	0	0	0	0	0	0	0	0	0	0	0	0	0	0	0	0	0	0	0	0	0	0	0	0	0	0	0	0	0	0	0	0	0	0	0	0	0	0	6	5	4	2	1	1	2	15	0	0	0	1	6	0	0	1	0	0	0	0	0	146	887	182	18	0	3	29	7	0	1	0	0	50	0	1	0	0	0	1362
10	197	81	4	54	80	7	37	75	0	0	0	195	7	0	79	0	0	0	0	0	0	0	0	0	10	42	290	235	118	61	8	1	6	43	31757	25	42	9	1174	121	302	17	1	28	0	40	118	11	14	3	43	0	3	0	0	0	0	2	1	0	0	0	0	38	5	0	174	8	84	0	55	101	3	0	1	0	5	531207	65	4	0	10	0	0	0	10	2	10	2	6	2	2	14	2	0	6	2	0	2	6	0	0	0	0	0	0	2	0	0	0	0	4	0	8	0	0	4	0	4	4	0	2	0	0	0	2	0	0	0	2	0	0	2	0	0	2	4	6	6	0	0	2	4	0	4	0	0	0	4	0	0	2	0	0	0	4	0	0	0	0	0	0	0	0	0	4	0	2	0	0	0	0	0	0	4	0	0	8	3	1	0	4142	1137	2	12	696	17	0	212	0	0	440	0	1	0	1	648	7	284	0	812	0	0	0	1	0	8	1	4	19	1	1743	0	16470	12	29	10	4	1	21	39	4	1	9	32	24	2	6	1	13	3	1	4	12	14	1	1	1	1	2	1	12	1	4	27	1	1	38	3	85	17	1	11	18	2	0	2	24	100	1	3	0	6	1	1	1	66	1	0	38	1	2	0	80	0	0	30	2	31	5	2	26	1	86	2	0	3	12	1	55	64	0	0	1	1	2	85	31	47	20	3	5	6	8	0	0	0	0	0	0	0	0	0	0	0	0	0	0	0	0	0	0	0	0	0	0	0	0	0	0	0	0	0	0	0	0	0	0	0	0	0	0	0	0	0	0	0	0	0	0	0	0	0	0	0	0	0	0	0	0	0	0	0	0	0	0	0	0	0	0	0	0	0	0	0	0	0	1	19.675555555555555	6.921818181818182	12.387664233576642	2.707333333333333	2.0300000000000002	85	24	47.232261904761906	57.71473684210526	321.3333333333333	5.596666666666667	73.68333333333334	11.152992327365729	57.290000000000006	68.84133689839572	50.25	350	6.433333333333334	43.98	23.828395061728394	5.86	2.99	52.59	25.12344262295082	61.99	1.1	10	13.184117647058823	45	50	4.49	859.4	4.01	35.13	19	157.7792857142857	3.47	9.663333333333334	15	280.22793650793653	4.99	6.42	11.096521739130434	6.87	66	44.027142857142856	3.05	17.59	149	75	9	200	5	92.68045454545455	2.99	50	21.67607843137255	11.267142857142858	1.2	1.2	51.65650000000001	37.33	28.811231155778895	14	2	0	0	1	0	0	0	0	0	1	0	0	11	0	0	0	0	0	0	0	0	0	0	0	0	0	0	0	0	0	0	0	0	0	0	0	0	0	0	0	0	0	13	0	0	0	0	0	0	0	0	1	0	1	0	0	0	0	0	0	0	0	0	0	0	0	0	0	0	0	0	0	0	0	0	0	7	0	0	0	0	0	0	0	0	0	0	0	0	0	0	0	0	0	0	0	0	0	0	0	0	0	0	0	0	0	0	0	0	0	0	0	0	0	0	0	0	0	0	0	0	0	0	0	0	0	0	0	0	0	0	1	0	0	0	0	0	0	0	0	0	0	0	0	0	0	0	0	0	0	0	0	0	0	0	0	0	0	0	0	0	0	10	2	1	1	0	1	1	17	1	0	0	1	0	0	0	3	0	0	0	0	0	68	1010	218	13	1	3	45	9	0	6	0	0	105	1	3	0	0	1	1511
42	83	79	38	3	79	2	0	77	0	0	0	136	41	0	3	0	0	0	0	0	0	0	0	0	9	42	290	235	118	61	8	1	6	43	31757	25	42	9	1174	121	302	17	1	28	0	40	118	11	14	3	43	0	3	0	0	0	0	2	1	0	0	0	0	38	5	0	174	8	84	0	55	101	3	0	1	0	5	531207	65	6	4	8	2	2	0	8	6	2	0	4	4	2	8	0	0	10	2	0	2	8	6	0	0	0	0	0	4	0	0	0	0	2	0	4	0	0	2	0	2	4	0	2	0	0	0	0	0	0	0	2	0	0	2	0	0	4	0	2	4	0	0	0	2	0	4	4	0	0	2	2	0	2	2	0	0	10	0	2	0	0	0	0	0	4	0	2	0	0	0	0	0	0	0	0	6	0	0	17	3	0	1	3734	1264	13	5	707	19	0	190	0	0	366	0	0	1	0	700	7	243	0	883	3	0	0	0	1	6	0	1	21	0	1410	0	15551	11	26	13	4	1	18	34	3	1	9	30	20	2	5	1	11	3	1	4	10	13	1	1	1	1	2	1	10	1	3	23	1	1	37	2	70	16	1	11	17	1	0	1	21	96	1	3	0	6	1	1	1	68	1	0	37	1	1	0	65	0	0	26	2	28	4	1	25	1	84	2	0	3	12	0	50	59	0	0	1	1	2	87	28	34	20	5	8	3	21	0	0	2	0	1	0	1	2	14	1	1	0	35	37	0	2	0	52	2	0	1	10	0	0	64	17	0	0	0	0	92	1	1	26	61	426	0	0	0	2	8	0	0	0	0	0	2	0	3	0	0	0	0	0	8	1	0	0	0	0	1	0	0	0	0	0	209	1	0	8	0	1	359	1	19.675555555555555	10.68	106.4020652173913	1.56	1.07	85	24	186.76162162162163	57.71473684210526	321.3333333333333	5.596666666666667	10	9.383588516746412	52.53	50.99	50.25	350	2.9850000000000003	2.5	24.067417840375587	5.86	2.99	52.53	50.675000000000004	61.99	1.1	10	7.093333333333334	45	50	26.078524590163934	859.4	4.01	331.52941176470586	43.53	10	3.47	10	15	134.06942307692307	4.99	6.42	69.9	6.87	46.785714285714285	63	3.05	5	149	75	9	200	5	92.68045454545455	2.99	50	61.82514285714286	12.540000000000001	1.2	1.2	100.01124999999999	10	53.12320334261838	39.8	2	0	0	0	0	0	0	1	0	0	0	0	13	0	0	0	0	0	0	0	0	0	0	0	0	0	0	0	0	0	0	0	0	0	0	0	0	0	0	0	0	0	14	0	0	1	0	0	0	3	0	1	1	1	0	1	0	0	0	0	0	0	0	0	0	0	0	0	0	0	0	0	0	0	0	0	4	0	0	0	0	0	0	0	0	0	0	0	0	0	0	0	0	0	0	0	0	0	0	0	0	0	0	0	0	0	0	0	0	0	0	0	0	0	0	0	0	0	0	0	0	0	0	0	0	0	0	0	0	0	0	0	0	0	0	0	0	0	0	0	0	0	0	0	0	0	0	0	0	0	0	0	0	0	0	0	0	0	0	0	0	0	12	7	1	5	0	0	0	22	0	0	0	0	8	0	0	0	1	0	0	0	0	76	845	222	15	0	8	11	9	0	2	0	0	68	0	1	0	1	0	1302
5	47	132	43	5	14	2	38	263	0	37	0	637	85	1	2	0	0	0	0	0	0	0	0	0	9	50	290	235	118	61	8	1	6	43	31757	25	42	9	1174	121	302	17	1	28	0	40	118	11	14	3	43	0	3	0	0	0	0	2	1	0	0	0	0	38	5	0	174	8	84	0	55	101	3	0	1	0	5	531207	65	10	2	2	4	2	0	10	6	2	6	8	0	4	4	2	0	2	0	0	0	8	4	2	4	0	0	0	2	0	0	0	2	12	0	4	0	0	4	2	0	4	0	4	0	0	0	0	0	6	0	0	0	0	4	0	0	4	0	2	2	0	0	0	2	0	4	2	0	0	4	2	0	4	0	0	0	4	0	0	0	0	0	0	0	0	0	4	0	0	0	0	0	0	0	0	0	0	0	16	3	0	0	4155	1422	14	7	722	14	0	213	1	0	298	0	0	0	0	704	8	296	0	1045	0	1	0	0	0	20	0	3	25	0	1592	0	16988	10	26	13	4	1	17	39	7	1	9	29	23	2	5	1	12	3	1	3	11	15	1	1	1	1	2	1	10	1	3	22	1	1	39	2	79	17	1	10	14	2	0	1	21	83	1	3	0	5	1	1	1	71	1	0	53	1	1	0	63	0	0	28	3	30	5	1	23	1	95	2	0	3	12	0	54	63	0	0	1	1	2	89	25	45	22	18	6	2	2	0	0	3	0	0	0	3	255	11	0	92	0	100	89	0	33	0	45	8	0	3	8	0	1	91	18	0	1	0	2	116	47	3	278	205	235	0	0	0	0	27	0	0	7	8	0	0	0	87	0	0	0	0	5	29	0	1	1	0	0	0	0	2	0	8	0	293	66	0	9	0	2	366	1	33.3	70.02696969696969	97.02181034482757	1.56	1.07	85	24	88.6947191011236	7.74	321.3333333333333	21	40.57978260869565	179.8162798634812	52.53	50.90529411764706	5	350	4.51	2.5	131.76140425531915	5.86	6.95	52.53	56.57814814814815	61.99	1.1	30.3	19.615057471264368	45	50	21.670731707317074	859.4	4.01	315.6111111111111	51.46666666666667	10.33	6.06	102.16212765957447	15	36.87	4.99	2.2380000000000004	41.47681318681319	25.622500000000002	32.27272727272727	35.699999999999996	2.99	2.4	149	75	9	200	5	2.25	2.99	50	33.37	38.197733812949636	1.2	1.2	55.472068965517245	41.87924242424242	99.45046448087433	36.63	2	1	0	1	1	0	0	0	0	1	0	0	10	0	0	0	0	0	0	0	0	0	0	0	0	0	0	0	0	0	0	0	0	0	0	0	0	0	0	0	0	0	14	1	0	1	0	0	0	0	0	2	0	3	0	0	0	0	0	0	0	0	0	0	0	0	0	0	0	0	0	0	0	0	0	2	6	0	0	0	0	0	0	0	0	0	0	0	0	0	0	0	0	0	0	0	0	0	0	0	0	0	0	0	0	0	0	0	0	0	0	0	0	0	0	0	0	0	0	0	0	0	0	0	0	0	0	0	0	0	0	0	0	0	0	0	0	0	0	0	0	0	0	0	0	0	0	0	0	0	0	0	0	0	0	0	0	0	0	0	1	1	17	5	2	6	1	0	1	21	0	0	0	1	6	0	0	2	0	0	0	0	0	160	730	230	22	0	6	50	7	0	7	0	0	84	0	0	0	0	0	1341
38	149	16	3	7	9	0	3	41	0	1	0	339	11	0	40	0	0	0	0	0	0	0	0	0	8	115	290	235	118	61	8	1	6	43	31757	25	42	9	1174	121	302	17	1	28	0	40	118	11	14	3	43	0	3	0	0	0	0	2	1	0	0	0	0	38	5	0	174	8	84	0	55	101	3	0	1	0	5	531207	65	8	0	8	2	6	0	10	6	0	2	6	2	2	8	0	2	2	0	0	2	2	2	0	6	0	0	0	4	0	0	0	0	0	0	0	4	2	4	2	0	2	0	2	0	0	0	0	0	0	2	6	0	0	4	0	0	0	0	4	2	0	0	2	0	0	0	0	0	0	0	2	0	0	0	0	0	4	0	0	2	0	0	0	0	0	0	2	0	0	0	0	0	0	0	0	2	2	0	15	8	0	0	4829	1586	4	2	827	16	0	220	0	0	242	0	0	1	2	630	5	338	0	977	0	0	0	1	0	20	0	1	22	0	1681	0	17998	14	27	10	4	1	18	38	6	1	9	29	27	2	5	1	12	3	1	3	12	15	1	1	1	1	2	1	12	1	3	21	1	1	39	2	82	18	1	9	15	2	0	1	19	81	1	3	0	5	1	1	1	88	1	0	39	1	1	1	54	0	43	27	2	39	5	1	23	1	89	2	0	3	11	0	53	58	0	0	1	1	2	82	26	31	16	7	3	3	4	0	1	2	0	0	0	0	0	0	0	0	0	0	0	0	0	0	0	0	0	0	0	0	0	0	0	0	0	0	0	0	0	0	0	0	0	0	0	0	0	0	0	0	0	0	0	0	0	0	0	0	0	0	0	0	0	0	0	0	0	0	0	0	0	0	0	0	0	0	0	0	0	0	1	33.3	70.02696969696969	97.02181034482757	1.56	1.07	85	24	88.6947191011236	7.74	321.3333333333333	21	40.57978260869565	179.8162798634812	52.53	50.90529411764706	5	350	4.51	2.5	131.76140425531915	5.86	6.95	52.53	56.57814814814815	61.99	1.1	30.3	19.615057471264368	45	50	21.670731707317074	859.4	4.01	315.6111111111111	51.46666666666667	10.33	6.06	102.16212765957447	15	36.87	4.99	2.2380000000000004	41.47681318681319	25.622500000000002	32.27272727272727	35.699999999999996	2.99	2.4	149	75	9	200	5	2.25	2.99	50	33.37	38.197733812949636	1.2	1.2	55.472068965517245	41.87924242424242	99.45046448087433	36.63	2	0	0	1	3	0	0	2	0	0	0	0	17	0	0	0	0	0	0	0	0	0	0	0	0	0	0	0	0	0	0	0	0	0	0	0	0	0	0	0	0	0	23	0	0	0	0	0	0	1	0	3	0	1	1	0	1	0	0	0	0	0	0	0	0	0	0	0	0	0	0	0	0	0	0	0	11	0	0	0	0	0	0	0	0	0	0	0	0	0	0	1	0	0	0	0	0	1	0	0	0	0	0	0	0	0	0	1	0	0	0	0	0	0	0	0	0	0	0	0	0	0	0	0	0	0	0	0	0	0	0	0	0	0	0	0	0	0	0	0	0	0	0	0	0	0	0	0	0	0	0	0	0	0	0	0	0	0	0	0	2	2	25	3	1	2	0	0	3	15	1	0	0	1	2	0	0	0	3	0	0	0	0	111	736	187	14	1	9	64	8	0	4	0	0	66	0	0	0	3	0	1234
3	5	52	7	5	8	5	38	37	0	37	0	234	15	0	42	0	0	0	0	0	0	0	0	0	42	82	290	235	118	61	8	1	6	43	31757	25	42	9	1174	121	302	17	1	28	0	40	118	11	14	3	43	0	3	0	0	0	0	2	1	0	0	0	0	38	5	0	174	8	84	0	55	101	3	0	1	0	5	531207	65	18	0	4	2	2	0	12	10	0	4	2	4	2	8	0	0	2	2	0	4	4	8	4	12	0	0	0	8	0	0	0	0	6	2	0	0	0	0	2	0	0	0	4	0	0	0	2	0	0	0	0	0	0	8	0	0	0	6	0	4	2	0	0	0	0	4	2	0	0	8	0	0	2	2	2	0	4	0	0	0	0	0	0	0	2	0	0	0	2	0	0	0	0	0	0	4	0	0	10	1	0	0	5103	1401	6	6	825	18	0	215	0	3	269	0	2	2	1	646	16	378	0	964	0	1	1	1	0	6	0	3	16	0	1315	0	18309	10	31	10	4	1	21	37	3	1	9	34	25	2	5	1	12	3	1	4	15	16	1	1	1	0	2	1	14	1	3	25	1	1	41	3	76	19	1	9	16	2	0	1	22	93	1	2	0	7	1	1	1	73	1	0	34	1	1	1	66	0	70	25	3	40	5	1	25	1	93	2	0	3	12	1	57	59	2	0	1	1	2	89	27	52	20	4	9	6	16	0	1	1	1	0	0	0	0	0	0	0	0	0	0	0	0	0	0	0	0	0	0	0	0	0	0	0	0	0	0	0	0	0	0	0	0	0	0	0	0	0	0	0	0	0	0	0	0	0	0	0	0	0	0	0	0	0	0	0	0	0	0	0	0	0	0	0	0	0	0	0	0	0	1	33.3	70.02696969696969	97.02181034482757	1.56	1.07	85	24	88.6947191011236	7.74	321.3333333333333	21	40.57978260869565	179.8162798634812	52.53	50.90529411764706	5	350	4.51	2.5	131.76140425531915	5.86	6.95	52.53	56.57814814814815	61.99	1.1	30.3	19.615057471264368	45	50	21.670731707317074	859.4	4.01	315.6111111111111	51.46666666666667	10.33	6.06	102.16212765957447	15	36.87	4.99	2.2380000000000004	41.47681318681319	25.622500000000002	32.27272727272727	35.699999999999996	2.99	2.4	149	75	9	200	5	2.25	2.99	50	33.37	38.197733812949636	1.2	1.2	55.472068965517245	41.87924242424242	99.45046448087433	36.63	2	0	0	1	3	1	0	0	0	0	0	0	18	0	0	0	0	0	0	0	0	0	0	0	0	0	0	0	0	0	0	0	0	0	0	0	0	0	0	0	0	0	23	0	0	1	0	0	0	0	0	1	1	1	0	0	0	0	0	0	0	0	0	0	0	0	0	0	0	0	0	0	0	0	0	0	11	0	0	0	0	0	0	0	0	0	0	0	0	0	0	0	0	0	0	0	0	0	0	0	0	0	0	0	0	0	0	0	0	0	0	0	0	0	0	0	0	0	0	0	0	0	0	0	0	0	0	0	0	0	0	0	0	0	0	0	0	0	0	0	0	0	0	0	0	0	0	0	0	0	0	0	0	0	0	0	0	0	0	0	2	2	19	9	2	1	0	0	3	34	0	0	0	1	0	0	2	0	0	0	0	0	0	109	541	157	16	3	12	19	14	0	2	0	0	75	0	0	0	0	0	1000
38	156	11	44	19	5	4	74	42	0	1	0	265	40	37	77	0	0	0	0	0	0	0	0	0	45	80	290	235	118	61	8	1	6	43	31757	25	42	9	1174	121	302	17	1	28	0	40	118	11	14	3	43	0	3	0	0	0	0	2	1	0	0	0	0	38	5	0	174	8	84	0	55	101	3	0	1	0	5	531207	65	14	2	0	0	4	0	10	6	0	0	2	8	4	8	0	0	2	0	0	4	2	2	0	6	0	0	0	2	0	0	0	0	2	0	2	4	0	2	0	6	0	0	2	0	0	0	4	0	2	0	2	0	0	2	2	0	2	4	2	2	0	0	0	2	0	2	0	2	0	6	2	6	2	2	0	0	8	2	0	0	0	0	0	0	2	0	2	0	0	0	0	0	4	0	0	2	2	0	9	1	1	0	5142	1595	3	4	872	16	0	221	0	0	302	0	1	0	0	782	32	680	0	1344	0	0	0	0	0	4	0	1	27	1	1594	0	21415	12	32	11	4	1	21	41	4	2	9	34	22	2	6	1	12	3	1	4	11	17	1	1	1	0	2	1	11	1	3	24	1	1	42	3	81	20	1	11	15	2	0	1	23	86	1	3	0	6	1	1	1	70	1	0	39	1	1	1	73	0	80	25	2	36	5	2	28	1	93	2	0	3	12	1	54	59	4	0	1	1	2	100	28	38	16	12	8	5	12	0	0	1	0	1	0	12	209	11	15	223	0	144	114	0	31	0	172	39	5	53	5	0	1	29	1	1	1	0	6	191	4	21	216	101	783	1	0	1	1	100	0	0	42	50	1	2	2	57	0	0	0	0	27	90	2	0	1	1	1	5	2	20	0	56	0	841	15	0	0	1	10	492	1	11.872777777777777	14.71032258064516	12.533821989528796	2.71	2.04	65	24	30.656902654867256	30.74482142857143	321.3333333333333	4.946666666666666	46.87973094170404	5.901189060642093	58.49	48.41105263157895	5	350	5.3674358974358976	55.04	30.11117496807152	5.89	2.99	53.09	12.93	63.89	1.1	6.670833333333333	22.659649122807014	45	80	7.121980198019802	859.4	4.01	35.3	51.46666666666667	44.95075471698113	12.33074074074074	10.75	15	191.93773255813954	1.99	3.7279166666666668	6.462413793103448	6.21	86.39	13.543333333333331	2.99	12.873000000000001	149	75	7.62	200	5	102.06949999999999	2.99	65	14.552916666666667	20.48236111111111	1.08	1.2	17.87888888888889	17.68	18.517723577235774	14	2	0	1	0	3	0	0	1	0	0	0	0	14	0	0	0	0	0	0	0	0	0	0	0	0	0	0	0	0	0	0	0	0	0	0	0	0	0	0	0	0	0	19	0	0	0	0	0	0	0	0	0	0	1	0	0	1	0	0	0	0	0	0	0	0	0	0	0	0	0	0	0	0	0	0	0	12	0	0	0	0	0	0	0	0	0	0	0	0	0	0	0	0	0	0	0	0	0	0	0	0	0	0	0	0	0	0	1	0	0	0	0	0	0	0	0	0	0	0	0	0	0	0	0	0	0	0	0	0	0	0	0	0	0	0	0	0	0	0	0	0	0	0	0	0	0	0	0	0	0	0	0	0	0	0	0	0	0	0	0	0	0	15	10	0	3	0	2	7	28	2	0	0	1	40	1	1	6	0	0	0	0	0	160	1027	229	16	0	7	23	21	0	6	0	0	83	0	0	0	0	0	1673
38	77	117	7	2	44	1	74	152	0	0	0	194	11	0	1	0	0	0	0	0	0	0	0	0	9	149	290	235	118	61	8	1	6	43	31757	25	42	9	1174	121	302	17	1	28	0	40	118	11	14	3	43	0	3	0	0	0	0	2	1	0	0	0	0	38	5	0	174	8	84	0	55	101	3	0	1	0	5	531207	65	8	0	2	4	4	0	10	4	0	2	2	0	2	0	0	0	4	0	0	0	4	4	2	0	0	0	0	6	0	0	0	0	6	0	6	8	0	6	2	2	6	0	2	0	0	0	4	0	2	0	8	0	0	2	2	0	6	0	4	4	0	0	0	2	0	4	0	0	0	4	0	4	2	0	0	0	0	0	0	0	0	0	0	0	0	0	0	0	0	0	0	0	0	0	0	0	0	0	8	0	0	0	4550	1311	1	4	806	12	0	245	0	0	282	0	3	1	0	668	9	444	0	1185	0	0	0	0	0	5	0	1	9	0	1430	1	18993	10	30	10	4	1	20	38	4	1	9	34	19	2	6	1	14	3	1	5	11	17	1	1	1	0	2	1	10	1	4	27	1	1	39	3	76	17	1	14	16	2	0	2	22	82	1	3	0	7	1	1	1	70	1	0	37	1	2	1	72	0	81	23	2	32	4	2	26	1	90	2	0	3	12	1	54	58	4	0	1	1	2	90	29	38	14	6	8	2	8	0	0	2	1	0	0	12	209	11	15	223	0	144	114	0	31	0	172	39	5	53	5	0	1	29	1	1	1	0	6	191	4	21	216	101	783	1	0	1	1	100	0	0	42	50	1	2	2	57	0	0	0	0	27	90	2	0	1	1	1	5	2	20	0	56	0	841	15	0	0	1	10	492	1	11.872777777777777	14.71032258064516	12.533821989528796	2.71	2.04	65	24	30.656902654867256	30.74482142857143	321.3333333333333	4.946666666666666	46.87973094170404	5.901189060642093	58.49	48.41105263157895	5	350	5.3674358974358976	55.04	30.11117496807152	5.89	2.99	53.09	12.93	63.89	1.1	6.670833333333333	22.659649122807014	45	80	7.121980198019802	859.4	4.01	35.3	51.46666666666667	44.95075471698113	12.33074074074074	10.75	15	191.93773255813954	1.99	3.7279166666666668	6.462413793103448	6.21	86.39	13.543333333333331	2.99	12.873000000000001	149	75	7.62	200	5	102.06949999999999	2.99	65	14.552916666666667	20.48236111111111	1.08	1.2	17.87888888888889	17.68	18.517723577235774	14	2	0	0	1	2	0	0	1	0	0	0	0	10	0	0	0	0	0	0	0	0	0	0	0	0	0	0	0	0	0	0	0	0	0	0	0	0	0	0	0	0	0	14	0	1	0	1	0	0	0	0	1	4	0	0	0	0	0	0	0	0	0	0	0	0	0	0	0	0	0	0	0	0	0	0	0	8	0	0	0	0	0	0	0	0	0	0	0	0	0	0	0	0	0	0	0	0	0	0	0	0	0	0	0	0	0	0	0	0	0	0	0	0	0	0	0	0	0	0	0	0	0	0	0	0	0	0	0	0	0	0	0	0	0	0	0	0	0	0	0	0	0	0	0	0	0	0	0	0	0	0	0	0	0	0	0	0	0	0	0	0	0	15	10	2	8	1	1	11	50	0	0	0	12	47	1	0	0	1	0	0	0	0	146	1131	317	13	4	9	31	12	0	2	0	0	80	0	0	0	1	0	1890
2	43	18	59	2	5	3	0	76	0	2	0	266	44	0	2	0	0	0	0	0	0	0	0	0	6	1	290	235	118	61	8	1	6	43	31757	25	42	9	1174	121	302	17	1	28	0	40	118	11	14	3	43	0	3	0	0	0	0	2	1	0	0	0	0	38	5	0	174	8	84	0	55	101	3	0	1	0	5	531207	65	10	6	8	6	0	0	10	6	2	6	8	0	4	2	0	0	4	0	0	0	2	4	4	4	0	0	0	2	0	0	0	0	10	0	2	0	0	2	0	0	6	0	2	0	0	0	0	0	6	0	4	0	0	0	0	0	0	0	0	0	0	0	0	0	0	0	0	0	0	0	0	0	0	0	0	0	0	0	0	0	0	0	0	0	0	0	0	0	0	0	0	0	0	0	0	0	0	0	9	2	1	1	4599	1250	2	7	758	9	0	204	0	0	214	0	1	2	0	596	8	24	1	1270	0	1	0	0	0	2	0	4	8	0	1262	0	15760	10	28	10	4	1	20	35	4	1	8	32	18	2	6	1	16	3	1	4	11	16	1	1	1	0	2	1	11	1	3	24	1	1	37	3	78	17	1	13	15	2	0	2	21	76	1	3	0	6	1	1	1	74	1	0	44	1	1	1	59	0	69	20	2	37	4	1	23	1	100	2	0	3	10	1	50	58	4	0	1	1	3	93	28	34	12	6	10	3	3	0	1	1	0	0	0	12	209	11	15	223	0	144	114	0	31	0	172	39	5	53	5	0	1	29	1	1	1	0	6	191	4	21	216	101	783	1	0	1	1	100	0	0	42	50	1	2	2	57	0	0	0	0	27	90	2	0	1	1	1	5	2	20	0	56	0	841	15	0	0	1	10	492	1	11.872777777777777	14.71032258064516	12.533821989528796	2.71	2.04	65	24	30.656902654867256	30.74482142857143	321.3333333333333	4.946666666666666	46.87973094170404	5.901189060642093	58.49	48.41105263157895	5	350	5.3674358974358976	55.04	30.11117496807152	5.89	2.99	53.09	12.93	63.89	1.1	6.670833333333333	22.659649122807014	45	80	7.121980198019802	859.4	4.01	35.3	51.46666666666667	44.95075471698113	12.33074074074074	10.75	15	191.93773255813954	1.99	3.7279166666666668	6.462413793103448	6.21	86.39	13.543333333333331	2.99	12.873000000000001	149	75	7.62	200	5	102.06949999999999	2.99	65	14.552916666666667	20.48236111111111	1.08	1.2	17.87888888888889	17.68	18.517723577235774	14	2	0	2	0	3	0	0	1	0	1	0	0	15	0	0	0	0	0	0	0	0	0	0	0	0	0	0	0	0	1	0	0	0	0	0	0	1	0	0	0	0	0	24	0	0	0	0	0	0	0	0	0	2	0	0	0	1	0	0	0	0	0	0	0	0	0	0	0	0	0	0	0	0	0	0	0	9	0	0	0	0	0	0	0	0	0	0	0	0	0	0	1	0	0	0	0	0	0	0	0	0	0	0	0	0	0	0	0	0	0	0	0	0	0	0	0	0	0	0	0	0	0	0	0	0	0	0	0	0	0	0	0	0	0	0	0	0	0	0	0	0	0	1	0	0	0	0	0	0	0	0	0	0	0	0	0	0	0	0	0	1	1	16	16	0	20	1	0	0	22	0	0	0	3	10	1	0	0	0	0	0	0	0	77	1003	160	7	0	5	25	16	0	5	0	0	72	0	1	0	0	0	1444
