2	1	0	8	0	0	0	0	2	1	0	0	0	0	0	0	34	17	0	61	0	0	2512	0	0	233	1	3	3	0	0	0	12	0	0	9	0	0	0	2	0	0	2045	11	0	174	157	0	2	9	14	187	2	39	6	7	0	0	0	8	0	0	0	0	0	13	0	0	2	2	2	7	1	0	8	3	0	2	0	0	10	0	7	0	0	0	3	9	0	0	0	0	56	0	0	0	7	3	0	2	0	0	0	0	0	0	0	0	76	0	2	0	0	0	9	14	5	0	1	2	0	0	6	0	0	0	0	0	0	0	0	1	0	0	0	5	5	0	0	1	0	0
2	-1	0	6	0	0	6	0	0	1	0	0	0	0	0	0	50.00000000000001	-13	0	-5	0	8	4544	0	4	221	-1	5	7	0	70	0	-10	0	0	-9	0	0	0	-2	0	0	6837	45	0	104	199.00000000000003	0	2	5	10	69	-2	31	-4	3	0	2	0	-8	4	0	0	0	0	37	0	0	12	-2	-2	-7	-1	0	36	-3	0	-2	0	0	-2	8	-3	0	0	0	7	21	0	0	0	0	36	14	0	0	-7	-3	0	2	0	0	0	0	0	0	0	0	22	0	-2	0	0	0	3.0000000000000004	-2	-5	0	-1	-2	0	0	-2	0	0	0	0	0	4	0	0	-1	0	0	0	-5	-5	0	0	-1	0	0
2	-1.87	0	9.680000000000001	0	0.39000000000000007	13.42	4.8100000000000005	-0.48	2.04	0	0	0	0	0	0	54.360000000000014	-23.06	0	-32.67	0	10.96	5544.2699999999995	0.13	5.61	217.86	-1.87	6.129999999999999	8.870000000000001	0.39000000000000007	98.11	0	-18.53	0	0	-16.7	0.13	0	0	-3.61	0	0	8916.32	59.78999999999999	0	69.91000000000003	217.40000000000003	0	1.87	4.5600000000000005	9.3	23	-2.7	30.25	-7.83	1.2600000000000002	0	2.74	0	-14.57	5.61	0	0	0	0	46.14	0	0	15.440000000000001	-3.61	-3.22	-12.18	-1.87	0	47.919999999999995	-5.61	0	-3.74	0	0	-6.31	11.22	-6.96	0	0	0	8.870000000000001	26.48	0	0	0	0	26.259999999999994	19.31	0	0	-12.44	-5.61	0	1.74	0	0	0	0	0.52	0	0	0	1.3700000000000045	0	-3.22	0	0	0	1.7763568394002505e-15	-6.49	-9.35	0.52	-1.87	-3.74	0	0	-5.74	0	0	0	0	0	5.48	0	0	-1.61	0	0.7800000000000001	0	-9.35	-9.35	0	0.52	-1.87	0	0.13
6.680000000000001	2.3430999999999997	0	13.441600000000003	0.13	0.6893000000000002	20.6354	5.294700000000001	6.892400000000002	5.134800000000001	0	0	0	0.13	0	0	59.003200000000014	-29.6322	0	-58.6329	0	14.985200000000003	6270.4749	0.4031	6.7907	227.22820000000002	-2.5969	6.623099999999999	10.466900000000003	0.4293000000000001	123.0557	0	-25.2511	0	0	-23.229	0.4031	0	0	-4.9207	0	0.26	10747.7984	73.31729999999999	0	44.49170000000004	228.64800000000002	0	2.8968999999999996	3.1072000000000006	7.041000000000001	-20.26	-4.049	31.3875	-10.8921	-0.4538	0	3.9738	0	-20.3459	6.7907	0	0	0.52	0	53.1718	0	1.17	19.762800000000002	-5.0507	-3.8414	-16.1366	-2.5969	0	59.63039999999999	-7.7907	0	-5.1938	0	0	-10.9697	14.101400000000002	-10.5552	0	0.39000000000000007	0	9.686900000000001	32.687599999999996	0	0	0	0	22.6562	23.409699999999997	0	0	-16.5528	-7.7907	0	1.7138	0	0	0	0.26	1.4824000000000002	0	0	0	-12.8981	0	-4.6214	0	0	0	-2.22	-11.0163	-12.9845	0.5724	-2.5969	-5.1938	0	0	-8.0238	0	0	0	0	0	6.647600000000001	0	0	-2.3107	0	1.5086000000000002	0	-12.5945	-12.9845	0	0.9624	-2.5969	0	0.2731
7.8016000000000005	7.204597	0	16.783792000000002	0.1431	0.7379910000000003	27.910198	5.832089000000001	7.670788000000003	15.636076000000001	0	0	0	0.1431	0	0	61.03198400000001	-34.318214	0	-75.980523	0	17.508324000000005	6947.905063	0.436797	8.299609	224.73273400000005	-3.173203	6.798196999999998	11.250103000000003	0.4517910000000001	141.245159	0	-30.502557	0	0	-27.62823	0.436797	0	0	-6.052709	0	0.4162	14028.14501	85.18235099999998	0	18.430479000000048	235.41176000000002	0	4.2942029999999995	1.1064640000000008	5.4666700000000015	-54.6962	-4.23163	32.219625	-13.691227	-1.632606	0	4.465006	0	-24.933833	7.649609	0.13	0	0.8324	0	57.25526599999999	0	1.4179	21.760436000000006	-6.195809	-4.755418	-19.883442	-3.173203	0	66.54084799999998	-9.519609	0.26	-6.346406	0	0	-14.544339	16.131618	-13.544224	0	0.4293000000000001	0	11.301503000000002	39.59381199999999	0	0	0	0	21.113094000000004	26.397138999999996	0	0	-20.457736	-9.519609	0	1.698806	0	0	0	0.2862	1.6040880000000002	0	0	0	-27.522447	0	-5.744018	0	0	0	-4.6214	-14.729481	-15.476015	0.602388	-3.173203	-6.346406	0	0	-10.408506	0	0	0	0	0	7.4990120000000005	0	1.04	-2.742009	0	1.6190820000000001	0	-15.436715	-15.866015	0	1.031688	-2.913203	0	0.293697
8.396992000000001	7.82380639	0	19.598251040000005	0.150597	0.8896731700000002	30.27021026	6.0707764300000004	12.581213560000002	17.62814212	0	0	0	0.150597	0.13	0	64.47693008000002	-40.04608018	0	-92.60396801	0	20.963885880000007	7340.145058	0.7140203900000001	9.03863883	233.48483258000007	-3.46667961	7.431838389999998	12.197482610000003	0.45847917000000005	151.27831733000002	0	-34.46379159	0	0	-31.3586901	0.45402039	0	0	-6.88993583	0	0.444294	16242.6926	97.32542636999999	0	1.692465730000059	245.7867912	0	4.61294961	0.31260768000000083	5.1957729000000015	-76.587894	-4.9690481	37.16194875	-14.98970449	-2.62455322	0	4.773141219999999	0	-28.31495771	8.97313883	0.5331	0.52	0.888588	0	59.75272741999999	0	1.4984730000000002	24.205495320000008	-7.04053283	-5.53537166	-21.97909654	-3.46667961	0	75.28402575999998	-10.79003883	0.4162	-7.19335922	0	0	-17.49518393	17.27486566	-15.92801888	0	0.4517910000000001	0	11.515600610000002	44.26158843999999	0	0	0	0	21.11090578000001	28.293919929999994	0	0	-22.18844632	-10.79003883	0	1.43434722	0	0	0	0.301194	1.6654845600000003	0	0	0	-35.72868589	0	-6.58205366	0	0	0	-5.574018	-17.03945947	-17.55409805	0.6113055599999999	-3.59667961	-6.93335922	0	0	-12.08248622	0.13	0	0	0	0	8.040312440000001	0	1.1448	-3.14792683	0	1.66994334	0	-17.53160705	-17.72339805	0	1.06309656	-3.31047961	0	0.30342338999999996
12.96093504	8.856380649	0	24.823316644800006	0.41282639000000004	1.2894969279000001	31.24611499	6.133471824	13.343160157200002	19.882157364399998	0.13	0	0	0.41282639000000004	0.1431	0	68.68307365	-40.55977734	0	-95.60694948	0	22.00497499560001	8529.1967014047	1.3921008293000001	9.332606512	251.78717632460007	-3.596808171	7.699160489299998	12.994199780700004	0.450744148	161.74981030710003	0	-34.63498897	0	0	-33.51534349	0.455900829	0	0	-6.786741902	0	0.7162497800000001	17789.5246640752	108.42443141189999	0	-11.37252018	259.4507155	0	5.891433070700001	0.34875876160000097	4.786092323000002	-79.03278178	-5.483652947	38.405181662500006	-16.0186431	-2.148569121	0.39000000000000007	4.907268681399999	0.13	-30.50852122	9.555121512	0.5798970000000001	0.5724	2.86249956	0	62.397860875399985	0	1.5260345100000001	27.409883848400014	-7.589568292	-6.071268804	-21.33581273	-3.336808171	0	78.57436497119997	-11.60972451	0.444294	-7.739816341	0	0	-18.81608885	17.78554258	-17.59559371	0	0.45847917000000005	0	13.312820440700001	49.14473958279999	0	0	1.17	0	23.345609208600017	29.152205169099993	0	0.13	-22.94043222	-11.60972451	0	1.153303901	0	0	0	0.30565277999999996	2.7107769272000004	0	0	0	-37.18244031	0	-6.878824144	0	0	0	-6.64415366	-17.17725631	-18.89774985	0.600992197	-3.869908171	-7.453616341	0	0	-12.51659383	0.7930999999999999	0	0	0	0	8.286273463	0	1.204776	-3.418815072	0	1.665620246	0	-18.89106168	-19.06334085	0	1.059471367	-3.568714171	0	0.433074439
14.119655724800001	8.950006063191001	0	28.081176189776006	0.566448049	1.310653402	31.507045790194	5.905893524066999	13.228617289964001	20.534306363427994	0.1431	0	0	0.43644804930000003	0.150597	0	68.24811065275202	-41.04531146	0	-100.4414243	0	22.081805949772008	8430.927279597789	1.4606101997910002	9.317199230626999	261.6956704050021	-3.70601963	7.438775563990997	12.881419240909004	0.43026030357299994	163.54165967727704	0	-34.91001695	0	0	-34.65087123	0.44391619979099994	0	0	-6.86026511	0	1.5195224886000003	19483.297777356624	109.94080300725298	0	-27.9198319	267.26472598728	0.26	6.545325193209002	-0.439168028	3.7537970340100015	-85.94219733	-5.782287721	40.82193583387501	-16.76412855	-2.825726359	0.8193000000000001	4.8807653362179995	0.1431	-30.13747274	9.592252281	0.60461739	0.992388	3.703144977	0	63.46654515899799	0.39000000000000007	1.5050588337000002	27.631537008508012	-7.856013159	-6.11143817	-22.01678292	-3.41981963	0	80.17843931214398	-11.99914989	0.45624978	-7.99943326	0	0	-18.06042061	17.711585538454003	-18.04854324	0	0.450744148	0	13.030933675109003	50.055233423835986	0	0	1.2878999999999998	0	23.12647401808202	29.050095729216995	0	0.1431	-23.72900656	-11.99914989	0	1.255765798	0	0	0	0.300496099	2.7702167498640002	0	0	0	-39.03534609	0	-7.139552856	0	0	0	-6.637951144	-16.80595577	-19.54010398	0.573680405	-3.99971663	-7.69823926	0	0	-13.10179287	0.8660969999999999	0	0	0	0	8.259050179	0	1.2226111199999998	-3.560050038	0	1.611760854	0	-18.767839	-19.69738915	0	1.024424553	-3.69406385	0	0.43676815049100004
14.718914669376002	8.92576875379717	0	30.550814494561127	2.537714101	1.6803746269535103	30.656672140082776	5.52389624831529	12.85867019075268	20.885211271650356	0.150597	0	0	0.44461410119100003	0.15282638999999998	0	68.85920063600626	-38.72093282	0	-100.0092089	0	21.488499630033647	8136.266981583634	1.4784503272391702	9.283816700382488	257.12244496521384	-3.563129355	7.401265864293167	12.713474177869836	0.39891703457150995	163.78807432011803	0	-33.74024162	0	0	-32.68332006	0.41981254723916994	0	0	-6.820628044	0	1.5968822516820003	20283.58464598921	108.74731335285308	0	-37.51481749	275.4393936066136	0.4162	6.337468347670832	-0.525127097	3.932117362898702	-84.9524054	-5.877590386	42.38235651309626	-16.6721416	-3.190396082	0.8810910000000002	4.71048936546766	0.150597	-27.78940492	9.33790240388249	0.7387272193000001	1.0406055600000002	4.628631503	0	61.88436465946625	0.4293000000000001	1.4410289600190003	27.582078742349974	-7.860133145	-6.164247454	-18.8491526	-3.391935355	0	80.07675303962925	-11.98965823	0.453322489	-7.99310549	0	0	-18.30850658	17.113676631128982	-18.18474152	0	0.43026030357299994	0	13.426307575823833	56.13302087805331	0	0	1.3553729999999997	0	26.435458126073364	28.086694361445787	0	0.150597	-23.46685327	-11.98965823	0	1.40030853028566	0	0	0	0.286840202	2.74060608776568	0	0	0	-37.1419009	0	-6.90002211	0	0	0	-6.423230346	-14.70760662	-19.53201958	0.53188937942868	-3.996552745	-7.68745271	0	0	-12.55541821	0.9058113899999998	0	0	0.52	0	7.98677771902532	0	1.201984394	-3.580360006	0.52	1.5149345750980199	0	-18.69390342	-19.67711094	0	0.9621496830016799	-3.696056646	0	0.4269894460481701
21.756680279413125	8.436182112728808	0	31.336964534030905	2.86572212485717	1.662712490447364	29.161635690780198	5.274381812689293	12.039957695739911	20.884469350900968	0.15282638999999998	0	0	0.43862512485717003	0.28024804929999997	0	65.1834056018549	-33.53736407	0	-93.27993883	0	21.089868953368114	7816.334703923387	2.100152932125348	8.905257922150954	258.55286872044803	-3.167634226	7.005469158636325	12.170919395798489	0.3587405814330237	161.27620526907137	0	-31.40523657	0	0	-29.87202441	0.3855248835253478	0	0	-6.450335843	0	1.6185995709053405	20259.585288378858	110.9307532633076	0	-34.15486	277.07341265581545	0.444294	5.960273136256354	-1.026736447	4.784642138011572	-77.71302051	-5.787035073	44.8352644290025	-16.0291891	-3.23288695	0.9102701700000001	4.415926310828324	0.15282638999999998	-25.11246174	8.958850442695956	0.7372642490910002	1.0527831972000001	5.1127104318106795	0	58.44387127010369	0.4517910000000001	1.3401712049055303	26.370103940537238	-7.628037138	-6.026848386	-17.83281074	-3.265081446	0	79.80293280317713	-11.621426	0.6970882516820001	-7.747617331	0	0	-16.13252875	16.062148315602595	-17.34177773	0	0.39891703457150995	0	12.839354859192465	58.0090389605073	0	0	1.3754375099999996	0	29.160480079483374	26.377032299608327	0	0.15282638999999998	-22.20690971	-11.621426	0	1.5783877337779844	0	0	0	0.52594468971434	3.021738309244222	0	0	0	-31.7835432	0	-6.677443776	0	0	0	-6.217284717	-11.45786418	-18.67878302	0.47832077524403155	-3.873808666	-7.447121233	0	0	-11.24701848	0.9143799992999997	0	0	0.5724	0	7.502129173084949	0	1.14736081	-3.491228177	0.5724	1.3823428871518972	0	-18.06654429	-19.06854723	0	0.8772378098155416	-3.586968463	0	0.405378928668178
26.187968920064137	7.872468672385418	0	33.274390633532775	3.364957682411008	1.5969351928784112	26.77125381568447	4.6915873662452166	11.331917719356223	20.077267541699488	0.150248049	0	0	0.42007629241100797	0.28652010119099997	0	62.66968790306303	-30.05603126	0	-82.72519757	0	19.758405275768087	7492.0756129114625	2.0966806885591476	8.327397284078044	257.00366403854537	-2.266659584	6.369088048786077	11.27749251006032	0.3118195561653953	152.82723696505727	0	-29.00157493	0	0	-27.64569759	0.3431002396771475	0	0	-6.023562787	0	1.7195871710791866	20535.50830787818	110.83792658481742	0	-35.42625245	276.82182742042266	0.45624978	5.441989251895634	-0.867382769	5.918375171472808	-67.82618349	-5.531924239	44.19782362044804	-14.90965617	-3.084142123	0.909223318	4.148341772328072	0.150248049	-23.04983903	8.378938164347197	0.7138296484301703	1.032159575	5.095000154458372	0	53.96411108157427	0.45847917000000005	1.2091940891562416	24.288223500689657	-6.020309617	-5.722383773	-16.38311874	-3.052960485	0	75.32240660627491	-10.9413742	1.08556479090534	-7.294249469	0	0	-15.06017284	15.15390838216077	-16.07285698	0	0.3587405814330237	0	11.72591676844846	58.42718406590067	0	0	1.3522324436999995	0	34.55818543516788	24.047025474966365	0	0.150248049	-20.80675322	-10.9413742	0	1.3913073849077366	0	0	0	0.5253603876220159	3.014105159297583	0	0	0	-24.35751498	0	-6.276799962	0	0	0.7800000000000001	-4.685415109	-8.769360064	-17.03050664	0.41575940822052704	-3.647124734	-7.007409267	0	0	-10.53204816	0.8946603476909998	0	0	0.602388	0	6.840881606546067	0	1.06377875885736	-3.306272686	0.602388	1.22154008138583	0	-16.69992475	-17.94878347	0	0.7744999896535508	-2.991180045	0	0.5037680951661397
27.45048962904813	7.1589525159048035	0	34.88984240407848	3.933320953737132	1.4898275692800016	30.60677251362778	10.656324743458192	10.184724209030218	18.86846788716717	0.143420101	0	0	0.5207800544371318	0.28356934485716995	0	61.13725133705845	-23.7311508	0	-72.88417451	0	18.027335807655025	6796.750162613387	2.030655248692793	7.457500791290085	247.85926990367656	-1.887782618	6.285272408457273	10.97508353759416	0.2602360467395679	142.81834838249284	0	-24.73823221	0	0	-24.29263253	0.2946250530234527	0	0	-4.938760152	0	2.1788883961032726	20339.84377619122	104.77924477663174	0	-31.96771809	268.27074588595644	0.583322489	5.462274078414117	0.26205702529219044	5.841183646443735	-51.05324466	-5.136366761	44.49819218413558	-12.48478686	-3.157747515	0.881004451	4.853065434508004	0.273420101	-20.50198342	7.635648968902898	0.6713236183825182	0.9826335273286799	5.186210900207544	0	48.323403579450584	0.450744148	1.0550388623071945	21.685884399806145	-5.29274556	-5.276694108	-14.58690238	-2.120462806	0	69.39026083087465	-10.00108636	1.6226267324791857	-6.667390909	0	0	-13.48324734	14.261875190598303	-12.9286426	0	0.3118195561653953	0	10.372044983725402	58.83069913877768	0	0	1.2907809107189996	0	40.8593746922289	21.488608568539604	0	0.143420101	-18.92240978	-10.00108636	0	1.3111958493772817	0	0	0.52	0.5090737041102636	2.8168121695666803	0	0	0	-17.85336413	0	-5.727916531	0	0	0.8586000000000003	-2.676170009	-6.966625555	-15.43614269	0.3469813956527572	-3.333695454	-6.401446219	0	0.52	-9.052613432	0.8500728508121698	0	0	0.6113055599999999	0	6.04053234846469	0.26	0.9566415504880631	-3.040624563	0.6113055599999999	1.3001713537547943	0	-15.16896942	-15.88253258	0	0.6588009518181526	-2.665235067	0	0.47720530215932117
26.823243578262275	6.202019399595106	0	40.32705372544725	3.92684826931853	1.4787358809630329	27.970536166367932	10.604898640646125	9.136708323465907	17.07449416147307	0.13297234485717	0	0	0.49579003862752935	0.27240658381100785	0	57.77394088754258	-18.97682387	0	-60.53072852	0	16.11855321212362	6191.824752466717	2.17031269535229	6.580868924042218	237.74353708518439	-1.490159871	5.55128015990763	10.613662956246793	0.3360038068541362	126.57579820671009	0	-20.3490768	0	0	-20.42609499	0.24215863344442384	0	0	-3.694274977	0	2.1268928467418515	19619.420384387224	95.24305380596569	0	-22.95600562	266.95665012835815	0.5801882516820001	7.5466621999283285	0.46069112898560355	8.636475764524258	-26.94600238	-4.626274028	49.8335781259303	-10.82786086	-2.869259943	0.82917733814451	4.571724767434701	0.40607234485717003	-17.59385386	6.897619223935942	0.6129284827881558	0.9085810788170314	5.432714244375573	0	42.917064720155736	0.43026030357299994	0.8846479922738362	18.9532026770168	-4.479155542	-4.717272587	-12.53270058	-1.71760101	0	62.58962180808819	-8.854794716	1.9173036779212713	-5.903196477	0	0	-11.46951697	12.431189062474134	-8.900990383	0	0.2602360467395679	0	8.972399027962886	55.908941730203665	0	0	2.1067511037145294	0	43.554663782816945	18.34137509569933	0	0.13297234485717	-16.65882839	-8.854794716	0	1.2297595919185538	0	0	0.7024	0.4791434778263788	2.5547441137218674	0	0	0	-6.794027444	0	-5.062083946	0	0	0.9035820000000002	-1.437564318	-2.54516573	-13.53813086	0.2746717424721816	-2.951598239	-4.23403609	0	0.5724	-7.849543773	0.7844419180968577	0	0	0.600992197	0	5.13900204573751	0.2862	0.8315188164410541	-2.710322515	0.600992197	1.1319343582742187	0	-13.33604054	-13.94643081	0	0.5349077892117495	-2.291927535	0	0.9589826293884048
27.204024825207135	5.154719012928526	0	41.29073230291573	4.0632174052622325	1.45439128504887	24.78880736884303	10.24046818889588	7.879392776754049	15.917682983504188	0.11958019381100789	0	0	0.45842532324006124	0.38418790135513176	0	54.32374325635202	-13.4586249	0	-44.18670527	0	13.747092279781642	5397.367140760713	2.0308950164852684	5.494474175797872	231.43707143598584	-1.087594602	5.014148731415721	9.559974544346758	0.2941146767516236	111.3002291023043	0	-15.70836462	0	0	-14.65342836	0.3176740968199652	0	0	-2.86341007	0	2.0162900669143173	18929.786720232005	87.28319031818725	0	-18.88678423	249.09526444266896	0.55996179090534	8.396211643293269	1.2356410884401072	8.743144398	-6.261104256	-3.638402348	49.040418129767644	-8.751791646	-2.073543329	0.7576576160045336	4.081366424045688	0.4132771938110079	-13.79872165	6.086463876747604	0.541985006269585	0.8146764427920369	5.611585826795532	0	35.88384780518571	0.39891703457150995	1.3547567694755986	16.50519304619589	-3.612549859	-3.94227504	-10.30793794	-1.173497364	0	54.23135803333773	-7.557488392	1.92499381848151	-5.038325595	0	0	-9.613074128	10.410635875288158	-6.709073673	0	0.20600380685413622	0.13	7.343545696937737	51.562091810580945	0	0	2.0779217442990707	0	46.93378405086169	15.218623717272107	0	0.37958019381100794	-13.73184029	-7.557488392	0	1.279574172448142	0	0	0.745488	0.437831969836091	2.24224054004988	0	0	0	3.2231963992584145	0	-4.310972102	0	0	0.9169583400000001	-0.779692267	0.9005030839036361	-11.42377628	0.20135290233549816	-2.519162797	-3.25634589	0	0.602388	-5.881294766	1.2218408211101712	0	0	0.703680405	0	4.173454711910923	0.301194	0.6939627913055144	-2.331740997	0.573680405	0.9465630315934741	0	-11.28632333	-11.26554628	0	0.4073567091896344	-1.887192929	0	1.0938127450129278
27.1806072027013	4.187507094540748	0	42.609321053549884	4.254053105453698	6.098849410174657	21.21158723000533	9.605266736653784	6.311427001410754	19.34902243382707	0.10393985205513176	5.59	0	0.5410443196941381	0.37326545010418927	0	51.348853090589955	-6.778487093	0	-29.73148319	0	11.100364672280415	4846.334276002488	2.3644922550103913	4.4818846771040235	216.4381402086276	-0.692658021	4.210305983830533	8.804855737306324	0.24759101935681357	94.27321003526997	0	-11.27047272	0	0	-10.61842554	0.4061077909533535	0	0	-1.249729352	0	1.8562588630621069	18262.862820885348	77.15081746964104	0	-7.507881446	257.34715939226857	0.5249591224791859	7.908919793022917	2.6260268192959573	10.02685183592824	25.083137183370646	-2.940165765	55.55536158932822	-6.1707756	-0.755192077	0.6705601375984189	3.517602922274206	0.40736324205513175	-10.469141	4.973830147975671	0.4618763272147837	0.7057219770857807	5.204222676169628	0	29.507437147557116	0.3587405814330237	1.3672119658729172	14.246828587071189	-2.724228249	-2.966508996	-7.476413435	-0.488599161	0	47.401979895062176	-6.163188049	1.8741651304312796	-4.108792032	0	0	-6.613883345	8.539818930562133	-4.535076425	0	0.6710146767516236	0.1431	6.95727132810697	50.62306412860306	0	0	1.9896376684961858	0	52.3369787705761	12.01158876516944	0	0.39013985205513185	-10.33559578	-6.163188049	0	1.0860200697513271	0	0	0.76190256	0.3875166535497493	1.893720107543595	0	0	0	15.782001965893667	0	-3.505642279	0	0	0.901488296	1.265783346380893	4.884589924210966	-9.178143874	0.12932535914241808	-2.054396016	-2.278734335	0	0.6113055599999999	-3.783431818	1.438844609188848	0	0	0.67498937942868	0	3.1792584701096667	0.30565277999999996	0.5493434849443632	-1.921065401	0.53188937942868	1.0113319466329997	0	-9.102988143	-8.784783823	0	0.2803400358940418	-1.336315997	0	1.0823454667246108
26.794113126365005	3.091391155155525	0	45.84777129751413	4.388183642462406	6.525896240482625	17.51574148815123	8.745427427536283	4.710914993559467	18.006757266102852	0.0867453489131893	6.4133	0	0.4991700869119832	0.35223728047521535	0	46.9609863486864	2.4169915497248495	0	-14.97983882	0	9.815298885360898	4202.914669440011	2.19379500203269	3.3360975879664405	203.49595789774637	-0.316435359	3.6505383314889466	8.821103138850743	0.19829199712078013	75.61069657388096	0	-4.248255826	0	0	-6.668370238	0.3735148819448023	0	0	0.16007517547496464	0.13	1.6565430137032544	17839.1054268468	69.71715738186023	0	4.208367498722998	247.5834500651402	0.4777079472212715	8.533089533988912	3.3485931724873437	10.291382975110906	55.410460363617204	-2.223547867	58.0321498552529	-3.642737891	-0.086020187	0.5720556029049632	2.904687683011646	0.3898197882131893	-7.158444194	3.8232448876416623	0.37592222624901905	0.5864912986375767	4.941469160321227	0	22.433444441264665	0.3118195561653953	1.4974052836543161	11.376895716246825	-1.843011952	-1.939324287	-5.103748974	0.20246719617637393	0	38.21348017376232	-4.723422098	1.7721943572731338	-3.148948065	0	0	-3.86619514	6.399889112391848	-2.312426608	0	0.6693940193568136	0.150597	5.400906256316071	45.939247290964886	0	0	1.8504928702187038	0	56.2697446552018	9.214909645321958	0	0.3879393489131894	-7.468907859	-4.723422098	0	0.879240775231654	0	0	0.7538185872000001	0.33060736928554924	1.5232401150616304	0	0	0	28.391466916888582	0	-2.67567617	0	0	0.8605206071459999	2.488737898451953	7.6637303827612335	-6.881730392	0.3206208094943735	-1.574474033	-1.330521904	0	0.600992197	-2.151852209	2.430982680183992	0	0	0.6289177752440316	0	2.1891040983852466	0.300496099	0.4027058046709963	-1.233825402	0.47832077524403155	0.8392840117695828	0	-6.864896829	-5.998554095	0	0.15761482885118713	-0.640437278	0	1.0395545522633873
25.052445063871392	2.1421450750541595	0	49.95694337815653	4.2072556164963695	6.6144615005453185	13.984008075838007	7.839209226504443	3.1291267366865254	17.058515897167972	0.0686679356180454	7.671870999999999	0	0.4465081748006843	0.32274480939488237	0	41.7530766905126	7.670412582082292	0	0.1460362733453504	0	7.264280710572507	3407.149583450581	2.1043536242917784	2.3348062801036225	194.33311508102088	0.031658098603869866	3.127231294436851	7.631092706075198	0.14797411719472664	57.326113561414424	0	0.4191870509457165	0	0	-2.653269358	0.3329758173787622	0	0	1.0240969946614962	0.1431	1.4271024588691896	17847.8806094067	59.70534858140171	0	15.83674052415634	236.66860816877045	0.42085065107251046	7.838849614838641	3.918445095184971	10.170719511121979	85.55273741493059	-1.511885324	58.12029479892752	-1.398221816	0.31881511848169974	0.46623985359370407	2.3959233371849926	0.3623360861090454	-3.96406374	2.673020806711804	0.28728586859236027	0.5915889490750657	4.616746921248029	0	15.803847672363517	0.2602360467395679	1.3696571111479456	8.412649261017492	-0.994626927	-1.156678321	-2.165238489	0.7483529018319635	0	30.79742601937958	-3.28593008	2.017254830712609	-2.190620053	0	0	-1.127289901	4.281955602666836	-0.342668975	0	0.6478536071207802	0.15282638999999998	4.228150504014779	40.95563471836158	0	0	1.669747765662409	0	57.911141611708864	5.921451148099567	0	0.3743207156180455	-4.664821492	-3.28593008	0	0.6667621869069986	0	0	0.723928454	0.2694707923692027	1.1441109183760134	0	0	0	40.478241365277356	0	-1.848436387	0	0	0.7978340691430199	3.764734858362348	11.995044883973637	-4.608506346	0.28316809052630215	-1.095310027	-0.43721506	0	0.573680405	-0.198874995	2.4509774636741017	0	0	0.5685857982205271	0	1.2322920408817108	0.286840202	0.25865071828483616	-0.388294642	0.41575940822052704	0.6592623500394201	0	-4.644667742	-3.610990717	0	0.17243369764708233	-0.194933312	0	1.4898560926803843
23.203370455710996	1.1235592507113057	0.13	47.816489949390004	4.208202724632046	6.495736389585383	11.025927762480967	6.818436568780654	1.611643503400282	15.993343188211538	0.05033822558387454	8.654428769999999	0	0.5157172086564947	0.4165192411407363	0	39.55336569744082	14.268379133741522	0	15.434942771962085	0	4.75043593194578	3088.5365185565765	1.8607257755962046	1.5235999146239778	185.91656309353732	2.163992467191928	2.3924380222568598	7.171150535394951	0.0982488017454367	42.62020544335211	0	4.987310028466733	0	0	1.6199195146418317	0.2865013847479632	0	0	2.29099372208953	0.150597	1.1777928857524556	16411.25185542841	53.933560203546975	0	32.25717403132166	227.74519221697457	0.7470535650064503	8.408868199158238	4.303758472757287	10.297000808198286	116.38420463866473	-0.826032475	58.43601640426685	1.1137893059943529	1.453602440307277	0.3570184836057598	1.896157725825455	0.3267306716320445	-0.970199419	1.687628509673578	0.19889457064359659	0.8684291659965538	3.9859944984447093	0	9.96309515018158	0.20600380685413622	1.2135940425577738	6.462447973480569	-0.201241596	-0.417596601	0.044378101651365354	1.377199449867035	0	23.79905449985372	-1.893609361	1.8772916118867577	-1.262406241	0	0	2.821543510628982	2.247356775834321	2.8703929639568906	0	0.8690316278947268	0.150248049	2.7458258118231735	37.831714361467746	0	0	1.4569847385918713	0	60.631064624213955	3.0396949661564268	0	0.35083432418387456	-2.001199116	-1.893609361	0	0.7155285918075989	0	0	0.6753094806196799	0.20636374937341473	0.7685713138076777	0	0	0	52.81199112786892	0	-1.048467491	0	0.13	0.7174811628660474	5.470190076530834	16.583376588545594	-2.424349515	0.24096560073924886	-0.63120312	0.37987755216012087	0	0.53188937942868	1.1647707472856883	2.3954434449049775	0	0	0.49722944495275734	0	0.33419242790207737	0.26594468971434	0.12124161898874695	0.3443318824871746	0.3469813956527572	0.47746498398109105	0	-2.507121532	-0.703853955	0	0.08059766863397556	0.47186825592416726	0	1.4504317962752702
24.363102194695315	0.173125231281398	0.1431	44.55558716501842	3.782809040215194	6.194011698033879	9.702877647585202	5.595188079765824	0.1975592883406545	13.814887454504403	0.03233133978560452	14.139097899899998	0	0.46253382286702927	0.3884206524777827	0	37.30702483275297	23.108497656222582	0	30.591910337558282	0	3.9054625532233516	3072.468664595276	2.3656389385023022	0.9378061882535783	188.40416941199598	2.878173624905423	2.469350936627162	6.262068065720881	0.05054855378871265	25.89628197379547	0	9.389001407381645	0	0	4.817191914530784	0.23607935383780526	0	0	4.912470965112075	0.15282638999999998	0.9180804833748212	15656.898421185098	48.30094385737131	0	51.8278489668308	230.58176209384905	2.0182245805968027	9.38961887907113	7.211427758389652	11.641743951321013	155.9809990008655	0.2060160638637598	63.15708535694424	3.101185636615835	2.611302956741078	0.24800869610843707	1.2894839438271073	0.2848838784537824	3.0533844520701576	0.6501465870489669	0.11337556537040136	0.7915324862459966	3.8187374829683804	0	5.35752502571239	0.1510146767516236	1.9467294595498863	3.6133933754929206	0.518842449525651	0.26010484466020467	2.0317016903344682	1.8318453596025885	0	15.82654849728484	-0.583712433	1.6950059665868893	-0.389141622	0	0	4.920847276036001	0.34879712841002775	5.096036920151147	0	1.3620208977544368	0.143420101	1.3293588144960333	33.44523460941927	0	0	1.3517884720706312	0	99.86006339674212	0.1549235534229081	0	0.3191715421676045	0.8460969959716118	-0.583712433	0	0.5379524984639111	0	0	0.6112931201012014	0.14337649819600315	0.7975285302819454	0.13	0	0	68.16800618036527	0	-0.037041459	0	0.1431	0.6236391123307906	7.370994070586546	20.315373825003984	0.004122119072335506	0.19575439190872346	-0.194570811	1.103864576228339	0	0.47832077524403155	5.087108793008571	7.473599524665617	0	0	0.4180918436631818	0	-0.484122997	0.23916038762201577	0.12393618105260429	0.7933657976120791	0.2746717424721816	0.2995234050091622	0	-0.508116297	1.433684749185929	0	0.38552731246316024	0.9878336197546884	0	2.411436975622409
21.925967693940343	-0.687459143	0.150597	40.454107044133444	8.876470453033571	5.736639124696509	6.581046214751456	4.326408797259504	-1.081043284	13.839830670532848	0.01515520237359337	17.961127179812998	0	0.4007927609704995	0.35147930310679093	0	34.96610730955133	26.531349396768857	0	41.195423836468116	0	2.6078226357764662	2372.063536092247	2.409091616962721	0.3424576488726113	197.45089001624888	3.3645914581004055	1.7644920314616193	5.5060318010425915	0.006101874013999621	20.857862391980632	0	13.048853606183616	0	0	7.940221316994917	0.18361714540352891	0	0	5.624426354879002	0.150248049	0.6567969067337056	14319.203377730566	39.95256083009207	0	69.20662093978409	229.97722212022063	2.101731757210216	8.980605924620598	8.221987282707092	11.22276046159184	183.84868395682022	1.2186792664918222	60.85133485364556	4.986806765076693	3.4948943328292663	0.14245962647759353	0.7047930217137811	0.23867524823973302	7.4030084025294585	-0.173091541	0.03300719366341362	0.6985794998831153	3.1536440445506333	0	1.1117861629187482	0.09699401935681357	1.8481494510562908	0.9408424360392496	1.15135281703835	0.8622330004809134	3.8893418694392263	2.346071317576509	3.1200000000000006	11.276496640054301	0.6127061751279741	1.480098706819401	0.4084707834186493	0	0	7.34259524662124	-1.370370468	6.936235373121443	0	1.3648506136955427	0.13297234485717	0.014657752466726404	27.72404579429307	0	0	1.116558178039396	0	115.33036039011522	-2.186018425	0	0.28109989208793335	3.993280586649894	0.6127061751279741	0	0.36199543950067475	0	0	0.5353396020315347	0.08238667719045263	0.49966416920032775	0.1431	0	0	77.42337954220102	0	0.6743532129375727	0	0.150597	0.6504720934791358	8.41058784311909	23.404710123066415	2.6696229259899016	0.14919167220398888	0.20423539170932464	1.722336960602885	0	0.41575940822052704	6.494599770368909	7.819732010710223	0	0	0.3343252471926683	0	-1.206083189	0.20787970411026352	0.022643201478497757	1.173695347296131	0.20135290233549816	0.13039028178415132	0	1.4362319040181672	3.4444590405499813	0	0.3483981725355316	1.4525674386095169	0	3.183998527766162
21.564767612442658	-1.441361306	0.15282638999999998	35.42915172401297	10.064471610979105	5.282904634951981	4.023966538758542	3.0547151790860294	-2.1993543	12.877084644842464	-0.000757977	23.75211971634031	0	0.3332020224345077	0.4376877095796947	0	29.630298319383314	29.265975481357437	0	51.80272327039292	0	1.1517120310009754	2169.4170143567535	2.175926279068216	-0.403629766	198.06941185958905	3.6014297642328774	1.3371842558687819	4.420418208800853	-0.034083194	7.567548896587859	0	16.391254976919885	0	0	11.252741139702788	0.13089264345057436	0	0	7.136453415022867	0.143420101	0.4019377805546905	14410.861737289571	34.06043928063799	0	84.98131708724853	228.14381948034844	4.3238362634459815	8.043076087876502	8.834831236111574	11.668992506987827	205.17413989847486	1.7935157708623235	61.04061935506738	7.6642615777391665	3.785279741323758	0.4331916750155066	0.15742740116037418	0.18992722359989658	9.695579705866946	-1.00881311	-0.040314557	0.5939644271600286	2.4604506286381413	0	-3.162732398	0.04546560712078012	1.963982959880366	-1.492678683	1.6860715632886287	1.378281350705124	5.344537774550332	2.5384925402257417	3.434400000000001	6.703155069345188	1.931101737118727	1.8922792118240792	1.114067824745818	0	0	8.961890562749318	-2.876510191	8.864326919601066	0	1.3264518396316718	0.11958019381100789	-0.909012936	25.843254486850693	0	0	0.8713541680701027	0	122.34371687244754	-4.427285652	0	0.23840241025359132	6.39594740066085	1.6711017371187271	0	0.19277422324874177	0	0	0.4509212477078887	0.025024237969743596	0.21659631915086208	0.150597	0	0	83.16051418158716	0	1.2943778215017852	0	0.15282638999999998	0.5551076137082724	9.113904603104809	26.542971487630613	4.388484964436014	0.10280947430360811	0.557033912372909	2.22729199772189	0	0.4769813956527572	7.596503656882145	7.8966592878290625	0	0	0.3789055529534261	0	-1.689664866	0.3034906978263786	-0.069199776	1.4807810815928935	0.6493253591424181	-0.025741238	0	3.043058327545184	5.050822131561129	0	0.3045300014245999	1.727250852420577	0	3.1837839688625547
20.76274451072146	-1.946632413	0.150248049	30.803817384184143	10.711738504800712	4.6160564551333465	1.2318758342021638	1.948549467357322	-3.139853586	15.724300682375844	-0.0150571	24.21144940772468	0.39000000000000007	0.3923742970790798	0.4021446441179173	0	27.479161278650597	30.609159693046436	0	58.095211062813455	0	-0.233338874	1925.0526343641072	2.420799686591115	-1.062999546	192.52399916280757	3.706541346825116	1.2324917301591647	3.6307534295192627	0.4507727406005523	-4.610759716	0	19.667678561274926	0	0	13.616426745948791	0.20951381238939804	0	0	7.48318416670166	0.13297234485717	0.16050643357693617	14264.088408773989	27.495716707710184	0	93.94910410734907	221.819442520053	4.4940152311547905	7.998006952170519	9.661345857092263	11.950531572634581	218.8318260490098	2.6470631516699052	59.149756825695	9.004043061803216	4.193068216729088	0.38185476844916316	-0.339924479	0.14035618471604688	12.638026487694678	-1.730698129	-0.105094695	0.48199192889444975	3.3227630354577546	0	-6.214917132	-0.002273932	1.8093136290256226	-3.248067329	2.1167362880152205	2.0613764253857596	6.493877955913818	2.6355168644032787	3.614328000000001	2.266053003626631	2.8597246907968428	1.7064732899735673	1.7156831271978954	0	0	10.340399630382109	-4.145740636	11.163679503844694	0	1.252099387785238	0.10393985205513176	-1.913046167	22.365244675547036	0.52	0	0.6245299340556356	0	119.04542620037321	-5.401607587	0	0.19282260429507575	8.066469111250886	2.5735246907968428	0	0.03469190192453986	0	0	0.3614170913853706	-0.027352684	-0.044662635	0.15282638999999998	0	0	89.65911993158709	0	1.8135686345645228	0	0.150248049	0.4526263535032472	9.98347254899881	28.58111757110947	6.453806250104435	0.05798121196415716	0.8578415635989477	2.6149327711973385	0	0.5477717424721816	8.650322045037594	7.728994058601146	0	0	0.3076606615495054	0	-2.17419843	0.2804358712360908	-0.149782463	1.712734810012193	0.6330208094943736	-0.165487368	0.52	4.527910358893143	6.865024249524328	0	0.25591274738202335	1.9226483992779138	0	3.2180773467834314
18.558041383850743	-2.442977437	0.143420101	30.366901956812683	11.672926554096136	3.8774113996425745	3.9120379250753596	0.7945438427807658	-3.892107336	14.335066095684613	-0.027474597	24.99850264773887	0.4293000000000001	0.4638581153468224	0.35809154587878006	0	22.348763103631637	33.29975069277515	0	63.74559374410754	0	-1.282884523	1419.383113339802	2.4285617627639913	-1.494542362	184.58740776081999	3.689945530753377	1.7412937051157344	2.671132525280254	0.4736198995263286	-15.74291468	0	21.216429430356214	0.26	0	14.93525098919173	0.4339874500626574	0	0	7.5707463182115236	0.11958019381100789	-0.061596972	13752.899760846743	26.14259489084385	0	102.1216393022191	212.71291998018552	4.512355845158075	7.697504521470019	11.265368640262114	11.005400784537622	236.94878880302096	3.0358438998466313	56.583487844489014	10.649725105606763	5.144285798092012	0.32419590948597915	-0.257343437	0.09153156417910077	14.007087796708795	-2.328473702	-0.160243979	0.4967569225885953	3.709161310531674	0	-7.955435878	-0.045171299	1.6158318223855852	-5.030475091	2.4408324516286966	2.544320699836759	8.633467780463539	2.643773250230964	3.6678333600000004	-2.615320446	3.6096936083832416	1.4880537616088998	2.205666405588828	0	0	11.750845802340155	-4.383675817	12.05818644454862	0	1.1476191994898903	0.0867453489131893	-1.329284691	19.774078505107333	0.5724	0	0.3836522254209461	0	114.68560180949511	-6.816449101	0	0.14601610080355948	9.847944577444391	3.308499608383242	0	0.15137705567502197	0	0.13	0.27002083795354326	-0.073671334	-0.278455816	0.150248049	0	0	96.3380915086394	0	2.2264333072840508	0	0.143420101	0.47681442871362706	10.936579523833446	29.028015519107154	7.618981219702881	0.015896339499726603	1.232833202794414	3.015361484189322	0	0.4950499023354981	9.039248933026371	7.346225530537987	0	0	0.23431043943949156	0	-2.545052684	0.25127345116774913	-0.217813407	1.8701111212891968	0.5993560905263022	-0.286294264	0.5724	5.628439876339512	8.41185542820548	0	0.20447983632224376	2.1708267394711793	0	3.9623990665087176
16.51706732815157	-2.686398636	0.13297234485717	26.382671013473985	12.097808001839134	3.096308507711603	2.236822669108974	-0.137897535	-4.45237249	13.424702984791967	-0.037826107	29.676895484319477	0.4517910000000001	0.544277808327386	0.30770101108719317	0	20.510941853005622	36.10229007174773	0	71.44857034494899	0	-1.968989071	843.9990510177333	2.4226907784366603	-1.938094626	175.91685326620657	3.5643109303662106	1.8669766714231755	2.3073397357067384	0.47997374557373745	-24.9395667	0	22.583812329618688	0.2862	0	16.194135278434622	1.3329941004667112	0	0	8.462429865024054	0.10393985205513176	-0.259642127	12362.91298488682	20.270507408938833	0	110.41327179853553	212.57566209489923	4.393491722406289	6.856127198195469	11.391028085907118	9.624621051714232	250.72559161754035	3.684671256210286	53.55634112606896	12.671347191861752	5.5360530473758836	0.26257705913453416	-0.575300197	0.04484345877047624	14.819030340920238	-2.796617506	-0.205071015	0.39514270923566835	3.2456449187822516	0	-9.253239673	-0.082423791	1.3932232417379837	-6.223727823	2.659294025331964	2.802640925847556	10.340094589144382	2.961890799968951	3.605953183	-5.970096937	4.1763748259595035	2.026834573232432	2.5804813639730027	0	0	12.327721983032191	-5.066307206	13.471497097845694	0	1.0191584540393805	0.0686679356180454	-0.694020821	18.308806596558377	0.602388	0	0.1553527208870972	0	108.88119180341997	-7.495312991	0	0.22950976463708805	11.405834159695214	3.8707220459595035	0	0.31185238238020524	0	0.1431	0.17966358472629235	-0.113147979	-0.480516003	0.143420101	0	0	102.19902318272729	0	2.531218513513105	0	0.13297234485717	0.3842792635415601	10.956278415469617	29.869383206731854	8.569069255750396	-0.022456936	1.4333406819865013	3.185286481356427	0	0.432748749142418	9.89810566422548	6.7813470893650045	0	0	0.16126592635729436	0	-2.672469932	0.2174890695712091	-0.012506854	1.955646467799824	0.5510771607392491	-0.386431643	0.602388	6.450063245751059	9.151647826172349	0	0.15205582127877484	2.229062443460983	0	3.8134166422662137
13.574678658177769	-2.794885755	0.11958019381100789	22.425383034064936	13.88726706475266	2.430426649742381	0.692024258665958	-1.072957848	-4.823039955	12.472635095444828	-0.046007682	29.117142172712434	0.5884791700000002	0.5003271977600717	0.25311849944214915	0	18.38157447185204	36.63150681067062	0	77.11779217535782	0	-2.407413492	564.8634233973395	2.1447261691889623	-2.019148824	172.1858486230683	4.384310462106774	1.524082040957177	1.3107060330193723	0.6012929946491934	-29.71836652	0	22.826942569066357	0.301194	0	16.441307080400186	1.4021102628163582	0	0	8.21107216120461	0.0867453489131893	-0.430093504	11966.237496976284	13.707513452956155	0	115.27334289126426	196.3548601352946	4.154709260257492	5.693203791302509	11.282390744410407	9.393180660621754	254.2529464020816	6.068075739251267	49.915218845708836	13.560666653735392	5.6825619803100915	0.19924278204419765	-0.844202274	0.3914788601396	15.105207720482927	-3.134048405	-0.239263217	0.29183563594096407	6.241110818644304	0	-9.553665898	-0.11347832	1.1510788219030028	-7.310943448	2.776130620904946	2.9510499014818463	11.28585587928281	2.8593398707340714	3.4420824285839995	-9.23029287	4.5610966769993535	1.9809322664966382	2.84040038559957	0	0	12.79707888616406	-5.528686239	13.95933177287769	0	0.8729690295127405	0.05033822558387454	-1.001462714	14.410797680967566	0.6113055599999999	0.13	-0.054777415	0	106.03078704384974	-8.181431102	0	0.1977687691481511	11.965759758930098	4.2606005783993535	0	0.24692460494346402	0	0.150597	0.09295214927997775	-0.14528252	-0.647954692	0.13297234485717	0	0	104.40789099392458	0	2.72958864371386	0	0.11958019381100789	0.2894692369804531	11.125319065478081	29.07053262939213	9.45707641052065	-0.056301176	1.5707971927997848	3.2426603843661286	0	0.36369524879437337	10.68413355237791	6.06951607962837	0	0.13	0.22068788679259807	0	-2.806971358	0.1805584540471868	-0.027355751	1.973958885625394	0.4910938091087237	-0.464962334	0.6113055599999999	6.996022380848919	9.672911549557362	0	0.10031253310128956	2.604602703747977	0	3.9549299611799738
11.909288495456016	-2.908677591	0.10393985205513176	17.571062361574846	15.521162209432253	1.6582201780778096	-0.559055038	-1.882323395	-5.011949474	10.861594942169056	0.07800913056245429	27.599849927084726	0.5938441479000002	0.5757618323166868	0.1964006839783451	0	15.453696594658258	36.13885667138111	0	80.89655805746503	0	-3.129773066	486.9754558370649	2.2202162357903656	-2.231523138	181.43236898555182	4.190780726810078	1.299754412309063	0.5044145196101617	0.5924415289776279	-31.72773536	0	22.19095150749727	0.30565277999999996	0	18.510522489757186	1.6822515010465495	0	0	7.738518062930973	0.0686679356180454	-0.570596937	15987.982432947516	10.96959348898306	0	117.93920658798218	183.11549256759156	3.8151637665158513	4.86577661135977	11.876145414731054	8.68308888881987	251.33997731610629	6.331097501810611	45.48075222801346	14.754234169809605	5.833943160541575	0.1362646492015689	-1.060888075	0.3917063555676233	14.909611130474861	-3.343714762	-0.262858303	0.19010420089750132	6.309796803960823	0	-9.667439524	-0.138023046	0.8986164793944301	-8.070109207	2.797999638293481	2.996086482508252	11.39846536402891	2.8112638383006576	3.1913362765720796	-12.48756042	4.770513442625239	1.7801922224395246	3.249115493495493	0	0	12.43558773239782	-5.778966782	13.839603027220155	0	0.7152094765533822	0.03233133978560452	-0.988116536	12.82026572650681	0.600992197	0.1431	-0.242251215	0	96.47449914892104	-8.163494469	0	0.16326881013366334	12.11072000547359	4.483673240243238	0	0.44108186710209296	0	0.15282638999999998	0.012123292899895277	-0.169845131	-0.779210871	0.11958019381100789	0	0	100.7736352941844	0	2.826234101583124	0	0.10393985205513176	0.19545613596604322	10.343696078521356	28.36945113090462	9.672570557498256	-0.085071956	1.6473841367477464	3.197017085543876	0	0.290636241017302	11.02103464514376	5.246782688476547	0	0.1431	0.2975470145805935	0	-2.8438135	0.14190414645415114	-0.039899086	2.1912212950996452	0.4223759783679891	-0.521691087	0.600992197	7.277504931011525	9.751861554117152	0	0.05073419774851411	2.8244508568938325	0	3.6636440493669586
9.793158694142758	-2.923829914	0.0867453489131893	12.075041885486518	15.76603297336092	1.043487748237361	-1.868254755	-2.554282685	-5.031609557	9.72581095595579	0.0872839879694277	25.98629140820725	0.5808573035730001	0.5263801484481396	0.2694626295415711	0	12.894995607344105	35.59130584587911	0	83.42055060963757	0	-3.686003491	435.5870213577059	2.5715508086579177	-2.225714327	186.8312662422204	4.02088054323875	1.3488669141564886	0.31361972195356724	0.5667019640038902	-34.15433526	0	21.76283100686017	0.300496099	0	18.147500683485774	1.6839110704223252	0	0	7.9910638325967716	0.05033822558387454	-0.679932119	19900.643402333197	8.736377716737785	0	122.39030771738885	173.9565969796311	3.3951179091528987	4.715118851070512	11.214240255577705	7.18351362753358	247.9281058192453	6.767884163059702	42.91530970524721	14.645817909182107	5.495167927933664	0.20549639016715596	-1.224078654	0.38015991078581557	15.196285865553353	-3.432103041	-0.27620813	0.09284278333145983	6.502320286626865	0	-8.429812602	-0.155972608	0.6444418767548818	-8.121255114	2.7337417647943583	3.07673681095677	11.157859939379534	2.583657493961566	2.8699246514641894	-14.52447441	4.815873128409779	1.9361204161149366	3.3194856257969594	0	0	12.12717806203627	-5.830850268	14.28665906531177	0	0.5517695945933583	0.01515520237359337	-1.146461479	10.584178995696924	0.8336804047639998	0.150597	-0.403710098	0	92.16960506901758	-8.202446665	0	0.12732078271661446	11.877862627198525	4.549928438695437	0	0.40259094703179626	0	0.150248049	-0.060986377	-0.186856127	-0.873965106	0.23393985205513176	0	0	102.95959610559271	0	2.828427990617968	0	0.0867453489131893	0.10498066097409302	10.109924507904664	28.96739424833872	10.356338173053153	-0.1084135	1.6668908621984793	3.190027604037533	0	0.21616404678741874	11.273614589278715	4.47891915578561	0	0.150597	0.25779381915237154	0	-2.791657023	0.1028581452267945	-0.049991115	2.121020824773482	0.3478586513502883	-0.557096231	0.573680405	7.312514078227526	9.53036071159745	0	0.004591669998560782	2.8675806690182872	0	3.8115774072542363
7.574847112136542	-2.589752108	0.0686679356180454	7.676372200442428	15.36343567169589	5.298923928933837	-2.860486857	-3.082417566	-4.898355346	13.461831039685176	0.09301283999662094	23.544499998971308	0.5517434245715102	0.46614522851300305	0.4871345016622274	0	11.525314850541044	33.34077092755094	0	82.19952738830374	0	-3.426030768	245.52981968555153	2.310605399978977	-1.473714966	178.67533578595555	3.647343961727392	1.9626021583944773	0.022495812404025317	0.5265352966074095	-34.33364511	0	20.024637626080978	0.286840202	0	18.21635603733693	1.7648873507478537	0	0	7.798623110318086	0.03233133978560452	-0.757935819	19763.298972710312	8.334392190214901	0	120.31458950233319	164.83489304107775	2.9152231002516547	4.028073301278065	11.51209840467236	6.00839048354991	238.08957829749306	7.047955633292093	38.78895214360018	14.168868737341896	5.285415180748533	0.16164006533116965	-0.944227816	0.35836331315861414	14.298404551157397	-3.4086894	-0.279936731	0.0025222240220786896	6.080521812427496	0	-8.043053994	-0.167448036	0.39635147807664184	-7.703648777	2.853897425701317	3.347020002231733	10.60657925901371	2.301302059237536	2.4945564493231625	-12.42196277	4.712220651763571	1.718372177939359	3.28323417609437	0	0	11.705794016849788	-5.702619896	13.360409727634872	0	0.388120612991536	-0.000757977	-1.254578084	10.164175568097122	0.8180893794286798	0.15282638999999998	-0.53691179	0	91.10011224503394	-7.601430241	0	0.09114793455977202	11.701955107935012	4.4730602641415524	0	0.35587139055757533	0	0.143420101	-0.124955488	-0.19656034	-0.673024965	0.4898453489131893	0	0	98.43817295269241	0	3.0055496510307886	0	0.0686679356180454	0.020403313652115035	9.1262323591125	27.856521226579247	10.581038881860968	-0.126168484	1.6344401892381848	2.9880362425606983	0	0.14265415057690123	10.562728101321813	3.5534744016901985	0	0.15282638999999998	0.34428212869240066	0	-2.660966483	0.06463099976536969	-0.057574207	2.1242097767367305	0.27035729749384896	-0.572247974	0.53188937942868	7.1246468883751	9.045099131981795	0	-0.037074355	2.7203700798597477	0	3.430370107135159
7.481121274966853	-2.41138952	0.05033822558387454	5.647278317889476	17.03019503004649	5.2998487736926485	-3.637681143	-3.335266432	-4.631475894	22.19039418385107	0.09537842162119622	20.730552730689816	0.6389886307330238	5.2079494437159894	0.5984251515209511	0	14.30684272390206	32.34506637322906	0	78.27462066745416	0	-3.199274395	265.5724435900461	2.0064363701685606	-1.352704093	184.61473830173853	3.201740719515348	1.8860858134568326	-0.410190581	0.47458923705235456	-33.37501462	0	18.639524454597275	0.26594468971434	0	17.32183517468286	1.684819382518394	0	0	8.811467766957726	0.01515520237359337	-0.415401075	19130.38001686841	7.722573450637858	0	121.4970054237131	169.2003127051474	2.395861079232985	2.9888901074265197	10.98480778671738	5.25052793945811	238.36221617899128	7.1785812875024835	41.411561773809844	13.11454842056545	4.86807525285946	0.637320171018847	-0.964035227	0.5879954758993744	13.061359231666314	-3.285356441	-0.27489437	-0.078841946	6.94848753127524	0	-5.253679626	-0.17275248	0.29117957492392654	-6.97669361	2.676420597746541	3.319864274312248	11.482229268914057	2.238143106208783	3.121888373916543	-10.2970434	4.477566803229077	1.7308475982431586	3.1521108460792084	0	0	11.22537455567646	-5.416133965	13.165973031896618	0	0.2291929111601499	-0.0150571	-1.314245686	10.681247216214384	0.7795147752440315	0.150248049	-0.640685959	0	84.65456533609765	-7.132472553	0	0.055857933181820675	11.2825796873598	4.269687099118809	0	0.5631476480140492	0	0.13297234485717	-0.178779023	-0.199397321	-0.671988088	0.5054649356180454	0	0	96.77574692650138	0	3.1347926558714034	0	0.05033822558387454	-0.056328398	7.997122454426178	28.001039870198344	10.065838353332172	-0.138362916	1.556201377896774	2.7166029299547256	0	0.07221561947012846	10.126048419120945	3.523969890953622	0	0.150248049	0.3117931434176548	0	-2.203516003	0.028287638857126277	-0.062671764	2.0933535402015524	0.1924953600982381	-0.568717104	0.47832077524403155	6.741827010856665	8.337010736368251	0	0.18653845300851327	2.50626944722127	0	3.3743724338139347
7.932334383265126	-2.178521504	0.03233133978560452	9.251675474055133	16.49937260166063	5.0416856707648	-4.328025566	-3.562772418	-4.252340112	22.13038918808484	0.0946460924346781	19.61608360731578	0.5983396573563954	5.619334754087197	0.580633981848174	0	13.78101252820991	30.978580283142495	0	73.97396599866592	0	-2.939215427	174.32363179638978	1.6724911522341293	-1.073213184	187.01175841689104	2.704645579939048	2.0506385286092472	0.022697383184159536	0.5436001063412345	-32.42099674	0	17.793736866624023	0.23916038762201577	0	15.827111343053712	1.562213629636328	0	0	9.358683924924671	-0.000757977	-0.394657773	17831.801556104645	11.090259381499386	0	120.50626959024363	172.46318102165569	1.8565594279391933	2.3539585297373335	11.110701996956376	7.060935811591747	225.7667237869699	7.04078693766676	44.14956358778424	12.682223682849685	4.50642706017351	0.6463126610071911	-0.95294084	0.5770245580890774	11.556177667174351	-3.075796085	-0.262109414	-0.149704441	7.591202052299952	0.26	-3.285632307	-0.172343905	0.34778947483876504	-6.513133152	2.696398834654846	3.4858281909553437	11.01584739975695	1.914155755296642	2.7928304548330893	-9.495704674	4.132051335451161	1.7501500485692834	2.939536523683187	0	0	10.86623580395017	-4.995812608	12.18600081477529	0	0.0792821921770979	0.36252540297718094	-1.328519157	15.23617428303349	1.1114121882205272	0.143420101	-0.714862132	0	76.79393615797204	-5.456436457	0	0.02242119394620984	10.656664418221315	3.958560637624777	0	0.5328018502844543	0	0.11958019381100789	-0.221856835	-0.195968684	-0.650895257	0.5043586155838745	0	0	96.74629109513441	0	2.9570675805518145	0	0.03233133978560452	0.006302912803779009	8.071009866575704	27.55107545334958	9.30018272705629	-0.145187017	1.4391004063526012	2.780814860710709	0	0.006654472889929097	10.199255252566537	2.9516967345620952	0	0.143420101	0.533199262367854	0	-1.92570509	-0.005270015	-0.065379413	1.9027823211138455	0.11664475563924118	-0.548477807	0.41575940822052704	7.365034310764373	7.449620858225014	0	0.18219382669463843	2.238390794430002	0	3.0527433548104153
6.810456149235619	-1.643584645	0.01515520237359337	7.128082650382572	15.836651238063542	4.788088308006793	-4.55949478	-3.400644633	-3.783547704	27.282473016252695	0.09114761339377143	21.424578888059674	0.673805391596738	5.821001490798669	0.6772029096872294	0	20.64433497624068	35.00938539357031	0.26	70.09415781679652	0	-1.516985893	1106.4599922282075	2.4917657215261175	1.7105250292435596	241.7787237680216	2.9561205869222067	3.007216816388143	0.6216156290607933	0.6194018855109893	-22.04975075	0	18.548715931449376	0.7278797041102636	0	14.817046554295867	1.925002043153379	0	0	9.870417949347182	-0.0150571	-0.234149068	16568.446894734116	16.47846893782978	0.13	129.7994192524138	219.06586707586348	1.7054911589366046	2.581901353924946	16.16068572626278	10.008474822164269	249.12777892054157	7.805548414684606	51.66927831272768	13.032664708420006	3.97575087495095	0.6350165221664851	0.12563233389278522	0.8098399953171378	9.854828929116353	-2.664917882	-0.242739672	0.18101044720341097	7.821909059653195	0.6762	0.7041792494973798	-0.166805871	0.4483047005169568	-4.730534744	2.5634872828326754	3.8806208702054694	15.945628295522845	2.475142466816816	2.9328934140129883	-5.709628677	3.697125874387501	1.9050177524057172	2.920033537816272	0.26	0	11.597023853278003	-3.167649009	12.198445794922835	0	-0.058015921	0.39147389340099736	0.12849029349769098	26.048523414679686	1.0767774942527575	0.13297234485717	-0.760174825	0	84.26555181291985	-4.584310876	0.52	0.2516554928157738	10.12364074345004	3.559790003151404	0	1.2695065768192852	0	0.10393985205513176	-0.25397116	-0.187003851	-0.612384851	1.2682321690856047	0	0	107.92739211405011	0.39000000000000007	2.70840298534763	0	0.01515520237359337	-0.037517995	9.785378241513007	29.709575214585204	8.332087181596307	-0.146973097	1.2905365197722676	3.495181152569773	0	-0.052550193	9.189163745090573	4.098099991772857	0	0.6529723448571699	1.1664687915519976	0	-1.617904116	-0.035313803	0.1941450861573315	1.6741847543014938	0.3048798689569667	-0.383808106	0.3469813956527572	6.804969851358378	6.81748134214935	0	0.4328178482113119	1.9301482830849608	0	2.571694883062935
6.066452054131994	-1.312833933	-0.000757977	5.083006629565789	14.975102473684254	4.316208032284383	-4.571032229	-3.352710287	-3.248128106	36.210874271116175	0.08526455385514231	18.53948727408739	0.6215103906651442	5.827871509115033	5.453798857451763	0	30.791995130181153	36.096828431148246	0.2862	67.16950571861018	0	-0.411469736	2017.358916849997	3.0343598622431234	2.9445736704191097	276.58563087099844	3.013764475599383	3.6579207708975052	3.95199358147794	0.569041430198439	-14.82413684	0	19.161735611848712	0.8758906978263786	0	13.54347684778493	1.9237615540241235	0	0	9.034866032847026	-0.027474597	0.07733323894358086	15413.724292658617	16.743503470392245	0.2731	138.84927137079453	253.75630851237457	1.2183649820661766	2.4595928550760493	16.75085051085066	12.641005687014609	259.21889517313986	8.949667291560129	60.97694321579493	13.247081690180694	3.5388697820021178	1.645799501544855	0.29257922005075115	1.315078688962878	9.197970196990665	-2.315179963	-0.218024713	0.17322353297589815	8.754888094481515	2.030494	8.113884272919051	-0.156817463	1.2353192626118208	-1.674280136	2.2669622677077412	4.009515655424419	15.824062252846463	2.335776233180468	2.5709632748545075	-2.65087142	3.194779183198582	2.3372481532863363	3.6548798444015604	0.2862	0	11.866822382074716	-1.647272299	10.90369290320794	0	0.0801562553821733	0.40578331798040224	1.8959440903117497	34.45818193072087	1.013302944854182	0.11958019381100789	-0.778151003	0	82.75203934798527	-3.401868528	0.5724	0.5104166970139081	9.10021021385239	3.0941027320308265	0	2.0744556333960547	0	0.0867453489131893	-0.275254918	-0.043325385	-0.55935394	1.3176714021645937	0	0	106.02256126765273	0.4293000000000001	2.4033527601034352	0	0.6492420226315755	-0.075831271	10.294748431711186	29.58093774325971	7.210838575234434	-0.144171376	1.1181129262567993	5.053255380665837	0	-0.104257887	9.854406476009487	3.7669199235093584	0	0.6919801938110078	1.331417304071167	0	-1.292346116	-0.061293798	0.22189278256041634	1.4182214015413326	0.26514507487421074	-0.324091132	0.2746717424721816	6.7467627423522325	6.394031337416772	0	0.44539493212997866	1.5948255743818747	0	2.4516004119983155
6.9148548069147715	-0.715773274	-0.0150571	8.209948011943712	14.350455511532369	3.7620295431656823	5.495715033527925	-3.208988068	-2.668806624	41.31010917235982	0.07741186365472182	15.416720203289712	0.5557995781067555	5.789218380326309	5.889121244716289	0	36.721129414822144	34.11262231203393	0.5611940000000001	59.962233658684156	0	2.9858388973102645	3798.067181504108	2.9616637930211347	3.3668802373645312	291.7342783375476	2.7052310411408604	3.533816706829006	5.560773931209034	0.5066457775111906	-8.766360206	0	19.828601255852657	0.8828238712360909	0	11.39095980649154	1.7649322671870697	0	0	8.401823327011474	-0.037826107	0.28534731775835753	17183.932222010913	17.24972944558669	0.293697	150.66866013621336	284.23501654986336	0.7434004734208063	5.285727420459761	19.709473301654235	14.241053294769479	267.9943329452841	8.670884262001296	78.06453333208162	12.652644523059891	3.4895107048881053	1.7061301979390422	0.5640540409913979	1.3303411525751578	12.760858232167827	-1.800960437	-0.059240509	0.29101860418185976	8.26192258299256	2.70844378	11.949202265810985	0.3768766269939169	1.7265727906188437	-0.053422584	2.0620808860640683	3.705235492458741	15.099930946852325	2.4302733359123407	2.16809725136624	0.6615362538005956	2.646823785632598	2.156138069480303	3.406595124996273	0.301194	0	11.203636386529515	-0.829515091	10.511304513568296	0	0.002106526170329706	0.40648830056245455	3.91977418473505	39.3831291372363	0.9257767620498385	0.10393985205513176	-0.640985033	0	82.56731694910461	-1.395614358	0.602388	0.5279892798818118	7.706116430798935	2.582161106061382	0	2.3966761153132654	0	0.0686679356180454	-0.286152652	-0.012715005	0.9351544980763669	1.3226365698707458	0	0	108.13753666786552	0.4517910000000001	2.056706974580557	0	0.7004429001848121	-0.108038282	10.284339149938214	29.687735886768976	6.245389672251715	-0.007324686	0.9293883043051739	4.90392452453232	0	-0.147667075	8.917492739556225	3.1558502643669284	0	0.7063278520551317	1.5999284462162842	0	-0.960573533	0.04716301977884644	0.24020892584638018	1.1453077420109474	0.741429407953504	-0.130623121	1.1113529023354982	5.9919734619761345	6.621105393034949	0	0.4433524596928794	1.635190369317641	0	2.749967375680208
6.120971640211828	-0.226945482	-0.027474597	7.807896815725532	13.3977595802497	3.2804080166638814	7.370916118925134	-2.983368428	-2.067353092	40.94011730830832	0.06802208656470173	12.17372823347311	0.47998585946100303	5.610754013006668	6.234237755912874	0	42.70571638855437	34.453458135470036	0.5918527800000001	54.29682179499021	0	5.213841500615533	5001.952604247684	4.3973874169307114	4.035949740494475	313.7260327073154	2.5063940188939644	4.486108547962486	6.391853028030747	2.125290316767331	-0.851370433	0	18.963922297780627	0.8625790111677492	0	9.111965675132744	1.5690379410181094	0	0	7.540030191949135	-0.046007682	0.49399956915890575	17554.66139176765	22.95784093989409	0.30342338999999996	156.83605022100392	305.27880328710734	0.2936304014373487	6.140676706691308	21.15094961432782	14.853864542905777	266.34239695185545	7.959853007538308	87.82142843677721	11.298071736959372	2.8404022143388508	1.7092439187556394	0.691459758608238	1.694167135248955	13.564631716862237	-1.384134051	-0.01455751	0.5483036101417693	7.470395945162723	3.3573452685999996	15.162512391439396	0.4458950095311417	1.7169037821065989	1.2669518906864807	1.7158252160028407	3.3202262810158683	14.835214843052034	3.182412528293656	1.7404749126858123	4.882857072735058	2.074259214254234	2.1884548519704645	3.0809410237816266	0.30565277999999996	0	10.290659898942948	-0.068648152	8.842815827485568	0	-0.068201426	0.394928135869428	4.323628044173969	45.48408774898311	0.8192298946644343	0.0867453489131893	-0.598306109	0	80.34404728163888	-0.348117175	0.6113055599999999	0.5279649260664707	7.0002485331268565	2.1739488095070407	0	2.414774265579357	0	0.05033822558387454	-0.287376034	0.015215787839631373	1.4121574573277753	1.2874261237101605	0	0	110.91688842802105	0.45847917000000005	1.6830245583725496	0	0.7255104029771807	-0.133783444	9.946440621844392	28.403222139324246	4.989123969399716	0.016057075180941252	0.7316544954195557	5.012409018276184	0	-0.182305331	7.6067455945616045	2.5112120632077337	0	0.6980509089131892	1.9835906207604013	0	-0.633161002	0.043359265615985854	0.24948718702835623	0.9953262161732724	0.7478424254862629	-0.052583218	2.0410253591424183	6.172903905778362	6.9268388813002595	0	0.8182136607087037	1.4524629736803016	0	3.1159986217235054
5.242847640972825	0.24980789451183666	-0.037826107	6.631813834657403	12.50840045468781	2.6485364023123443	8.367469612214867	-2.6908097	-1.46402432	39.16892111141271	0.05753062458674259	9.179823613633975	0.3973539368959957	5.181813462028792	6.257815483312415	0	44.82067317325675	32.69660663249843	0.6016900986000001	49.10904646381595	0	5.992628598571809	5539.310906589471	4.3876170559414085	4.737033801096591	318.44683065888705	2.3122488783049393	4.568587948543744	7.228068624329366	2.218311692594838	4.46766147509357	0	16.77679356658238	0.9484812667712091	0	6.917511986655844	1.3456619092355018	0	0	6.728215464634554	-0.051990869	0.6969666083446321	17367.267802795686	28.526406056573933	0.30307443929999994	152.67161979068533	326.89984725201367	-0.119971575	6.6059107630989615	21.733749807304214	15.129778729941274	259.96538264921395	7.081129288295469	92.53799117789993	9.540014077360125	2.300992506414356	1.660768949927908	1.1753811117051471	1.6707855055979037	12.281088901581338	-0.967466281	0.02609391491355293	0.5634110072014349	6.533910092760989	3.440636250281999	18.019616132761783	0.4946347035287098	1.6566945609823807	2.2172803608161322	1.3527203564676507	2.874111202286807	13.611913904340208	3.2238654255880306	1.3034005604928527	7.895560097594023	1.6267233235860796	1.9518863106524955	2.695424101974996	0.300496099	0	9.930261263146752	0.6181915386542666	7.7258915351865465	0	-0.12943254	0.37267614356962125	4.687387676343777	46.32042786708574	0.6987608171776375	0.0686679356180454	-0.281945895	0	72.43278316247054	0.6050738050522368	0.600992197	0.5121040598506696	5.94495996922818	1.6413392783229224	0	2.3586193728514586	0	0.03233133978560452	-0.279855796	0.039897027606013144	1.5990953969342097	1.2171139384543288	0	0	106.6207983593204	0.450744148	1.2962196470341665	0	0.726305843400997	-0.152940586	10.173938727904622	26.775063102444264	3.708811117750926	0.03661894828520573	0.5317444325599128	5.829672792097377	0	-0.208010602	6.458870796229597	2.245701320268226	0	0.7996601328180453	2.619378859227295	0	-0.319494893	0.03863510890093175	0.250353006481284	0.7304830564341668	0.731178868501158	0.019230191273828717	2.3764998094943737	5.350554188027016	6.124193854300031	0	0.8310423318016845	1.794434428396287	0	2.7519467845107677
5.195250612428538	5.381391696786411	-0.046007682	5.3643847366563655	10.952725228041473	2.0003958573265908	9.173343667809181	-2.346782553	-0.877107696	37.13977690086427	0.04636239006897709	15.009914747369736	0.3110645884806092	4.64031256228784	6.091300973472628	0	48.00951408429119	30.70454208084903	0.5924929823820002	46.446777271844645	0	6.673758128775303	6459.454051499397	4.147195219372794	4.825898441605597	329.9121438955348	1.8681507854256685	4.305761770610564	8.203820602268243	2.235481580061749	9.780760348377537	0	14.495073901506487	0.8973388588111868	0	8.144978307426959	1.2342536233540902	0	0	5.495735746112395	-0.055816012	0.7587279453614467	17219.765538637046	31.83232247988857	0.2936681504909999	155.113483809678	344.9617914028689	-0.488614207	9.736444090972881	23.58625748676384	16.10420813637498	254.03710829736022	6.467844062328051	94.25675790957335	9.491561761	3.0764939940898803	1.5673184094851125	1.6656488961412108	1.5996184737440207	12.57746770078109	-0.5634413	0.06189737946573682	0.5601053343390909	5.495055522816598	3.6723790462873396	21.51042101596908	0.5236613870206598	1.5528054251411127	3.0060575731083343	0.9853443721919503	2.646384295362048	13.07258564236936	3.2244570703853266	1.5209316267044033	9.17012601703927	1.0751393222771584	1.6804180341467487	2.5275961492897787	0.286840202	0	8.927994653035773	1.217801513779985	5.98888292606183	0	0.07934243352149949	0.3414690661927065	4.90414971500629	51.00352113736553	0.5693758229241912	0.05033822558387454	-0.188763325	0	74.82966196034492	1.8347934730994717	0.8336804047639998	0.6124661584609287	5.0368514626425265	1.112750521907528	0	2.2373213882108063	0	0.4051552023735934	-0.264691908	0.06091323256757634	2.2393666806719743	1.1173195535704505	0	0	105.15569334671021	0.43026030357299994	0.9092086374185967	0	0.7052325644804017	-0.165593796	9.623468861521689	24.466468076178952	2.4452652177344874	0.05402606563048759	0.33587304300943677	5.490320004773529	0	-0.224905028	5.812017353843903	1.6393706120146225	0	1.5471186303478746	2.87300690807068	0.13	0.6223894505976757	0.0332243145903551	0.24362165379448047	0.47020972097594665	0.6942463011595288	0.08328535407760437	2.407131820526302	4.449922816409994	5.118087514370825	0	0.8176568658313167	1.5483757047887852	0	3.121741727483981
4.386555768365823	6.268375367929934	-0.051990869	4.2827670063557415	9.604035767218527	1.4870574911196146	14.753430007809792	-1.836754644	-0.322569504	34.959353804344765	0.03492010730091884	33.08669932531083	0.2240722372523431	4.013752375652348	5.888698885412641	0	56.25918548169344	28.560547721939095	0.5664407883143402	44.85733168091513	0	6.886561962095188	6920.329260373348	4.066399709879857	5.541099664815535	335.4935614916518	1.5424179782715546	4.850045357352385	8.165882764345184	2.183870031380116	18.789126523881784	0	13.396673985892988	0.8243905258828311	0	7.215348646898153	0.9969585573601969	0	0	6.691631927059081	-0.05758416	0.7915513103157364	19823.98053473516	33.732677586475084	0.2763924460481699	153.44775691248108	359.8586873965527	0.6242658502483569	9.821830763330222	22.85592667367459	17.888068358074065	252.84054813177102	5.681852037087532	93.97594523079225	9.843207824193888	2.842150513175156	1.956193370802043	1.886920435249432	1.4875795908632052	11.066884589037434	-0.182915578	0.09226357617873021	0.9303270687328087	4.395234744182148	3.5707761913035254	23.236832780376574	0.5340755605527949	1.932721040129738	3.6257753369780668	0.7551456551780613	2.1620385502689032	11.555012637324515	2.928255838591333	1.171081637493667	11.602131564028813	0.5464595414308144	1.5156840442671742	2.1007231073943897	0.26594468971434	0	8.658114864344817	1.7209164459797321	4.505908690067732	0	0.06485963668202564	0.6931386245677021	4.852111058352364	54.78819944649638	0.43584805340836386	0.03233133978560452	-0.099236112	0	69.4219630196215	2.586497370148999	0.8180893794286798	0.584418062456334	3.6684482628361628	0.6036381254764472	0	2.0610335603878953	0	0.4285420226315756	-0.243103652	0.07800042005595592	2.6084298356158038	0.9939850205678465	0	0	107.67242803495972	0.39891703457150995	0.533622469642026	0	0.665109636517454	-0.172013871	9.249341915931398	22.924738510254798	1.234715951187658	0.06807168927232664	0.14951260112372527	5.02019289603886	0	-0.233362861	4.84548873508146	2.3444918562259405	0	1.5734177192142846	3.5950819447876063	0.1431	0.9514136767641261	0.02735787027312547	0.23025478676252287	0.22185742743427017	0.6401796015172766	0.13843643997867433	2.622486675839249	3.765856897462374	4.059049183003415	0	1.0410802404830461	1.5404715823983701	0	3.9309049243353535
3.877133735658405	6.9086094109212075	-0.055816012	8.500828038894507	8.152094179461319	0.8804412367997476	15.362904813576044	-1.422626887	0.18619195468146782	41.92819240334686	0.02357444959063884	43.4232044656985	0.13905695402933332	3.329435636410834	5.429696039596275	0	56.84611417490467	26.344136367261985	0.526000590004016	40.50111069865111	0	8.171488553220229	7372.147070548704	3.671691760039818	5.418547775760014	340.91203048340753	1.1029859124847052	4.624399224699451	7.916762227284076	2.071903536625243	22.58298228611915	0	12.39621384226405	0.7340053104708261	0	5.722221493015285	0.8834842412448869	0	0	6.1871895320993255	-0.057447968	0.9273457994651251	22306.014615181408	34.431016854808696	0.25255253866817784	150.8651699976294	372.5101331689715	0.6371299265115367	9.66402384555192	23.152951141684028	17.82690050686102	242.2084275387876	5.38400365325844	91.62393546296549	9.304393045982572	2.605976864956649	2.367495034863219	1.9294572073893481	1.3421172085445754	11.06535325079702	0.16504503874233598	0.11682524593506236	1.1956168176251702	3.2735390010856786	3.372210336078987	23.90349838493202	0.5274260499151328	1.816663462415609	4.074748064351484	0.4253124402102194	1.6612662231770057	9.642546553664419	4.523827054818998	0.8210841980791942	14.58287260939854	0.05425395242618042	1.2219529320475417	1.653515676466708	0.23916038762201577	0	7.285479608592612	2.1220923915801126	3.7460546169710103	0.13	0.04987933042603841	0.6888470683681671	4.659712935613259	61.040763941319256	0.30259761924186834	0.01515520237359337	-0.015684537	0	60.732375082381786	3.1854359563891035	0.7795147752440315	0.5416422341785088	3.23683193512535	0.12732782492418132	0	1.8405435085356383	0	0.4367339001848123	-0.216381112	0.09103887619381887	2.9223337799967757	0.8531643902484675	0	0	102.59731641333549	0.3587405814330237	0.17958624455385158	0	0.6090457122552775	-0.172631523	8.845147407422193	20.769439745615415	0.1081801327598817	0.07867059987181198	-0.022697175	4.446472711296493	0	-0.233974024	4.050248316142818	2.298766220329349	0	1.6798843676176252	3.5370970194892117	0.150597	1.2189930700110079	0.021257334279425034	0.21131696283088533	-0.00831536	0.5723141837937313	0.18391932409027706	2.5376314453457236	2.837221863485645	3.114143209282643	0	1.2709288704551112	1.2871437247750452	0	4.681224653771528
3.322339894151977	7.1775617672857175	-0.05758416	8.942058127012562	7.4007839250959915	0.958073370807875	20.16054499435839	-1.007233099	0.638491508630854	41.202301370348344	0.012656124163667676	45.17336295807643	0.18837149050774454	2.613667502001147	4.853702597173656	0	69.02896657354763	31.929042057034724	0.47382439382460373	40.54547849365397	0.13	8.082777828636159	9434.748687590063	3.596303852382588	5.535694642337242	370.6712916614855	0.6744074759019998	6.392585728570829	8.135050877110556	1.9089765852471001	37.55996300354921	0	10.863913297730084	0.7606384572858967	0	5.046740409730244	0.7848528295037613	0	0	6.967575690672566	-0.055601957	1.4417404657156214	23276.38484912759	34.88659169066469	0.2235200458661396	161.344886674334	414.5011303690793	0.9195936973530525	11.892076904184892	27.295684628642	21.407042425563446	254.29326617893892	5.004419998214504	109.13840860803244	11.640327954212907	4.585241275611294	2.786641681472381	2.039856586093592	1.690937548201471	16.58201444885674	1.383258242910132	0.1354259913377094	1.9785090870995408	3.725806662266286	3.6123347562945325	25.816392477483966	0.5056187088437828	1.6577117386004245	7.866581077057015	0.3757031735328552	2.070733142098988	11.4020506817604	6.144126337779328	0.48145397666379297	17.62805337194934	-0.390358696	0.9209363430884465	1.2014235183377933	0.20787970411026352	0	6.51154349015785	2.4194879708730515	4.069804312674831	0.1431	0.03490067488286876	0.6643192557375406	7.466763237079666	72.61684906842028	0.1735942999147663	-0.000757977	0.4499824164432634	0.65	67.7397746863946	3.6289176053135246	0.721412188220527	1.266894721703111	2.0512722821318583	-0.30517128	0	1.9768861566125382	0	0.431004572977181	-0.185839392	0.10004232043208096	3.0471773165397478	0.7008308912535723	0	0	105.42179646147363	0.3118195561653953	-0.144433945	0	0.5403168090516602	-0.168008464	8.166017927541244	21.226587665071513	-0.388947508	0.08584950141519443	-0.177005058	3.796730363689467	0	-0.227504851	3.3330244896137557	3.058650161412536	0	1.6253078201521027	3.6387976761359804	0.15282638999999998	1.4232447318328711	0.015129131856711893	0.187933412407485	-0.085221407	0.4940658823287288	0.2193363400680112	3.5551327945411786	2.8263336770020198	2.33030353665547	0	1.2396647713163165	1.4105343411708018	0	5.716075670650938
2.713355239971632	7.594292034995204	0.07255203162119622	8.850903462508434	6.802581178414318	0.49920009029095347	30.443604807231747	9.0168383028393	1.026406361926376	49.20293039953923	0.002449947554483599	73.53330471247428	0.2571034286230823	6.701066155972395	9.129697421078088	0	85.87266473511988	36.54758591611915	0.41265108544839463	44.079045154346915	0.2731	9.840454841651411	10173.207682299586	3.1205656199196037	5.955055982986633	405.8844879719111	0.39845465870050495	6.482176010197944	9.047459135641072	1.7050730314493585	49.212446759129776	0	12.908925408717613	0.6617891357008834	0	4.7874052224818	0.5725389740516355	0	0	6.580895962668307	-0.052272488	1.461443451369599	23796.18651420533	39.460011292215135	0.190685200968321	165.41628508313812	471.2679939381039	0.8462232801898251	12.900562349829022	30.895274228044915	26.976958879628732	282.850822969707	6.092662108728526	135.60728218035172	12.733459532993823	4.9790220069321345	4.240274412976456	2.238020329344604	1.554147727446633	16.849549093644782	1.7381523793738447	0.14810388245996048	3.193756857013488	6.7210733574608446	6.960076691799689	25.833505386456196	0.4708235406142544	1.9849238350087455	11.333233356180283	0.24978373831724165	2.197131374865802	11.173542876593972	6.928071902310244	0.4213431580900182	20.179874457086576	-0.778799319	0.7523933227326073	0.7584978704716363	0.1734906978263786	0	8.529654678861826	2.614559353110505	4.529084909428025	0.150597	0.02037286464753	0.6223146466978505	8.929105611287044	77.9668202107586	0.05228348352293147	0.24494290018481224	1.2055832020627906	0.7155	94.1742410894143	3.919183561186098	0.6474774942527571	1.5416151188241594	3.1327304259737603	-0.685265337	0	2.1302879551833716	0	0.4129180413009973	-0.152776663	0.10514415063355441	4.008121179932229	0.5427058154205595	0	0	108.80117461095375	0.2602360467395679	-0.431719098	0	0.4622512918968549	-0.028807456	8.759820857822152	21.371223162629853	-0.574693959	0.3497350277617828	-0.310572	3.87806033993246	0.26	-0.214857449	3.877532311049187	4.570786203545029	0.13	1.7874296928285696	5.501164336833993	0.150248049	1.5643738855175617	0.009159875720568707	0.16125021465420017	-0.251880208	0.6688204345403647	0.24463156424593158	3.984230024980853	3.0717442988566965	2.26493872519135	0	1.1743371389519117	1.1792698656918585	0	6.5159593157228795
3.0838683940101728	7.441520514883887	0.08749804313467809	8.553337160579465	5.840121271048382	0.07123813511699545	31.145050494600817	10.367997415684378	1.3447375390345544	56.41740861382485	-0.00680911	84.32125315005811	0.3412490700681938	6.478692959867345	8.904201839959736	0	103.7558131384813	41.55784781181155	0.3452155753463546	49.71688379434017	1.203697	11.477150508115598	13328.58454706917	4.28878424210533	5.943829510081485	481.57983001213677	0.03814348345814439	8.018341983356407	9.697202794249305	2.9004076420879104	67.9933087363784	0	15.28216854634486	1.332971072203345	0	7.700381397283746	0.36428033492317313	0	0	7.325457328584423	-0.047707791	1.435332834917091	23736.83241734913	39.68228859484408	0.41541328453123466	178.4580550985677	531.520131332083	1.1448032063372255	14.171182380413866	37.48804664066619	33.16057492189863	317.45709939230704	6.06930014492929	160.35104993002852	15.825274167906834	5.594054004912929	5.7813356389408295	2.799227088390176	1.6444124569438798	17.534843801144678	2.0054125308099704	0.8050708679961875	3.4216671442256366	7.515181182412121	8.264242133000337	27.943901842937514	0.4253831829892512	2.469867006725972	17.143223406705815	0.028962734473672258	1.844975843109961	17.592679565646367	8.675780753318762	1.3246031266309202	24.491117199997493	-1.1050319	0.4781328047303738	1.377109851277946	0.39733587123609077	0	9.470065108329552	2.7116868165308983	5.326564899223059	0.15282638999999998	0.00668664949629922	0.565841059161194	9.947340579735071	88.69278963254033	-0.058464756	0.2587254029771809	1.3494564130584814	0.752985	110.21003361944959	4.062847414635831	0.5615119448541815	1.8026150226683781	4.782060842652259	-1.006792027	0	2.8144409352416204	0	0.3842526215534021	-0.118436907	0.10658147329587388	4.992727021587497	0.3841120727082312	0	0	115.98857970715726	0.20600380685413622	-0.417324162	0	0.37812478770062447	0.3873376738631632	10.781448869340306	22.510258415553466	-0.444624946	0.6367399506408589	-0.421465089	5.574915508353181	0.2862	-0.197029064	6.0712633810096	4.394585055357921	0.1431	2.589716487452533	6.322259401357184	0.273420101	1.6444589072682567	0.003512748926422779	0.1323978302366178	-0.394316722	0.996034918494626	0.260058319078682	8.530890631627134	4.220461529560205	2.608162233117901	0.13	1.2103121556553902	1.715753741790054	0	7.80037581681594
8.174814180824555	7.340780531337185	0.09832451220277143	13.76892737402601	4.718703716287589	-0.316064769	30.642000098394956	11.273000694774417	1.5908934722608783	58.897916748267164	-0.014937988	98.42076914938184	0.3067426752667484	6.08419629457678	8.434129761754427	0	131.02797230735214	54.44034808358037	0.274167148994128	51.1094320565039	1.30512339	15.655862092689897	15145.016188949718	4.041517474809324	6.495410799164406	596.8682429479759	-0.287280879	8.310341099698332	11.331056003169238	2.78919656239997	91.01628525381079	0	18.369622313819036	1.29704568288946	0	11.861048512686986	0.16591914965986182	0	0	11.675798838051394	0.347831669843714	1.368773295062321	24338.01875765808	43.80186950936482	0.4052061612019199	198.0919064594973	589.6314510467016	1.4691810436797692	17.28960493652781	45.70690041280535	44.87101211228458	367.77903519087783	5.526195373162099	188.2199094068368	19.123149114291337	7.879761182948255	6.964850673140541	3.630336358879486	1.6063183397830856	20.805563723860246	2.315784291178185	1.2621890289389064	3.4241363883898006	13.504422789395907	11.18006376609091	31.43494159848258	0.37172536563707076	2.332219851069697	19.05791774997762	0.6093549489802498	1.472686589236405	17.29212219882413	10.178445296626865	1.4577990045188045	31.516502152617395	-1.105490266	0.2169543543864525	3.8225473384652866	0.386876451167749	0	11.812332541600618	3.237750929113325	6.694499943061898	0.150248049	0.3841684563753026	0.4980395986033672	11.745331833946246	97.96537842316765	-0.156384228	0.26336789340099725	4.818458610562849	0.7641319500000001	148.28594588789784	6.150259460301516	0.46729759204983806	1.913436485448124	5.262996392383339	-1.265962288	0	3.425745389236796	0	0.3469261651339644	-0.083978019	0.7546776194930852	5.709090468429613	0.22985434208588887	0	0	130.96758690252568	0.1510146767516236	-0.591848995	0	0.4210671902929984	0.4502481607994609	11.597470613626434	24.82008239071811	1.0357759132936826	0.6759421827128015	-0.508624916	7.214837694681234	0.301194	-0.175072645	8.843483442543684	5.144166470328786	0.150597	2.534083107990524	7.21157717738734	0.27607234485717	1.9272016596258343	0.12832495234389876	0.10245874935369514	-0.510680083	1.0906469064986224	0.26614064885579686	9.026958458659973	4.897693191306557	2.45881852325826	0.1431	1.1063803060188588	2.457116618024728	0	9.342339393295218
9.051420963532761	6.829891130205039	0.1051185989979723	15.45989074490712	4.467866805514247	-0.655155439	29.399994738857835	11.74931362511222	1.7647070079967437	60.22343656681723	-0.021805839	96.75771047429174	0.26648463968744507	5.546623406977969	7.758040998517016	0	142.77207639011533	60.5813878856649	0.3319985508073001	66.05944253075613	1.357253439	17.39702665602607	17405.71418097372	4.507731859998638	7.036971635364103	655.1317673017918	0.9884556215995056	8.603830071415116	11.961592211102097	2.735430693808824	100.34647556188563	0	21.317242035131223	1.22580146202028	0	14.209817461169294	0.11241650843308582	0	0	13.840832231430127	0.9133822345095701	2.4378065103411584	24318.965901206393	47.775436247152534	0.383863565369479	217.71961549054902	634.3126952584573	1.5470456659776657	20.087497088934526	51.57266179534644	50.7642752202634	403.0054063538652	6.491615217376764	208.38528565375913	21.077542092608653	9.130504807691603	6.921068683726064	3.56942461155348	1.5538440841448782	23.68504474258845	2.555645346774232	1.3357297029191861	3.713634616485854	16.219607551999434	11.818901322889701	34.21382913051866	0.31228156905099624	2.9183708154469588	23.499405126422914	1.0334272935667619	1.0934456630731124	16.522856902719397	10.445490026705354	1.3339413244823362	35.71385354539679	-1.142738088	0.10538511844532977	4.8487646567799345	0.36585667957120893	0	12.526003255296562	3.2140761025641096	6.934806484224997	0.143420101	0.6723770288751467	0.42207709614322214	11.541164007717914	105.77174698203721	-0.109820227	0.25964509798040203	5.586006829999894	0.7512402465000001	165.18568855286435	6.2444225175915875	0.3684857467644338	1.8557727073864514	5.127948495369812	-1.461236654	0	3.66314703615535	0	1.6029245694024516	-0.050445679	0.8153238224857828	6.36254485653463	0.08412675426320405	0	0	138.5896657712815	0.09699401935681357	-0.341165875	0	0.3470833369173449	0.49336015421814494	11.623966065075159	28.714321496644747	1.4870634096743127	0.6909459260961659	-0.571810013	7.914322531536044	0.30565277999999996	-0.150059689	12.24317699464805	5.904464749692701	0.15282638999999998	2.5379905732350005	7.125615860492859	0.2701771938110079	1.9238540869588792	0.2668061868493102	0.0724398140784539	-0.470086706	1.0430782885072605	0.26363052618952637	10.56261074922973	6.150270891139076	2.890644628686835	0.150597	1.7596502321654153	2.8706297080951924	0.13	9.69983643032771
9.808824439064166	6.165193935279954	0.1080797191437139	16.767961056352906	4.278077581652813	-0.940682379	27.300190073108688	11.825515853662877	1.86819797991912	61.51970130650778	-0.02733273	107.9582263524819	0.22225786847544868	4.8964091059297	6.916819881647836	0	147.57860777289875	61.590882070971034	0.2740868559149361	67.67266868166045	1.36345288	17.46216396334784	17609.98094836611	4.222092850869062	7.553267238882907	685.8749862011724	1.5569648032784273	9.56985524381777	11.69022703190861	2.6349784912625283	104.22325257229642	0	21.490582523258254	1.1249076193774095	0	13.95741499096829	0.09089163607599483	0	0	13.764137318528086	0.9949762756735535	2.556802208781878	23856.78935336368	47.568383223746906	0.35313932215919785	222.82296515377908	650.2364341912838	1.6007124560664427	19.822975113432534	55.22466718577302	52.01528376083643	421.73897820993784	6.5457446206486605	213.74256570637647	21.954169510315975	9.792258925729866	7.844032832741254	3.4075213006134706	1.3600019315461451	22.366026317166178	2.5948509364074477	1.3618444184138623	3.5627739832777263	16.986685611782626	12.83928808432192	36.76841303543558	0.2494137050519993	3.278355558923085	25.571761611430993	0.9840895848876199	1.2393254596339558	15.974832429143554	10.10246558297483	1.3124511727150447	39.18005419253634	-1.111978984	0.9418112525449595	4.82689730355972	0.33596318474718667	0	15.102526799964012	3.0963464755928922	6.373038176745035	0.13297234485717	0.7115934332587519	0.34104853104479493	11.431178043880879	106.12432627555872	-0.164618019	0.6385052291624543	5.809220022593238	0.7171005059550001	175.4798862947483	6.531836593624903	0.26850051360463695	2.0082021259093525	5.462566933196544	-1.463146484	0	4.376914107297389	0	3.8952353961620165	-0.018753203	0.8454456905046372	6.419777460133106	-0.049551877	0	0	135.36184678002328	0.04546560712078012	0.11468390909571076	0	0.27008536877173644	0.5173601436684162	11.669092989426755	27.977707047079377	1.4786102541266506	0.6837209173583089	-0.6115223	7.506429208759292	0.300496099	-0.123046238	14.635605881702535	5.611599258629443	0.150248049	2.4953675747579793	6.864482199473041	0.25676624205513177	1.863125648949853	0.28343511229870116	0.04324957790838316	-0.519450065	1.618974183659817	0.2534625000041971	10.42781948826562	6.703082694254172	2.3925687847119477	0.15282638999999998	1.6948036587323534	3.1466725979157553	0.1431	9.230588670747123
10.696222833870504	5.38201064178898	0.10750233570056994	17.632185504963527	4.508924952727936	3.6405638463293504	24.721360171741196	11.539332383748581	1.905293915251685	72.39074853303404	-0.031486949	117.6199438522786	0.17578603833038847	4.164323961808367	5.952216280016138	0	155.15712778421687	62.461700375617426	0.7337437248343605	71.65439215702453	1.3281287911481698	17.636922621037	17460.431610568277	3.738354957126372	7.121335264883343	692.6076336245796	2.041914122691104	9.472182241665625	11.475291559677212	2.365522154232986	103.49565430449724	0	23.441871486874835	1.0003559324175038	0	16.36153031805834	-0.031207498	0	0	13.372187777360404	1.298561624450932	2.4871942711150687	24235.81677970433	45.66498400596944	0.704893323605169	223.46129089607277	649.5807062050891	2.020991193464349	20.02021608207777	55.83473202158376	58.520732934527075	429.2870235341051	6.838088744973907	215.38184078254076	22.794509100943085	10.564069864192408	7.539379581872687	3.289582681749058	1.2747439362609012	23.497928944771147	2.6822904389851185	1.474492329806655	3.32011619389208	17.11745529723402	13.802457527081259	36.57448615879774	0.18535021630134207	3.1039911612839064	28.839729599595334	0.9101629595297636	1.4534375127496963	15.76236543005099	10.040669616128113	1.803736500943031	42.08423314918585	-1.150936422	0.8663404356582773	4.6624097665547355	0.29898014386315097	0	14.658322186165798	2.8974994170510096	6.356255554710719	0.11958019381100789	0.7255403942062341	0.2578913665248666	10.979255335111121	102.6779178514613	-0.208997491	0.6603241903514278	5.835835295249451	0.6648617242858501	190.21026767360138	6.684554164246141	0.3004587883526807	1.8851425388026828	5.5498465192447055	-1.520970936	0	4.447997048106301	0	4.401458078360765	0.01033262148170649	0.9771920010064671	6.0786934795677405	0.09162391041556366	0	0	136.96595428449018	-0.002273932	0.3815081977385764	0	0.3226846363775368	0.5234393298636079	12.66963443166039	31.055422831058166	1.8466441065099548	1.306706781973488	-0.238917689	7.304132341997437	0.286840202	-0.095042745	14.999723703600496	5.309672338913628	0.143420101	2.4121458488859204	6.4535274385710135	0.2369933982131893	2.012576285273234	0.289898091834192	0.535680878018068	-0.548293586	1.8487112637873233	0.2367074014372749	10.253672768749949	7.859520836230132	1.872523461593191	0.150248049	1.5855976328806272	3.000711020816789	0.150597	8.921348027002182
11.473994704180093	9.715685358393435	0.10375762053072328	18.401021943564178	4.9114198381137095	3.9544685337010232	21.55877245535822	10.935587289313258	1.8815214395934432	78.03296858091664	-0.034281139	131.40689128652727	0.25868781004992264	3.380517613244916	4.905506550147126	0	160.93308196087665	67.29158583853065	0.8554225951168115	74.46831152014147	1.2564932470051777	19.065097734326137	17999.454258233178	3.7108402040441595	6.6789564303372355	715.5787872969088	2.92711108648178	9.610111072478723	11.507590887878637	2.0520457862794084	110.25594623434307	0	24.684775409523514	0.8582487361810635	0	16.964388202897634	-0.140160494	0	0	12.318267556988678	1.3328315896170446	2.479931299081488	23675.106960019784	48.94197518979063	1.0903251251983879	226.15194533725492	660.1831298313612	2.198612321318534	21.097126471396145	58.99874841316591	60.240015202812835	447.0916536198325	6.096055794517412	216.97573312761241	24.546979459479193	12.121777612882923	7.299010268634796	3.374750444318614	1.0597694224163545	26.321703441272483	2.7105172781354687	2.081640680165969	3.5221206976282353	19.99162435522326	14.195236299752228	35.81271738505975	0.1221325699367103	2.853943468570128	30.095708900955383	0.8163241079218	1.4625352351713719	17.14827416796615	10.613833157482226	1.9517812013199276	46.475467215694835	-1.151470023	1.1624264873905152	4.764498690253606	0.2567260027516244	0	14.688788368162431	2.631612081851785	6.720463528238513	0.10393985205513176	0.7163264472327808	0.17531317746118508	9.943147237165004	101.80581273422979	-0.242669091	0.6601515297109609	7.76471398178256	0.5979009690550396	198.51130288436113	6.71146335287787	0.22020747197533966	1.7178346342425996	6.131902751110711	-1.397383815	0	4.178531783391134	0	5.565014749988815	0.036199884901992815	0.9664479204279199	6.62935709267188	0.015933402141701608	0	0	134.88067240997572	0.3448287005544367	1.3202048115849985	0	0.260343438131431	0.5132074175433722	14.090032696720847	31.283704351707332	2.37247525045963	1.3281928566679448	-0.196406008	6.602941191651843	0.26594468971434	-0.066988319	14.897438032200647	4.778647941001985	0.13297234485717	2.55488192013449	5.790062330602058	0.3420880368090454	2.14670456940608	0.547017830661108	0.5627986217762423	-0.557803948	1.800013297988459	0.21452659068392663	9.589330538123347	9.154529538921592	1.608306966938514	0.143420101	1.4397442806276548	3.949324270803216	0.15282638999999998	10.805391006821669
11.219769546333323	9.32452204258564	0.09727464826193959	17.140944079997837	5.0663226398174945	4.118348696324498	18.06568033695279	10.064149085642068	1.8036805683132222	83.1999775665835	-0.035767475	139.81293723875527	0.22553877029600572	2.7036763711404626	3.8163025967606017	0	159.0934482610442	62.999735179996634	0.8392709005175131	73.62678960134248	1.2843264598663295	18.818502404256574	17104.911013384593	3.304751720148844	6.400446786335622	697.1354619830978	5.015975021298935	9.135943688036152	11.85143255662356	1.8383556815328064	106.88253058417402	0	24.32284567762162	0.7046047974828353	0	16.548028653166067	-0.234013375	0	0	12.040191331944467	1.3236896105780345	2.298996685278821	22959.3949135031	52.67300799953598	1.1045039928763332	220.02897597420122	646.8098172000651	2.6125129667477442	20.343432027640798	57.50640071319488	60.350168788185634	438.1730710883922	5.765344465271044	208.3109642443485	24.217793398377314	12.340061258317899	6.663707578661651	3.050158917301657	1.224499277283772	24.373449384885514	2.81460591502672	2.0656249750843725	3.3282611300619287	19.98862777675687	13.322880106163533	33.91274396714377	0.06157271111044041	2.5432822410706244	30.023219005150764	0.8373794182369787	1.6168471282957386	15.381143807050812	10.361265349976462	2.086467995619537	47.353313859082064	-1.117406163	1.2240311393278138	4.543443760874982	0.21099549566870168	0	14.155544280914526	2.313365117716929	6.466636798566372	0.0867453489131893	0.6865441015396896	0.09573341198003618	9.102355531898551	98.15674374669454	-0.265693459	0.640191589243212	8.18776338020888	0.519699260275659	200.99689548751405	7.144337722060091	0.14137506307647252	1.5157224811112469	7.001796277256794	-1.344233892	0	3.810657091645749	0	5.645265311954396	0.05839442543319072	0.9277848102943899	6.126073631685448	-0.052666057	0	0	135.34749855061344	0.3468762089315427	1.4254256196992283	0	0.19642605656599285	0.48860247392885886	12.945690154373635	29.29064658974036	2.664549022500549	1.3076845381929176	-0.152253316	5.773780920591254	0.23916038762201577	-0.039729686	14.738457786974763	4.417366544651448	0.11958019381100789	2.306697926654168	5.019241863511938	0.5864105704410447	2.0030188880434587	0.6920150606854992	0.5703206325053118	-0.029629155	1.7021847298298276	0.18812806328539539	9.093742614415708	8.74540148517626	1.1222629127411494	0.13297234485717	1.26528393518115	4.3045964676669035	0.150248049	10.466867958454557
10.744373817881229	8.692739397081056	0.08852173377217608	15.492645680388199	4.643745482156376	4.14229038179589	14.379927020279325	8.977930229768736	1.6795133671116267	83.23428632668615	-0.036032153	156.34399047859782	0.3189384714086003	1.9134089621122405	2.721529960809912	0	159.01497448336363	61.587077531916115	0.9295562483626192	70.23061618638312	1.1708465576453762	21.002011535066273	16101.67476261933	2.8701295330385945	5.6877747031441	681.382405341175	5.405473311995406	9.175114731396754	13.725347081795286	2.1408839168148805	102.29998058149665	0	26.877423548581266	0.5451871087299449	0	16.606864198812676	-0.181460567	0	0	12.05871698944634	1.2757511411255844	2.3271856322980566	22405.812224232992	50.81074728832073	1.084129854000194	225.27743426822687	648.0095413158969	2.5066481586316014	21.08480406743176	60.7880957618251	61.97880195137559	440.77115467744414	6.194743934991181	202.29334332208055	25.084992141434306	12.99631470145984	9.14202393032597	3.1865217754673454	1.0360211683459344	24.488817252590678	2.8838475107780446	2.249242091258404	3.3439396853503944	18.81627202283442	15.258073128748801	33.88538557200506	0.005221656833484294	2.5773886690889527	29.097281528772086	0.7312078149735302	1.6672224182587967	19.179292168015483	10.23311636272198	3.3750920706205987	47.18277642235812	-1.053226504	1.4027543918915482	4.628191011607972	0.16350817442401022	0	13.950958273963977	1.9575418964640514	8.114193637904455	0.5886679356180454	0.6391436673697168	0.021239620687601088	9.072572331201785	92.60787934551198	-0.278444585	0.6030218951449415	8.572874937386302	0.43372674456594673	222.09402196572628	6.879594522662287	0.06618464317519794	1.288349868859692	8.684646562470565	-1.256071944	0	3.6252501563255306	0	6.848132858364787	0.20661767914827311	0.8651544668653811	6.269336307847097	0.017174410792391293	0	0	138.90721712066897	0.3383126802029918	1.6073615784110584	0	0.13300763146011874	0.45179995045793114	14.517411161629937	27.378175206277874	3.0674789466623595	1.2499965154196055	0.02205170707711905	4.854323249018987	0.20787970411026352	-0.014005025	16.023221832662227	5.319692291596421	0.10393985205513176	2.014131394722253	4.17492618722547	0.5887085335966126	1.813611208175796	0.7017521158868864	0.5599808231863153	0.04661703367068963	1.5630734765921646	0.15872554672815542	8.33490120464636	9.544824192250173	0.7811553765812869	0.11958019381100789	1.2003111062238614	4.485203550814216	0.143420101	10.848191176170522
10.864186447737907	12.673352834214498	0.07798845871822363	19.654397750327874	4.0841136757966785	4.169569187266267	10.761351224664825	7.730995352589675	1.5173774850168418	86.56813562097796	-0.035189399	157.60161868009817	0.29343004826767743	5.954766025123473	1.6545886896299937	0	157.97389884895023	59.47807332268617	0.8829263739723361	74.38714162732819	1.033589248917157	20.47710940674301	16203.531894052012	2.8128656786482122	6.85573658717741	679.7531822032091	5.393857574262368	9.825115228479394	15.46010974199598	2.628932811064301	95.54668616164213	0	28.18022092598751	0.3853555755904452	0	17.401610263930245	0.031280776760977895	0	0	11.913628571514637	1.4543339843846117	2.0827401156464265	22766.373437162907	49.18039022957737	1.553269233391663	225.9127237048031	658.6590067806685	2.3361703865681247	21.619494781220677	63.477978432737544	61.46520773970528	463.2762952672676	6.17536113968957	203.79868419237698	26.45292124594257	13.917053359243791	8.598247928914079	3.3336526945524447	0.8353102352515026	26.797983815947607	2.659649521630895	2.9270202330772808	2.9577321945495023	19.95666368361918	17.002004655213078	37.25420144922008	-0.045650942	3.920762794232779	31.66101935416811	0.6137171375872206	1.722543506677785	24.932246927843224	9.890788783311287	3.333600976002937	44.19380943663582	-0.833868016	1.4515226874421627	4.425617806919424	0.3758643400710676	0	14.168302119489564	1.5785747404425399	9.923568984171595	0.6227382255838745	0.8373089665956497	-0.04644198	9.98359028063864	96.61566500408232	-0.151567262	0.5514785136021498	8.162289090724393	0.6033396780902274	232.7686151371455	6.754937807524395	-0.003472274	1.045064021767502	10.44867242228884	-0.879044033	0	3.669626409847568	0	6.7252696643831955	0.2338200771173991	0.7828325237733118	6.780192627157168	-0.0204844	0	0	137.50374732009888	0.32045612394120626	1.6228830938993737	0	0.5919408199210284	0.4051236808203582	14.626437733311707	28.575605704973302	3.978091510008118	1.6805773994610367	0.07826467644597188	3.881181647133376	0.1734906978263786	0.26956731972835524	15.708812818801075	5.682194695099004	0.0867453489131893	2.2103975741418624	3.4197942929508858	0.5731154444287253	1.5887359600496256	0.8194629020915281	0.5338755701036288	0.5038400921782262	1.3909811443805027	0.1275015154247948	7.201896899714557	9.137959902849188	0.350723932739972	0.10393985205513176	1.0058262269755855	4.86319381912237	0.13297234485717	11.945936336829773
10.786092221176782	12.305704342608161	0.06616885740811972	19.280342680763745	4.03792163979905	3.9690330365716173	7.081792471871831	6.37682410255083	1.32593386658103	80.40155591721124	-0.033375238	156.89543550104554	0.26166956599281654	5.713344401079879	0.6447038848791675	0	164.69771381250968	61.195627334698635	0.8144716958019113	82.4864002753589	0.8790499935942448	21.060384209049786	15971.127355519866	2.6669422393374216	8.311230185192066	688.4342859129436	5.611587683074763	10.375362218999385	16.697592843916727	2.38930883155685	90.69232059892379	0	30.097331937873506	0.22994652849718208	0	17.87483341461815	0.28180956323397316	0	0	11.725640138230665	2.021428523786198	1.9302569471905666	23705.99732568494	45.93765716982103	1.5288965978422349	237.24710248657766	672.0137554955429	2.502655280113952	22.96213158019408	67.54453348357661	61.27901671701083	485.6226329400907	7.452655789727431	211.9795304498725	29.03046980262173	16.438206550472035	9.410902089775954	3.3560609408924607	0.7596110884089688	27.78229420849041	2.898081845749533	2.8492099537219513	2.651413486992214	18.834316267816888	18.721482889374535	38.148509695237	0.16993324783200414	3.7121766230352393	30.15855281639949	0.6195640138119253	2.300656181054541	33.9319388038529	11.025970298342326	3.196250961566953	41.39792486638667	-0.711429337	2.001868472814451	4.040533388492148	0.35570895895128724	0	14.618862516877906	1.1901470578099032	10.004299726286876	1.2847193397856045	0.79053846690112	0.024037838601230377	10.623998726712655	98.24420214667316	-0.132830653	0.48854511480557283	7.937893156006942	0.5378911279193731	240.63269053730843	6.5600986296745605	-0.066059331	0.7947548387315058	12.492835523456625	-0.713347591	0	3.4594762457219748	0	6.412934699868267	0.2512876329760905	0.6852577992772502	7.046557535721518	-0.053762798	0	0	141.5855120799828	0.2947715395873631	2.498165965021876	0	0.5872224649382163	0.6109613277219319	16.56576851582595	30.586024982649988	5.3083000717190565	1.6176828731144934	0.6465084085845603	4.968918756022326	0.1373358712360908	0.31669541071426743	16.854580321762004	5.787981017398359	0.0686679356180454	1.9207252083952546	2.537581759315233	0.541888200844765	1.3386861579345835	0.8008187226129598	0.7543645752261022	0.6002256420696624	1.4543686110585918	0.35557484178902643	5.9661361182844965	8.297643245302826	-0.047186085	0.0867453489131893	1.0606150488428696	6.117489246026038	0.11958019381100789	12.145528891318206
10.762224650636465	11.635649569884212	0.0535461505067826	23.18528283773312	4.1852111582072125	8.479479509849284	3.817735820201981	5.096765254439344	1.1138565939913687	103.31958750630488	-0.030741236	165.7430075748668	0.22523504496565724	5.454664607408247	-0.283533556	0	171.7282158653379	64.43555712546889	0.8584283345744714	88.9111410503258	0.7135931639957968	22.563520004854393	16436.68945017534	2.805602876777588	10.401837517849495	710.8442506743163	6.769197150513676	10.139323643897397	18.500399850327895	2.231967985053439	92.08262197450956	0	33.85981189043469	0.6031799902583299	0	16.424489247798714	0.4288311841626497	0	0	10.59468134412817	2.1011707535340403	2.2851143871645756	25835.12890558422	45.491067700945685	1.4610943279124826	251.05063031557742	692.7126166740635	2.2774120259017776	22.081640751864317	73.76809702482448	65.14307429507551	522.8856578574288	7.6886413010696835	218.47290616812225	32.13934940955432	21.88409822606329	11.389963771858362	3.495546534371701	0.5686935235984194	29.424704735524223	2.6257284820838214	2.6937044036904965	2.716184245580888	21.95917410556032	22.05736881343861	42.13893182579512	0.15886102099455043	3.4130837702663968	29.181576347915748	1.0262392819998019	2.8019379025619853	35.97370332814602	10.95685455291999	3.366748419727559	39.87969100717083	-0.449891645	2.067123625465077	4.382741410252835	0.32689784717494624	0	14.935800999021076	2.3648577317062336	11.096828402402021	1.3419607623735932	0.7247288631690095	-0.01325146	11.561646366377886	103.13255951060472	0.27801721425426396	0.4172487024444864	8.367800020081027	0.462850698928023	259.1713776813358	6.567940410719472	-0.120405903	0.6756339288371641	12.96779724880393	-0.542820367	0	2.9665568106372815	0	5.939445190808784	0.25946980425963007	0.5768828132524771	7.674889227357786	-0.082100472	0	0	146.9515350014789	0.26281226748128333	2.640975570081472	0.26	0.5653592715055389	1.0978863701016903	18.984193164613995	33.937821583079504	7.45623877510733	1.90254731320917	0.868532515251753	4.32881459134171	0.8806764511677492	0.3496098302801604	16.160133664773983	5.469549276945827	0.05033822558387454	1.60239832297145	1.6674630262636891	0.4975270355938577	1.073480751293008	0.7600143994038597	0.7301737425795451	0.6689658677098651	1.3977862727371146	0.7401735902631641	4.934967331448908	8.332428956152016	-0.013889518	0.0686679356180454	0.8781065370581393	6.252830452858557	0.10393985205513176	11.19079632361825
14.457877097631087	10.583530787336134	0.17057932978037577	22.51417049387356	3.8822153900283425	8.584496950503706	5.505552759093057	3.691809333505826	0.8895713508409324	97.67622831	-0.027448398	162.61353221405992	0.18568692469224413	4.958212854881532	-1.110441246	0	174.26382123692312	68.36842722339806	1.4222364594325414	96.66607351628622	0.5432742224373195	23.659436620932905	17976.14465186001	3.7762293641704097	10.521328991705696	720.7578914393222	6.897969756693287	10.062709216988686	19.477914160588107	2.313402183648766	85.95141455330148	0	34.94024949102673	0.7809947061356131	0.26	21.836444820227264	0.8382857074735792	0	0	9.998977989112081	2.2699036377010766	2.1659326515262465	26692.463460326053	43.51440514792951	2.0062394551383314	266.7522864522099	730.6402132345103	2.0063707363337677	21.056749783811604	76.17626130120284	67.34643388648146	553.2058105473101	8.790369022245619	221.50275712950338	35.753160573507024	25.518877787313524	12.67942037257678	3.2462171724718667	1.1598069095609724	29.06013306778893	2.3018386003221663	2.8629382765514726	2.4229924009432677	24.272770936362598	24.667945080693123	42.91614378852357	0.14413018621100557	3.6915076896664467	26.476850235842907	1.0914598449088968	3.3190333148418256	40.25208030016545	11.455944745452289	4.029193679480278	39.456889803661454	-0.171010973	1.963839554086688	4.119246387529867	0.551160911160991	0	17.172971602979295	2.151151606261744	13.07719935883359	1.3532192198315753	0.6437583539150398	-0.046414284	11.758679851085258	109.08810435282498	0.7294397786408996	0.340564470246174	8.513682197145275	0.38142879186796724	262.2710547805204	6.0379598013383085	-0.16570564	0.5781560920671416	15.426228884152387	-0.373061253	0.65	4.383932614741939	0	5.335121276930986	0.25904966428702675	0.7220388414326072	7.660141073009695	-0.105141365	0	0	148.382409580781	0.22616455456137305	4.150274947532664	0.2862	0.788721619270963	1.103182317140422	20.03124955358481	34.506303875973686	8.505696444903556	2.0618488898981036	0.9422982357946739	5.212856405388905	0.9232626795712091	0.36874451298105926	16.270327663541543	5.078874232230174	0.03233133978560452	2.8278321764008822	1.2243322757293886	0.44267617580022545	0.8025914627767999	1.3504900765335535	0.6864967809202575	0.7107630947547515	1.4649285800656717	0.7641072561819932	8.33886640335341	8.483763227231726	0.10649407784272785	0.05033822558387454	0.9475056803401379	6.927052625422069	1.3867453489131891	11.97581312297974
15.370227986997314	18.939117959422774	0.1707918112331983	22.74474426958375	3.7130527369665094	8.421477738577574	13.069421421322236	2.706594724660486	0.6610274914803118	104.1669181864566	-0.023661391	161.13859842291194	0.14452300870540502	4.362659891961042	-1.82134493	0	177.30795143424214	63.956957494832366	1.6469966780218281	100.77553053016202	0.3736889483615704	23.095978476775578	17433.98999382041	3.8265063218988367	10.983231448425105	691.5474313846479	6.636926009554138	10.191874956261186	18.85333961500466	2.017290896875097	80.27478543761515	0	34.894435846828756	1.2375981092410995	0.2862	22.17211149080614	0.8816462072292083	0	0	8.362875629924238	3.193666124320377	1.893691109905963	27630.080655783917	40.11997669577706	1.9366828859874454	272.2512083816128	728.3158437418771	2.222242453632546	19.312645419049815	79.01832131090727	68.76906450215236	563.667773651784	9.548212900636594	223.0445402808613	36.062995803859245	26.024613058819327	12.479548702046054	2.8244342315878597	1.057014749640441	29.570214574793496	1.9412825487270122	2.7593606138298066	2.636429968741112	22.42682495599377	24.41742536880139	39.608150241323465	0.12654852931948501	4.1113439864364985	26.128291227902064	1.0174145561798154	3.4448481864484273	38.88505716597797	11.171447576367788	4.8445186028733165	35.13266202639318	-0.014888039	3.1119687032235372	3.948523475453301	0.9264628414136016	0	19.181235998452316	1.8942815451738508	13.407217238856997	1.3227552549488122	0.811572144969016	-0.074868398	10.843249591789336	109.89545158023849	0.8138368932296447	0.26133172716030756	8.20956569058874	0.29670621175787804	261.3826325263709	5.179838458855112	-0.201504235	0.503081356212107	15.556030489441428	0.8309137862947218	0.7155	4.288052859993873	0	4.631176116133037	0.250900048383073	0.631018101551746	8.607063501906122	-0.122723927	0	0	151.14872441472946	0.1863966762966126	4.184136138812757	0.301194	1.546086083681716	1.074853199961068	20.262662817051005	38.75274882329924	8.785037454373052	1.9433648422212007	0.9804184372094624	4.682108345869713	0.9338924047471868	0.37490339202243644	15.521392432526104	6.064900465019181	0.27515520237359337	2.6458876791953454	1.9187846319766368	0.3800301167119497	0.5347133592289087	1.3414034836542714	0.6265926119992908	0.8570577062525068	2.061408799259403	0.7627243378234795	7.552209575966861	8.115451174386514	-0.088355508	0.03233133978560452	0.7815397388837324	7.306041001966567	1.4996679356180451	10.85305384871569
20.830236947817	19.010972875518068	0.2958592902037427	22.38991833963541	9.029414767101866	8.282116115686728	16.724820574688827	1.4387037349598644	0.43550719331134397	96.57353152850384	-0.019543243	149.5570000581914	0.10313979405608767	3.6957824285737693	-2.406517897	0	189.498430068802	67.76792601427827	1.5998709744115314	114.84077592674537	0.33985153324254913	22.255986792730713	17525.741101770156	6.446960394197456	10.94944671601982	721.7315943939016	6.49287885684228	10.3023678729186	21.155622335529422	1.690272011872542	77.75757567036901	0	34.56637049164572	1.2114132287588044	0.301194	25.219048149602944	1.024221270792398	0	0	7.549497237757452	3.1292423785481365	1.981862989150529	27076.68371202248	41.751391787966554	1.8159814871720248	301.8127018666271	763.7444358862507	2.59985972559247	18.153572128192714	89.81562568031404	74.39636012119159	593.603507236257	9.493826004169374	230.82080890865757	36.14995763706047	26.51903641140997	12.955277737507018	2.880096557844617	0.9327913632227495	33.7221814938538	1.8185436258295629	2.483359898965413	2.899430880696938	23.082668824982015	27.72943486703479	41.73271154160368	0.10692858223753197	3.76585633393645	23.210739383918245	1.4402513596382476	3.644736125300916	42.4281846302299	10.790256696900704	6.712975475840851	34.066877166059925	0.256069242666546	3.5719258763499955	4.676417150320792	0.9364406933985431	0	19.793236874424466	1.6062700438395314	14.192016813712353	1.255655028905861	0.9982573925685239	-0.098231049	11.054064870669324	114.04520053750348	1.645379189562626	0.1821823065682186	7.5495738639701955	0.21155470330606144	279.9015735218453	4.252134096854583	-0.227677843	0.7104216532562128	17.07617101951832	1.0895639083187547	0.8829849999999999	4.2631194949207964	0	5.418690187930893	0.23603839261802242	0.5301688926124185	7.901081782855723	-0.004866515	0	0	161.56394603284116	0.1450136855694298	5.129087126800458	0.30565277999999996	1.8413315191409423	1.0171113985008173	22.20305486965905	40.32196681119326	9.51289323926441	2.1684282540453523	1.1153140653664881	3.963971841926349	0.9154423852631511	0.3691992813990028	15.401708951636426	5.990377060578712	0.28544202263157553	3.0527610013345017	2.1662282136398607	0.312247760031143	0.2775816652589393	1.2929834455532894	1.3338810816104423	0.8630111254129114	3.2363987325559784	1.2585979811661128	8.04765214403996	7.300506791594228	1.0389305292978475	0.01515520237359337	0.7387241994064555	7.217949310797618	1.5563082255838743	27.746978886416578
22.32933790412021	18.365313113738292	0.29954424257112033	21.81887745249284	10.37325815121063	7.838227171614364	15.712935195478098	0.25444073218050955	0.21947370915993256	96.20227759049125	-0.015250613	140.3168515281972	0.06280070705001942	3.114719238668011	-2.860978031	0	198.3149079378418	71.21475990135124	2.939461711929919	120.01427350586802	0.19920231363815352	21.32231467330842	17858.174865871824	7.091960247440289	11.94055705537447	740.585393270413	6.25845005369634	10.392740461722713	22.613008113935816	2.9052468550140667	76.8593596097364	0	35.06412055723162	1.2815044394619748	0.30565277999999996	25.45471969803198	1.021812189875497	0	0	7.5809717676746216	6.227383735996676	1.9617617907961225	27638.725951276512	42.817123617298094	2.302870783622985	319.9636649471411	782.0978357395996	2.4917194785886276	17.735799002575536	93.79873084237072	73.89903537469118	622.877562245195	9.700063017223796	237.01482640641453	36.74372455782975	26.848446336399252	13.324775537296675	2.4437897547403606	0.7930065745501447	31.627286276192468	1.5835222864469718	2.550458458618496	2.5491487750362736	22.50044824232197	28.448360369433804	43.07283536560775	0.3460627723966483	3.7319417566683124	28.64862054281526	1.5075969419616893	3.6752931865091285	42.53415380914973	10.593477204473308	6.593197397236407	37.58566447677821	0.5222487189155998	4.388729555873309	4.19122894319191	1.177327539383034	0	22.18024055656667	1.298871591323458	14.732575926670803	1.157595174600029	0.9363263936310254	-0.116310502	13.612176675541233	112.09861858291686	2.1344058805754305	0.10548235883829199	6.5290940040944	0.5185717046002447	279.5815732121169	4.589636148148468	-0.244403754	1.3557152709982216	16.682012366001974	1.2896621008908218	0.9072319499999999	4.332785881507404	0	6.064892146911037	0.4755817506509362	0.9434995377886513	8.19866578222469	0.001351150528587381	0	0	172.9707271081565	0.10341858334788241	5.0256704021853755	0.300496099	1.8518124654800174	1.1946304352315673	20.873316070916516	44.49460399596209	11.162576648488697	2.0059324770657283	1.1032607087468167	3.5887298331195305	0.8713740961696245	0.3529896033959425	16.16194255028662	7.55359468476493	0.2861369001848122	2.827364161219707	2.113940590727567	0.2418762062174827	0.03783569072819867	1.860615907895807	1.5904242718121653	0.8424788688948881	3.1967977105462175	1.2671263207394994	8.06212089098455	6.928041643333344	1.2823200473160272	0.12924202263157555	0.5780284878947126	7.662128309421635	1.5605952397856044	28.79910205375488
21.698648627669492	18.073259934724348	5.233874372424626	26.01037433048974	11.2115194523722	12.043580306800806	19.270850298324095	-0.819029192	0.018459362148864344	109.74208071856518	-0.010929727	120.67121230535646	5.094611507533058	7.338320790592789	-3.18416281	0	190.25029078184238	66.28046760267638	2.95690952433857	123.21999312190238	0.06664194658505286	19.842340325629102	17242.24000758717	7.769701307935631	11.10433964913242	729.2462504611608	5.819710629254104	9.292293577794736	22.4062650710835	2.8415668081910166	68.64518436687497	0	33.70017199954197	1.2061413959109688	0.300496099	26.65318250067715	0.9889896513540212	0	0	7.1218696915698345	6.848889445620461	1.814817858553273	31298.402188066844	40.37176855517754	2.82198502692016	317.14062177118956	785.3529605354256	2.2196416719275107	15.447729219442813	92.34956356295058	71.27447204160006	616.1778848858833	9.05467443845606	224.46899736220334	34.99580304978722	25.259461878797623	14.497580290988468	2.107799939304319	0.643410067508296	32.74306199201149	1.2244974124092305	2.2343334085477164	2.157420416690587	21.071436270658268	29.071942510509903	40.726761746243184	0.4809016603679535	3.8094603844269392	28.083254969538118	1.422980057793936	3.6525357460012455	42.95350145590309	9.588571345154453	6.287601204575315	41.98500312212132	0.7761427859722803	4.552190980768091	3.7588226884801594	1.158805874587585	0	22.513136653797652	0.9832468363192882	14.227101850533282	1.0346134504867794	0.852498702778346	-0.129092696	14.846111999659716	111.7937362663014	2.2104977260696916	0.03328793511620928	5.414789310083352	0.4793298546270022	274.8661257369978	4.015698909868512	-0.252124962	1.425808068836083	15.846809206857204	1.4310606111789577	0.901837247	5.555502052990129	0	5.464527145585834	0.47690332036103056	0.8871921323136012	8.100531408190022	0.006906515395060703	0	0	169.3177082626956	0.06288043384805328	5.821825237966239	0.286840202	2.9756909432207848	1.1185586552322953	19.790351669920742	46.865139342375166	11.362414417335895	1.7995083034720947	1.1893148665267081	2.8433501301998083	0.8055714131003616	0.3278112050913099	16.9912945125632	7.423882705989577	0.2781781829771809	2.7996860802798014	2.0934635123846754	0.17128552159866395	0.08092924292868614	1.8156666467671987	1.573600414839351	0.7987254719618205	4.2352528594210455	1.3667880367333622	7.133279136505145	7.2149817605985485	1.2629010121129078	0.12804290018481224	0.8060614928973027	7.552025558900603	1.5176356953735932	28.932039842746704
21.090068820033757	18.028214275570065	5.847755258120043	25.23241029077226	13.039609039846447	11.66709071926458	18.484848381935773	-1.760581249	-0.163007331	120.10564111227478	-0.006713038	109.30000063563911	5.5704028827418	12.059412563607305	-3.379504228	0	190.4946266179876	66.69119050578871	3.0139052697761985	126.94854098267623	0.4653383578397107	19.38509320294884	16876.641434903366	8.746577223143369	10.958613794040604	749.6636344189991	5.830253828378468	8.963122574925714	25.028008380383913	2.5990077618045415	66.46307111729344	0	33.43161313763503	1.1021304148377342	0.286840202	26.772203548037496	1.3197796771440724	0	0	6.345021732328432	6.932777900913253	1.5281237837781103	31509.34873553614	40.85979594261372	3.354528295080013	319.8256642596975	793.1019840356063	3.0781823957746797	15.905034538040077	94.59482610458396	71.81413088057005	634.8928387159264	9.562184484411418	225.39368130154716	34.482799601055326	26.051592010592234	14.878177160581425	1.6421751072327524	0.7494709091453833	33.814968276488266	0.8646401034029864	1.8827908612275832	1.8701422816787514	21.243182408041193	29.391008162163097	39.493492636427774	0.48782960973108963	4.014943337876896	32.271928304502545	1.30413546030914	3.3224779771641137	42.552309294304024	8.61649893141285	6.993936595043073	42.94485780926648	0.8813631627441242	4.882740533750352	3.4168923785851795	1.2373722000340535	0	22.457349041691604	0.6696871517259567	15.835362126493518	0.8928914952702515	0.7514788199275843	-0.136723889	17.481270431376554	110.94553009335844	2.212665455232436	-0.032685684	4.379471406170907	0.429632294012274	279.5362392372807	3.958684428120495	-0.251510301	1.3461173448250756	14.739722087421194	1.515387452102911	0.869926896	5.7092815457348784	0	5.150262830025577	0.46378563348928453	0.8098997034166481	7.55919452931312	0.011699148313034872	0	0	173.28046005389993	0.02450968628276546	5.69370983303003	0.26594468971434	2.997910844890852	1.4065372935759815	18.981973158926923	45.82266697387568	11.611395976778297	1.5597412981336616	1.1310841625328092	2.087207893666064	0.7221818559450144	0.2953163104644013	16.16797244323522	7.044425443912072	0.2626699920009973	2.880785225025492	2.752230236504533	0.10261533979376715	-0.082714437	1.8507423123484354	1.5112509311186375	0.735385650563205	4.14280490762576	1.3154799400258381	8.293323183378527	8.366778413319276	2.247536850066713	0.12312240297718088	0.6871093526127147	6.9563723166646545	1.4334430345415754	28.853722657556943
24.799644928560586	17.02682675406411	6.384815397502317	23.97527034630336	14.023701397377875	11.108237368904039	17.182901205728207	-2.555160662	-0.321437135	120.71967623324515	-0.002716627	102.89691011382433	5.831503033947414	12.27661278241215	1.356073623815649	0	181.2996900719787	65.15010540341615	3.3947842825767784	124.5357778278924	0.41020497723371147	19.74201799644814	15889.333476440843	8.883368230136032	10.60870211063675	719.2693709484835	6.234835092739042	7.987974995095824	24.07673710734277	2.302734387202577	57.98527705915126	0	33.83696176778974	0.9754566194266912	0.26594468971434	26.876156384220682	1.4078973100407963	0	0	5.345507917041316	6.700294173649369	1.4842554029671204	30617.250166192414	37.93322671302787	4.27318138757148	314.1474325715636	772.4530456647005	2.8585235753638916	15.189458288636413	92.00771760891647	67.24539990922594	623.4095120014872	10.092077991238895	218.1540864079102	31.846612509164967	24.552961368889612	16.304369028397645	1.1738475051513595	0.7524415393444003	32.34523488422272	0.5148293221952772	1.7699188428026356	1.455487691717737	19.240458459444593	30.076437003786076	39.13874565850108	0.4794298758659794	3.83942969584555	30.703576456835457	1.5480512587635495	2.9257516458957715	43.674667070035746	8.64313879110302	6.519820348612764	42.22038129341912	0.94962060695646	4.763752915421877	2.806648328322142	1.1709607269348534	0	20.983419719545413	0.3673928210401798	15.677735511062924	0.9985549907172687	1.028016560764071	-0.139490246	18.898474906980415	111.81377863490904	2.4082364478219325	-0.091081371	3.2163011504645804	0.37201552063865034	266.2232542104169	4.098610861703665	-0.243411796	1.4940121728704168	13.421152017306152	1.5458199853713817	0.8151097735858499	5.536404642833106	0	5.322917061120579	0.4380661463000346	0.7160395263068908	6.545215502444515	0.015661543489820576	0	0	166.24852286436683	-0.010759277	5.307594673596541	0.23916038762201577	2.927971431047187	1.3235219492780197	18.04497330426468	44.529761833009864	11.69713750097311	1.297158754385062	1.0447440040623157	1.3440636439757125	0.6254657988268514	0.2572114159862515	15.831943407542989	7.071581144724956	0.24083252036240207	2.9573508985458483	2.4625533811172686	0.03773371597554702	-0.227512317	1.7267881420010953	1.4097988678364364	0.6563182417875549	3.9353176037812303	1.2298382547882911	8.558563130063215	7.452392048368352	2.266282998723137	0.11500028340099724	1.0794391457782038	7.281593229152363	1.3146663487565122	27.14762551115945
57.93427407837791	15.144773182086826	6.476625061021293	22.42458628589225	18.978673477234825	10.172022232512433	15.685661710969553	-3.193627314	-0.454380844	115.72071755512115	0.0009616417570972205	92.8772213407763	5.891548079014045	12.003794595864147	1.8774114813083438	0	168.37525647841133	62.09862564917835	3.365731865619997	123.65821765375019	0.3482787853713008	22.56098977070407	15892.106309531346	8.989979089525349	9.79552053225418	709.0064526965649	5.771913177881387	7.870702923396046	22.348290848385453	2.097006318444732	50.695704095048754	0	30.466666681895283	0.8321865049739516	0.23916038762201577	25.85342924525893	1.604966260346624	0	0	4.375580245771673	7.980049993902393	1.200246198148216	29925.43394879729	40.80131760500977	4.951773729186655	309.6826010750962	761.3854097609444	3.3550749297332656	13.239755915514023	90.00908843454823	63.18618003773947	608.3522325984475	9.58621980764646	199.71382841139962	31.34864575118869	23.777604950290563	15.648810638580313	0.7171372381235651	0.8925418603431835	35.99211778465704	0.31455473944248064	1.6752364609361037	1.4286339300012922	18.210793151924314	29.401029851133174	37.35531100861202	0.45748721911140083	3.3662845271419717	29.740952500230012	1.4211339396096114	2.8709253983773904	39.69454905609322	7.597820501091084	6.157521116367103	39.38174099035393	0.9825636885388684	4.803751471463593	2.1732292332357437	1.0760615793375277	0	20.34738073802748	0.08430613879177518	15.335539491843502	0.9936954868980661	1.336060030693987	-0.13779526	18.617004687814475	108.9607889632573	2.3120032477178216	-0.140905048	2.722958885814949	0.3089999589832295	269.4048700599269	3.791586326077408	-0.098820788	1.3822971529251113	12.081804393683429	1.5268346657518639	0.7413210702460394	5.274723290936518	0	7.478618357272464	0.4017766234407086	0.6100841811189026	6.346277913189434	0.01875785284423309	0	0	164.65232370785603	-0.042178566	4.800863189898505	0.20787970411026352	2.777186815656473	1.2091024809315134	17.15032423594072	42.62025435124034	11.113390747719249	1.0219197023797706	0.9356955413170022	0.6349119099351246	0.5196573734556992	0.21520066847632915	15.184558973193688	6.673873841114802	0.21395382027679435	2.8975394777577943	2.517967609835213	-0.021791757	-0.351005038	2.4734257444284564	1.2761980448473622	0.5654680266358433	4.150519502207716	1.2458655904308502	8.420522188177538	7.83587255846147	2.6051660425522245	0.10424036728040205	1.000152785253798	8.015844253516729	1.1683273410872599	26.257709314066922
60.517412090862166	17.706581771844668	6.364955006357733	20.396233042945482	25.588788144789035	9.024267942784613	23.83757631435768	-3.672438481	-0.560398758	108.8300332181559	0.004243234481654972	93.51318480480978	5.8988421772035915	11.398144390095018	2.2902932086125185	0	163.67200854984836	63.459335100888985	4.308612734390294	117.85866696740969	0.28209684913399213	23.241234674413285	16057.70867002686	9.226229490289972	8.889791495742243	699.2296326889414	6.412126059173055	10.949036971164364	20.532240489872304	1.8789408670093293	43.43421730450503	0	29.299401104133416	0.6782778068172675	0.20787970411026352	24.02737194283558	1.6641793278114703	0	0	5.671377934255844	8.502428732313042	1.2986305278667556	28173.406334677762	38.34855987964318	4.8139536247647134	308.0937746960227	757.8829751547356	3.4913189007737047	12.53783110223845	90.78004952458039	64.78729675226946	603.7601141577583	11.953360848183873	192.77618136219812	29.98001629647438	22.356456025042707	14.219343768587304	0.5445838806548432	0.791855893431793	35.64454886150822	0.024870972781689316	1.339765223428142	1.191606526556453	16.14777058059833	33.36113251821157	39.079560493453506	0.4240142114589381	2.8394653394944926	26.34236236427821	1.264274334182779	2.825454013659526	35.69160637186216	7.689099425047608	5.966726173854995	37.94551248788464	0.9827355513068701	5.045637627757229	1.7979551706609134	0.9583704991198088	0	18.934524232520513	-0.173001059	15.617496889790715	0.8595110688538418	1.2732173527100918	-0.132135915	17.8851713499307	103.43427458987301	2.156033270192587	-0.181519206	2.2172620810558326	0.24301595472385393	254.92617822268818	4.011516654231454	-0.065724258	2.1502847203865834	12.483937400612474	1.4639428381217419	0.6526716051328288	5.200968375501494	0	9.334390973090986	0.35706275416409394	0.49642184501614606	5.276845745464179	0.020981795677877363	0	0	158.17617475576063	-0.069190569	4.460778958873316	0.1734906978263786	2.8181650573351362	1.0698518849917125	15.700630347370932	40.96308998711056	10.604616947359196	0.8735469645036154	0.8094810586067099	-0.022372008	0.6688400694179912	0.30093497566310917	14.346376213083508	6.46572105263222	0.18334437559144356	3.2067830147158114	3.4923013873863065	-0.07471093	-0.451618337	2.371196814280228	1.1176713628117747	0.4667387922002274	3.8196856257253224	1.512914224796228	7.703669674835101	8.145928840791434	3.3120058007218365	0.0914292317534543	1.678790477224219	7.626194847839156	1.0015724139523152	23.85905345726164
61.45671393937213	20.721012049471383	10.883503306969798	18.328828133005025	27.060227701244155	7.720561043746036	23.209172167976263	-3.993195377	-0.639002917	119.7235163183425	0.007069370899307299	90.82015637829564	5.628441600258076	10.511114873199952	7.403177966927901	0	158.81892515764622	65.15019355440188	4.257947134251852	115.45331134068095	0.2140702010463946	23.226218047519176	17193.92953437201	10.542067966269435	9.747941618009232	700.2936057014118	7.385953870560365	11.681066505020922	21.351827952514302	1.5263137347071871	41.165852673880536	0	29.70988005102373	0.7794116442717337	0.1734906978263786	23.753099212369502	1.9575457086954877	0	0	5.707454515863922	12.437496734913235	1.0482175087774386	28871.859291929857	36.20062113042396	6.885496922042025	311.36101771397585	776.7342947545055	4.639198907686888	11.069963837223282	94.93051301987191	68.13468289277836	619.9844041364053	13.495186959222032	205.9290135770508	30.77884929833727	19.756728311568352	13.83624327253598	0.17294834251334829	0.6774828464085877	38.13240036482904	-0.236590546	0.9976481529681323	1.3625336676594042	16.226617148986996	34.19439094303578	40.58899821500724	0.3811680782279535	2.670144110426926	27.233360370993243	1.0851724592731464	2.3997661470036618	33.498209764898334	6.860577473857053	5.606008940378447	42.65454146102574	0.9534081612588653	5.001966039588784	1.2062698592237386	0.8236974119502675	0	17.75491765058863	-0.399387506	17.41273364124949	0.7129597605484246	1.1784624219432833	-0.123078427	17.519966205337383	112.83738341613096	1.9509792923140983	-0.212626372	3.505617094340953	0.17633987224870026	260.3975702224927	3.6491084499431525	-0.033965652	2.0769649894903104	12.52133898483024	1.36342190811098	0.5533069383769544	4.578559900344928	0	11.004554598134927	0.306108389190218	0.6392330871731808	4.286051422147524	0.022353890357820885	0	0	157.01235545620193	0.2985743457055695	3.820879782184448	0.1373358712360908	2.570500523125879	0.9124307920961401	16.274886937236996	43.762749359780436	10.888582018614372	0.613805091479967	0.8016035924092455	-0.613256374	0.5830392937015144	0.26906780286131793	13.591620442591838	6.494411911418929	0.15029554410688456	3.2788987075365523	3.914432745560701	-0.120096858	-0.268621755	2.598054872718415	0.9414672080953927	0.4938803174421663	3.407344568119408	1.407870568981181	8.447392322581855	7.830601629664657	4.288801409052832	0.0771563328265977	2.1592006856808714	7.136724537294167	0.8214458071122954	22.244491582419037
60.918384184849934	19.012368937851285	15.863691678311564	20.868298870068468	38.23271647101644	16.065608003298934	22.0973332711937	-4.162080723	-0.690576573	143.1359456189602	0.009400812548215174	90.12182610308403	5.216227832999368	9.787454861798397	8.212678910403907	0	155.31658234993492	70.07746035593144	4.894609680099699	112.02489193640467	0.14642411173616499	22.8259165418889	17560.09042625149	11.370060555662869	12.197838479509246	698.7423732415929	6.870820284692133	12.509461090341198	20.368901830316666	1.2931599035940435	38.39934892610208	0	30.978014701694303	0.6470497486526013	0.1373358712360908	26.863660778578943	2.122849080230239	0	0	6.588699803835275	12.465933035206012	2.09139926633373	29251.811174698843	33.08145762221395	9.343320981930344	305.53070589871436	792.6584535516633	4.953114946678147	10.306784383592934	96.69801477503813	66.36328993245303	622.6967329930955	13.877974850379712	202.5586921631067	31.154433521063755	18.274271520094384	14.706365527913706	0.4832879079106024	0.5542226186954453	35.107494706872906	-0.464808197	0.6598133449650794	1.335492084622278	16.01078054606719	34.26849179708649	37.70982221795538	0.33117151597322875	2.6576506809533087	28.48825776590698	0.8914255980762827	2.7246540826032746	34.289206525683944	6.289090393569842	5.5931831620382	42.23303129302196	0.8984112653778951	5.55260262904952	1.287564983153569	0.8077807111391723	0	16.260624197332277	-0.071153683	18.146064708324896	0.5596747902570965	1.0578291115948573	-0.111234335	18.555682589043272	116.86505985727919	2.7479013334540356	-0.23424403	3.5099680934673323	0.11104120185360096	272.93989591564196	3.013467812585387	-0.004363938	2.4686682819989554	11.329360241081323	1.2320504138579647	0.4472795301453588	4.011035475693669	0.39000000000000007	10.577565222730426	0.25106620903802307	0.6785862124993166	5.635754988498109	0.02291815885903543	0	0	152.06454742291305	0.3206055383466455	3.5203441296989326	0.10067645116774908	3.050487426643771	0.7433788847272409	15.493471259999346	41.42956031438992	10.137493122185601	0.7516232530142846	0.9304657650592502	0.6933453880053924	0.48832741674563984	0.7523153132538662	13.09459163587158	6.1454013269844	0.1160427294475749	2.9454358698491228	3.806917985550835	-0.157341287	-0.035866179	2.424285479131231	0.7546394526077872	0.5334912806366464	2.9340172792305035	1.4010951616782035	9.023320935876479	8.761889090760619	4.499253414279143	0.06199603380762883	2.1267938527214323	6.702099521684851	0.6346884867429088	21.134051147588124
58.57633588023446	16.90421906925766	16.069950462169807	19.457773567323514	48.730974869681	15.724182026797575	20.583758265953584	-4.189215112	-0.716275566	146.86305362094728	0.011217085655785808	79.22967407230107	4.688748607476551	8.672537205683042	8.594849392220196	0	157.1449763524967	69.3596766666301	6.31076768095977	107.62856771446388	0.08114990800487337	23.850867690564993	18415.712516155472	11.094152069447073	12.566810500473979	686.2439928305082	6.621075448869961	13.299732384419208	18.7732012654293	1.4645266584843932	40.497515085318405	0	28.57999544624699	1.0285125501358041	0.10067645116774908	28.767256364810073	2.3979366422046082	0	0	6.044159568894434	12.307547714413332	2.2275208701443807	29954.013533949965	31.961766736158516	10.70506300637192	300.2775040880176	785.0204428625556	4.6870459333699355	10.35071934381783	96.31782591143657	62.38813757018664	610.8469269743237	17.746144706910233	201.97864212566384	28.90782631588568	15.15183226216498	13.468284591916248	0.508094879530813	0.42666173519275385	34.111854773506195	-0.526259837	0.4659676174133795	1.071089897350196	15.936204187057347	36.787127811819545	38.107269154070046	0.2762394644647796	2.4266770739984542	37.083017688352136	0.8203106550568168	2.8553136021648275	33.10242741462048	5.636079309504256	5.723844466670833	40.30668120302789	0.8219617211236849	6.251597480692698	1.3421036451958095	0.6692222590750114	0	15.377941363481591	-0.173608631	18.411680727443017	0.40492807328718833	0.9175242589334281	-0.097237622	19.361156856707275	120.77401685859422	2.7126941304763585	-0.246672602	3.298584949877054	0.04894116244240357	274.5197921620071	3.7809872045858364	0.022408523459839052	2.347141196796767	10.58669856447486	1.0768545566145122	0.33843647683256206	3.799932429236727	0.4293000000000001	10.655947828184463	0.19399626062990694	0.5936464389178593	5.1714155485586915	0.022738455744357455	0	0	149.1995837702657	0.3308154455732145	2.974251718571001	0.06466267957120904	2.7909610170105608	0.5689308015534144	15.36539301268548	39.13680336410675	9.27738832173414	0.5531109008047419	1.4685277474924767	0.44848661208062285	0.3884369049829835	0.7646686132095437	13.6844279607472	5.246929761183792	0.08173391437076896	2.6869562398349625	3.7559471619754308	-0.186141035	0.2346898246454308	2.3251644605288284	0.5638552890907085	0.4531364090925791	2.420002200853574	1.5129644402551774	10.020957059765346	8.227191133024167	5.3936826165544485	0.046491883676327984	2.2938238874762944	6.099874021985921	0.4475662438081736	18.320633221812656
54.071202329673504	14.889757615445669	15.77348485377713	21.574567587833346	49.717478182388675	19.655173187142424	18.23402801325887	-4.087959608	-0.717916392	149.91155921410726	0.012515218882925802	69.35984702242737	4.0733548462817195	7.308935199008732	8.68095734408825	0	162.3561816642274	81.28288104625999	8.30598685130504	109.88301888328326	0.14996862740656475	24.017797693656522	19839.491021584396	10.893009869769445	12.591881004328021	718.5681306756167	7.4876728331639075	13.12198457755684	17.72387471906779	1.824820938131176	39.00093917605354	0	27.904378252957002	1.3309736949666124	0.06466267957120904	30.207474701473792	2.5335773487154025	0	0	6.602748570380844	11.885774494267519	2.3432046874696346	31172.09525125748	32.115191936623866	16.619478938178183	304.93129733575006	804.5456199564818	4.306972443391447	9.839739227705705	99.80612115685207	66.7588563170413	624.0766937481993	18.45511323658039	214.85723782819537	28.938645041748842	13.507081962163568	13.369963211761052	1.3551783076030783	0.5590570879845489	32.19242319027098	-0.405778518	0.4375274340944484	0.8009952318848166	20.540999338336768	37.25028639072471	38.38175332195115	0.8685134341732319	2.206000515519132	37.425811087902204	0.6316978866875931	2.617247761705281	31.06125339222474	6.4592869545601	5.489724306840078	39.12376568594241	0.8584982796611853	7.3531449227507775	1.4709253316779518	0.7844429844450164	0	16.522188572111524	-0.260609826	17.508384722826033	1.2935081858156554	2.323724163770139	-0.081723452	18.31524899190366	126.60885765401993	2.499626823882158	-0.250458138	2.709382572149492	-0.008417108	278.67610501887543	3.5183250412486657	0.17583148279219302	2.1673525842108945	10.780702098594796	1.0348726483969697	0.23032463454606808	3.095941714548377	0.4517910000000001	9.806813738247563	0.13681341924370521	0.4993912495270121	6.118367586156455	0.021894569268816555	0	0	147.5351289697751	0.3300798987099302	2.813540996998732	0.03031040474718674	2.4736584178303547	0.394859602650368	15.069160799722436	39.899218007928695	10.034972351675798	0.35785645679201117	1.9287276992576068	1.5146591153859115	0.2868823372471033	0.7528465247733671	14.694747814312846	4.280897459127731	0.04840396337052056	3.05371588562717	3.6573950058983042	-0.076476576	0.5311495333235133	2.1962006099708016	1.0252338832526164	0.36722293243014115	2.79478856428873	1.6282578577667985	13.928200859472364	9.149147237070636	6.53685842010559	0.031143392047867386	2.4353362021313814	6.114874851597307	0.2657292378526667	16.398938091960353
50.79444606427843	17.530049578551505	15.163461260610408	19.712445178657198	49.673806818353924	28.523410035838516	30.162249945435864	10.555809132639858	-0.697855645	163.71786747152802	0.013308082220864024	73.32620726686822	3.527299815817919	10.67242533703159	8.758025780446852	0	178.40558099485818	81.6152785565391	10.492504499076633	109.89553436872218	0.10740641604589002	23.977500765629205	19501.63694582289	11.085191593966496	13.02668802766682	721.5928108159457	7.0029802940335415	13.038352014054002	17.997764585770398	1.8543411616693453	37.493992682433564	0	27.819191431407297	1.2632595144653416	0.03031040474718674	30.287446963426927	2.8996466641136545	0	0	6.457396214607188	11.629605361308261	2.3070239824382743	30048.415939296516	29.87981885894397	17.913868908658475	305.7117723386367	832.5419107423211	3.835697129109064	8.40466494637362	104.41140324302047	66.47973749969927	647.0911830322416	17.989531516186126	223.5122568256279	27.818222543773228	11.13159423329739	15.120375073268542	1.2768980436400248	0.7214411928576279	27.499162069651153	-0.355171975	0.5888054460845769	1.1838801760094306	20.909084994338144	38.87962052001762	40.037336473385615	0.8755046038856421	2.261211597422167	35.6415508148602	0.4429954585546639	3.3944710724405303	30.702359170301833	8.396395226473558	5.884324433787196	39.405428749987195	0.7656262339551001	7.573943272920525	2.312737089561541	0.6646083477446703	0	15.74634540271512	-0.331092607	17.03016677698597	1.7744250415168064	2.9695923532100745	-0.065308995	18.724474443823294	134.19194864028248	2.3628774432309134	-0.246351377	2.7478189550302017	-0.059787038	294.81650343949076	3.4963793430077517	0.33863720170754574	2.070522255357283	10.201884216344896	0.8660427515492722	0.12611423745184147	3.149471819892411	0.45847917000000005	10.438388645156925	0.0812444594188125	0.5295798415894393	5.387073392409749	0.15047823436276525	0	0	139.57106578024027	0.3195155095716764	2.1844951176737286	-0.001515955	2.1138763260332585	0.8763497355581152	14.830476984064024	40.368414647130585	10.275748808073017	0.1713917634767932	1.8850458248684954	3.638774594899094	0.18687675616739807	1.1096212494376072	13.64319324809254	3.9330414635034434	0.2769548885691814	3.0821880902713414	3.388976215251941	-0.075484267	0.5820287851340822	1.9142471261694531	0.9097176015007551	0.27888411546104275	2.348252634451709	1.7431741977942539	14.23687425342451	8.854433313600337	7.27961089069845	0.2763954478208168	2.4196371992570183	5.794929352699635	0.09410405535713051	15.44744433233447
45.491532043494516	15.380410857990213	14.059536188942044	17.365161655038943	49.024288386172024	28.249120898589844	29.082782186032084	12.44852672567012	-0.658865302	165.76200887906083	0.1436224167583825	69.60614526885894	2.8300312939259613	9.679393701141217	8.494646599756187	0	184.39787296258018	87.57597795909413	13.335595247098768	118.40993227455556	0.06587823333990607	23.201908507435743	22163.20916926285	10.445599397924846	14.327213707841732	757.0772386177634	7.196667599995206	14.661932146479831	17.544332528229635	1.6252791280036174	42.272921057702575	0	29.687947549070348	1.1644189665802378	-0.001515955	30.14079859028194	3.1321196480486715	0	0	6.022857207972683	12.400164980805684	2.2352506284369023	28979.602080352754	33.381588523263744	22.971403814830985	311.29284667107567	863.3123151273068	3.2964784323816474	9.320958144783535	112.85381502328143	72.49413843910044	676.8514878969123	17.830822022345703	243.26640621854833	28.385295619281976	10.039707450318907	16.82213449642723	1.1681388647640758	0.6459436514576702	29.730252199003775	-0.398970927	0.6672914934931551	1.2529602204413002	21.933089534909243	43.659632620780705	41.36624121547506	1.1155315185102421	3.0130652232122337	38.236470044676594	0.6498734094783879	3.6121379199290384	31.608283595462165	8.627900814401464	8.282934815025985	41.61676264512789	0.6590726058009704	7.565443489885682	3.270985558969925	0.5368189242820187	0	14.705696188176901	-0.384594331	17.09886562242033	1.754017460402338	2.9617859531097146	-0.048576714	19.39104311723627	144.9409720687103	2.4589166773478657	-0.23526475	3.369977130971934	-0.104226364	306.2383669148598	3.751736834300697	0.37500323268013686	1.8212592917283135	10.034891595829638	0.8181145618398663	0.28854145294348227	2.6331647601052692	0.450744148	9.523654402020643	0.028795061793844695	0.44086217919794046	6.387296416265422	0.5516891859164361	0	0	146.22627693625176	0.30042209406009773	1.5528189727510135	0.6198858003696244	2.3766561536348747	0.7834003631083444	16.600747240449532	43.68963918299838	13.144175154588321	-0.001568213	2.0491807631722403	4.911315288613986	0.8712654305106415	1.097429864152295	13.63749834105149	3.261979823536482	0.27434207459090065	2.715347431742955	3.725730017212656	-0.07232666	0.6103592482095717	1.603061576963156	1.4284614198790573	0.1910126567250229	2.6559227185648386	2.2443036778851364	16.767574080378708	8.343557783069059	8.589699787511071	0.5488304345818468	2.232918980692381	5.743130523110741	-0.063181731	13.137676618701143
39.104163463484156	15.194323683745345	14.074217538772256	14.461651634131348	47.448993145623156	27.154787048108343	27.328777736987718	13.678516757627253	-0.604008035	153.77887587946856	0.15659664533939766	63.87990511258482	2.1175886854054204	8.495283417805643	7.902765939141904	0	189.99899954465258	87.93332808262085	15.014309062905726	123.11059242156892	0.2865265219043233	28.91781821983855	23337.917895280927	10.976598439549617	14.887870408763904	822.3509064808666	6.745086147360848	14.683296301268681	17.409913700596057	1.6303649238643538	53.39576896371362	0	30.94918962849498	1.040529904486237	-0.0301142	29.274591096742988	3.3373817441487272	0	0	9.961086385762448	13.301663688929192	2.78359709098256	32668.521544892785	38.71173356545363	26.244043115941313	321.8770281701384	881.0963096199747	3.232287252355523	11.955993279008954	117.56637117481785	72.59227513138848	702.3602176382086	18.75305881721895	260.18714848562024	28.24410251866139	8.975818122128707	18.10905394237723	1.4252114378327996	0.6886175546539782	25.246325749451017	0.353579143624786	1.0379101913560809	1.207543453816744	23.436700935375953	46.811854532844066	42.63126824689131	1.0980897961170748	2.6993415297269268	41.15480325017105	0.5165673630253877	3.559673945070825	32.305367070242596	8.427418819104535	9.093196113690118	43.838460271400685	0.5434021622882246	9.270830380457754	4.825279614668373	0.40570387543717173	0	13.3979410094472	-0.421208053	17.67772861463865	3.8930301135872463	3.1259066144260994	-0.03206036	20.719223629790857	146.45686399223402	2.3015844877326868	-0.218228844	4.748820175390335	-0.141094966	353.8708930352461	4.439006471435327	0.6564825635750647	1.542284845710392	10.073551489491019	0.6504357542462049	0.22606970329765452	2.6394934634936837	0.43026030357299994	9.874683951137373	-0.019273248	0.34779041766965335	5.695878245247565	0.7262283667372469	0	0	150.17917866857456	0.534225357277874	1.7177258731380398	0.9205508059543617	2.041858313867283	0.8062439170103002	17.065968053983003	40.74805208978944	13.171433611814448	-0.157185146	1.9354267847504434	6.17926245429897	0.8610772745042412	1.0535347214709452	15.493247974483001	3.790164952860122	0.263760279772721	2.5637304161151193	3.96703653846092	-0.067315014	1.7875458875312253	1.2749027353685938	1.3524770138231577	0.10619796416085438	2.51314811270971	2.257991099630376	18.282176702226124	8.663463072098837	9.221088801017096	1.2275570096293182	1.9978850145634355	5.864217660787415	-0.202843486	12.694755377870113
31.942406837570314	13.131015516412601	13.21520422745628	16.644643066290573	43.917757634760484	25.355242971231743	34.38031040073815	14.375152283659855	-0.536516254	171.76068990345146	0.16357555170212934	57.349891818560565	1.412862677174771	7.174725660269458	7.132990366414792	0	188.39004348217813	88.18694335131626	15.064722225244816	120.52786878123389	0.4065141859551692	29.354602414405925	23112.278211838773	11.675199623825423	14.71582532733094	825.8966803632334	5.966310255569099	14.302025151540587	17.106639344707954	1.776031192423086	59.42445901021214	0	31.025831811122305	0.8978138514670493	-0.054949194	28.316766619655645	3.641996178314315	0	0	9.636660054200362	14.583962615572476	2.593600994544175	32401.173416632028	36.30751209646092	25.83209719346237	314.0364806741907	866.9590153747765	2.6775465727613454	11.838845101441562	119.15068057595607	73.14282990050607	698.9072678762291	20.530480168088307	260.77020207141635	27.389705652543018	7.779043183093666	17.304009825460916	1.703820410459667	0.8663655408910361	24.093402172370006	0.6802668330820921	1.0703297136920318	1.030442060240141	23.236850167734715	47.98449861771576	43.51085452775919	1.049449552079712	2.3360099596983432	37.96665903761093	0.381094900326926	4.245666149346308	30.593581185437706	8.404162458764162	10.239635399077132	42.82283432690417	0.4229966982581066	8.727553670558885	5.429385876356926	0.27552921521369433	0	12.73902311830705	-0.441524161	17.388373449195974	4.261350598046047	2.979838011178063	-0.01623383	18.853009382196262	147.59746080363837	1.990937982447045	-0.196349662	4.447314310105186	-0.170043859	364.23403975253643	4.024378950713434	0.6901194844732479	1.3749392989229507	9.286138849101528	0.4800117547845236	0.16306303751747991	3.366004492638446	0.39891703457150995	10.384370026808307	-0.061956529	0.25359211976410534	7.112725543974067	1.1515267784738592	0	0	143.9914148676078	0.5286215334555364	1.474610307292222	0.9635327868019945	1.6792845086604316	0.9626157980117516	17.802687744543636	38.78818214320771	13.170823214963528	-0.292524831	1.774985400628313	6.235037029786485	0.8260756158633538	0.9824230514136021	16.26862520533687	3.701826620665594	0.24632385604317766	2.2803631895666134	4.34520131143053	-0.060785083	2.2833874862947767	0.9413126958724302	1.503516737958153	0.15667880192827704	2.239256524058803	2.1025700462121804	18.466853760822016	7.8514739400626725	9.072706249142007	1.951584216883163	1.9864178946104818	5.647269554872799	-0.322453761	12.025283599786086
24.85855366912074	16.010107700320752	17.525636120448212	14.269996063245157	48.99211294594126	23.10499601290585	32.585280486091406	14.5708696885794	-0.459678163	196.92150182793253	0.16494930087752402	60.42238309938192	0.7362233894519434	5.770981908678808	15.976202639967948	0	186.5502817214858	86.79958879260263	15.788152404592653	115.21758144149534	0.40230765802227536	28.227070117084384	24193.994150385668	11.753684700958885	16.729509994221345	850.6409764464665	5.246422645289454	14.289820362239084	16.730493244067425	1.5538498983532523	62.33754628175444	0	32.20403482115323	1.0024349882057688	-0.075652213	25.775221591687366	3.406889283713915	0	0	10.125576554168475	15.870512771084256	2.474796477913303	32243.91489869839	34.06448741147365	29.006382947427454	311.5688935076121	877.416680092855	2.3579535639437457	13.858246388587663	117.1120386197018	70.75404429569673	686.0623950541607	19.20424497882808	271.19184423649034	27.169057303460193	7.318574442469317	17.800349825472402	1.8634538735100576	0.800347762277657	22.002968887825997	0.7538777486012049	0.9673973923836265	0.840137544213994	24.88987897182556	49.52034333556881	42.36715654470751	0.9741898458836941	3.1089312478816673	36.28832947517849	0.3777368368885027	4.3256891487138525	29.155166453550173	7.561106860694902	11.484241693953132	39.96408594705019	0.30194187968325725	7.9767780215331365	5.310199935585914	0.5401061445561538	0	11.273826322731704	-0.446562933	17.546302596821686	4.264998516117585	3.018981127919488	0.1284970614928635	20.04782627789524	143.4760741097931	2.3016279882165565	-0.170767909	4.172539602045396	-0.190996548	363.91385060552165	4.050482813542327	0.6996891287474154	1.2130801278465653	9.258883307277943	0.31222980262547473	0.10146514718979838	4.998884284089578	0.3587405814330237	10.2715563941079	-0.098512787	0.29120588805618897	6.864506346508696	1.1997495456825944	0.26	0	143.9226850007095	0.5077194460117666	1.1415679888122197	0.9733105859608042	1.3025895487144528	1.0044720169727053	17.5216548337119	36.67065372698792	13.045149161348796	-0.405554803	1.5773385928995463	6.098183036831656	0.7697918546106545	0.8889498568195852	15.61840595694525	4.311267323070552	0.22324135900529335	2.11692178998596	4.475193567760263	-0.053084592	2.3611433005931297	0.6128422794497099	1.6543469875409045	0.22741119186110917	1.955576398551223	2.0296139967494393	19.389057500733653	7.465139503028244	9.636980764980166	2.0446611769051284	2.1065049498145094	5.17259817290346	-0.420429396	10.792000491516877
17.467329207442507	24.030987434828468	16.929255740527505	11.894713878606929	55.49926933762573	25.226623870025374	39.4421951483266	23.92988926234961	-0.376733536	227.44858750512753	0.1612371961090535	80.28495375913967	9.72516132881784	4.464483074986857	15.955807606966749	0	185.28798768521813	82.69698202598231	18.115594993867926	110.02179539248579	0.38645255314200266	29.065478945982466	24732.3486705663	10.861710729350236	15.599940894596068	818.4016136279824	4.6311311166790885	13.170141441000558	18.870046956168924	1.3072712367398043	61.08919843768989	0	32.13829648554646	0.8665209616244435	-0.092015364	23.114574418765294	3.2230864000621375	0	0	9.751834107514723	15.82229252791233	2.5836285186081196	46819.22478559716	37.3838305726409	30.4530486375732	294.3109982524629	862.2560779363399	1.9295812490895934	14.999960155361524	113.81389970048191	68.0215159224974	667.5601376626742	17.39450595912903	274.19556685796226	25.33540207018185	6.614595342633325	15.913045330718571	1.7512203740501076	0.7169213286572862	22.111489865101607	0.9275112401103702	0.975736381434553	0.903659353464042	27.860908526352556	46.4469932815695	43.536813663619775	0.8772304149307671	2.8112924698102093	33.92918298473394	0.2633824746872666	3.9679391736832277	29.52593820124489	7.6455236166117215	12.289860108522939	36.472289826770094	0.1839342865753951	7.971776596763969	5.823626590824427	0.4620221966276827	0	11.516934417031942	-0.437700941	17.702049751780176	4.140331686898443	2.763640499149186	0.15489995210186505	18.111726695687462	140.2525438620386	2.01220015376262	-0.142621295	3.7000661767302234	-0.20412407	350.33826485504267	4.332461805682062	0.6873111347317437	1.0610144700424216	8.016586820418375	0.15185915160356653	0.04298309147919105	5.75850956787291	0.3118195561653953	9.061877432854295	-0.128458035	0.21632210287737855	6.915173878394601	1.5971575497999784	0.2862	0	135.97314757047974	0.47367598393202065	1.0975828625158508	0.9529112876249088	0.9244863983016381	0.9120084535283824	16.743075568951976	35.38475854058047	12.810688038255073	-0.495115133	1.3521363081566697	7.872068952067358	0.6960427138449055	0.7781554859803823	15.194656454684429	4.1204259355428965	0.19576987090103865	2.226316876663793	4.4479307914242145	-0.044561612	2.3602892344438535	0.42883363628577037	1.8004638025391535	0.1842480070448248	2.321596993637864	2.323065132330489	20.927369141632123	6.2934843246064105	10.515718406285103	2.0670906056177434	1.8513881510036987	4.420215983943952	-0.495994586	8.908285679329083
10.45120731570882	28.288849572840554	25.004635726383047	9.490118496074317	61.91073201001297	27.389290225332182	41.87015248988846	29.045110200872312	-0.290781366	247.7695069894492	4.963059185934159	105.98271874014748	10.123450634382612	7.8646996324144975	20.268777849056665	0	178.02328342202068	80.47372647524453	17.94682547439964	104.90493408660262	0.36058938215549713	30.888082523611263	24131.447278611886	9.563082833021943	14.305330478095438	784.2241386825073	4.028434807429387	12.277326168655868	18.57954388837521	1.1761323041855072	61.243009424901096	0	32.34498308893397	0.7182027088525174	-0.103981739	20.456554730572474	2.8609712127736735	0	0	11.292910882300905	16.484225533220226	2.3040684996752105	47435.84694023814	40.199724500512204	35.79145629957718	282.27956257525483	856.6838536573862	2.6861587282481683	13.777503740797155	112.28115768216955	67.9515949089431	651.5413018804561	15.563905662626015	269.39305021154814	23.665050298125884	5.852576292501933	15.297079925518565	2.6376736133146492	0.6203298985392338	19.215814048696608	0.9559560452653079	0.8539693801373502	0.733719201185164	27.289007869636276	45.86756843452304	44.10340066073222	1.0236500146252099	2.4590787954515907	29.63807565379183	0.15256207446553613	4.046926020945168	26.73385462813279	7.762132988438507	12.976220878380076	35.575504623714906	0.07220942418105732	7.158122016568799	5.771001782814356	0.37788597759322823	0	10.300223669391197	0.10340588096417311	17.851160698689412	4.293921589994261	2.450924718281439	0.17401555508691047	17.085885270829838	134.0237903231984	1.6913490981411983	-0.113010702	3.1638381086446614	-0.209815119	339.1100897339603	4.24626904443736	0.6555516060756867	0.9223249439174193	6.458022377632215	0.6529697911357422	0.24905974859526875	5.469417036241721	0.2602360467395679	8.091310044740425	-0.151555017	0.14243703313012784	6.413319440740078	1.6069100270116243	0.43119399999999997	0	129.15936945615857	0.4288265885422887	0.8550687629736433	0.9059645804938556	0.5564589709810558	0.8014309928226404	16.23006196359949	33.40591011659635	11.575352386323068	-0.560865977	1.108890162643381	7.63240420721747	0.6087872057403841	0.6550958876456884	14.427442209009158	3.52505590870172	0.16517243548017826	2.767982948373929	4.769956368979044	-0.035554082	2.2887118978761896	0.5403608483496517	2.197955021961403	0.13987370049882414	2.8913676194067053	2.117479200383519	21.98402854419178	5.310190134288568	9.791110731270994	2.285264373290565	1.566241387543858	4.290465534362076	-0.549123419	8.265693777980196
4.013161393677239	27.202260009866222	34.912338641861545	7.131279096912736	62.75372645486111	29.624011238348345	43.8092095225975	29.077455739516573	-0.204700972	267.99524931565526	5.435807201198728	115.17122566085007	10.308207490359429	11.928953545126939	19.972387731465897	0	199.02435108248235	78.9185846853232	20.55652814264619	100.6526108887097	0.32649484680297725	35.60178326776885	26363.732607494552	8.787425241335821	13.061021188902007	795.1676870711044	4.235155084881775	10.535472638485972	19.380704810709613	1.4428232957610745	64.33414903064416	0	36.39065153931472	1.2131702000922082	-0.111632024	25.710640369281755	3.099238407830846	0	0	11.611092653139442	17.715438472000724	2.1133424276453363	47019.381471207875	42.268037300581014	47.93227950639345	287.9828835885099	860.3983361966062	2.8064936976434405	14.603967855465307	119.22325513522334	71.10011814947592	654.8981106200463	14.089448225894522	279.92899372342896	23.811782194331737	6.561181858608623	15.553798663073003	3.4663513202532976	0.5147877144768097	20.98323139247121	1.2128776885467925	0.9787599975657473	1.2087614880986186	27.645627042502532	47.26005901914554	47.34022693831146	0.9247181539114522	2.0683141246652865	27.63693678633018	0.048246852032012594	4.37660640285256	31.058963773487914	8.16421743342946	13.404658944900097	34.5811328022538	-0.030509235	7.411089233896082	5.610509402120861	0.2908268011344224	0	9.626177286432792	0.18729984406610112	18.76982572994704	4.003334855080669	2.355952773952023	0.18599913112084404	16.92005143033308	133.73719842854624	1.351842675137683	-0.082970848	4.276317704108316	-0.208642609	349.35142943296745	4.261307487984009	0.607301482102965	0.7998346220873948	6.421573707795704	0.5843802729806279	0.6170569475418806	6.6051512466864	0.5960038068541362	9.145060094095726	-0.16779565	0.7216673593636984	5.959250863628805	1.5674799556917571	0.44875277999999996	0	127.60218806958478	0.3755973350352613	1.5511540104964474	0.8365336066610921	0.9885405172631003	1.0678683484027933	16.711447859874266	31.332769231512763	11.996289727994574	-0.603215757	1.3767019268021197	7.317733810636046	0.5119936322741034	0.5246893725150932	14.614126121631143	4.183471207283611	0.13267957053699858	2.8624429244618335	4.57668069770902	-0.026380683	2.1556309380290064	0.3245245137566554	2.0897584687825854	0.09574061359245882	2.617420154016461	2.51892748561974	20.275501150169717	6.405919658973853	9.885230501820168	2.733062832997387	1.2626220588036858	5.134976163707525	-0.580465666	6.819390253426792
-2.071474778	30.378261602893332	40.071901106536345	4.62438526475993	68.96980966157861	31.85653981291244	45.4800845663577	28.23424305211091	-0.121087588	310.0585599297711	5.69820619890088	128.0757451196569	10.06524243602778	11.558913460214328	23.946464993690228	0	223.3745814444234	86.02139953383431	25.398564699788697	106.90594168394477	0.28601491958162006	34.46606043947761	28408.88742526412	11.775710651578239	15.85931219296086	837.4918500087088	5.34414868204247	9.071740282178487	19.460328496489282	1.7595604893062529	77.12615020489358	0	41.940033598477946	1.3822458362051637	-0.11516832	26.497998233041663	3.240701731147376	0	0	11.81912346729994	23.082066962743156	2.55828868998909	46653.2211049444	39.751477701625504	66.7410520073363	302.5963859927842	894.349420396006	3.340600359169883	19.349666523002682	134.58444518891503	84.14078552147119	676.0322951670761	13.489753086059341	305.76347307241883	26.529487435087052	8.092091412346385	17.838231566979807	4.188170716890482	0.4043561173863237	21.604410060094217	1.857720836843725	0.8617087533243323	1.1000367016777695	30.687215486807087	49.72549877473141	49.74316377998343	0.8079379346517266	2.174576497217654	27.836803702024785	-0.047084254	4.722020554483635	32.67979309110289	10.821166910918434	13.818113436421113	31.90876417887118	-0.122040751	7.8464270524737545	7.82775097743309	0.20374873828746448	0	10.490750223177246	1.2971854155358533	18.5835294861805	3.6217067480060168	1.9997994408369881	0.19120437561775894	18.913199430976	144.9171497705029	1.005731614180389	-0.053445854	4.239259808902356	0.3186719283206047	349.2880922790848	5.307002862536473	0.5456573260644265	0.5655982937777508	6.686122693708972	0.5051182984516063	1.019742718167575	8.04915749868602	0.5803146767516236	8.959083335692625	-0.177378351	0.8513246321930009	6.891811618319795	1.484968492833124	0.45109309859999996	0	126.07265917958084	0.3164230868278788	1.5910961129520775	0.7489497220117722	0.7477576933990472	1.1056259179728471	16.493351730725337	32.326959357992145	12.105244643659091	-0.623234086	1.5664314567409208	6.714998439393684	0.40951960718622776	0.39158282772210473	16.283717859341994	5.860540839788803	0.3594556049720269	3.4715836152070927	4.195432172634727	-0.017333203	3.1411891460256713	0.12053607721025905	2.189688816858172	0.053148616968956265	2.812344830544747	2.5646631177637476	19.42956146104477	6.049898641421395	9.653381380259818	3.1740895617436053	1.6014860011734202	5.2209864452072035	-0.591259718	6.403135373725925
-6.935503089	38.95531518853093	50.13335029154757	7.199449257879606	80.075190257777	48.710119335632754	51.69946956875115	26.628324341882482	-0.042202915	400.90378268458215	5.763419110865789	140.30754027899334	9.804616614048463	15.849109979986547	32.62474057988142	0	227.49855132683763	90.62329091147927	25.984440660223296	103.116761149138	0.24100253749495001	31.239928080831167	27627.43013849881	11.391896201249065	14.461994730825001	817.4888411522913	5.981918459025822	7.472228953036396	19.22817995879631	1.8518371488177257	79.84516675557126	0	41.14627644377052	1.292946533620669	-0.114895937	25.78168036343433	3.6507976701978317	0	0	11.271777496025392	22.69957059552905	2.2819916653987953	52962.86014215894	37.98402973151678	71.85671569796476	286.8906465768475	877.3749135635857	3.4110783437685845	19.80030532809624	137.41198288157014	83.18316259062279	649.9420924043905	12.2153348676259	303.25160029433715	30.459537528714225	11.99714726833998	15.959074233486536	4.502163052357233	0.29283699648329664	18.315338559152096	2.012348045205653	0.8605113709073288	1.2291832928486721	30.864028622076972	50.332629591516756	49.9135120240887	0.6785975992784217	3.234975337598255	25.161579815089187	-0.131469721	4.551232674317093	32.07814568422328	11.647786433330957	14.625679075697395	29.206369492460688	-0.200757892	6.9028382776194475	8.138435865891104	0.11926601957657842	0	12.004143359551934	1.4571668673925546	18.308356982205197	3.169590249198649	1.879267457808347	0.19015296439644958	17.289636648625354	144.77159148514883	0.9240597108934125	-0.025269984	3.7787299089499213	0.3836948539813317	319.23244607221795	4.888918613757596	0.473807865847809	0.5978176494857389	7.243633100219646	0.41862897242193864	1.8315676301856725	8.097288400525095	0.5487850193568136	8.112931753059058	-0.180681431	1.102476438773583	7.164361948992092	1.3661591214753603	0.43966659238199995	0	123.16390340318983	0.25367357083639813	1.8993111217735825	0.6476557341670311	0.508620421119428	1.0064389530467102	16.51226466256954	31.801921691083823	10.800146728447384	-0.492553559	1.3901950899836142	9.741086652093747	0.3050073963915528	0.910039452576752	17.0978388875015	5.6240872838498115	0.35277036781439164	3.475662728421613	3.7564455348888224	-0.008670475	3.0339558588418996	-0.066669598	2.7939354656204554	0.01322136149873527	2.6334066945038628	2.588885293160442	18.385328897000978	5.567982766381541	8.94511572944771	3.205790930762894	1.7484189692709786	5.191766105200698	-0.583236574	6.616411920783366
-11.08506348	42.60600395994885	59.03465404931126	5.5310233739509265	80.65777708662223	47.54703732601206	67.64593198384271	24.384147772420427	0.030059378346469143	480.0273696833747	5.649208158308234	147.37692971402632	9.205914875845624	29.76481354838195	32.05644639005705	0	229.0851676812053	89.32629442401536	28.592195804807737	101.18299583333777	0.19326131749209843	31.979211115624434	28229.555676255062	12.444706309915338	14.000549172977978	830.9514679469471	6.286453704540065	8.75850188821742	18.92240087610875	1.8093310279135197	80.64692664851404	0	41.45750671122072	1.4337887652860033	-0.111203914	24.8035438698847	3.5703600852373074	0	0	11.731012796997536	23.93433674717048	2.0948645933055667	53824.36947138727	37.893805666473426	87.68511154859144	297.83876170519903	888.4566100074999	3.0721761795943583	19.711871092837555	141.97440731851262	81.87580707514056	649.2926471458419	10.971898425007026	303.95336678523347	32.68279648711725	14.501783120684015	15.869060406337997	4.999691262706592	0.18368467777607334	17.535714051529627	1.991142091375218	0.7336183856048057	1.2385397261170243	31.147239585157564	51.39906843887806	51.849420083060785	0.5418333694640948	2.9922850338128484	21.829030922394473	-0.20347255	4.320986601937694	30.774318647504934	12.6623104105023	14.063717778775127	27.33802318991743	-0.265580583	6.626523231921987	8.713899189526584	0.039653592149483635	0	12.326072881502597	1.5574351680418093	19.39145101916127	2.6675976927960585	1.6444106493483197	0.18350210536537767	15.84974104505101	156.09744128377568	0.7528332066083313	0.0008463990555882608	3.510891101724232	0.430704641456546	298.4853911038713	4.625975231443879	0.39492911567741895	1.1888805401383562	7.688083473072662	0.32822970982257965	2.29726302209639	7.9876875601645105	0.5039447771207801	8.498007376097075	-0.17823376	1.0954387715328995	8.084726388127397	1.2182459136091122	0.41619273901433995	0	125.15110610234225	0.18958879931897366	1.8497252960597297	0.5370614730817532	0.2781382634341878	0.8869775160217857	16.023918361352237	32.33533014013382	9.881554202903425	-0.460164479	2.61987650720253	11.872333443960992	0.2017961847845987	0.8493492313686319	16.487612646220008	6.702556464989225	0.3361705433380881	3.175064048462033	3.2786641948708435	0.12938609490473002	2.9764272246112484	-0.233154618	2.653939385537896	0.3668901907305744	2.2933601712319507	2.3330186922226535	17.71395972245153	5.607218995854225	9.689323171833381	3.298148434957367	1.6582060714806521	5.0297148160388225	-0.558518647	7.3498684555115625
-14.36711592	60.24344373542651	63.10478780981923	4.153509377196588	95.26237191998428	44.97385239757307	74.71837019790983	21.632864426731963	0.224193660899895	544.3177768917867	5.376942056257187	182.26807231413522	8.290905865187698	30.426002353486354	45.0132882275134	0	250.6205674	92.3992087525774	34.4214095607895	115.75711717411741	0.14449637996476908	31.98518951346964	30640.04198994804	13.298894218417521	17.26523169572632	866.7692880237289	6.321941814366681	8.97339247323382	19.469527675406678	2.7867955882623288	88.78910275270711	0	49.383888750589264	1.9675331108262242	-0.104544976	31.129114709593487	3.450855456215716	0	0	13.09239418396254	28.367596181232653	2.6736042906224937	53127.31678355114	38.205789837940216	100.6501144676977	311.06690246955947	950.5564385067977	2.934998946449724	20.510924148319614	158.70135709220546	90.03291289895232	683.1593669987728	9.01364867389983	319.4063556234832	34.51324565506646	16.680901894173125	15.531976149714172	6.097475914139817	0.20993705060629017	16.157980573123513	2.6923224701865704	0.7274061472643909	1.7598043242750305	30.30771226437537	57.54689134833689	55.146254733643836	0.40249056154727764	3.2040952093915966	20.8448659912974	-0.00217092	4.044135538738103	29.277644755033272	13.485512677641442	13.936041078181832	33.47637082193097	-0.185953588	6.489043993836614	8.430399205112717	0.7468127997006139	0	14.356027264813115	1.600953583584884	20.694492121846896	2.1357764612498453	1.2837072022538454	0.17201126907645162	17.04834277048257	164.82778286402657	0.4761443565535083	0.024325751617945878	5.304509442169385	0.4600923109405426	294.6784798992431	4.440546930418217	0.44209036705374544	1.085170725521561	9.127446304448197	1.6670234821884793	2.997470984153144	8.77941617703505	0.4484702157947266	7.809635215548376	0.08931615687238711	1.5762417078702973	9.58051259170535	1.0485766491212154	0.38258048881301576	0	127.59505534850915	0.1262248409737224	1.9096062940354699	0.42141479391255054	0.06236017361444604	2.0528528972187	17.443689139416094	37.525337840074805	9.84837430382676	-0.027209372	2.6779934874834783	11.434285553322683	0.7528522087948022	0.769247555340265	15.973780649680066	7.702102034065023	0.3111455850092723	4.75927331504455	3.0403010630085374	0.27975542462886216	3.645358637065325	-0.375996497	2.9683247318974564	0.3741854313173123	2.4385174951502715	2.4227481906119643	22.978308673683486	5.324315032504015	8.568430174825483	3.8623257356836715	1.6872682813249384	6.02297721131197	-0.519516953	8.329483283101593
-17.15994964	68.95983622129361	75.85476455998183	2.8791414988017863	100.2086361124106	66.13877039005078	81.09201348463296	18.507723482810388	0.2921887053709814	614.4296100726039	4.97059430272353	194.8920584848092	12.028670579639936	34.81829220747573	53.844047234398715	0.13	262.5938100682543	91.48285538570589	36.4750596543494	117.33111286559557	0.48627304479122957	33.751014386126236	31400.038412573278	15.058696509516963	18.025489015328038	855.0422474521205	7.094222858779634	8.407592225551566	19.41785596451261	2.682909824928387	89.19338816389966	0	52.62611592350329	2.2788770284876367	-0.095415582	30.728255024043598	4.079775626409812	0.52	0	13.224865606712166	32.29650178645163	3.454261889489053	55437.959860992094	36.36040189712211	119.11911366086241	323.34022208339707	962.5895910009618	3.1734894682260615	20.40474417380388	167.10457117576286	94.24332075341435	698.4546338564476	8.240814437686357	329.2218549092035	38.18525253656876	19.061681733488133	19.212641034261303	6.682557823005526	0.38726607463529666	18.783281025364307	3.0326151370111902	0.7299929483400858	1.9361483328889852	28.79290630774013	60.703525226399734	53.26901827715927	0.26500731757572393	2.8986015111307224	18.77377157357111	0.49906567464869367	3.8636455156963283	29.86230890915778	15.901829337737423	12.793050815302413	33.09659256608523	-0.208710684	7.94064135974468	8.242337242986856	1.4108517025056129	0	14.742305391848188	1.592091550066105	20.75639435060855	1.593064059020758	1.0505628838012033	0.15650917834412462	17.4456340402565	166.41025680033158	0.2128400608075623	0.04472739637552936	4.959630665304941	0.4727384441479232	283.72190541810045	4.750445051582575	0.3712727822808269	0.9592767706007985	9.159049463552732	1.7219271728521346	3.0377340204796286	8.128589446907482	0.38508900412743663	7.595811214588096	0.12743159712072571	1.5616770993378466	9.069304797174347	0.864417011608472	0.4708520489674335	0	130.4167580096041	0.06541053323378461	1.7062110033925721	0.30469033884289154	-0.003710912	2.0405551533793616	20.078172165491086	39.84058463481944	9.00306116554296	0.06326650552213804	2.5499589651118275	12.907013885148526	0.9862170641401413	0.6740786202545268	14.842118433303716	9.610629985211288	0.27928875496305994	4.672283455517479	2.694565212442206	0.30669515864171526	3.4380361491620333	-0.233274293	2.762221801664137	0.6295255849058572	2.356003561822252	2.7808222934439852	21.93687346958174	4.669972014513705	8.992573572273612	4.304215534266835	1.462806221745048	7.126224050718443	-0.46882992	8.071252129439571
-9.248701504	72.6957943719352	84.24410069832872	1.6058361632824107	95.53401480222196	68.91303347157921	86.5155320381448	24.75986492879666	0.3446185842338297	689.0373716331612	4.455763495461532	194.37688428387153	16.141798705257752	43.64680430984189	67.20640892356354	0.1431	279.4819141949055	91.66365169395036	43.91909294892283	114.52777560195806	0.6092838517913072	34.08772633993339	31569.464040558796	14.28075767622095	17.928955932509744	899.4966435141095	7.646449112987905	8.24614423587099	20.108815745772574	3.0289253431799876	93.04144338905596	0	52.955336901420814	2.320720243528279	-0.08433666	30.245633656327385	4.633410510792204	0.5724	0	13.247343918985466	36.54362177755515	3.253225871784285	57303.919834859196	38.87874069347215	142.80763952488476	339.466003073349	990.3217405156807	2.9229262537779834	19.0470398715256	181.42432671569165	100.38538819982773	718.6567350126613	7.52803919196364	339.2091486190757	40.60450115382377	23.172533136866996	18.488860199325885	6.798654806294498	0.4652442140223435	20.24255300162009	3.2079000830430124	0.7404212808580085	2.616773490654875	32.86579375753621	64.7133899598643	54.82143491800838	0.6533221784740539	2.6666991373620137	15.066573450410317	0.7952066397658657	3.675295129487842	31.2526373805951	16.299459451691686	11.600568054251863	33.70189435884151	-0.22293075	8.668859748269597	8.465811359783975	1.7261611639549432	0.13	17.377686544424307	1.5363529733972208	20.829414525975785	2.096830975243957	0.9692161106797893	0.13786202133470657	17.129827161845345	171.17217563899615	0.8794809928119841	0.061747054766088605	4.890450846167793	0.469937810710128	274.7893312225291	5.09684000908302	0.2963987725167753	0.8171939080540882	8.992720822840232	1.8496826792638605	3.3728387325590754	7.948987706385447	0.3164932435030526	6.375495277286203	0.15791254543060868	1.5017186386785055	8.497138638181212	0.8027408274987488	1.0861708916373864	0	139.02378766430144	0.00871534027082705	1.7319689117121868	0.19049761911491175	0.09693643749961689	1.9682705293225762	19.546861723993846	42.719089211045045	8.54218750612125	0.1427967999442934	2.358229126023987	12.795258967237327	1.4866589220267423	0.5682042200697266	15.40835888556589	10.019986241686588	0.24223894527257703	4.743824078277591	2.4925659905592417	0.3217400644940316	3.4083048255742106	0.3521739186437534	2.753862510404226	0.6404459555883718	2.011060914972367	2.7796643171894844	23.671475581802717	4.650964137887016	10.14452542280872	5.112789886963678	1.7369061814707953	7.125359484662717	-0.409146693	10.796706527260566
-3.831117133	80.59728287635457	96.43718020189107	14.641686276416502	103.11083517898554	70.71247924080741	81.79123277516109	22.373996282320405	0.38146691768337826	812.8532358886681	3.858742864061889	200.85192097451144	15.659360057156055	47.69306107267619	99.78634217610498	0.150597	276.4467504830444	86.42645882055187	44.73115012557124	107.45893879662555	0.6017150625376378	35.88813530816182	32008.433184529	13.372189995967911	17.664207479997984	895.1707006644763	10.91405926838571	8.15345671808234	20.58741507653336	3.6294715493110288	90.49344979002495	0.39000000000000007	53.69297567450396	2.1887575297590085	-0.071835531	29.113905415692972	5.4626795914125905	0.732388	0	14.60015408246187	36.74972111622167	3.104696679696465	61957.9462162938	40.96888338938304	168.94308361675832	345.83522587210524	1005.3810228634574	3.0297315731613734	18.833694803329387	188.0293769001568	97.80168725560495	723.988924002874	7.770700295054287	339.28143849938834	40.093689874738565	25.23712340580196	18.56279164190423	6.529182447065738	0.5514672130500153	20.738621190201698	3.1994195319803618	0.6275941416983989	2.6808329279245298	31.495418649626597	64.02086652118648	57.87396684723233	0.5832058879283293	2.7979860268493155	12.178097936053295	0.8378773091783446	3.4855209280155686	30.35635388347084	17.378342770699767	10.819316527678813	34.11560914155692	-0.229040887	8.124190505493935	7.612963724107864	1.7581548443406925	0.1431	19.50819898541009	1.4400976651933082	21.070250248027023	1.687316270587517	1.0569275315501232	0.24694371938618914	17.431706156419942	165.18273732462438	0.7530734018316042	0.07521233567460928	6.201475483559326	0.4533191062948085	270.74633450983896	5.20569027056093	0.22012020055362566	0.6648035145204263	9.533243421513774	2.069172154656498	3.273247811453806	8.088876508724052	0.24526226163601533	6.1259460753959125	0.18060802254658512	1.4027044649247435	7.657274935941955	0.6231500369750353	1.1073727232912225	0	147.8294007	0.08742820639604043	1.5031919618484744	0.0820092427862826	0.24461095931286303	1.8441662517917923	18.522276474926514	45.87817065331673	6.971135587458074	0.2100901609259044	2.114925397064211	13.630821772100129	1.492456826463881	0.8458711333013146	16.215724526034872	10.527807285263762	0.20162694819296506	4.495895916413364	3.1059897111477963	0.32562827782629533	3.0792974895779435	0.3685120919166366	2.4637232729581786	0.6310609105349838	1.9002807053582993	2.625232209044749	24.672473215347516	4.314328124786385	10.116946325606056	6.447123107781927	1.531488959779844	7.55082059067268	-0.343157387	10.445714289481645
2.089642314053715	102.50070404404137	108.08783634904046	20.03470078994469	121.76664846270317	76.19060605588857	113.26562645522091	29.075494612022162	0.4031864102574707	944.2119166419642	3.205662009880353	220.113896366852	24.375384472149843	55.823900327046765	129.07469183810912	5.092826390000001	279.7317006278781	83.46019146987666	50.34006708078766	104.53321750792753	0.5768517003332063	37.10185932032255	30189.622418566312	12.013313383861137	17.256007648337466	893.0122310798721	11.827486630192166	7.345434250530088	21.450532021922072	3.461078988349635	85.82545205719629	0.4293000000000001	56.31606130004367	2.5243283614738945	-0.058429449	27.34193283665121	7.745141376228561	0.7544055600000001	0	16.78967860711678	37.74271888753489	3.2978795064265327	67507.40157309614	39.70094531402134	177.7866907909418	341.5424696148228	1016.1829462905525	4.844964413411584	17.90667339785291	193.45304075917073	99.2423057881363	731.018226373979	7.09597427898424	335.6380562366881	37.761149027319725	25.048140945669367	19.592446190967614	6.770781850347882	0.5125238957834196	18.782923924219087	2.9958044500645657	0.5072218922037982	2.558061433629483	34.44721849301915	62.226969430740844	58.51502657811692	0.6326050497993273	3.2122046465824083	11.073127035050373	0.8511445923742252	3.1701585188500556	29.849008119554878	16.64798747468605	9.511610657932703	32.204484171754075	-0.227668784	7.190262471831022	6.747011940276127	3.1642045113576462	0.150597	20.32041421273499	1.8302649578539876	19.694894890432327	1.9181335482790953	1.0641599843869198	0.36770893605093785	17.780446066844483	157.07676072195108	1.1367143678943141	0.08507471842203959	8.395353392704926	0.4247626991321767	267.4452474331227	5.687484797774221	0.14486587977018223	0.6377080549045179	10.483716457674548	2.0046375178701763	3.0854185481154492	8.732110135567076	0.17379651010660135	5.047573411432774	0.19561571127456634	1.2715105745986155	6.5716793558483655	0.7028238243944422	1.0932331900809382	0	152.6295704552607	0.05564693971685128	1.902196948115679	-0.018090573	0.17017970016539868	2.847147414460333	19.624481456518122	45.87499883176175	5.998054793037474	0.2643514809815772	2.092504279088486	12.963903643313648	1.452901235663389	1.5503952212107046	15.425881866675908	12.859012005925306	0.15902734237552535	4.037883693243159	3.444891368343062	0.31935882149054384	2.8208119624939654	0.7621610851047325	2.128686261067991	0.6036825426708851	1.5435700955448894	2.4374863454431446	23.63319688907741	4.001925869252226	9.118616748355477	6.254609313284893	1.3006687914645925	8.467210968361467	-0.273472291	11.496449846796166
3.7756365472887166	105.54876197363824	104.34079179100368	20.41737282842172	116.14388096416796	95.54520200778495	123.15461197361813	31.64457827039308	0.4106383612664297	1042.0083718206718	2.52171938082056	243.16625732895295	24.21854491147976	59.006938646168884	134.30196577876958	10.39804805	282.83620473939214	82.5367451101727	55.927890328058815	110.2340718228615	0.5371691233392217	35.91115515165754	30149.734056642897	12.569925031449207	16.600947570392876	925.3792415213321	11.554746656912208	7.557851002217158	22.07382131211425	3.335693313833892	80.83949053593462	0.4517910000000001	60.57735652402811	2.3506122591730754	-0.044611091	29.506899530414092	8.087002741276077	0.7515891972000002	0	15.946560321092695	39.22413531509074	3.1028076652907983	76884.92934702536	39.058772686775164	196.11233652397866	348.6027148948238	1036.5691889862217	4.6333250372344255	16.34515393098849	202.91074700950816	100.78159329377043	734.7440517167544	6.9058416361516715	335.64987051315717	37.849027793823176	28.75661250317996	19.09136189939563	7.095097857791376	0.4620991933699809	17.359308667108166	3.2426767428384125	0.38367021089254366	2.3708252457550563	38.250421797281874	63.04565296641755	60.426529538569525	0.5580861439892456	4.058635264944719	9.496459413096233	0.837550809479291	3.2412275950355918	36.97692668844387	16.131228084033125	9.209327055423223	32.39833717377889	-0.219603827	7.434019367379469	6.445244976619281	3.234723076332175	0.15282638999999998	22.22179549094535	1.7265075725129795	18.886228221884124	1.6983250917531434	1.0987443924084292	0.3653663629676835	16.860898604221237	155.37907895788652	1.5678898063139237	0.0913986213420657	8.63798290915482	0.3863190517118427	263.5609116410844	5.150475328332957	0.07279101467197768	0.4941908996030647	10.304630696489008	2.146417219226382	2.8238096546674645	8.629057095658785	0.10426343842693074	3.8256108115229663	0.20325415979151246	1.3752907560671415	6.177492953088684	0.6834455183400752	1.0477106144892543	0.13	160.07083610009752	0.0253743915140755	1.834235527312693	-0.10763769	0.48808617592771886	2.7644160384282097	19.897731496255023	46.465894227409414	5.35234043426781	0.30525612460223533	1.8095501445376792	11.674760218106405	1.3737141668730448	1.7979550436928342	15.822247017252565	12.531325894342935	0.11591687686856383	3.7645361815926797	3.1765561187685094	0.30413554614365124	2.793550629243566	1.0535803464208768	2.0232923625347823	0.5609315353130697	1.5662234438464742	2.0953904778384063	22.678852288761995	3.9807060631939155	8.62656162637929	6.2837086188390145	1.4439105762369284	8.61794597923053	-0.202551535	11.537218352975351
11.019762260781558	110.30555125106626	112.47822793504047	29.799256478198394	117.36907378656124	101.14798230425815	160.71006058096708	29.307416214815113	0.4050259663365	1128.1949303268884	1.83051943324213	255.85839447497526	28.190832959532294	70.73146497399371	150.41745335200093	15.970806101191002	277.56517229757293	81.38954103313395	55.249094540761085	108.76781855161622	0.48533973034445893	36.4721867453093	28002.152509212545	12.063777763334995	16.233365073130958	905.9781736730063	14.40263828125288	7.622290548669006	20.972567033923784	3.022775407354706	81.45694045072106	0.7184791700000001	60.10520152989326	2.1237493993271457	-0.030836237	29.350162568888265	8.14206788758056	1.3765067947640002	0	14.929357054038238	38.84068604043829	2.7341587783099133	112442.7064631509	40.37905414165036	202.84204758799248	335.76885419998	1037.4897317427371	4.563849847557949	14.00943179288086	202.0253602245266	99.62350425002802	711.6949729737494	6.85754700851781	322.1710072465847	36.382647849861584	29.731538529844087	18.947645179998975	7.124129328756778	0.4028539853967866	18.587275675695096	3.0975815040497223	0.39096359138563824	2.3911879192954206	38.56579211719986	62.39109855953406	58.1940863168198	0.7342765444404946	3.7986637635224576	8.762564770944621	1.0601898805894714	3.2279529357515067	34.33274559979065	16.982207789924498	9.020992001501996	31.120854760387868	-0.205757251	6.820379992351687	6.290297360029541	3.201148092519286	0.150248049	24.046384776606317	2.101330698530683	18.01184137353422	1.3495477281271921	0.8969080278555348	0.35229705630372404	16.477478929733675	150.47979300149188	2.0289110067021547	0.09434817532982723	8.197209986685078	0.3401301974821869	252.70818207901738	4.512652545985831	0.005739905643434261	0.6101997328436649	10.794314590527351	2.6596264338701756	3.1536473609242544	7.93743764687156	0.03855577076241927	3.9110761472584503	0.20403113866301859	1.227434196706801	5.16740040201231	0.5455016773409427	0.9753089780220611	0.1431	166.32585009744773	0.25736786638615505	2.1380431827706246	-0.185000965	0.4595594188359754	2.737025318846453	18.16672458713058	44.433723256670035	4.560627298347077	0.3329126201227607	1.5006049191058226	10.164288328876692	1.2612343799555439	1.7668202326159659	16.01430824225398	11.660468617088513	0.07363995160624157	3.8555873356594677	3.6497577105883567	0.2813105319471383	3.9452089104408996	1.0842502712127804	1.927739082978851	0.5056276826316438	1.2396247540025063	1.7246424826589897	20.74957657981526	4.282187055845619	7.324915167809344	6.081386735272554	1.4895108652449227	8.80506910963577	-0.132646309	12.507793457947356
12.668882535101666	119.14749506321951	105.40757362662235	29.97897406865145	121.91067511311834	100.59604510195628	190.24866251015212	36.07474787835049	0.38782403190946824	1205.1069850726767	1.1535238974242787	248.115566072146	32.190167213993604	82.49159471981625	169.6588685673491	16.807164164857173	271.6142879310085	78.94537113280505	58.100705495970296	111.12515605094697	0.42413308473883865	34.65294957723661	27451.81454124885	12.556331889132155	15.185539873401304	919.6878673993227	15.9436615947219	6.711617424015598	20.30226117253465	3.040466029302798	78.26893716050724	0.736944148	58.8571059892751	1.8558603434859946	-0.01751378	29.758594426448372	7.907364482627177	1.3976374287286801	0	15.11599340206808	41.37036111203793	2.4503500166778194	126114.17467376936	44.035935826788524	236.3035261179652	325.8753139486212	1049.0235282713188	4.424406681422383	12.976998914797568	207.2177513113074	100.47251898315902	706.7699529158324	6.028355433391799	315.5249000892719	37.911426464800314	29.667025797946483	19.50987077714202	6.566533772762937	0.3374476786590081	22.534827713152477	3.0340683440184097	0.2857987260878543	2.657778687902886	37.362651641610064	59.090266636552904	55.91906482774045	0.670819608513404	3.4507294993367483	7.369182649879832	1.0287593481709496	3.1091671543232855	37.83300025200903	16.408623291528997	8.55086069292783	28.197494945524305	-0.187122616	6.543493155056134	6.302135584297889	4.114896164312107	0.143420101	23.407123590402996	1.9756315909906954	16.064537968813287	2.2951616690200205	1.078348058922264	0.3299657686170488	15.30807685480286	146.8060418506919	1.982962756850498	0.09417232865891778	9.374598056861757	0.28835632275103107	241.19948001078657	3.8032324654938416	0.20522171034844217	0.49630169077489517	10.881200657446042	3.1917259340334847	3.5058918757276376	7.526857013556911	-0.021737803	5.3406626650026325	0.19860948548748353	1.0575402673812904	5.043295093983204	0.4049871701214951	0.8808882358609254	0.150597	168.6155871921395	0.258440957779442	1.9473287771996444	-0.249077883	0.42009855488832704	2.5302629116574775	18.00381663130467	44.63175768530449	5.161266657068006	0.34781608748755066	1.3075360686439772	8.499934978703651	1.1221655403311268	1.6857942956683054	15.43673409748763	11.046883009046878	0.033381520321964286	3.581865754249793	3.266146411908568	0.2523287032118625	3.6633450962052727	1.0793256953891102	1.9739089588891476	0.44068538473941116	0.9084971905228598	1.4692300125177453	19.25074114436874	4.145054337556784	7.233685900062112	7.206855438004562	2.06586579939477	9.959327853711414	-0.065752217	12.576077248683742
18.643024305936716	122.03081964226084	100.35175754024739	29.66135067799965	117.1607960536262	98.2214202668259	204.9459443711141	33.71310393918183	0.3607075699678556	1242.514624791706	0.5096221982654844	245.54355352743536	30.923863026588975	84.44096364946203	177.81637620414196	21.86567149721101	275.15006336317026	82.0972570885249	57.81413419077948	113.62300511881624	0.35632311115161525	33.19604763865409	26284.475933844056	11.702940645675632	14.446930997442573	927.7959557310279	17.10227272900236	7.440663089107064	21.359918062108388	2.6651736081769966	82.91166608449959	0.731454304	60.168106823040496	2.4690843829243794	-0.004998156	28.21342526545902	8.298910483690317	2.0247258764350318	0	15.930486313232896	44.49595784311647	2.1514116307086004	137184.3308231129	44.08605126860922	269.6597510114016	329.54486830393967	1076.7632392989028	3.9661756314577015	14.128499357078676	212.17437075007092	102.14245667348214	720.0543362762321	5.7412323527766365	306.3776566450123	38.54998442430115	28.77895356530024	19.310577691256498	6.6777017591855925	0.9184585722352372	22.881579715469545	2.685884449669676	0.18257638553721306	2.5479770190125186	40.01894566433095	59.20680990677327	53.66397354273682	0.7235837779236203	3.6840667765895074	9.734063261425128	0.9696090885491516	3.2589849364081873	37.7882394314453	16.710138544227178	7.6212166944232465	24.560546263781372	0.4852622347253313	5.627990206838451	6.363725918610465	4.663822543996282	0.13297234485717	24.319574815107917	2.323233446474986	16.220028765500047	2.597359365752965	1.5592936451146524	0.9499686366405296	13.936372681721041	148.7354845594512	2.402120449278492	0.09118889679533175	11.483009378314915	0.23310914581045988	234.5656637490552	5.000657419086237	0.178598683272496	0.5089044021897555	12.332962097949482	4.114863706159458	3.3477351827788535	6.951528733167019	-0.075349886	5.867070651022318	0.1877717130648775	0.8729095229668921	4.370301463937513	0.2663744985203474	0.8994829208400755	0.15282638999999998	175.29788296159788	0.25165351130001695	2.1072659488697734	-0.299274773	0.5019808206887938	2.2682688578376755	19.67708497212221	48.50103594051637	4.567004080204802	0.3507947254912351	1.644548021168997	6.747018914186805	0.9633386184592175	1.5622971235453618	15.823815344273289	11.063249471538	0.1261474865564558	3.548060358353592	3.3429118507395015	0.4786751962537585	3.9497673105070503	1.1725138062861338	2.43624457844174	0.36901675509421944	0.7132274676754922	1.3552818890150928	17.81426701813581	3.497283260970129	6.974568982087741	8.523571607323234	2.1826092661477894	10.759380887768154	-0.003574967	15.000250342885977
19.820461170510157	118.9448871741302	94.35097033630251	33.41564910607305	116.58108101847448	99.21761530720379	226.52511971484648	30.476231275754568	0.3254815271213686	1279.346061795081	-0.085177997	227.4724356313727	28.856473367127137	94.4221667766594	187.9636417911313	31.682357951413135	294.0577593512208	77.701036736017	61.10179599038435	113.02237912633409	0.28460444158856574	36.0289544647702	26462.716909164425	11.153800307194494	13.188775079156441	959.3593565576316	19.381954567984703	7.543584295016172	21.501011720861502	2.2474552209184653	86.44277213355771	1.22456981457151	58.48296436873814	2.636913486931194	0.006415849845816047	28.66637026260483	11.372334570136434	2.2883637030776973	0	15.225615343884243	57.18411616579367	2.6278247344150456	148822.45143282868	40.89857362818956	351.26056088515236	334.95112117460815	1102.6960820447616	3.9547824175457573	17.04099477441931	235.12009712245595	112.93112689456851	734.9586512123049	6.460584609639691	316.64380784582823	39.94818705512287	26.826319948959622	17.731896583221836	5.877421894190415	0.9138146192867863	24.637209126090823	2.5519424112657254	0.3441989874755196	2.4027162064408123	41.85904191484981	60.565494552768406	52.88447217995145	0.6493640170551064	3.8035483228193057	10.24043391397314	0.8872855822330589	3.3160513921923536	38.494307509994584	17.380198115328724	7.355900594936424	24.69047606229929	0.7058507331813462	5.315197847237384	6.59824544193347	5.427941609392152	0.11958019381100789	27.441193672889106	2.1663781130165978	15.78336961955313	2.5214165118400267	2.3553658633343626	0.9794721587624464	18.113747745495772	160.57991846055103	2.307298758985332	0.08576814121424436	13.53608928627331	0.17639341218963203	242.50825920102534	4.688320154746806	0.1492799984059696	0.9249797103974373	14.129558531464092	4.672241789888051	3.0049621036415823	6.995187418821106	-0.121340263	6.334825718909365	0.17238456649258577	0.6805545673049269	3.8534981529782657	0.393631859123704	0.7892336496961083	0.150248049	180.8530126652625	0.49799520412953396	1.887991424906796	-0.335473731	0.46061543528855	2.2244261436647235	24.412713929694323	52.00835529199156	5.965157638621775	0.34295165792981397	1.3985223378064446	7.826983888696039	0.9214942302207225	1.4042807549283516	16.267474006052183	9.74608180363387	0.36585243157080455	4.181193691296404	3.5617133901651563	0.46802678410385207	3.979054284063439	1.2512076919048711	2.699259298685821	0.42344448576072036	0.4160878930825965	1.142070121192253	17.6770122939821	3.199370794213035	8.332126686448174	14.812909011490342	2.152200108241073	12.296647191786175	0.05249180730508516	18.741998617381405
20.215540513510952	123.33920133758873	96.73973274266305	31.95204821815691	118.9819050562837	104.35766238432778	221.22062393276022	26.648758940397396	0.2840136427458892	1278.2439732442658	-0.617942833	209.3442564559751	26.130128472597672	89.37258458783724	186.27727156568778	32.16690502165265	304.55295295992966	78.01340731667939	63.68763773031722	109.29114435931014	0.2115195057341642	36.24770197433159	26352.672279677823	10.464959993345637	11.510771500324228	966.805636604846	19.132209586029273	8.329905851483883	21.87296566211346	3.754085015758233	80.90748441370329	1.7516366800330239	54.921847228803884	2.408852275929391	0.016495979989542338	31.804029652157915	13.757246210833847	2.2569868359637653	0	15.544463011153928	62.897935171229335	2.277761785718395	153118.456438588	40.31288654296619	389.88347294497345	338.2282151229715	1113.1247580546915	3.685885052498635	17.751010806793307	253.99764794392877	120.60299628670917	728.4137751184012	7.494184102527248	316.9440296911877	37.48812381120874	24.474160095784274	17.519126688493984	4.980847358869042	0.8822206230545769	24.068159321867252	2.1548363043641983	1.31933335959573	2.6198999889330516	42.569357282871295	57.42134589758098	52.936386788046086	0.9530853117617907	4.306975264741545	11.218954483847156	1.0465758590815837	2.9979296606323325	36.714939555389094	15.721845785860253	6.156439087550191	25.986698599096435	0.9132048597963192	6.354228788179301	6.36136564966617	5.64281051996667	0.10393985205513176	27.017414834705505	1.9602169695135503	16.466875299614312	2.2774254479631812	3.211169883832071	0.9766411639092981	16.61997287052816	165.70251141772434	3.9727402749519287	0.33831641695483844	13.627778524847667	0.12005744956519798	238.21134733176768	4.066567012198913	0.24841478207391673	1.0016980964724278	14.68260856568332	4.793714811547143	2.606317469308791	6.7046246133451515	-0.159091395	5.795760508440426	0.2833645975827456	0.4870184701900105	3.6527702285255947	0.2963545278930139	0.6663322961756546	0.273420101	187.64703901860278	0.5047628715522132	2.804004610592912	-0.357988581	0.4095681253696741	1.9182349165991248	23.9723985736184	54.4146920495595	6.574541112038397	0.8456043473866406	1.1351435526459543	6.364142849093469	0.7561894538994555	1.219937600525192	17.39874258147162	9.828248448411138	0.6306113091365942	3.9855778802060424	3.4117833739432912	0.44440240964582073	3.5860409317422857	1.1844959582045886	2.4549947679449193	0.3597261087877496	0.39617963915651255	0.8159174265159295	16.283172673424296	4.09526845030526	11.073964819779118	17.68892540489603	1.9602658628777963	12.941287449648808	0.10137714963869231	22.267312105905848
20.514645706806334	121.93390804457376	114.74742692610764	34.80624597248768	115.31318953862348	99.52297488220954	235.41995901089976	22.40457107036402	0.23817213752558108	1295.7947743512043	-1.0788929	203.37856750443802	23.02251421334322	87.08678308026218	205.441220215818	36.57799023421864	300.4620386189697	86.58413861977516	62.844266164347275	110.51429873820928	0.1393974782931779	33.677143673706894	25973.131944749544	10.551054911081295	9.80524513436551	976.6031195491936	20.723472814688506	8.167698076760308	22.371535239376826	3.757429280641277	81.98850093342321	1.7734477585473956	51.65918638599893	2.1313316177498867	0.02507321771920973	32.53380221319095	14.200949301136502	2.4210380504823137	0	15.615092021362026	65.69343422098456	2.0243722783198574	160711.39725061375	40.07638156997617	432.0975896104633	334.70075322280934	1119.2468237219875	4.173300872381265	18.197494911726103	272.67751424493645	121.99958885103449	735.170973380336	8.679598123050232	320.09590846127566	39.569423177349755	23.652991425052935	16.432059982584097	4.674504856313735	0.8273194077539512	24.52396971841002	2.642795719021898	1.3573742937160473	2.7267683935080753	40.83156039560449	57.168971730984865	52.35501833168988	0.8978419176449528	3.9308502545293136	15.383054362218358	1.0885398324728084	3.171682212409344	34.292060209582495	14.727673315762823	5.992230558276075	23.793697924240977	0.9724274279559052	8.098729771381649	7.0173328671356145	5.366908223884736	0.0867453489131893	26.4754914352991	1.7158654312754011	14.608024152680944	1.989510727035125	3.185058405765046	0.9447940336241858	15.906976296941462	174.43176973664862	5.252455431073308	0.3554603726127279	13.581465483819157	0.06575335971625142	240.27778622948276	3.6449921735398423	0.23018364391285168	1.2006937010457464	14.319875339510126	4.819229086693912	2.1693477743300154	6.681979350016437	-0.188294672	5.036729003765169	0.27474568763640717	0.2982254286808853	3.5425319896624234	0.4599142939486024	0.5357311091219766	0.40607234485717003	187.97225156605094	0.4957108860860582	3.1642963393926298	-0.367512289	0.3513385026815955	1.5851157647421124	24.226942795941515	56.39795436988385	6.475750004752205	1.1326236374761853	0.8640483394221344	5.506661627978351	0.5847294715933314	1.0174306335465928	19.13492202190497	8.407350975258344	0.6499759596717072	4.139956313818536	3.754492858125314	0.40980840034421795	3.124747686700979	1.0889205191281968	2.16150684723976	0.29158778624844334	0.16637682144834162	0.8879024785117606	16.590221834719543	4.228718287279104	11.739400195183594	19.236672396814267	1.728717066164513	14.373225058235715	0.14233264324977796	24.362074882400673
24.998401009567992	133.78112683952304	105.48192888342454	32.62083657221075	116.74194988657058	102.71606688383685	229.09676181089836	17.912664855223063	0.18976961870153636	1270.2566521169128	-1.461381173	208.16809042292152	19.434985953613918	88.23695823103677	205.18553739446062	35.780627218501465	306.06635455353666	98.18027263396812	64.32990377004391	110.13970871707222	0.07030572924749488	33.89332689293346	25647.98168497161	12.292008689710947	9.426114050971698	999.9627606126305	23.523905536041163	8.21668013720628	24.429101801732546	4.097716240616778	84.98176077316845	3.819874296453908	54.01301603589451	2.2076230768558363	0.16204053514433409	31.614583451724958	18.414253603374796	2.8160530020345376	0	15.920205369908453	68.32858033913472	1.7655905533115779	159441.87206391853	37.91123564718587	480.9673669210902	339.94501491597913	1127.5692781108944	4.336776084104196	18.98340575881384	295.19906848849524	127.70653449339625	753.1773226146672	12.046082797829412	323.09972210051654	41.09550991155617	23.61434987864314	15.160738147787676	3.758561458324547	0.8830887317507694	31.648479983746206	2.432675320643171	1.3508899056128516	3.0911469058203545	40.46259638519623	56.76676582911881	49.481136171018576	0.8211876054104501	4.254412237702427	17.779252621885888	1.6436512135507264	3.1229090426363744	35.46270699206908	14.441087893202251	5.444675965181088	29.846186379143834	1.2565549164608554	8.335818763122312	7.887183376844046	5.217588910694453	0.0686679356180454	28.373495632774365	1.964473083922805	16.126817395860485	1.6707021563888207	3.326006323331773	0.8877877953588591	19.92807009180519	182.66514913158102	5.37662540865035	0.3602261215264466	13.962339782378923	0.01490707806071196	248.31924765054188	3.4762250535404835	0.20687011025050756	1.663768934130361	15.693819175768947	4.4976150617251855	1.7109946156192164	5.661139232520102	-0.208928782	4.982498779444482	0.2587462980556103	0.7693649284622461	2.997041614995697	0.783320654580174	0.4021181075000072	0.4132771938110079	194.08577531177278	0.4726927725839369	3.3836300051305974	-0.365058257	0.28839168718187697	1.497755055128538	25.989224312154075	56.45095182707925	6.732565508052066	1.15696228943249	0.5941411973380325	5.109728680135395	0.4128736033700198	1.0646514442594557	19.403435857637835	9.476322720163079	0.6479048663631576	4.954698214655225	3.7402966081453752	0.7563795399624489	2.875841335562774	1.100235008385598	2.3525225131879237	0.48151566237561444	-0.045437019	0.7560519509526556	18.15885942484368	4.501961591937191	11.796110027192114	22.002544517636252	2.6384616371376226	14.730772154216858	0.17492260820226171	26.076499134773993
24.18382875176644	137.52018994979173	94.63852277850701	34.70534301479518	129.13557570312588	101.2883676787863	233.2929814765702	14.11256931593951	0.40051426319885003	1251.5746425425434	-1.761779184	195.67361833686905	20.56316094124913	84.55500711980278	202.02985673340518	38.82958168780097	312.3982482580408	104.54138506772271	70.37708050206957	114.67838643653673	0.13601398322895536	33.951091983449366	25021.73700062232	11.800106829786305	9.252112654388117	1036.677554751345	22.818577819177317	9.814263587491467	25.718038653800715	4.041043017376227	105.33624180574411	3.947061951676152	53.341072239723694	3.4700566977455165	0.18044990477261597	31.218849062853817	21.75379986728802	2.9470848683705033	0	18.047201222502984	73.88035443529581	1.379719284204779	159497.3532339753	36.22526724725901	527.1011454930218	338.7364999923525	1136.2824087175838	4.113800492131706	19.491223348428385	322.49249525304333	129.35158953671993	779.3177172471253	12.42453652119579	335.2501627128179	40.986122674995265	23.55114199051503	14.121726352037266	3.6014555563845416	0.9367884613953827	34.29108482303639	2.2005867024830215	1.30452725915159	3.7363531597267956	45.266650884272906	57.221777542565796	46.820208141283864	0.7275630962370843	3.817985655427156	19.172453476930087	1.593941920114331	3.85532591856161	40.21240788654494	15.23992837610167	7.698536552440168	27.11804039718209	1.794573008621485	8.249124292795239	8.953433334276314	5.6366738615023655	0.05033822558387454	30.700494541518868	2.2492857787877845	16.24992679284626	1.5936533781154818	3.543079259441874	0.9398485470592993	22.439212404428392	177.54523611307275	5.227079626210177	0.35370851190300007	14.606256457611346	-0.031301788	258.96698549997876	2.9500478939348462	0.30968182664688265	2.020623575882603	15.399554053128819	4.073233987401577	2.417146934310921	5.612548949797796	-0.221231616	4.184216614172529	0.2365844584912248	0.8003095304116035	2.9961890293457722	1.1408867595111831	0.39980286281523447	0.40736324205513175	196.4453734235692	0.43779568725450957	3.30952140414085	-0.351897881	0.22308780261667394	1.4341977648224646	25.415600947380756	56.58512098374273	8.82172249578038	1.1441582075101895	0.33340053354219973	6.139197166672672	0.2458171138679388	0.8752106305732485	20.972995234068275	10.10410760897245	0.6266037363945682	4.539324978968588	3.8353110849190686	0.7456021794199833	2.3655503794715056	0.9774109984656912	2.0538609371456333	0.4380052810188	0.15529363491878784	1.2947049176208818	18.325867473210092	4.922821718371354	12.09326557518402	24.971753090846953	3.908077901899293	15.430641375973382	0.19900589841342925	27.10718598786676
22.725198857192055	150.32974105053978	86.43030160072601	36.38023852267732	138.46577166693183	108.60478736387722	220.7507897313777	9.669106251106125	0.3781690153504668	1185.5935946493344	2.8307159813601936	200.33838490931572	17.161623601883345	79.54460090609811	186.8388484364531	36.60875325953649	343.1250051443533	114.2101447060702	79.89822714583057	120.48284479095868	0.22107099231540112	37.184547805410205	27794.16467468929	12.90339195096054	13.297948017831253	1118.0105428336476	26.099225539424534	11.427660785123392	27.886540661048045	4.448805825938444	112.78518748088987	4.0731189828258865	56.95609065597825	3.4321452556138627	0.19160484029489117	31.096122640984177	26.04677750879128	2.7766010020217573	0	21.520081453162973	75.71054048878194	1.3810435634825167	156896.2156900071	38.68113766990708	577.8185118429697	344.596741561318	1191.8957540020767	3.849708444592515	22.273522478628625	378.21180448354534	140.20159138960966	806.8845408989239	13.642408776589658	355.2580543825045	39.92809048184059	23.177720631484284	12.34296394530078	3.0120165779470005	1.6370145642336735	37.89069663370646	1.9556893450643964	2.393665059561907	3.504948193450789	49.702300406913736	59.134634758391115	48.550766670284105	0.6214741450939425	3.3106621617165968	25.621160642161968	1.6313852984181454	4.668841329337473	46.48076645497685	15.801686959428096	8.096054984400135	29.429167801501055	2.344952101307407	10.803625540717016	9.804455295937064	6.054750101384415	0.03233133978560452	30.70377872314336	2.5581386308026324	16.803227446348068	1.2764998763260127	3.5921525241577084	0.8585077671779165	23.32606411365642	185.8409573130231	5.0656760332277155	0.33723140788480815	14.127593771592187	-0.071950713	306.2309399994726	2.5479870134717277	0.29292191660421374	2.3711740461831425	15.43272882115884	3.569094000888281	2.470169613104127	5.250441226853789	-0.225667219	3.860236167002596	0.20954126912854115	0.7041503862536769	3.215536031380467	1.5184696511637559	0.285725056714482	0.3898197882131893	209.65565052147892	0.6532544398403898	3.0435380211258516	-0.329496606	0.15762167242949102	1.263970270602325	25.33687189066335	56.388319595227586	10.05731210986245	1.6183097875548134	0.3487319201196843	5.211542889556042	0.08809175990002774	0.6784575793384646	23.866408815833623	10.03599078063171	0.5886346073310008	5.199309317481557	5.095764781467821	0.7135344895491648	1.9653220076052196	0.8375470595838044	2.3734496905932034	1.035705779367103	0.031292414517349404	1.2706514400936588	23.07639869254356	6.6639111806109605	12.947907601121214	26.694888214011172	4.223490203127818	15.497604434275052	0.21471068265107718	31.56158857601425
21.120675986359345	168.77844480969685	102.30999349270135	42.74623732409092	167.45897488434926	111.56142145954276	219.2902934687631	5.3799163052228955	0.3467132218264079	1228.3328437059663	7.989040151035682	191.81652327723828	13.585391288397638	73.65889728658097	178.29177551610266	38.321745076312375	350.0453361877039	118.1457240394008	87.03031231084057	123.79237196620966	0.19099017072374025	38.69912161101265	28940.584641108886	12.549246801488534	15.580261404395136	1134.5499158227105	29.078831721464294	12.84688843943842	28.9115962477392	5.902328178866286	109.39568296409436	4.354376741375871	55.690924510928006	3.1950606000269586	0.19589613705609213	34.042785182071974	28.579054060880477	3.0598674922472333	0.39000000000000007	21.950071217162073	76.86639172225598	1.040804107928005	147862.06542973555	40.42098692019312	634.9595862026337	351.4930567265475	1210.4408921380582	4.206534348469467	23.139386021449987	432.74282865649076	155.47054531552212	820.9581459585748	15.94922154314645	379.81741525374736	37.088018793546176	22.70630978941208	12.371788860878917	2.3211610000148037	1.8781076198611246	36.53362636429833	2.2266110430357022	2.5320791281443347	3.4515352779988593	52.583315965083074	65.20216720988216	49.8717463462758	0.5073498647122966	2.754751152525596	27.096362271605802	1.646142779939034	4.750939959155627	49.09786617291628	16.953219075639034	7.990939923632102	29.926307431343094	2.759944721685515	13.428567897625106	9.46624140255363	6.589376214236728	0.01515520237359337	32.6256211249111	2.8793620386919163	18.207101211109254	1.7327667284257102	3.7185538866772285	0.7595458322693346	23.764448728551955	193.0618776735877	4.928442518546669	0.31228507203189115	13.842969541027177	-0.106376225	325.8815708490329	3.2096926106507686	0.2690503400676853	2.4455342480681344	16.13960424775109	3.008295192999667	2.5337849356248894	5.827031039398568	-0.222889245	3.0528466795395786	0.1789161606282696	1.5064826449239326	3.0064822522702777	1.5127401641161586	0.1744832795223703	0.6223360861090454	219.07523039395332	0.6275696839724703	2.8428468357785777	-0.29945056	0.09397350508814166	0.9728464176861297	25.235909582897783	56.28954875770713	10.377623399240438	1.8564969159683304	0.28206821043582986	4.120307753464393	-0.056503811	0.4810261058470053	25.044488774947432	10.073605911706093	0.5368033529538601	4.9973159426187825	5.297300164917664	0.6632675339789531	2.616156812697405	0.6865431028025921	2.60987607797822	1.0425650544995626	0.30875254372053434	1.1108837671163485	24.669584829167373	8.540974361208278	13.258648196431052	30.254863178438633	4.2106565681396555	15.392943053718303	0.22240366798542796	36.06370324806656
18.872985123019127	195.73892484864732	125.04241639069811	44.63324912564043	196.58908853349448	119.40554950185545	202.5171380283471	1.358247864771302	0.30800161099996265	1286.858182545756	8.691860699212551	178.69235211005144	10.089220467608571	81.69199711041811	158.96065662230416	35.01378535912129	343.4322740410884	111.32337371821633	82.19827959002436	121.62717526494926	0.6781877261695333	36.84126438772447	29350.305071653256	12.224038762919074	15.406935610170777	1091.6788540381858	29.13811233365615	13.078786675138794	29.256798388329067	6.543428451135355	104.87325841005558	4.176877421829581	51.311547245054946	3.1458325919979364	0.19388142002949021	32.32349791358883	30.23073133593434	2.8230113086827444	0.9493000000000001	22.128559868246402	76.50066608071495	0.9633644746911045	148664.73823259905	38.46422163784477	667.7477655402523	330.6649486734575	1167.6582896962996	3.96148163150464	21.77448162934571	450.42846555244694	152.46848748937765	790.5856461335034	16.446876386753168	366.5263175802535	35.099313710274814	21.610850737864737	12.756577619072875	1.7897561498753825	1.838748141329997	35.626254330902064	1.903642239918806	2.4806894160241897	3.489917595752157	51.63873048848298	62.856881399927644	48.49447566428005	0.3894175164274464	2.1717887096779274	28.281152869957076	1.5100402299096627	4.3823005272172955	48.07031993387426	15.991001407959708	8.096608171231908	26.475943875260636	2.8806397383752467	12.888158981913632	9.227861656431928	6.722858429376707	-0.000757977	30.87651065275473	2.6820822446315145	18.174374563061043	1.4914238934626667	3.940758496344479	0.6476937158835308	22.556061420101376	188.65884966788823	4.457079079777327	0.28046481760330916	13.311518647287853	-0.134167899	331.8506914881662	3.0989368697923823	0.23949441098277915	2.8590924023225823	15.791604004251587	2.413327410109924	3.125025177824829	5.621150939506912	-0.083702391	5.224610740436675	0.1459860781591771	1.743387198379445	3.0781393835029993	1.4622014208498366	0.06913118166379867	0.6129306716320446	211.10059536736168	0.7156263131721686	2.736939363892674	-0.263425602	0.42387094932828306	0.6816495575309698	23.32796621842184	52.34196854120751	12.384574857703415	1.815170424061446	0.24360882540728596	3.014586898377977	-0.184944711	0.8089069965292817	25.913426074901434	9.065251352321852	0.9940511234258177	4.985602426963722	5.569763005074993	0.598129247946394	2.35342343289945	0.5300432486154234	2.3443635442853887	1.0174614504837893	0.3792040836917848	0.9337663484232785	23.703364807253784	9.964101992909615	12.950555286316975	31.45119475107019	4.1027865996061195	15.396959519605678	0.22265524474678083	36.96369535547165
16.18387379232236	209.3411891382433	151.84032450717427	51.07256227326579	212.61851816172032	122.21309825488122	246.35578399112225	2.5079988324217295	0.26392111292616305	1271.4352420251942	9.063643371595358	181.10982749628175	11.349990114870156	81.681027038559	137.9038299192164	35.796208052875684	342.41754988790177	127.84355721760382	80.42350175358902	118.17968297586641	0.696319894285661	35.383954955133376	29367.67430699359	11.184630365318988	15.28873432706373	1105.2245328109682	29.287321514619133	12.355131487014965	29.119776363210075	6.614115842643456	108.036878559119	3.8918217115830327	49.840761288417546	2.8071524070118783	0.18625173210466378	32.59643443454634	31.18031894340478	2.525150404214222	1.024191	22.725342858174905	77.45649302090656	0.6647678705371609	143468.98160819823	35.97920623459592	729.5646939779015	329.49970296547286	1167.794198807828	3.682089737291157	21.21283322757149	481.2026847922341	157.03258082116633	798.3128269069341	17.351359454396622	377.08854014670135	33.03649972402234	20.486612069336186	11.920190172875252	1.837799100253642	1.7481621664120823	32.04083187091837	1.5558610499160352	2.7500179926353336	3.3797641538575607	52.67944164488841	65.89041772897075	46.25009778055548	0.5315958774782579	2.101968849824688	29.45902982237451	1.3422467279859387	4.309056022656279	50.03341872072022	15.375275464809524	8.448811348934779	27.25633835852861	3.1928460612447473	12.795146188315897	8.49648403522944	7.051306670121388	-0.0150571	30.36601590823136	2.424067962638208	17.529689342925828	1.2294726251920474	4.402519890154671	0.5275959996598014	24.121830999892815	193.90635897272207	4.289139612491599	0.24341264408948607	12.803867283503827	0.10484463182601877	354.36737931874114	2.6062885969260634	0.20570924247688027	2.745521969081908	17.644655664974486	3.1054565832058576	2.8633906404700293	7.107224321419214	-0.055923151	5.112460073030962	0.11196942159221857	1.7042996805380226	4.630286620107359	1.3728505092846517	-0.027759642	0.5860778784537825	215.66040598240835	0.6734084900567321	2.3595144582785803	-0.223100372	0.40806252066456183	0.3991228966653968	21.670978203840832	48.36888729012162	13.409293924588992	1.7235214686234066	0.10168711411937786	1.9290005218488635	-0.29499318	1.1997325882474519	27.098066862612992	7.945774708306381	0.975752583147805	4.685492190065257	6.707886671064339	0.521560913078699	1.9463606880943067	0.5032920823885089	2.035071357633279	0.9643443633550798	0.33123434715515665	0.7463476811468173	23.662665843313942	11.33599380165353	11.844755008624794	35.04435732390648	3.7826200299377537	14.128665553316148	0.216202006489595	37.81477739147208
32.77815738092559	220.5629913247324	174.5632320767876	62.425767237930636	236.106449282272	163.27349918495796	247.41989183788624	-0.232465262	0.21633103127195855	1271.8915382959326	9.126338475592023	192.9422605190006	8.574183093959478	71.91072316272903	116.05557098886094	31.726502235668363	345.9817716533968	126.75641565052443	78.50349664818954	118.89154942641586	0.6917492487616062	35.420857817147386	29712.346389590086	11.853623896519343	17.363691142455476	1072.418907722143	30.542990132047247	12.823187873093072	29.272863249706678	6.439311019721444	103.19303033650252	4.038516921013648	49.21183108879135	2.67812566831407	0.17379746100918012	33.244184270371704	31.149538221826038	2.1813210780661256	1.06086717	25.520687263365314	82.91304247645184	0.5060878906824968	132818.59119799154	38.23331618463406	783.9129887524487	324.86599073932246	1184.6526910439688	3.120174340380287	20.62096466914755	502.7734015642755	152.67928739514113	803.0679047958138	20.174853431643832	375.7018842521034	30.708872144674444	21.190198905580402	16.30983576611113	1.2259037825864663	1.8741899239935966	30.452726700805485	1.1961821474160605	3.129913171806303	3.629233131536697	50.61569843630665	67.77388789324041	45.19265475178669	0.44360852609964047	1.8360719104620316	29.775348184878972	1.150965174415009	4.073864287871675	48.31920506725998	14.689863852030074	8.032329868399318	28.221003242713927	3.0780463699899556	12.247580288428459	8.033349655090316	6.565370886687958	-0.027474597	27.865590160913385	2.1191330699650854	16.883581964516353	0.9568323049927285	4.346029547879203	0.40368017506865095	25.217368691708323	198.95192657789087	4.489319903559696	0.20276330860436073	11.322865037593086	0.11681057041204554	349.52137698669634	2.214716493438595	0.16913131354726485	2.8209429200928446	17.54306248967586	2.8952091414960224	2.542017837636609	7.47147363549771	-0.02924414	6.378150670174892	0.07799534803418931	1.617991924064602	4.678310534448062	1.3812491735974457	-0.114128594	0.544328028239733	211.93442335647813	0.6152101945511372	1.949046609477539	-0.180114653	0.6415930592472759	0.1328752149864193	20.5395596446027	47.862047545440674	13.669262267048344	1.589331764670469	1.2709069605366792	0.8941027673171957	-0.385187006	1.1154836431463817	27.091301565675007	7.669872487443265	1.1900113194031592	4.0748282111546805	6.850961370322819	0.4370025843054125	1.651613397126849	0.4941172703126304	1.6956562489173816	0.8876086540385888	0.5381245538575367	0.5552804501635976	25.53615680046866	11.580616615473447	10.29419210844309	36.53687291974196	3.9009915163380917	14.083341017056087	0.2039080318634399	41.0563079021283
31.859667889240736	219.7957235528306	210.29695192713598	74.29087868899107	258.1123938123003	178.3796550464783	241.71499214483723	-2.691908988	0.1670100268450157	1258.1554587907194	10.72897391492126	211.8331824238775	10.658731282321083	70.41012797960019	94.05047082187517	27.11197193311172	351.46011809274034	144.92529577063726	77.44038715388434	119.3654827491179	1.3168831903271085	44.60144465844558	31885.160872239223	11.990109357704082	19.420241542034383	1090.871277910536	33.086802183771134	13.509742984370575	27.85245555006242	7.708807348499991	108.04777602605262	4.8193871018707926	50.44943897646404	2.5416578334366204	0.1573746931929694	33.259833594503384	37.137349425750386	2.976435052190855	1.9720497079000003	30.490876610135718	87.41654571214902	0.24809327209282422	134329.71209286578	40.62501565412938	864.5590643869676	322.4596700136075	1151.3557533251765	2.520845252949096	20.829654026491575	549.7738446121845	153.23094468986423	799.8254377519311	19.270752408217007	365.84283741940214	33.352741158921106	21.07772109103279	15.29122172704009	1.5484208832084143	1.7313892080971516	31.69985024667973	2.006585670743602	3.1079214379059863	3.5048782175018185	51.269858595493865	69.3057944042859	46.31517638334118	0.35111165407589556	1.60168250772178	33.34677426558662	1.0742828209687219	4.059975797929383	48.77683662712796	19.68229748496767	8.056526639865423	29.582571541199293	3.012385256760945	12.027343569876912	7.915528223312395	8.431067554997233	-0.037826107	28.819239283499805	1.7811176744603228	17.975577865012337	1.9827510476635597	4.744807353394906	0.28004552768455604	27.296831553591034	205.58437962520605	5.104802568414192	0.1600960074096171	10.750277065145628	0.12407559802710827	352.7543335782552	2.735860105496715	0.13113723810419303	3.3841934883999016	18.585336757216822	3.71913016971229	2.5665217799574322	7.685153809103426	-0.004355706	7.485927687499182	0.045078821390937315	1.6217751855165854	5.581182741321253	1.2473704962710368	-0.188436793	0.4904233221998966	213.85300629244657	0.5443754227595677	1.7811541472722752	-0.136024067	1.9325227521943003	-0.110733955	20.065096151950303	48.3700303488646	13.473155907250309	1.6808810781727108	1.28507761349615	0.06587170521917896	-0.45480584	1.006195083261027	28.24247375146057	7.201464314043164	1.4071438424508833	4.18298578380052	8.064199758545767	0.34779001088029227	1.2367924333423315	0.37103642133496095	1.3393129636055527	0.9219182560325893	0.7681820032739525	0.496661528773792	25.656213957893854	12.12335864944717	8.719859735026263	40.45403076840162	3.620496108608253	12.870048703910347	0.18672621374399712	44.80199612465506
34.91723731004714	231.04131085153404	223.3283912346354	76.54075263427573	273.87437207495674	206.73380567045223	252.739132656748	-0.014651073	0.1176108220554167	1276.5783234723058	15.259476592869937	235.3100166655504	13.225062713376897	64.64728847539624	91.67436654693174	31.895535502817395	345.8368263453674	159.55952900561968	75.56037699439314	120.9810582570762	2.379997242026248	45.76592947586058	35362.58908045628	12.923242992039224	18.898529655394366	1110.4722727427738	34.9636289648095	15.082350294989213	27.848514953880716	7.8700898239456825	112.76561386586611	5.257588651586098	50.20980290607554	2.142587047043817	0.1378729613625907	31.126122978386796	48.43225902650979	3.0927445773373856	3.722952501	30.46932072392501	93.54720225291202	0.39845531719933414	131652.8095354666	42.61879470705128	948.3237605264256	331.0901912600558	1167.647836778508	3.5958237166725513	23.262584827306448	585.8210280169369	153.31050791441908	804.4424542798787	19.108938914886355	373.87441014738897	31.781641036975476	21.03415942520895	16.37573244006495	1.3522336472719148	1.5509268875474365	31.601265930566157	2.035751271616081	3.284891234258522	3.737812448345373	50.03050698089754	70.54533643209827	45.42599056023999	0.25733111963224825	1.6626815700239004	35.120654510255896	0.8730402182380018	5.4756768830434375	47.38539993219531	22.375018830062473	10.676607934988954	36.52050586360015	2.892918697152007	10.928310216084212	6.9020230880128945	10.977262529825666	-0.046007682	27.872946315322586	1.4234702882722265	21.53910683950835	2.3665953846374013	4.621363157757192	0.16037297920833393	27.70944318267774	210.35605597903356	5.125592889730814	0.11689255611205934	9.432439577988548	0.12689185493985147	353.5713645033105	3.882813553184122	0.09300845306230261	3.1895931952242558	18.845823495287185	3.739085190015562	3.2515796746474503	8.896911351075467	0.018174555892627845	7.318349172466068	0.014101582770282402	2.6465268652578726	5.876332245267488	1.0894585717891379	-0.119661068	0.4271963870980469	215.88414074604478	0.46429286546436815	1.3766163068693698	-0.092261818	2.296383793280793	-0.326660189	20.736126124004638	46.706113961480206	13.98246550621457	1.5128490279795472	1.519278872754789	-0.391512402	-0.503818615	0.8776495268663769	28.26125450612376	10.803853028561777	1.3603487979203086	4.464838025667761	8.134188315190048	0.2570649944712753	1.6063497929359958	0.2491325646150096	1.1084246179167403	0.825139350146212	0.7521882476505081	0.4590046536597532	24.68457898083971	13.818125720540106	9.15136480690033	43.715851909143275	3.159435358393151	12.45198416096187	0.1656607910241787	45.91905564118949
37.76153266947149	230.89110009482113	240.09683487434583	82.40941660600366	277.1639213490988	234.8305270619152	230.9686851377653	-0.914679417	0.06962321308311509	1321.3415519815644	15.179144705237649	239.2798669830895	11.438009119925821	68.08131426735078	77.90564170307469	27.74387665046798	347.5607589823707	168.5135530469353	73.79155654101925	118.90564446652637	2.5953999712946856	47.360987927258265	36148.81679543794	13.165365973179675	20.93203306775652	1110.2089999095047	36.68386419879974	15.275226365696309	28.20951296870076	7.669141357128433	108.51869950572228	5.934242386782291	49.52783635554361	1.7191457278789797	0.11618521387437213	31.45199973453026	55.06470989639796	3.584640812649142	4.40707643933551	30.735840804617624	94.74837707201134	0.22182749827921308	121277.35294774338	39.36463201346945	1029.0422742361452	327.67495464405755	1180.3912767831512	3.4154296225234844	22.284345003220643	617.7688622407062	159.23279957908588	806.9744955266352	20.28003860344218	377.68659329815546	33.15420169611514	19.36392914321123	18.820520108585377	0.9350981255109079	1.6019829924262696	29.80450206814696	1.93092777425283	3.0456173139480485	3.3353188826542115	48.134175318333924	70.93456416416645	46.11294360264172	0.16520870504399826	2.307700278995092	35.58352709515057	0.7957306692332137	5.215537553154784	44.111544908790066	23.947217475745923	12.254382862550466	43.549031577852915	3.2486112325894023	9.411330891188255	8.152807773602957	11.579520131276485	-0.051990869	26.84509425450341	1.0588835320547731	24.640109711369515	2.3710574263747364	4.561622486950532	0.047856496203484006	25.439510353375447	205.5098830181073	4.980536392223848	0.07450267326089557	7.95341265220752	0.1256197305131248	356.519551400761	4.638587249507264	0.05590229293273215	2.9187651355094473	19.774886854691893	3.4748721525880404	3.620584389629043	10.040585798318041	0.03790655476373152	7.397978033762282	-0.014200979	2.719407571067295	5.855676831461074	0.9146540826017545	-0.154173084	0.35747625389344084	215.5756375319018	0.3782897779347575	0.9712337613006737	-0.050107938	2.354967216460213	-0.511193994	19.0179693151334	46.98740579398984	13.501370180095966	1.8362347119663136	1.6144816399049209	-0.961412726	-0.532815554	0.7356290403052006	28.190319550136913	10.181887280771676	1.4074227939051822	4.794559902578245	8.3331523667142	0.16770052986902179	1.2907609227822139	0.2619451166286031	0.8973723682593067	0.843284154344086	0.8452282201598929	0.31134332644732565	24.499570132065795	13.548872312907546	8.605178427379984	47.730015378536464	3.2996976224477645	12.192166547479388	0.14173208684561675	48.22683753683479
40.328552512869265	267.7791774109349	247.11552910385484	82.61893168237867	306.10959805535373	281.58266050237444	214.7062218165479	-1.997264544	0.02434566861555018	1382.7482110804503	14.651471665211458	284.184336259382	14.29652061222208	82.10949805208934	79.82662009251112	23.175067383839462	337.5054755862026	169.7867680927113	76.03587143675217	116.34060272103575	2.8714004284974393	47.655710895698434	36858.2172350583	15.84831567701069	20.144225146849763	1109.5957843622773	36.52155998342696	15.840558038361806	27.54812579297778	8.128213496279058	109.57091559642116	8.035203476855397	50.55823136939858	1.2864741687942565	0.09318068471874424	28.76172882302347	58.311974382405374	3.8398082000502485	4.6205756908617035	29.74363365310245	93.8769830970404	0.05620763630272768	110653.61143036016	39.61494662884173	1052.6976683478083	313.26099305033745	1160.7086344838356	3.8606120491136195	21.1953988114468	634.8688471748774	158.05587808991342	790.2340977829169	19.59562716503915	369.3569603349006	34.054880238457386	18.229804015116944	19.986213406996203	0.6616232121606744	1.7898739970444315	28.093279529925272	1.678658793398319	2.7389022662501805	3.0030151070525397	44.443451562476646	70.13683219810281	44.39781303272403	0.07734227076325331	2.408986108699312	34.87260660870126	0.992280155051908	5.114946029660351	43.17172904046164	24.58377973258865	12.676748811479312	44.08823377334482	3.2312761775053764	8.153709572046248	7.913929757425925	12.404166368643926	-0.055816012	25.384674572131054	0.6989889454974219	26.92180900470348	2.593941541147096	4.721007208616023	-0.054844033	22.98338549640212	200.32303086273046	4.920569452700864	0.034116698497021314	6.343686039438369	0.12070622661367708	344.80733306644356	5.289625958712874	0.020829680028136774	2.8474569277008364	19.11779727251537	3.0328342543256297	3.344071101423605	11.058675226886816	0.054528157104812874	6.747704667916007	-0.039247256	2.603417979163756	7.31141665409147	1.6398904198550572	-0.180608705	0.28400384639249215	206.3207155132161	0.28953830582006523	0.707252457449827	-0.010666209	2.337043280827885	-0.661938599	19.931089107695286	46.080946269428814	12.453343281186346	1.6721947861954138	1.5517296811428918	-0.635480636	-0.542928332	1.105741731190986	25.730768503244644	9.116661489337435	1.307566706474413	4.507472794720334	8.442225442084512	0.21224149583092297	1.2280081119603437	0.6856180599419792	0.5805041725198373	0.7343159534918501	0.8036073488135425	0.16910783216272116	24.358075064207295	16.66007807665101	9.005455332990271	46.170862039634244	3.216942731423484	10.42256569892077	0.1159442904795425	48.80703611681052
42.69901379654118	268.6350716731092	262.8088880372973	81.39892730064484	310.88741914932257	304.3121007837165	192.43881817295576	-2.911673222	-0.017134491	1390.5317579370342	13.737021779231544	293.5328285202638	12.74028533692205	74.32157851679138	75.22070204022856	18.367887022358616	333.6205562620652	172.22905859112836	71.08467869980925	113.90184706846313	3.7436588271249946	45.361290240423635	36582.601113664874	17.31752094014828	23.72087126362819	1083.1060168389042	36.099839390088654	15.674139802609899	28.08643356103776	9.087532016626247	111.99078261015752	8.95501235361553	49.458839940786085	1.508475540554178	0.06968118793711682	26.747633137976656	60.455153188339885	3.5542646027097367	4.964107746509427	27.048338207145722	91.12641902665534	0.035463531434809	110579.03572180447	37.181781383811526	1065.6265929978708	301.6105978244792	1147.6829973799365	4.095457871571333	21.49948527450694	648.9527682003851	159.5049724069608	783.7907168800831	21.781788055525254	382.84958185792425	36.793844519411685	16.85219727937858	26.005750973356058	0.5556470937806441	1.6052796812894443	24.620380859627996	1.6612569468273095	2.6406916553345945	2.773851255799459	40.8384966353308	66.91476846270247	44.13226112881639	-0.004057788	3.1678737721721304	35.28659997263585	0.8394062876371757	4.960965277625552	38.10074288775221	23.91917237176944	13.596575701170893	46.83086873608719	2.9187363426045914	7.127239097657053	7.641521650143819	12.714222991215307	-0.05758416	24.658756620832	1.134114149230883	28.05768409856294	3.1967189982078072	6.302823241856485	-0.145629189	21.143371560234062	192.65517299700937	4.448982123549152	-0.00325418	5.674621506762982	0.11266288630576382	359.5421165735646	5.016872018236537	-0.011360562	2.6278558328420614	18.90288273038104	2.674015118259691	3.774887008996003	11.643195455792108	0.06785175449864171	6.350027498616878	-0.060611487	2.4209248070756586	7.0322399948360825	1.8034064107873777	-0.198982503	0.20935856424986354	210.09166423100248	0.2009758317422402	0.4784517102605701	0.025151333604622766	2.2508004403339528	-0.777750586	20.17496424777012	43.67270430924103	11.226518773732096	1.4743930094157418	1.708701027822779	1.3169226638344473	-0.535741983	1.0056709010524634	25.885249505944262	8.404458432366495	1.1784692265924883	4.043870213806604	9.117124446655255	0.14596112032170636	1.4546903388618502	0.6463551671257582	0.27790767117871984	0.6142150941200823	0.8720403441374208	0.4260226523416955	23.249987251208424	16.930360921720602	7.85554088804982	46.082498173433216	2.8759550475589273	9.977247964250394	0.0892569450356894	49.43500375528436
49.92145853794967	274.6863243588728	275.8586444362766	74.21895553806503	315.7108355594148	309.5292340134129	183.7549903485342	1.162709164745043	-0.053952601	1382.4909973698489	12.631906228472674	302.7004866994495	11.08746502904436	84.34280357951947	72.04875473196742	18.300388086355095	341.98551218247957	179.10024828196987	69.63606487556633	116.80991156909387	3.9763816210760443	47.18547294346361	37325.74857100084	20.310280048767666	25.958226630819933	1105.8920455627017	41.467295674381525	17.17413919635489	30.248317545460612	10.458292724439929	109.91893944421552	9.264189972091184	56.59562245681127	1.1630225089214823	0.04644120519553865	26.522518027295224	69.80035951803075	3.710647427021984	6.514363364197095	26.241122159570295	93.41711879250913	0.565729931110638	130422.44651245022	36.97647922	1138.0838273929912	310.36692418647243	1174.0994340650293	4.073955375636135	20.288178533025857	685.3897140773305	172.24400812009463	797.6779525611302	20.83587921529699	413.4374537729079	39.41509703668821	18.356785298832694	27.603162253879248	0.24359917442519763	1.6509864066712725	21.35616063057161	2.565757576508582	2.273081355850529	2.8043882519977026	42.96888230183961	70.61746804696108	47.74929658143502	-0.077196108	3.085836456132503	34.33059600099789	0.9366376183348014	4.373553642465466	44.103833063681165	24.593450575879075	14.046522630858188	47.97431414047271	2.5498884009157474	5.489598497777067	6.567108704085609	14.021847261793088	-0.057447968	24.145667766037896	0.8917034081140718	29.188241160079567	3.043317139616213	5.937372974517206	-0.222966953	23.503057870875786	194.8744457279501	4.051084063606138	-0.036790345	5.172224782152244	0.10204399343946896	364.80715823276665	4.620887311260738	-0.039990963	2.7713791724839023	18.202373160548714	2.5608574422525554	3.969374715541281	12.249967798133108	0.07780743951812841	5.501617221289157	-0.078020951	2.3140532079841014	8.160013801661151	1.6964686103028448	-0.209549447	0.13589705339400188	215.90276815008014	0.3752403301199305	1.4581774864824217	0.05663258201833064	2.105657870679395	-0.858648856	21.28920294640437	43.65510541579479	12.995581153811308	1.5121396200315647	1.988714208999994	1.624577953936744	-0.513202009	0.885437026896219	25.437724923195596	9.711341928121653	1.0269274179009813	3.795311784570049	8.481019817369267	0.08192994875376022	1.4750636329073503	0.5916279085773867	-0.00276641	0.4876978678618889	0.8074688296047887	0.9944653109325214	20.705208601973187	18.365704654631614	7.294951660961921	45.6504957486493	3.9427874806540584	9.767144564119542	0.06256062578515094	50.07712451725229
47.41401504907881	269.2418620452939	301.55766586226974	84.57041228560125	304.11058526171547	328.37877689973726	170.95689559609875	1.0947720376490535	-0.085470321	1396.2395829382865	11.158345045935512	301.5003644597332	9.167302801083109	85.25162202858917	79.98253951257337	13.990627401361273	348.4044071453782	182.78131155526813	66.59323048748072	119.20287227258872	3.8665406869997074	47.24167318789568	39060.61882547319	21.304454845062082	27.0830996623679	1149.902710047238	45.883987460013664	16.778914474834732	31.04656360507736	12.118228579739046	116.72671241154127	12.534524129556537	59.59085804752959	1.0772241051844114	0.024131984572252123	28.204238886863077	76.54703442921159	4.770072546092347	10.314162519190083	24.3173940519653	94.50623501800226	1.0459977928855648	127278.87282865788	35.192412899279525	1183.9028235268097	309.88661018667216	1182.4412440596618	4.152384468025374	19.729357109702107	712.0112739442613	174.16182001831226	801.0661260972386	20.899484882632645	439.0134148832059	44.10177139113643	19.69021095737642	29.262737538733738	0.2154480717725398	1.4425928673147796	21.847677605503712	2.532835415926469	1.8740396456393542	2.347739901016191	36.85716293264236	71.881373631385	51.202149591348736	-0.140704712	3.079427778012864	33.070274546493806	0.7960466874126204	4.3636765615474244	47.84349923010679	27.752497442301372	14.49007918865101	47.60418558020549	2.6614286013683155	4.241034002951766	7.223123791510652	14.7680536874593	-0.055601957	23.739517763742064	0.6467826388655193	29.95009528064214	2.9439559526952914	5.43034654467634	-0.285881933	22.761683814327068	191.25555781395826	3.89144328774924	-0.065869183	4.444900986538014	0.08942567005661953	389.12148097906544	4.125874455644696	-0.064558595	3.0674088029870417	17.51584335288316	2.082189810578557	4.795332409965793	12.498563872296016	0.08443333285012258	5.2229994550555325	-0.09134884	2.178447172562177	11.270209813753878	1.54933053155768	-0.212773212	0.06570478202190633	218.76567863274764	0.7108211687562539	2.726185360487616	0.08326672813011782	1.9118598218699117	-0.905697833	22.55334168678306	40.639613249219344	14.22786986126826	1.3007473809848582	1.881064645789488	2.4627303764107085	-0.477519972	0.7506634293487124	25.87182105102593	9.636196816457648	0.8597319675415956	3.417749844720048	9.894095056490801	0.021843995879995887	1.2491476885610802	0.5246245386265306	-0.255290091	0.35920142819365813	1.115130401637276	1.1062297443362892	23.793751559602278	19.186542874612577	10.941572806753955	47.552178693884294	3.8446530460200545	10.455037167078189	0.036657119686111794	50.41271946750586
48.24489545762269	271.18459010171404	298.65005516979545	91.2396109898158	307.3270424359346	339.6220021904371	144.1499034510239	1.0007854621331913	-0.11127216	1348.4761224617318	9.49738963	298.2752435101965	7.164137711885489	80.92200997189423	85.46346962974151	9.692123962825995	363.5992803976256	187.33082915457854	76.63688262357925	115.23045073755642	3.9116876257210134	49.44500321224766	39835.2934897341	22.980078516375197	27.322992400890033	1224.6652267819038	51.22249044328217	17.22984479122155	34.003588150580114	13.26862399211608	122.82190670978821	12.85178914738866	61.918844337750194	0.7676888186655153	0.003329726474126691	30.901660493868256	85.22263081639801	6.300452976872904	10.554556883108068	21.856516933561846	93.69125257040601	1.1768589346964322	126738.20032838504	37.630980822059705	1267.6728353414421	314.71772928125176	1237.405635733041	3.9583991171349266	20.604537115419674	771.5903396061715	190.10299612615873	832.3234984968191	20.609745436755755	465.1713774359779	45.62672516840574	22.009587721344474	31.668473168940768	1.6736486372319717	1.4717608958744925	23.45461255477749	2.5872204089247743	1.4586809170801163	1.8663241881023445	36.680900612385564	72.072447448425	57.63365281253063	-0.193641314	4.341277134364803	32.093877001045314	0.6456334489602789	3.723876891874765	47.38389380298664	27.673064698812397	15.984577715005017	46.682944308558824	2.5419719237345775	3.600094937520442	8.666843656447872	15.51659785993511	-0.052272488	24.351797228763555	0.9269504673758566	29.6772611307292	2.9262122058856037	5.201112361479269	-0.333928956	19.74159664900341	203.77089195694688	4.271023290845555	0.16993593817520997	5.656962540889064	0.07538640891035644	404.0907270213624	3.9465866519209176	-0.084732706	2.741813206350256	17.022491225397665	1.7189232477546015	5.40483436264888	12.747343422873753	0.21786363686341367	5.225553481793605	0.28939652581488445	2.021048325505579	11.841279930224715	1.3704263447403011	-0.209291405	0.0005605943263631424	229.51932770816595	0.6915192884662573	2.815606886277662	0.10473945778682274	1.680085783285279	-0.920870978	21.184466302520388	41.41648190182486	15.28009360214147	1.071471944413277	1.9877480995263477	2.4431856453449554	-0.43108054	0.6068472886754952	24.56635293454245	11.209480311466312	0.9434641031919005	3.685411603513445	11.539039920005457	-0.032888682	1.0083489079926045	0.7085827695119643	-0.474902701	0.7527785896464407	1.7085719044173964	1.4636308420695916	21.639627674680398	20.999700986357066	10.645284653764167	47.837127983779254	4.090992463468849	11.720489394728627	0.012244250606393212	49.29237333870889
43.97534096158349	252.05750764944074	313.9737038914747	88.27470149391443	280.68204261965377	338.28224488635385	155.83911341692584	10.50617398030492	-0.13115565	1290.5347243589806	7.71760806727042	294.24437735030756	5.146365000251068	80.51769882171195	77.97240264630058	5.532707149259467	354.22668791271946	185.04547011932053	71.15706306736054	107.23835783390066	3.634969241798558	47.42465013779702	38178.251882876895	22.438737465065746	25.699206093533256	1187.7415350396457	58.48046841492536	15.938786732233039	34.51480259701519	14.065921143491929	120.6429243769168	12.901773989015908	58.486466668816234	0.5960763962385434	-0.015492198	29.772290125356868	87.88398864037386	6.608781775269219	12.564275104141014	23.316032018991883	90.14703079045721	1.5493281942853199	173609.6290682879	41.53676252790008	1316.4956609143683	303.5842045879358	1209.391419167091	4.245060327819477	19.56406300710289	765.0937885137055	185.20696473943576	807.5654287015369	21.25068757236388	456.0284024103933	42.31038181289595	20.256739177275392	30.62358104105887	1.7658196870285015	1.2538592947019995	24.607215632480568	2.748550290355505	1.1710976338643988	1.6370603208368122	32.27183750578288	68.32224046030822	59.382996127218405	-0.235475017	4.406703241050603	29.44230290011031	0.6208925308843631	3.1663408824131283	43.40873210448891	30.01138328870795	15.530089057273475	44.51333883482007	2.288201756152176	2.6052469305066386	7.936186225197933	14.454789679365287	0.3422922089979723	22.692294830419986	0.7512929990138845	28.431392561885673	2.6224564675803164	5.058768225757527	-0.367153409	16.85127030074201	200.54156592692823	3.6845145949068723	0.17706246904377143	4.968109063578338	0.06048948161140898	387.20032664878875	5.0568300290118895	-0.100347424	2.4965227731866415	15.867799573898788	1.2404156437804037	5.091241089184191	12.238824715707501	0.23141500136947324	4.371085501404061	0.3233854588986565	1.9787579133894735	12.470004637141727	1.1682997862624511	0.19012096361822983	-0.058085992	222.75203204479746	0.6534020175512727	3.881618052900374	0.12092273074425249	1.4210865750605512	-0.906900679	20.106944467608376	41.02316923211507	14.258692160863115	0.8329798931664554	1.824130764903731	2.352299818025429	-0.376352635	0.4592073434093349	24.434441041671047	10.31915104763012	0.7905191021814181	3.5057448383220993	11.163319099568485	-0.081161431	0.7613795382411983	0.7828876942234957	-0.658306969	0.6844146772645519	1.691412099786983	1.9613829047674758	20.40172734801029	20.021552257336396	11.769266776460434	46.55846850517134	3.949968165268699	12.127781717772162	-0.010094659	47.66529062263036
39.23348168630071	260.81140821291154	311.0457766242418	79.05804190278577	276.0910815064114	336.8179959660883	166.8842289837298	25.77583842725033	-0.145116121	1252.1514243357349	5.884276418549085	277.02926648589835	3.175978609772556	75.53828782189655	65.09127028181473	1.6232508025718078	334.53455403892235	174.5172828840087	66.17051357474287	100.64832348559348	3.2768736190143914	44.573592866657535	35805.776880219106	21.51836839493527	24.556822234106157	1137.1679664204241	60.54823453695648	14.938670877176389	32.8594515208963	14.461510945425434	115.11255254602503	12.059707126809954	55.05273276671119	0.32374292416711237	-0.031967163	26.61268808993591	85.97269102274089	6.288014240567826	14.116093249946436	20.48011463530916	85.27282026478959	1.6680706820867592	173960.44606215187	38.955863187319416	1301.9713341025704	282.05650622631345	1172.8868816827235	4.165703607600988	20.6407144194047	749.9540788750749	177.13432754920208	771.3162030247369	18.790014867240274	452.97887281505547	40.05636133855025	21.05147331229496	29.524470694733395	1.955799041234523	1.0201320748056957	26.926341933438916	2.6412906749324976	0.7771397499543211	1.181611030672729	27.39552558466697	63.38738695719389	61.28591522662085	-0.266061099	4.653385639836306	26.952617122265497	0.6099989286895081	2.469568247425262	40.578824612706285	28.71552852095271	14.445146593596883	46.565293743410585	2.021162552643449	2.1117263162790163	6.94050895031705	13.485518626471489	0.3871316698437139	23.14797382699818	0.5706624875176931	27.49716907306993	2.270402609078148	4.3788954568352345	-0.386040814	15.944438478284493	185.35892552210362	3.0461213307148514	0.1781644727541636	5.979097662091334	0.175267562594014	364.5829565140088	4.604344167523408	-0.111390249	2.100865700143789	15.302543100332835	0.7725463308902134	4.9162699103904455	12.34399313778665	0.23666877938384265	4.770931754011351	0.3442739349070917	1.9413338050832947	13.061756734252786	0.9513368900445127	0.24388846657962904	-0.109125341	213.1189049864219	0.5994944132012484	3.954579561273803	0.1318599944836117	1.4053546904064798	-0.867120389	19.70396648215931	37.01849275241282	13.7816700988867	0.5933476502493222	1.7521512407962643	2.1999335788970926	-0.315806941	0.31255517236751057	24.362687106836656	9.108280178748643	0.6291530282065412	3.4588724045002253	10.190270788188155	-0.122172062	0.5162657193176968	0.7262754956371691	-0.803621601	0.6023547158029152	1.7552259126260017	2.2105182740525473	17.175565233566886	18.7905718334977	12.15777268359326	43.480920919269074	3.6345472519305027	12.810511356978177	-0.029896838	43.91095745948076
38.71880388795719	283.625576473648	302.4392687850049	68.7813070136864	279.31648405930093	332.73563205886666	175.74830612434147	32.58526127668369	-0.153327062	1271.291911584742	4.057749642143412	268.1147887133531	1.3073515000487195	79.35066928740578	65.97551304532303	-1.943957434	315.9555969313373	169.7563958857078	60.2575036241447	87.67784286754919	2.85628134993821	45.26043353663227	34840.28607142052	21.32448517996978	23.441972093598583	1107.096715670512	67.34277701067579	14.74040648131011	30.933852006762415	16.243696438802825	104.99184132184169	12.760055737020297	53.2007902718153	0.06893051157781108	-0.045835618	24.810665615358975	85.723342436189	7.110683032119536	15.379246783672924	18.503385550935434	83.58784618374503	1.6248968006454516	168336.78797476488	36.174377885177236	1285.580299948875	261.0998825140639	1130.166191496311	3.929311451176318	19.55047925789418	737.0097178340551	173.58492425151567	740.9624138248747	16.791708986611827	451.1049299947997	37.55605207148262	21.785189834443717	32.16953726219847	1.9981064887829068	0.7791736146548516	26.795765346298264	2.6255183008038165	0.5292634619366214	0.7362583386048722	23.32497908812265	62.19439719567517	63.51996495928443	-0.28560674	4.5957982295483495	22.9533214085372	0.6118947188534534	1.7683858285134237	40.554543131720735	27.767793374344414	13.125343978480045	42.51509434883973	2.2701923929062913	2.9542059739857858	7.266184134414745	12.718609120072923	0.4158732345095699	23.793645709108606	0.3909751525455901	25.85145286094366	2.4054420581538527	4.545643101100113	-0.391458254	14.079956683724191	176.92378139209836	3.030183753020587	0.6938113419108918	5.629614470890292	0.17330980860053807	341.8098346972866	4.578976567158072	-0.117987083	1.8117483634009082	13.874735981113494	0.3282875593623358	6.10130775216436	12.268324923524286	0.23429711621525984	5.027665428737571	0.3527453452674706	1.649412093455235	12.982480919625155	0.7275301767470327	0.4149625652474994	-0.151786994	211.03552348429125	0.5329927368901891	4.321607531971675	0.1377477320145266	1.149035353505621	-0.805304517	18.41016730079037	36.9437291381084	12.558900140141327	0.35987820211642285	1.5348051318756561	2.516805956314677	-0.251841608	0.17119156325884333	22.397227952280602	8.005247991392855	0.46504897078295593	3.8229210419255324	9.658819184300212	-0.155416469	0.2801753107070146	0.6535362520403601	-0.910296122	0.5104301090133548	1.7900015668023384	2.168424558187535	17.006752373560815	16.618972297037946	11.822694819505006	41.27670046437896	3.531632012368212	13.260652691554247	-0.046821894	44.824728888861706
38.064029752809304	313.11956061410126	285.0602336661416	71.98880640308637	312.23985183512247	316.6894355806011	177.31352636716173	43.6861840028732	-0.156117097	1288.2795927613058	7.102143054114004	251.1583150566618	9.206366556295805	83.63129252774192	74.7520661411208	-5.096126123	296.3658676265706	158.70890571066576	54.34806955988199	78.70407502528285	2.3920598672715006	43.120777133510565	32641.145761359185	19.30025573110175	22.31534780433381	1058.3596885254756	78.9275819267029	14.309756330591158	28.202796883839042	16.59035248967839	97.35344598042144	14.467567814098999	50.05801831825455	0.7475314249001057	-0.056942158	22.59452541977896	86.26722843520663	8.197764453552491	19.954707560516574	16.29922780847102	79.16373412529258	2.707293403328911	157754.50205687367	38.94580977669396	1239.3209602120835	240.7259246976174	1080.6525845836507	3.3986791668588254	17.95275323479789	706.6795013621156	164.08291355605246	696.5851311302524	14.409482424447866	432.13523355672555	33.89909216897726	19.811979009344288	31.39501105505108	2.006239996912965	0.5389357920794463	25.394373457482725	2.332557615063889	0.4502968988625931	0.573353165585655	18.59173786858908	58.604874494438064	62.365010769903115	-0.294629615	4.206095613402738	19.725355623925616	0.8852440884354006	1.0842700766373667	39.06605350488212	27.861797941166614	11.633761305520489	38.674462063260776	1.926213477355661	3.293811486702304	6.371306276070227	11.726832290712029	0.42926444567355326	22.510941031734735	0.21752729649432964	23.62476468420171	2.0548143005773714	3.989346687905501	-0.384590202	11.139524368108194	170.26443823333068	2.4249344205051315	0.7370791838946203	5.786191164682644	0.16634853574839362	329.78973002131806	4.018776429814528	-0.120384621	1.3971903094302882	12.803467494382682	0.5686060382063759	6.204802577195954	12.00217378298243	0.2251337058770775	4.437895773129041	0.3497872542337875	1.4672001901863243	11.921658258871535	0.7642782294768897	0.4564803770911578	-0.185628872	205.23941442784488	0.45715144610353003	4.512284479640609	0.13891426383191424	0.8838768896896796	-0.205511097	16.793443018534614	36.29813001109118	12.501640173066251	0.13895935273332072	1.2931494798908392	3.6264869173010625	-0.186717561	0.038828568163277566	20.806397874611736	7.09236158303086	0.30340384997824044	3.5958771843505426	8.650748165272056	-0.18067394	0.5792886836361901	0.5684648452420212	-0.978994307	0.5423850596323498	2.5775996085569712	2.0654874771633986	15.274618228348526	15.725963545313027	11.086443897240427	38.404601041046504	3.033059336391103	12.517960311926082	0.32935021255234853	40.6823813086387
37.762812138591926	328.7005595220862	270.8172950491803	66.77589166145377	334.1436872783082	296.5471756827441	169.4128187946851	44.866428936357565	-0.153944615	1264.9901180373745	5.929032833264117	243.86273931393976	8.639289110229306	83.6249146682122	78.63840194310518	-7.78019416	269.72413522348353	144.65489738180793	52.9691368152491	70.22656171648467	1.902498736853317	39.11146305669571	30729.415109463203	17.899441555187465	22.2819255098655	1000.9655734391786	81.83607889332622	13.622878505026364	26.008763366692836	19.59463236077605	86.48828679373055	14.54030164904686	47.917783010502234	0.7658463041431677	-0.065229779	19.20216348116358	88.9387089812663	8.640204799235574	20.773981032860362	15.066509005998915	75.2571212489266	2.7002315436441577	150778.10966906534	43.6917241857582	1189.1879256426082	230.17758492188702	1015.4607608247467	3.2091497359673173	15.98621721696729	669.1619214965067	156.858616523454	650.8480227711848	12.603194045766866	407.5784497557571	29.880855491653133	18.341729896474472	30.396087136966898	1.8533729543226285	0.30655367799919814	26.261289553824263	2.258916269446038	0.29571808513008985	0.20953791490078977	18.394068634951196	52.886157828491534	60.59460167636284	-0.293911313	3.7291803904696055	17.108425749057425	0.804701198406091	0.5660377976497944	36.69443123558089	30.1005481130716	9.642324060691273	34.27765914434188	1.5588460490394236	3.5106421035461017	6.444777015278055	13.132428175565863	0.4284386023509317	21.001178591146207	0.05489840715336536	20.982002384607906	1.6776048897412168	3.2689995153931846	-0.366871249	10.818949553010551	165.0730962434398	1.8074619886260677	0.7539078661631374	5.343524454155282	0.15509293410901182	301.0779439123068	4.694033013310902	-0.118930867	0.9821723515738217	11.135221831493471	0.2678344880198207	7.141803842408509	11.412572543005286	0.2101326253964011	5.233966209887494	0.7266313546764591	1.5491934715387148	10.99926811642713	0.5744231300494544	0.48015199643771556	-0.080517696	198.5257338442078	0.375179741012431	4.378525198153431	0.1357967145526057	1.788717965564642	-0.059531685	16.174587873948397	33.77814689644294	10.805056997506695	-0.064036392	1.0368649087077788	3.5164051746697775	-0.122504391	-0.081462984	19.070458868471402	6.30799296801414	0.14882112575464929	3.6036613970025355	7.543961803188555	-0.197985447	0.5611120587633625	0.4748466337662555	-1.011452845	0.45487296340047484	2.639109857879432	1.9108794799267734	17.35745895080701	13.250476762401208	9.821224750285092	37.75757352881589	3.663352147919972	13.18399836090295	0.3580246020230485	38.29379704717885
47.46883192163853	329.1824417536101	304.26413144243975	56.01099164414081	347.1828285588261	269.2127265041905	160.0797974156156	44.58265650840277	-0.147371043	1267.4198872447148	4.695362649501294	236.14083896607175	17.489740735462583	88.04042715458908	83.10695210659796	-5.152449568	280.4648520040006	144.47664296438165	59.619023240622035	67.16000288707177	1.4048187573713522	37.56973649586147	30417.135069472926	17.831725550208986	22.333387679548053	994.0319026583359	84.0386437964874	13.186002106867262	25.323870300260463	19.710645273940663	88.08499492189685	14.43955305102853	48.184037743210084	0.6593543063376284	-0.070731745	20.17297283197483	93.81488020328202	9.119194966373284	23.00810772698396	16.645066813594052	76.6334560227294	2.612868923618555	148959.12322996592	43.022295428343256	1243.0825567608024	246.44875157607305	1000.8742966169908	3.4222987560859406	14.726748284410736	669.5312419725634	165.00099069841175	649.7491845648885	13.59943868358096	421.96999084221267	30.568016817311822	19.49825379799741	28.345172996582125	2.050191427361647	0.7382131649869988	25.94367535391692	1.9248715703065908	0.30772561021693423	0.13581805183738743	15.734344265628565	52.09272809428491	61.83339544188571	-0.154447503	3.188081278115698	13.54993608920433	0.7080715614275297	1.0226476126314856	34.68913825614237	30.032406824393934	8.86076081852424	30.752206742984626	1.3114499820836274	3.8104703955991366	5.677557370106758	12.413491626667335	0.41484218529004424	21.77235703688215	-0.093114545	19.674056243435242	1.2877882732964414	3.4326170746703046	-0.339918055	10.085863732832356	179.04869556523485	1.1975129402761282	0.7464364442199087	5.0048186810559985	0.14031010461029783	277.9349980968275	4.550942948058312	-0.114054562	0.5791910189557871	11.03974407994838	0.37910505821132656	8.490850865827554	11.659554250735699	0.3203276742019003	5.243410616673477	0.7439921044345698	1.406511620609705	10.319138944734352	0.9063208466632791	0.4870518939564861	0.17649789292938145	207.9376493036082	0.29014981420006897	4.156786088870368	0.12891701876464984	1.6494133948851688	0.07363573559864625	17.88238060760235	33.06681768636624	10.153980429577894	-0.244811471	0.7751028473817911	3.4418394510615276	-0.061037407	-0.187281492	19.95599999689096	6.2128214254586664	0.005232040180777775	3.102557346479253	7.681535223217748	0.05237376100459893	1.337919734614917	0.7663448444250788	-0.750321943	0.4924658878897731	3.0352957865332635	1.9744058980160077	18.09129183249544	11.145024354908536	9.067890775516737	41.232521561943855	3.2207151138583554	12.597912654155042	0.633090814485987	39.20525730044961
43.340184768731326	336.77066250937327	302.4383602531001	51.432251879234926	355.77257085452743	263.8453404483666	164.79768425198458	42.98978162799137	-0.007033697	1246.80408291398	3.4441986046297153	214.76690348400834	17.530454976108654	83.34317557769062	97.71543869054352	-1.522905949	272.1575515463459	140.26191469976658	58.36535032623901	63.925299853987994	1.1747622131164435	37.88509049623482	29405.918981397488	17.085829379222087	22.45970200187591	984.0406418758274	96.80979289543787	12.657233285318048	24.427750431463515	20.69373753757059	84.1594823895896	13.535692721281178	48.418145870350855	0.5437308791225142	-0.073561563	18.78151206274571	100.8389878969977	10.426710267806023	29.46857851988568	15.196416836021857	80.41315363847005	2.455856497886956	144787.46173787743	40.95914068381951	1242.5752480643528	232.58933901755833	979.0702499315007	3.1714639115101235	13.801423796577513	675.2676931418375	169.39909773492138	633.4977546422753	12.258075697106216	429.0432780947564	32.80942150588528	20.494177695428128	26.008995080338366	1.8658223102759137	0.6045603083264096	23.7495123133828	1.6964851939718906	0.10930061448858619	0.5153956335252038	15.12856200526934	52.63585949067039	62.52330796759973	-0.124296648	2.995449638653711	13.140797312660414	1.1198627413039988	0.7329170177360631	31.99370042696343	29.40010745985222	8.451531076018183	27.05673337947356	1.3394500223609018	4.306001746578893	5.656732968349388	14.074043983858642	0.3901601443765443	21.34324692693803	-0.223532766	17.98668302907679	0.89831967029725	3.6868943657796036	-0.305462638	9.473510582687013	191.52527408789334	0.6126334085528987	0.7173190711444055	4.7998389248349635	0.1227962549231463	254.35829691999123	5.025633600889231	-0.106244251	1.1091320890308825	9.992621781159345	1.337875419637342	9.090267660929868	11.952051160170999	0.30989338790079257	4.854608264280657	0.7372970160838322	1.525902606155305	9.05744852186882	0.7778391662158228	0.6086502449046851	0.20251698639023152	204.1302437379603	0.334918385642941	3.732517307849501	0.11885778199255007	1.474556879427088	0.19127734227271326	16.552922649662833	34.42461686670623	9.303392105554636	-0.400164698	0.5162639067669484	3.691475116282257	-0.003885999	-0.276899705	18.444307012561836	6.760782394394981	-0.124155098	3.728486980613921	6.764905244547488	0.20612583511314647	1.2969090508428684	1.4857028886852675	-0.692794473	0.6715255432934484	3.4208042487257138	2.0323474973558384	20.41900267104016	9.295766457517873	7.5178534749597175	41.022999144900716	3.115720329787149	13.852498138457273	0.661657681268052	40.689413809379815
53.074196788052895	362.32694131427894	276.9920153751014	55.158418534442575	371.02016179502283	226.98933278467405	156.38985187715716	40.266500786781364	0.01948092485880871	1218.575736528899	2.2148250061064028	207.17735444563104	26.661184143406857	77.52535389115128	103.76161345537822	2.8993704873380026	261.99625458806634	136.25080182062	56.356084193507115	61.08630812859296	0.7324684568935323	38.82235638168378	28642.966932687672	15.311947943957213	20.82959383191471	945.5672879152949	103.30953329763014	11.251624347364217	22.36841003660236	19.31770844871041	85.49173663882539	12.046147642870125	48.26629880866703	0.4233578682552359	-0.073901551	19.58575200855713	106.19551518443187	10.050672731061308	32.888944877900656	16.496739351126223	80.65248688348254	2.240869619791908	135296.6725428615	40.45352719323356	1206.6714127956177	226.16818754436832	956.4845004166148	3.6905686340465844	13.394589043630289	663.8224683999291	165.68542113573238	607.166535072655	9.78310673836576	425.157938279203	29.992403080424843	19.795683872252926	24.656165103308833	1.6439154355904766	0.726135928082087	27.83228020750061	1.4700428994515036	0.057439099898415336	0.6015535880384824	11.969501110787958	50.905601962697226	63.87853000171435	-0.093431979	2.562217673978311	11.328348494391077	1.186878920953701	0.35017197179810094	32.21799536789348	29.87903480796911	7.539678375482188	26.899105350929393	1.2844665579396217	5.772799910063308	5.708289017717274	13.06631978581506	0.486241503223098	19.776750420180182	-0.334203182	16.01844664528188	0.5208483374890605	3.1051370968045844	-0.265288883	9.86818743007559	197.4484365356492	1.3678628277454052	0.6695938632421206	4.231361976490984	0.10334990255701555	225.91851695323888	4.502086180410382	-0.096027643	0.9828050894275419	8.370433058814433	1.2606324823316355	11.157034746694054	11.49673684385764	0.29120572859277183	6.3690478991987	0.7091525260856535	1.2875774149616857	7.4502036856337766	0.6388704788266376	0.5998292534109236	0.21985866091328965	207.96967141673844	0.2651625483722376	3.3686998856952357	0.6262387354378838	1.2729493091320028	0.2914164680111922	15.909822808027384	34.90389762301103	7.4587608507670655	-0.527977661	0.26782094301058157	3.925402961492446	0.1776668487466445	-0.349249104	17.44045411628877	6.691123794605815	-0.236878869	3.4099690419167046	6.08699110640783	0.4983189267574448	1.611092163922739	1.4885540418588792	-0.620235916	0.6125334668579526	3.3951377372371474	1.953524511841011	18.98137234559921	7.012561356140741	6.287284300209608	38.85373899521487	2.6277534142294496	14.576050130175563	1.577518130933869	39.294472253135595
49.39258170180072	363.5877839992657	265.8305445236495	55.177215968096185	370.71238878761795	187.51924590381054	142.8411071834977	36.60755300608892	0.04275965721099854	1151.4229526864592	1.1719440172522293	203.07143967772257	26.679004869673037	71.20355375653133	94.9903223400681	3.0924381651435184	258.7811996879728	139.34327617476953	56.14706214824321	53.07862633187965	0.3124300225861063	41.131224987137344	28732.791080868206	14.37609621390011	20.757608663992187	953.6042507133568	111.18001366067429	10.969027572784844	21.23395138012925	22.629751015274937	78.84601336397284	11.674172643014073	52.561647488891566	0.43232142242702853	-0.071990494	21.261995399530697	103.78052428758967	10.640718766059225	35.32060625377712	15.792127434186368	83.2083121974893	2.5001553409126074	135193.9620910613	37.52486923590919	1216.1878186698875	224.73410559216626	948.852790840719	4.157045825308002	12.646600094668877	665.7070920802137	164.34254956239033	604.8834414078171	10.772141473348377	416.3063942968289	33.37731440509771	22.37316891522766	21.11893317088299	1.784881785305869	0.6137699080197341	29.321802905981624	1.1221435473996102	-0.090959436	0.5910491394592785	12.517261272431075	47.95120212864046	60.12187393236608	-0.062850818	1.9954423755511015	9.41729410311694	1.3715871150098218	0.5151962712999921	28.05332095369372	29.563698377035237	7.222820593735325	24.21026696471176	0.9964474432222812	7.759734259897382	5.953440791616853	13.967378414001384	0.4581274810883034	20.083601051492714	-0.423780461	15.846480500508006	0.29549868783701794	3.5284014418229295	-0.221173838	11.207350969823043	197.02582964255998	1.9165334201862994	0.6065533602328005	5.082791863686672	0.0827476883507874	212.33515947456462	5.715830916567107	-0.083951867	0.739626637101709	7.03935021693958	1.5432948642865507	12.502414081481	14.492051853859888	0.26565066335777004	6.620972133648977	0.6625479093047231	1.034457420438578	6.690177222453225	1.0146325458115717	0.5738954834642105	0.22887040815664328	219.7560661851366	0.19442741837743746	2.8402032091855394	0.6640944314755476	1.0533140165924657	0.5027991871354875	15.43373826631466	33.75813337499501	6.2248298959352395	-0.497169998	0.036187647339533946	4.008175933336842	0.2357344058775238	-0.403886091	17.693772886154346	7.187697340957391	-0.071223898	2.9210038258317086	6.224258648889903	0.5463431414345901	2.06552420077694	1.5764634584593635	-0.406326137	0.9310645940602679	3.1701837447803234	1.8539780895224358	19.118063882334372	6.1072999242171	5.211153513928221	39.60579269064116	2.109750587800636	14.649965418816757	1.6544669917050885	40.84019068492173
49.55735067311975	375.7249088957758	254.13030442163333	51.20881717934155	390.85402141732504	152.55059033391908	152.8520037436993	41.83627341328305	0.06242772661163942	1160.0827586476694	0.4881928067659066	199.55397319627326	25.894673377222407	64.64782702267745	113.23645066608697	7.983425930214178	286.07421428724933	146.986204808261	56.94453044305839	59.269353924881266	0.055022531031839794	40.81526998243142	31871.78908180464	17.162546770431714	19.36009375294215	1026.8493897102119	133.03804557759378	10.285619648479862	21.95592004789957	26.94169679472476	91.22948201568636	10.539169963853203	58.730611876426906	0.847418978508831	-0.068110828	21.322754589420985	114.57361675180402	10.402538634575572	49.50948330445263	17.314212885914905	92.18230561417073	3.168507829693859	125837.43382170927	37.03333099723999	1281.1169493966338	243.6814086674194	1011.8286684971912	4.2721639226840376	15.65401203776354	704.2620406300634	182.2136886595108	635.1621538672285	11.36910849063228	449.29081288378734	35.262415165150344	24.701710386448088	20.80185643657324	1.688205046490546	0.7542273927230245	32.00271924743509	1.0353698241309177	0.03821066434190426	0.7238636615542167	15.504727579736947	46.77370621413016	60.977227251981645	-0.033442249	1.9454813357000798	8.16482632787671	1.686676876210036	0.5082622527126944	33.25351435230312	31.742984637883694	7.44096397235109	25.104004408174536	0.7073368166800061	9.075183146951128	6.0054741643779685	14.699309826949035	0.41908103673433916	19.527258588129207	-0.491686598	14.95631655519628	0.7638190425150693	4.433487309084753	-0.174835082	12.206377626501059	206.85470854950293	2.3028409507775147	0.5316203067174284	5.046595006252191	0.06172326491465843	217.01008295952084	6.146726251611146	-0.070565113	0.6285772308954081	7.760195152744023	1.5813921621173779	13.888183060344822	18.453073807246113	0.23468158474553533	7.349074780644758	0.860727316922744	0.7756157027546235	6.795448088917132	0.9223794297236653	0.6633382260082423	0.3601148684309623	228.19113949114083	0.12493297883079418	2.4093501040512466	0.6782417249651786	0.8240428328091085	1.0979596587332887	15.802250030783766	35.184201550530744	6.117547139708538	-0.424528001	-0.173367948	6.262426329996694	0.28092317511898945	-0.440942797	19.990946592448733	7.9089826124450875	-0.119997706	3.043305016580261	5.321071677657073	1.093174640400983	2.662547307922413	1.6382880296460185	-0.171617552	0.8898106707205435	4.042619639225772	1.6087669667500453	20.177544348925988	5.98934563775931	4.206301200857126	39.13446723580559	1.7102555263806853	18.14699021602933	1.6740869566480332	42.94613155298159
44.148922227113275	367.7065740357616	232.38617919716978	47.14099375408213	392.01587014154165	123.46228261099915	184.14625053556975	61.93703357735928	0.07825615727386703	1106.1941012533289	-0.441829067	200.56163416708068	29.221934832700164	72.27823815152863	118.65087263952132	8.445812140871347	295.8357009979808	150.1452544341555	58.6739159951003	57.21292814083629	-0.278294887	47.20645237872314	33471.95361019329	15.865475868197207	17.00152752040885	1084.8945331160749	144.47913293549348	10.571983927150983	21.20701424745587	29.474197092387854	97.47771934175793	9.871492453692825	60.4607614689159	0.9255842096271882	-0.062575804	23.637755222639615	124.53019146704283	9.896100357203018	54.834188150927005	18.704663405893143	96.50343052075888	3.2349698347061695	113333.06536464118	34.56994665252051	1333.3296585688067	251.47353917512467	1052.3920983331004	4.237605292641949	16.811062425415834	754.3236331060264	194.7613031871339	642.0481304646819	10.375305551468825	466.63806522553637	34.091133394243215	24.796346398953034	17.02243168259727	1.580549830162039	0.658012307174295	35.81546237732015	0.9862123784651672	0.21331743492608277	1.5316808215930349	14.388305428920125	46.71074870464698	58.44772842207622	-0.005971269	2.612151959763158	10.4926605403242	1.8796573550039275	0.2867737684027456	34.35608298048249	33.5820527335108	7.964064093934745	22.1752479750458	0.8159171482915585	12.556831650890965	5.692139974931634	16.49706880379345	0.3713668057137412	19.92073261345818	-0.278051524	15.676479507759836	0.5623927904498633	4.405059970347851	0.39211485082344144	15.189310288716243	214.25505830926645	2.8614324997862832	0.44823194935207067	4.8826199843735925	0.040949585874702626	216.49721160719585	5.910130265602447	-0.05640008	0.4097754483828751	7.376149740385702	1.8582379653016012	18.288729649511918	19.024401351076335	0.19976896645215803	7.693894919521617	0.8132669642712804	0.649389685756426	6.556328426067135	1.0716802423528395	0.8839365475176238	0.3674314366249205	230.61697128181044	0.05863999387389142	3.2793018063088457	0.6706270373568912	0.5929774824198137	1.2006652934093112	16.449843117882452	34.802136861996985	5.187466244913252	-0.446414364	-0.356766946	6.10337889709066	0.3131653721827389	-0.461065548	22.65867453034022	7.800869878410662	-0.160294203	3.4720769377565506	4.668571253217813	1.1525277502587072	3.1399916851156657	1.6747815028246276	0.07476870068055169	0.8259878195931754	3.8065333550499028	1.859813947252392	25.625750438390664	4.49350641081452	3.945745083067427	39.84624030937941	1.329402305311309	19.449902827039764	1.6415223163972423	49.19309438764602
44.74686895889406	390.44887544067603	211.1248811192375	43.33572285872619	419.9110578890904	87.31893718204127	190.3266851321861	64.47960671770711	0.09015406015165588	1076.7684865608223	-1.265593881	206.04168001579495	27.639812097649145	81.44726102294884	127.9043262364266	8.608585366236657	319.2959680076997	160.56404146443586	63.420145512085014	64.69575709097072	-0.179931717	50.212322964024004	35104.093077437275	20.152147780140236	17.538772085516616	1210.6083261878694	168.48173756953847	9.982552260140462	20.686788599632866	31.179221447513008	108.73680135496963	10.0244379209377	63.374073258088515	1.1281653913448941	-0.055717008	27.642123135857197	134.56520296674645	10.95342289685163	62.67139686822614	21.014928971696765	106.94734002106546	3.127736544176064	102213.10179234065	37.07580234269736	1447.2612070666978	294.4122504568057	1120.6074222354255	5.209374366824811	17.028075901540422	835.8593573412123	220.35131716638068	675.5440654884495	10.679623739677652	515.7214503763444	37.904245798599504	26.497628418238893	20.940276453540978	3.4162436405615217	0.5516783609652097	38.172467322897106	1.6223843060120369	0.16451400540406091	2.29276584098018	20.591876330317383	47.83276448497271	61.367747622499046	0.14893175149175109	2.3637909626270344	10.872931515317216	1.9269500652683123	0.5988309194717094	39.14771225642945	69.12975243756986	9.165932280541993	24.49410974597856	1.109161932293209	13.453610354910092	6.7893750051819834	18.400139818839623	0.3172829936237908	22.797237257850508	-0.277438411	17.374331779834243	0.6242373798776822	4.727323566374204	0.4906063448837271	18.858270376048424	236.2677213437756	4.238321918900587	0.7497354692426866	7.438563865151647	0.28102478716250134	229.85071104188748	7.529889970226544	-0.041959549	0.20056058067010912	6.1992243770516415	2.011652049208354	19.750559690276948	21.407864099991247	0.1623545409945537	8.763416196925142	0.7461546379568249	0.6763045798853552	5.764430876720124	1.1039005664485113	0.8559569404505384	0.3629934049007353	241.98171075495875	-0.002782892	2.86387928415142	0.6436550073887257	0.36722934259685414	1.387080405815452	18.919181602734795	37.6542145364567	6.684769452250097	0.3272803399630571	-0.381123035	6.427134840562509	0.3327883883746312	0.18465594299245985	22.97986943853235	8.429542321427359	0.06824777664335824	4.093809358682514	4.971263733625945	1.1713697166228978	3.3354918740361237	1.6873821836006369	0.3242732674685878	0.8737676189907487	3.4798596986401233	2.1499618112869325	30.000363405757156	4.402445914239774	5.812872224564676	43.561448866314464	0.846752337189531	23.10902709213796	1.5629684706796134	65.85956810721463
43.712614948729936	389.8134804418787	194.84596641552133	49.66090736714406	420.31939512521154	53.44035818051795	205.69927571517522	75.82353434248895	0.09815755093711617	1032.502378740742	2.8409856024459126	195.99247087916393	25.516707273173754	86.91596377653856	127.21530468654856	13.306823708078337	318.2213292762157	162.54402854775512	71.62914771200872	66.12943043336259	-0.256006913	50.191236801874055	34548.70580563374	19.345588067484755	15.766129031548106	1227.3724901668484	190.38962961309275	9.68258719202678	18.987981858603177	29.988366723700253	111.40787112621106	8.621355703829956	62.26483167060122	1.0766434931504827	0.08212741882021796	28.046790563677305	137.76975722747733	10.136410495629828	66.78474280774859	22.18372011176912	112.0684383707094	2.967394486373687	91770.03152349997	39.16879839357561	1538.491764502799	304.2447230966144	1126.2629910804553	6.127685302584641	17.45254575300634	853.8857284326432	216.66179023271135	686.304085045187	11.273121396875267	516.8348535007813	35.71891958856217	25.723853383049	20.46812845378409	3.4958807607042104	0.43942745854807663	35.79859775422945	1.9662675116238584	0.3756554986721194	2.308959383199205	23.177333851665395	46.52759575271668	58.20473247420461	0.18387651705046507	1.9693523363257115	9.798987447351413	1.9417050025482092	0.46171742784962555	36.48574723708883	73.33878959809594	9.892635680072258	23.306262047438686	1.589807379925898	13.70710288	8.023205282251839	17.350899537815987	0.2590890729341217	23.68217432006809	-0.268563457	17.58116887130618	0.4611703889663886	4.4055410958066945	0.5645304991914724	21.304586343365933	257.68108643452064	4.2803727385364425	0.6985965730669604	7.5357564418973455	0.2886617247066452	231.8033392018533	7.711777005281435	-0.027704284	0.3962503823085166	5.954014818739438	1.8893751632481808	21.183689936257167	22.45074465101493	0.7738109218528733	8.813082860680561	0.6633689051351102	0.48023884720483095	4.60879015600621	0.9997818411411604	0.8050965858766453	0.34810937420194654	242.34052495814348	-0.057980003	2.6640826356851943	0.860070530195715	0.15303913647828482	1.4132415948065153	18.66401079101986	38.491458007376735	6.311799255285756	0.6737871635818888	-0.361609825	6.155701144470298	0.3404654512960953	0.2602656062306095	24.089548772749296	7.932461250499565	0.3318881246991437	4.1205542567554065	4.904549053984486	1.1531863948519825	3.211377287843452	1.6781013307910262	0.5690991795537628	0.7905564098788423	3.081457616912118	2.076596034579411	30.05750417421428	4.0584180898953095	5.048900485175259	46.36829310156657	0.3869647957642448	25.578968117962198	1.445380955413359	70.28360741160992
52.26040789112034	379.99722052970475	171.38956418971117	42.493746203705825	410.3973167839642	41.62642633373142	222.97362896841014	91.82836317451796	0.10241596611591694	1024.8478103404473	12.501677569604464	211.95840852982113	22.74041171295069	92.59031734147315	134.61872615106188	13.436033504493498	314.90751453959365	150.4196960663098	68.18837526057978	61.27585352851439	-0.416794381	49.35652215188288	32860.046086841554	19.319316684070284	15.397766412030002	1188.2090630429243	192.37504356389883	9.972141014963661	17.669416335918363	27.576946470557765	108.26959778654202	6.899941037318087	61.088569291744605	0.997974479980998	0.10372358019868724	25.469587531805082	134.14076334531077	9.027007019661314	65.50321186908631	25.370120534481167	107.93537373426769	2.6340647997603375	81033.41733583836	38.40743088755876	1523.0945132602062	304.1666067795438	1119.9051133085686	6.550334585690949	18.500992246735475	833.1028905619517	207.76136228542762	679.7189800948951	10.31907564644686	502.76187070775103	34.92055841187171	23.995740249886627	21.489151400389364	3.362677746011504	0.32521882261621454	37.80815720980167	2.076774371325782	0.6144131776532085	2.3842647897003517	26.608925605328643	42.807116021104754	52.84187686651349	0.2098105105417937	1.8152770025647496	8.87846816276165	2.05673329602367	0.32446376255426124	34.59540630256961	74.22675935462652	8.849889669247327	21.418011257329646	1.4746940613975412	13.674033062216518	7.392956373147153	16.236056298760236	0.19894187212539588	24.15815244646187	-0.252519095	16.14988718749174	0.3005749854772327	3.8837706394217357	0.6141263230926989	21.077133123650714	258.0226824231555	4.089807294052619	0.631613669316798	8.167157067711555	0.28687511675517524	215.27660436976697	7.794122026672394	-0.014043417	0.26048369231382773	4.814705771696273	1.7226447109865795	21.82799645955165	22.085814807405793	0.8009073369697746	8.223390372240022	0.5689606784415135	0.28937252237621425	3.7204498026835005	0.8760815331303098	0.7351693691838422	0.3242704653469783	240.05324199226538	-0.105918003	2.2043431729950353	0.829042384816134	-0.044323223	1.3943894170542768	18.26443673674582	41.50023339098347	6.096772100359276	0.7654296899313808	-0.43319964	5.626739783653199	0.33716084438653016	0.32050633495802594	23.22557371036207	7.337114449149564	0.35920779420837634	3.7210080373183474	3.9973693706876374	1.1022258134125993	3.2633328416347442	1.5194055233386456	0.6723695250438073	0.6919496293817613	2.63045201484955	2.10826895450526	30.407205740599263	3.897040505288432	4.239858905169526	44.07340412024647	-0.038452935	24.78454599766515	1.2961907630113294	71.48673456321741
56.83560930253808	370.272669992857	169.99711526079068	39.47848877050024	409.29552677332265	21.15509488161161	270.0413380272693	93.90785822810851	0.10317606079336014	1029.6832644699687	13.321250012959027	210.14900015951793	29.179533357361407	98.2795260296701	136.87324368459198	17.95924131613234	315.827855840446	147.51520595101974	66.75602879647634	63.31935870829558	-0.548999271	46.684583302334346	31539.87095732334	18.546092938475148	14.294307062102812	1192.9457067401047	205.66066481270735	9.473575225157946	15.91262487542448	26.4593598486128	103.47706384724361	5.143669606337864	58.31727607202132	0.8972331337290318	0.120048418033349	24.46601717716593	128.90044595100156	8.307733680699812	70.34473766821769	27.246777298887572	106.8475543494421	2.3850461378155123	73329.35204686776	35.80997720551684	1528.4941517440666	301.18130389079397	1113.2758699146134	6.654208902915899	18.409564323689633	823.8652497614707	207.25813626430946	670.5308162367855	9.43086220166789	487.16333007279127	31.654416600494148	23.910566222543892	23.373397510322427	3.141914700407723	0.21267448559905225	37.07251600352262	2.1739273139177397	0.7408626934065924	2.6705117118603727	26.719090415465704	40.35447078202088	50.05005051359607	0.22685678936773565	1.8121508921029414	7.763646761748012	2.418556761270875	0.19120155091180552	35.31623727242522	81.32912935486524	7.905921569427469	19.036045208511617	1.3268512528800938	13.25404923625289	7.383943663758522	16.065615694647253	0.13884113523378078	22.601788186822418	-0.230503596	15.237237056433989	0.2770218727726755	3.557664109492621	0.6403387749110219	20.970111232197496	262.8394383402323	3.7956041751956	0.5523806458621479	8.890402918912995	0.27666091609619703	213.02424488979622	7.3944088851240855	-0.001327334	0.26047916054919296	5.394886456206535	1.5209079626215412	21.62303243673013	22.664803503935392	0.8012668904658926	7.345965421476335	0.4669244540640312	0.23891165435917286	2.7693299906125577	0.738468809926635	0.9101797930848041	0.29308733341709753	241.23309006320721	-0.145884663	1.854447361384041	0.776245782430027	0.1693803499299524	1.335590774565634	17.356886985796812	42.72312423450003	6.710344497914664	0.8249450729479821	-0.484634485	4.981872365408214	0.32407187283632566	0.36510780076396	22.111228942902702	6.411188894460077	0.8930192629404344	3.249786198705444	3.320986574599845	1.0232945157147764	3.0121928547978647	1.4609971309313439	0.7451417502335332	0.5824450380529356	2.145633412547752	2.133526513803366	31.839720978127772	3.6448894639835894	3.8045257160092807	45.285801913450996	-0.030175305	23.346029709467846	1.1230338669591629	71.26494696276761
51.74822229373791	358.3323944099083	168.72399776693848	51.38040241750021	391.4250499605456	-0.533756272	295.0710360394244	104.85216802949674	4.910764864179258	1086.804675252439	13.659227711589363	183.65606262145954	26.699356836610214	99.00142806815724	147.74611215423133	22.731351107123327	314.86132733599976	142.67570866872808	64.22423611488895	66.58893260884979	-0.651513694	44.83930083867063	30521.427212037244	18.143808779285273	12.742364435305255	1179.420314865364	213.1279039922538	9.240658757578064	15.124133814717249	29.169751093403942	94.87947138645775	3.7987152302655267	58.21359389210972	0.7796489280903912	0.13113931954354408	22.008823342675715	126.81714691759323	8.601155665213465	74.75176875738939	29.638365067886713	106.46309027261582	2.249377957930705	70763.47272538819	38.137969575513594	1521.9390018272188	314.9490921741953	1125.5912747626155	6.668069521330877	18.844992263237685	812.5254155481938	203.7174887573738	675.8255442773834	10.34854423531678	485.2897435991438	30.535256472239514	22.766592611259114	23.268017083952515	3.2389705183520885	0.23500434771563466	37.2882634377658	1.9961471428329696	0.8624413767824401	3.1980185904485805	28.25666603212509	42.436455943384765	47.615905280562515	0.23539273663005134	1.584972865924226	7.4873980979833	2.6616411771552326	0.06552951390624123	36.94549802712251	79.26138847443414	7.269172632506773	17.461194408320043	1.5439871876279885	14.028442315798037	9.414313915	15.07025068010615	0.6005852379743137	22.193006707542235	-0.203774539	15.748734826788994	0.1475134151553937	3.997438309271639	0.6447198183001819	23.17468819292368	266.55933551539437	4.716953242968414	0.4644995053770983	9.1846120974269	0.2591683080202307	207.5663940111287	7.912834791176885	0.01015696036403996	0.542660707144546	5.815202478579576	1.2937176502143604	20.279873843088865	21.515949225693973	0.777552481898422	7.375904003144727	0.3610841185023762	0.21632952351306034	2.800242260030332	1.5024632947455288	0.8403837808031257	0.38622989467769187	245.6679606251586	-0.177478116	1.643907710092625	0.7054414668096298	0.05663215517950948	1.2426042730888862	18.009385600368798	41.46203226662992	6.801249320777075	0.8537605654744838	-0.386386811	5.032035518025481	0.3025696422560518	0.3942958859663818	23.274981783902195	7.235520228405736	0.9466590069110736	3.3781929579926673	2.6726124608828368	0.9215575123152924	2.9558010810007374	1.394599663836832	0.7882825003972804	0.4664175547154043	1.6449276680997014	1.89225252175756	31.023793062559594	2.6086068428897233	3.678590074284782	43.918385869931534	-0.321820179	23.030984158806245	0.9335016445034381	74.48738971347977
46.13712731700562	348.8261745529573	179.81647208946336	55.30071262727517	370.53886933022994	-9.247709622	302.9756331691814	104.06648180986126	5.390271841301189	1086.629804699089	13.553630809008984	158.7027369585632	23.666217262835833	108.42109706075094	139.40931041227978	27.354309385801514	313.5156118619181	147.64988985460374	62.18889561801364	76.24388114108308	-0.724231264	42.27336759621316	31363.825024918642	18.727438772635825	12.143345138128298	1202.5648527321364	211.544582134078	9.833814174028827	15.830767845639226	32.664010680913854	96.88525403015673	2.174294834892457	58.503872113426	1.300433675172903	0.13718695131641334	25.557084191354246	125.56766337999792	9.647200781319349	76.29554367492224	32.05164310794934	102.89317989529368	1.8597952572964571	80510.39715429493	43.68902362124527	1540.8011968472395	326.3116288640306	1156.137400882939	8.030501992264432	20.4115276409338	814.4338022897989	215.1093813384105	681.1060331855999	9.254001738541277	477.9148234648868	36.63195466264316	25.274018582765045	22.295134187701017	3.839151638951455	0.27805109318908977	36.31378822545168	2.2962605745716873	0.8459889505172299	3.0768342234645103	29.892784106154785	43.577148910310726	45.76669741241543	0.3660133070672339	1.2329634563856553	7.764152357655559	2.5005679161364975	0.3404587951840462	35.493467765536394	85.77258002781312	6.368023410302944	19.43999285589803	1.3930899132722538	14.364542817914726	8.889217724407848	15.782314646615973	0.598137373301564	21.989313174963808	-0.173605152	16.42662077530483	0.026530400845178298	3.4733119397946055	0.6293211628014205	21.883566811789525	274.5004629075785	4.794658806674894	0.3714714937792407	9.25386199516661	0.23564991151125414	225.01733639999406	8.8320330628891	0.020188116601750287	0.7403442778660272	6.1190308243579254	1.1804348395414668	21.542634893519057	20.566501898505877	0.7328829397307458	7.941571606551939	0.25499529294181544	0.0895157200461673	2.624056034705419	1.5749844322401674	0.7523558563255214	0.35847130297189606	240.1193053121601	-0.200587881	1.4651047926275718	0.6205543387469835	-0.046540185	1.1216382935671467	19.266352785472524	46.95318852754793	6.399026181729932	0.8540816917841008	-0.1263723	5.106221289840256	0.27414054546612376	0.40873628606956997	23.514109887284672	7.040352822104657	0.9665350062773167	3.672413252611389	3.2388973847110445	0.8023474838862981	2.876374452153301	1.3230039535366667	1.5834607005327348	0.6080002930701641	1.7949446680534649	1.748338353263608	30.978744146671445	2.117694278618552	2.98489029450419	43.83015985466608	0.07535403974892571	23.446513638446618	0.7349175949581825	83.29296649771632
44.63302801843639	324.72579144511263	178.05520481705187	54.47997043725438	333.46514068303895	-13.55283635	320.2905015908872	106.8073697578935	5.660119965471891	1092.9335270601014	13.311984672416372	142.9536617531996	25.036405128553813	108.85616624226274	128.833909532155	26.99434255503784	326.2589995793871	157.11715622625374	61.001422302285455	72.71601838586056	-0.507950139	39.27582665011505	34161.76830576434	17.820882603472253	12.369927416525186	1231.0879912302676	217.56325499769747	10.812639623613652	15.431815438099829	39.60892398924536	100.90390078858113	1.6870876340099215	55.20000634920786	1.2301269372919765	0.6585142113725032	27.1338064294243	135.7060982947622	11.099225362375064	79.09607479045415	35.09204405076722	101.78346515884495	1.4533769690067402	76917.32722568215	42.49430155376643	1550.9131364598406	338.3685630189614	1165.964792364742	8.685776156336697	21.659063651632295	837.6983362885494	227.13880322119118	693.5352922074269	10.421293439287085	500.96995064010883	37.950024394127155	23.542481399637424	21.95068555544364	4.084140098322341	0.2084516313195267	34.83734688760543	2.3574748458993833	0.9358020983630237	3.135463266474912	30.328506849596867	44.77645811323477	49.6594094087106	0.6325914212486812	1.5291660841093722	6.930306620630925	2.2805849437355414	0.5376813844785493	33.681836497142804	82.54947502501982	6.495948408010409	19.877711673041272	1.2154896689539252	14.466096985282306	11.169954620786276	18.819702777076333	0.8379901738970423	23.46630960039431	-0.141244549	18.923919505709936	-0.083150224	3.8073988490714377	0.5965827379684925	23.175050564415102	281.7324636733168	4.68075404981048	0.2766021385277917	10.90857104327735	0.2074138573078376	238.31266445797309	8.094350515543418	0.028610513717637075	0.9560491631793794	7.418905410827702	0.9430672647496186	22.29284079210066	20.72500424708142	0.6706938635879148	7.662425301421871	0.1518654911490563	-0.027302175	2.696766750871835	1.883003923018137	0.6505600486059118	0.8427344313475229	234.00193637109666	-0.215369033	1.7102290231301966	0.5255392933281924	-0.137999085	1.109119763190567	19.9796326685017	49.7366335065477	5.705054571135605	0.828748254709233	-0.088568071	6.369801845778347	0.24033014199120484	0.4094705575803522	21.893901883710356	7.223491571770546	0.9554273555186159	3.4870391201898965	3.9813868946151003	1.1909880337836143	2.5185992526260086	1.1188776956604176	1.9116172596386614	0.6471847487973429	1.376111627970248	1.466365451021143	30.338837797971973	1.2123421424159413	2.171013783866531	43.695851645287185	0.5805502156008202	22.247094760969553	0.5341444225187072	83.93919660859773
38.100347809171	328.36367290469906	188.71840812737	72.71690335311804	322.66483068007585	-23.15086531	341.0751681226958	127.9399478183857	5.863179678261365	1140.1188713732097	12.495143609310531	156.66088421577638	26.758482053843384	107.9020435183555	126.31103145407805	30.670542130699395	329.34027853772756	155.0341812739511	58.90265364906153	73.42946135458449	-0.238058622	40.339764999123304	35031.09420935253	17.710355573120864	12.572753644586632	1236.5561761416773	220.16316292502404	11.909203339531583	16.709803808171376	45.91107824706635	98.36356584750565	0.7879885241953417	52.73052697093531	1.9099470650803836	0.707953319081809	25.53884225080462	149.77950676920722	11.893070724453956	80.30367055071923	37.875643577780295	99.35121794127573	1.0439992004757928	74720.24447316019	41.64422264642247	1540.2764880173866	335.5187468678304	1189.2805009274223	8.894949619311635	21.32207415171197	840.2154667987684	226.19111881905812	696.3555665608483	10.4892171667797	497.53046657860546	39.09778642063893	23.627823492833446	19.24216121974869	3.912105508806468	0.13955856669733413	32.373429276915644	2.271843444717328	0.8885598684733476	2.8941655071900265	31.12080211320683	46.58254265246936	46.993067923114936	0.6535339813745233	1.3798734665374361	5.731936258689827	2.014182720262615	1.0190512733092456	33.65091326067429	80.20219627175524	5.316202453706815	20.775327258278953	2.189184758998812	14.71351282635466	10.487519188903274	22.938761011178368	1.0887179892160617	23.161617095269932	-0.10788267	18.173770777903233	-0.17936828	3.2938551019484437	0.8092206734798026	24.062134424845674	283.19929045228173	4.237817147138193	0.18292165464565383	10.820552055278695	0.17577899280552756	241.52907977641502	7.707605707466003	0.03533235571040607	1.4415020850660154	7.1862253763256705	0.7011444294944666	20.879240877061083	19.315906233386958	0.5946028791517296	6.681320867762154	0.05449270480110134	0.12838078531541136	2.5013033928954544	1.8037313470277656	0.5394270202000858	0.8532892139451614	230.6962462330067	0.03778900090250702	1.6395339598886531	0.42425957365143463	-0.216172123	1.094579492955928	20.422195583172908	49.79963498245106	6.139328484466643	0.781085713700575	-0.051887223	5.945930290749278	0.20269087460404164	0.39784728521264573	22.128897623982162	8.741611699316728	0.9167676491702268	3.0155912274048564	3.820185846690297	1.2350348876776907	3.0310435954726658	0.9015977327019811	2.3396096450448356	0.5630352164878836	0.9578785430562456	1.9485988754722903	28.312756950203283	0.36115495556111354	1.8933945107766421	41.70409870748756	0.7778102673995008	21.220204928411107	1.507424234647618	86.22262781013308
31.00792518655701	300.68685603118587	212.1037388628352	73.0586358768018	308.2746067570068	-15.49456542	334.86911295764264	120.35106963827711	5.770038029424051	1169.6521151138109	11.385132344235958	136.50755790562218	33.455596824988696	106.41627176128831	142.72111024018645	29.359005484873816	314.9332212441021	146.33847837866023	58.82668225168815	71.72867618579848	0.07198550126268204	37.40711656325703	35371.80469630133	16.709570578610993	11.778114640504334	1193.4108572776956	232.12818517186722	13.598834583671772	16.568699226990624	45.22568473169325	98.61635742511255	-0.34484033	50.44607972136194	2.6444867681375386	0.73120991644773	27.277209222522767	150.3721891931315	12.020739428591341	87.73139661843624	36.41461384475865	94.62165890722518	0.6442392327836663	83339.34266169563	40.00982495042024	1497.4052097786562	336.7383499257775	1185.8062236060118	8.21635724740973	20.119121377232315	823.4644202540023	223.3724692925666	693.6631464821022	10.955672006519663	492.25901692589423	43.537838651880364	22.575796671924866	19.66722448103078	3.539911212977988	0.07336805153644081	32.03470054898737	2.156619880311958	1.0793850655184387	2.5901725586179287	33.140243787059596	48.45054245820642	43.8135685483854	0.6527762660465456	1.2341139067265707	5.841444845182145	1.7139952375291023	1.541712635057595	33.073554950032396	77.04357950566447	5.134945021222376	19.7799214672445	2.229834797269245	13.454781698529139	9.688701724541474	23.92775059153485	1.0817114833266972	23.542545327799896	-0.074620498	17.873423799540102	-0.260583481	3.5128500764792956	0.7763181952355876	22.258645866487814	277.93345583978174	3.712039420318989	0.09312156951236013	10.176718404421544	0.1420342449692827	241.38798116972032	7.248307208972349	0.04032204283258598	1.4351646522120072	9.741226583984071	1.762379544879996	20.200623727213628	17.868240834060337	0.5082829067846109	9.497887251435543	0.09522241594390887	0.3246440257476986	2.3703472689298484	1.6782740882255982	0.42322448402883994	1.0971898418646813	230.8602377217355	0.0644975616636693	1.3267223841746045	0.3203800387328096	-0.280042693	1.2086558649560752	20.287836338881814	48.632347261290555	6.285995151930577	0.7147568553817657	0.8926821570460357	5.546067982500637	0.16273480771747353	0.37545092152533044	20.606526861507326	8.855671463128791	0.8544708839815697	3.280820387076175	3.260499328157265	1.1376260095520285	2.701312196170477	0.6789978340583287	2.3546145025590475	0.4704095809147336	0.552732410341956	1.9841509912141542	27.299901478705365	0.7542518387249353	1.706735329672443	40.150398102243265	1.7720100059963282	21.899397931256175	1.4381533385242093	88.17103705721088
34.12450707060771	271.03711516408845	214.50742435886883	82.16443607181313	296.19516702353445	-8.059058553	363.1175899203656	115.14054718703105	5.513109404587747	1176.8924710269375	10.174568235341763	136.35433748931473	30.979332214269814	109.00658902708919	137.0585478404784	32.10785233908457	307.8388730425162	146.5621914215386	60.14350752650146	69.4761092483171	0.27886564754563303	34.235519474079666	34184.55999366622	15.377576966193779	12.959596097615135	1147.0977445817816	229.07285963887009	14.201537665887791	16.84464412711823	45.49206002590666	91.95537912220539	0.07595891044418512	49.366694805105055	2.626237897844852	0.7302045565836269	25.523423220393415	146.3044376988694	11.525019079457246	85.35440818082847	34.92724866969642	87.35640600936291	0.3951280848772425	87446.38075152665	38.768572275505626	1447.4089030704392	326.70384218015664	1162.955187308562	7.8791333952757245	21.012890238883656	798.464545756093	218.70451063994724	684.4900740167677	11.336811202090042	484.88694173067734	41.837750500441246	21.041698632949394	18.479764681753732	3.0987390103430172	0.011595546345543585	28.438803677382293	1.8882200759377663	1.0187461908934674	2.368873728144503	31.5935339799153	50.67822600962358	42.38761205467725	0.6325110342699692	1.3559068856949947	5.2147592276697665	1.392406645943068	1.5658564815793814	30.181725821953716	69.37951703101284	5.57776498134971	18.970658611296155	2.359524787794558	12.628280232530294	9.229104954879608	23.500008696109635	1.0429542835264682	23.929104377242865	-0.042445929	18.656908805027086	-0.325859659	3.6545600512626835	0.7234164189587264	21.257746787971108	268.2962010133383	3.6474782835721355	0.009507845807025017	9.221966566517462	0.10740294456758387	246.76935298860346	6.60748934405889	0.04360309995757033	1.7764060230770395	10.31849087335711	1.6646197623805725	18.62384958053451	17.629294749644572	0.41534644445066576	9.657860379198526	0.029022483494118387	0.2915416213643261	1.9113763392929073	1.5150143326568797	0.3059454669538535	1.0837847117363086	229.91202292993935	0.3466003394988053	1.2653902945067226	0.21727705614406284	-0.069124926	1.2050649238075257	19.38827792885337	50.37281789440738	6.339415298090202	0.6336181772333843	1.016014134369693	4.819809865601841	0.12189230328803805	0.3440306665609868	19.338197369434752	8.122655106665785	0.7727696687923312	3.991102019168076	2.918966481632819	1.0158292389523718	2.4535145709133928	0.4582879902572917	2.2974804392450667	0.3729342214714567	0.3015189185888366	1.756623365645407	25.83933450999608	0.18541147841062672	2.2575400067884903	40.09755561445611	2.073629470553583	21.00368969587905	1.3326649318574153	84.8794742678646
34.82569555413511	260.5312349287781	235.68551857453303	110.65472316516895	282.9978162527033	11.324669383023629	361.4276914892053	112.77686056529866	5.116480360097441	1252.2320172179434	8.679823490276735	140.51580898995857	27.821314098194726	101.6076768954973	139.72048524552682	29.91857893770172	294.1587934698134	140.86666741748303	57.224345048038394	64.55451572713436	0.3566918097739199	29.74401650959765	33123.83296148463	16.717455406032467	15.5541415260864	1077.3030108180055	228.05088087000655	16.657924309905574	16.27765521341953	44.29703598992153	86.10183727592278	-0.25760054	44.994247536320714	2.5310267776460886	0.7073935960084254	25.949313121865195	150.74432822306747	10.493120192852842	88.19448634155661	33.61080255204951	81.546986221006	0.05907420921514378	86388.25360982878	37.0283876998173	1339.0699599409309	304.4316699436931	1131.3505990216004	6.939257926496848	19.626895507203354	756.5807223352916	210.2822125333914	654.1296065774635	13.80973214204068	456.6554658030618	41.252538649132795	18.899759438882988	17.01665792195178	3.1287218576612528	-0.044347575	26.56933238261626	1.590013649722861	1.0636088180041894	1.9986385688740846	28.67368913408797	47.89279442561031	38.1926228486996	0.5952969946429514	1.1248433601957264	5.554299395078533	1.321204714137345	1.8006102490016076	29.433627832024293	64.04047529289599	5.648969996023819	18.15320228260376	2.7254600356335024	11.065580506155426	8.948594713537542	22.320040729343653	1.1067841752004681	22.22913439042425	-0.012215439	17.802338045814558	0.015167571760919193	3.172462227029852	0.6541023277407896	23.229205213666937	255.3537856391391	3.3399489119928036	-0.066029741	7.986030915408266	0.3330126858690274	231.61950703594016	5.532528585315011	0.045247958371329125	2.5102310761632576	10.40847400759213	1.5266973652596743	17.536037361107272	15.795364431181046	0.31924323501659524	8.812100382809257	-0.03142813	0.253003208778361	1.7309612124408729	1.3226301226653268	0.19121598757775002	1.039206553268684	221.55126892942465	0.3900948293654635	1.492229704970427	0.11796606012986881	-0.077225187	1.1956811290596052	18.197027021962167	48.308056927380306	5.627310970691157	0.6715848215828395	1.0965324899298934	4.02158326442487	0.08147728020290496	0.30543151709624794	18.556554905486397	7.119260732649106	0.6760554850582466	4.520622427475745	2.324017925311833	0.8757372682441095	2.4468912710546156	0.24590049112863963	2.177135369085132	0.2740183713283638	0.4863812084533641	1.4991498016641724	23.40964420285784	0.4478928097754303	3.3455380159892787	37.987070707013984	2.8628781045385057	20.017441593163266	1.1977454179015783	81.61068352941699
39.021994322685714	261.57000566913547	256.20523781139485	106.90633985423409	294.0102660713742	48.540284443741555	366.1139521564848	99.79623678878056	9.416019809253244	1321.6006482733103	7.074158515009909	161.94565907083927	24.144458370781308	92.9104256701997	147.0746143527046	27.050675508326105	281.77195805028646	134.81469579130848	57.85036846598049	62.558446086255856	0.4160346014861605	24.41934334627591	32060.313643676658	15.331822339706315	15.97260816592795	1012.0986601060669	223.34957355192915	16.608934560224412	15.019035534688113	49.542603277837266	79.79059449599075	-0.850076029	43.86921756832518	3.409405966137819	0.6656419236104912	24.474134639533844	151.85789984815372	9.959617589123296	88.79472209596523	33.41767696960582	76.47209882485458	-0.245146505	85701.70157400581	34.93136995070329	1249.0928123261453	283.4137648325652	1072.675951592687	6.665192266800953	18.940693383474983	721.3378595865116	196.28367786148942	626.8212976847658	13.241069023735037	429.047473494116	41.558271823481206	17.585021381056734	14.249362100471467	2.661844764517827	0.03663404356891226	24.549728245848343	1.4039274566377604	0.9720769178637134	1.6054677684644854	26.735618098820733	47.04912216723006	35.49135387785873	0.6739454491393468	0.8831408864405131	6.703256563894067	1.1474868340880742	2.277870332211563	27.017330806127088	55.464123469803944	6.303585409349804	16.832895518302493	2.5730379576195475	10.427183337233382	7.857677654923554	22.358468337373957	1.031027552451054	21.99228737057477	0.015358465642956086	19.139154221148846	0.021637051928623266	3.0334003184094085	0.5720965758124227	22.166641640383176	243.1049982331856	2.7629740102116207	-0.132032677	7.674107901947741	0.3260710724642557	222.17606046746502	4.399088044886069	0.04537089219257217	2.4953666916559563	9.577204608175887	1.3567662868930754	17.33092524278954	12.970966211628438	0.3531730494754338	8.566553374574637	-0.084890839	0.6007285411876417	2.256658761900816	1.1098054299929692	0.08222297651192441	0.9679100140497614	215.43005226107869	0.41753702536449205	1.771618283238648	0.02504718191319813	-0.082198667	1.0513652799146886	17.39899039510122	47.21053034923453	4.977597746911282	0.585607256849864	1.136103035236177	4.35253182543285	0.042659441020198016	0.2615293370650955	19.136380040768284	6.002627974054621	0.5687310551458231	4.551572122128374	1.9788436868635906	0.8533823765593502	2.0675235630500777	0.04737472717899355	2.003510744868637	0.1767735550597293	0.3681658330778379	1.3524491000311363	21.270633600347693	0.20068922371049047	3.0243700837903096	38.128022169105655	2.88731553198878	19.369295052924162	1.0403854928042775	83.51045135893163
33.928003384700695	247.37779916538298	286.27682799022864	114.6556046787657	284.64116292603677	61.01812946507543	444.67816819234184	94.63978828625086	9.30312471921587	1401.5243967749411	5.416835281819468	162.91415437150675	20.11095446498579	78.85558679732586	159.77109211858348	28.468042156638266	272.47064743120364	130.83348045401212	56.40827848814896	60.13523002687753	0.4569620759825922	21.314557198898065	30995.496848339186	14.09479790982159	16.840049896807503	964.9917846621402	238.33790975910168	16.176575748704632	14.845706757789197	48.527335738626306	76.3167581591722	-1.097801689	39.85061407007946	3.4276650567962417	0.6080961607440357	24.39224996624961	146.72437731528674	9.650676718093004	90.03109261205405	33.14133363631832	69.76053720357268	-0.381590753	88609.61369454497	38.236112877979586	1188.100595103054	271.1652372875731	1055.8684903588842	6.138577405070619	19.2448906706152	702.5591473250144	179.62648632093294	607.609180750795	11.932040146547905	409.29885621124123	40.97668352569034	15.314206487581405	13.991314998125045	2.1618000377532094	0.7884184787188333	23.175592675381772	1.2243320591620372	1.1205359002013735	1.2034500150419114	29.4492856241156	44.25834346967094	35.87547118776618	0.6245106947119223	0.8991144334676058	8.306220318911226	1.2467161370210882	2.759068297134176	25.352143558635788	49.78148312492698	5.503631719062695	19.139632564882277	2.4886669486784014	10.229810385086543	6.930121972523259	21.772299134480015	0.9319157654030495	21.909356431592993	0.03971422557379746	20.608114152315242	0.026810472521698235	2.517242591098727	0.4811285018025198	22.0753351752163	233.49793962083191	2.1608073783022075	-0.187474339	7.013153952774837	0.31004148822603356	211.6616767418134	3.377018917153439	0.044120405865913745	2.6671277448497066	10.49174601045599	1.1631253277563445	17.096396579019896	11.339878827682238	0.27311469100412555	9.828564465926238	-0.130460551	0.5956594841203651	2.6420867935577403	0.8849690436880583	-0.018337423	0.8747058283312382	216.45805569173496	0.689708891002683	1.9599194551828878	-0.059331224	-0.084208839	0.889940057286823	17.22878771907333	46.69644051842629	4.563527913102057	0.4906592308846902	1.137633434954747	3.749809575577046	0.006443602525155835	0.21417149492510548	17.584131261298936	5.857579652097946	0.4550771365702674	4.66287968365189	1.6688215616542645	0.7076615027462865	2.4440669189544915	-0.132719702	1.787143260727732	0.08395001376616634	0.1507270202475292	1.2098449955604695	18.76740505007813	0.13218531954073	2.6445878422975277	39.01103781991499	3.602689750734364	18.094884315121245	0.8675499954325785	80.95492886472687
33.655571438973155	230.30347933704428	302.0229543114721	116.97027488048117	277.04973520745204	77.43764610032366	466.5056175788429	94.1897909853866	8.922425396605755	1408.1800385231609	3.762739313493486	149.98837551096227	20.68747231582025	82.88056420781962	148.91478934431694	25.18963087542006	257.225348451093	120.89538223682506	55.20814915345612	57.28027867263071	0.6100879407499029	16.130812950291062	28967.066827085288	13.998631985630691	15.995545957694878	867.9758432227419	243.08727505278387	14.992155545875692	13.974339655846496	46.12777488117766	70.05080271126033	-1.227820732	35.71835249955591	3.2412682866849347	0.5380620893419047	23.976786261306316	138.8324757162478	8.833109632622952	87.91289329817236	35.13838462727003	68.73731562831179	-0.592942853	98631.55619219386	41.06329812618886	1181.2245817491803	249.33660537845304	1020.6757205376952	6.2504667073612	18.461321508922936	673.4515318699164	160.06621934480415	576.1600000876972	10.525952952683047	381.0861349703167	37.613953551907855	14.091046888826165	13.86933315606951	1.9069057825324571	0.8413719159921971	20.593602881700402	0.9259662396590251	1.5405329072992262	0.8055305365103376	26.328107828157513	45.748892337777605	31.884912631049897	0.5612840948858827	0.686517192787961	9.939701088859334	1.258621025550168	2.9693744166505027	25.11291072913455	41.5136623207899	4.748564446232416	20.281506929857617	3.2780730321710183	8.57528041660179	5.847418199187296	19.351577877841063	0.8147576840977541	20.437437893561604	0.060442982744340776	20.331934665795536	0.030662236879814758	2.237183358786152	0.38482338013953166	20.27089930130962	225.48664868108864	1.5540331882346692	-0.231747604	7.917900779935977	0.28631361776485265	205.6088810864726	2.905846134679469	0.04167135599594375	2.541698860378591	9.890080892194407	1.3439547047005962	16.162428884256617	9.831703817300191	0.19286872764982438	10.819517514164893	-0.167559476	0.5732275482362051	2.5697094182422404	0.6560672247029967	-0.108291659	0.7645808863346302	210.32951710857355	0.7139723033469743	2.4205929262772172	-0.133491852	-0.083491728	0.7179591552031392	15.048741679076034	44.822866455146084	4.563959225280692	0.39048623058949306	1.7548817916528177	3.2548652634395117	-0.02634396	0.16512429215136126	16.219583421937553	4.751308772773999	0.33913629575515913	4.223170098513497	1.6597370021162432	0.5552828712321405	2.109633931699829	0.7491769024416279	1.9287982271790856	0.38789032618897473	-0.049489722	0.9452059516700554	15.661477203333174	1.1665662462017239	2.2234461896850988	41.56542077104594	3.7984458550833584	17.57506812164498	0.6859715479350721	77.57631075400077
29.34071554464917	213.6274871114281	296.4337793712471	108.20436981561066	261.7759582045022	88.63208168903736	448.2451534993285	81.93909968504715	8.31212324435848	1423.574714940864	2.291170762595298	149.74552327114338	16.885714212096662	88.97662695102943	140.59667316714757	21.48337179606108	241.0478189154606	111.60423237425192	53.80178827762888	58.42241409362965	0.6295985808179855	13.60151873803603	26411.667803144217	12.602123694289961	15.585626033762667	795.9122206306012	232.74908556551432	13.956412696953375	13.750879074422668	43.154336863038544	65.64991872680184	-1.508003249	29.497766511098042	2.9762731449842104	0.45888956239972967	20.84356533901816	134.67479000562537	7.332305966721217	81.36912711673368	33.42157898030845	63.85429674172763	-0.765371458	162038.76775431205	39.23586590579154	1077.0994322782185	230.33073849889138	967.1719560824944	5.653653078201886	16.452269618132213	626.5111320042307	145.50999248594408	541.1309374882785	9.234695889624186	354.5021018043752	36.96907796894639	13.047471843281665	11.893469503537446	1.4202937793578063	0.8637888520584586	16.152003980936158	1.5396580149165435	1.472314226468317	0.42323708973661106	23.759204576950513	45.72791954894027	30.21686255107375	0.8775416321958707	0.47458416039264184	9.57164274914685	1.0315767944598349	2.8695686917156817	23.864213860709395	33.36721372744283	4.606546967298194	21.020748650439696	3.2201963163492433	7.5089450324674605	5.0175622572093115	19.382381410530776	0.6848726804000556	18.599588072526508	0.3372855747154996	19.763415087953938	0.6832089576957252	1.97801454894125	0.28660406923865633	19.968780035754317	211.16188737488702	1.0913154215268448	-0.264641115	7.314635900982925	0.25636912581684423	188.6130985640717	3.064615246412512	0.03821707043309244	2.4825618985432287	9.661879858993146	1.1663825028094048	14.186985092441967	7.5693951934373445	0.11486129880145861	10.406789732154737	-0.195921724	0.5358419794933751	2.227478497911023	0.4303735708753515	-0.186001723	1.292531011947644	198.29394687047107	0.7143902053564273	2.3925812624737968	-0.196231663	-0.080341577	0.9316375686717298	13.115237992706184	42.13196380453952	3.727428629483044	0.28861594340613084	1.7577588589314965	2.5117694246125453	-0.055062448	0.11602808089045064	13.824902863854183	3.7431257181992272	0.22461545014890694	3.960736368933538	1.2017687884685366	0.4014836167324448	1.7453552252196378	1.2404085395377962	1.8284237501699314	0.349799897583833	-0.228200098	0.678674633618581	12.60629782516272	1.4525120928105666	2.1677153166433594	40.15740280393241	3.6606729733449526	15.459981503866995	0.5019717987492642	69.43826513172726
35.47712377341811	209.00026949503075	300.10050854390727	96.99892416275888	250.77628015571227	117.36811126820857	454.5933812227858	76.60530452419025	7.5134876100051775	1441.9126822685705	0.7980239439090702	147.3245905571721	12.95756049238253	96.09378461138738	135.9224684126807	17.50323747075616	239.09660776592764	103.38407052670856	56.612009841055496	58.4376635497198	0.6282701994547203	13.06710838486542	23774.248647502925	12.217202521254606	16.5091293212108	714.8775936787565	229.2122424600063	12.655551752014688	14.137238178908545	41.703612540822185	65.00962557898515	-1.584927416	27.18430612615302	2.648489323104032	0.37386760127978025	21.228359548788276	127.41262916589639	6.021613488408018	75.75866373993686	30.243806528633783	60.253950841550065	-0.897596059	240469.63512758908	36.42410093026021	1008.1738147860062	205.63553615231916	924.3734093903387	5.166911219612448	15.600554827876595	592.8894381649866	130.88408853839172	506.24085302415324	8.275523656182484	332.95140890089647	33.789617605212676	10.766830146993165	10.818388131152464	1.0697341631198864	0.8580504289563402	19.990004850820252	1.3457908722008138	1.3667479869264494	0.7164758749481588	21.714415513555693	43.53720645251846	31.879111602563004	0.8358471668089835	0.6596069064250755	9.663240960931207	0.7962896826447401	2.6936564785228723	22.354460263305477	25.57439358160719	3.7405348272384478	22.55544373945037	3.231501382619168	7.023974835772538	3.8501650417128452	18.738633147635596	0.6774299966601253	16.81753559141913	0.6363253402480775	18.52884501525788	0.750004737699173	1.8754221836126008	0.1896085673507089	17.907809295681915	205.72474557805896	0.6721299688439974	-0.286306041	6.542258432895689	0.22172800928913133	186.2885013369887	2.2155689895798756	0.03396170131353349	2.2548617759351055	9.50664253334222	0.9715760460230505	13.173476127035526	5.656235576157662	0.04120877387388565	9.323131036380952	-0.215570095	0.48611970824002676	2.3726463146755967	0.47433807530421035	-0.250360728	1.3589101946409272	192.4331152500647	0.6933346110042422	2.5855933271765044	-0.246810542	-0.075096193	0.7959990137333093	11.291627535192132	40.06619250485742	2.8627282343806684	0.18827420663892092	1.7076154537143629	1.8976300869298992	-0.079257213	0.06836064832891756	15.014943275663523	2.6234671975359563	0.11480822559881275	3.7957239212435687	0.8835443325315449	0.25101977918074536	1.3651437326308766	1.2453047567382136	1.7132340083565947	0.30502451491169047	-0.382193434	0.41843620836369666	11.37844745005443	2.276287991974208	2.1425260714064933	39.17546454941227	4.076857190580038	13.142604102750798	1.1013128705195594	61.7008761177293
41.33557746610761	210.8257655554222	288.03754954298415	93.52405535030952	231.10328150712994	117.5694945514164	448.6089847372138	66.94672974369333	7.0893109107870504	1434.3994723954493	-0.569748911	140.72601339788272	13.843495329868333	99.3064129673679	140.5880100812801	13.39601945385905	231.99761949837014	93.85440274811828	51.87284895290779	52.23825815370935	0.73822655024414	10.904125815465909	21981.003948000678	12.344257389885149	19.325008400277795	632.0001016117337	236.0527163912489	11.51511034900943	14.140844227578576	36.2668522746028	59.683072978580576	-1.446611344	26.236662595917913	2.2740292037187504	0.2861318082334323	19.917823551117735	120.91430553516344	6.0213418532739	75.3464867886216	25.96649712626757	56.696021006143745	-0.729670317	309371.2067097107	38.640789424374205	917.305544599435	183.90078795583457	869.4635150856883	4.30383621029358	14.165994871810241	557.7732305647173	118.63425232944283	466.7125514157159	7.734002936399477	296.5172430207388	30.55441474969595	9.451247715923719	10.666263252071408	1.012138483612162	1.4771443352957436	16.964505488191328	1.6509367175906324	1.360735931730975	0.5888965053901071	22.04267289109369	43.23944847216328	31.978762400826444	0.7732467329565157	0.7663391706615134	9.275782122709192	0.8206425915318125	2.4545257922936576	21.215048217742787	21.453623642906898	4.018907856367523	21.040006007376473	2.9447309007835254	5.896782413673933	3.1040025965146407	19.147100716600868	1.2004086813943842	15.039162290679913	0.6863713690199553	17.001866599373695	0.7876207975713008	1.8168263893084384	0.09662435863103495	17.155701350746302	201.64957559357194	0.17469916236411498	-0.297215294	6.520850958630307	0.18389916413551577	170.84770879250436	2.2949602887431064	0.029113018066524426	2.1122858123097417	9.711729664256119	2.7171029535346403	11.346113774358663	3.524704853321217	-0.026314762	8.45814427909312	-0.226786526	0.42678607286481246	2.2921179603234454	0.2996759870310569	-0.300773011	1.2778841532256542	181.22537333419703	0.6535845377571484	2.3817363855936464	-0.284927217	-0.068122462	0.6500443438767315	9.261629297373725	36.335012559997814	2.3886160317571106	0.09231841734926435	1.6112579254075117	1.187975780407621	-0.098654786	0.02340913957367026	13.345531348022023	1.6670705130129342	0.012537476735763609	3.623341000685289	1.5106359922123058	0.10807173200879353	1.2419990773220653	1.862352209516443	1.4581662204738937	0.2555759350594115	-0.509321633	0.6916685393833898	10.142028688955339	2.8993976614622587	2.4055799685511197	37.71645618386177	3.959117270374215	11.462686318663698	1.007680448997238	57.39619972159925
39.05811846554493	208.22393904311184	279.1797599558638	90.3309517585958	203.91448427819194	157.44365466976097	456.9447583580826	86.1156105489353	6.224872554167123	1468.3555993377768	8.35634798648958	146.73551355258584	15.465531823709505	116.77858609872933	131.81935728058116	9.29764265503588	216.8186014726173	81.97206966494348	54.22141868498761	54.99164555268867	0.7150404694472935	7.71031772854237	20366.643600008632	13.278279049956083	18.069549319429758	594.7303557030612	236.1175614376298	10.353259775834415	14.459864344554248	38.07576246676727	57.06868344885904	-0.568728539	23.08668354082878	2.1287942201604353	0.19858564024471623	18.10080644668071	111.76838510144886	6.0704571260549764	77.66513292877923	23.76792375034995	53.55300352409375	-0.626647041	378897.3849323289	42.38658538634558	834.2249350935379	170.5724909403234	832.2607047589324	3.2979536155977915	13.399911065196216	539.0554468075335	114.26037217150555	438.25570342565084	6.114614200502788	275.67097643797473	27.91609973724002	8.603686096483507	9.189362963336315	0.6299382175468453	1.490014520942334	13.332620897179558	1.4760398769137504	1.2145030041031188	0.35640817762615723	21.136824344145076	38.89428283567872	34.319085247238746	0.6937089405005992	0.6394080333544622	10.718795704628103	0.7479409317842233	2.1656724009185546	18.42312593020408	16.801321988789425	4.938876346892665	21.04491186828867	2.9882955401079414	4.69540576137497	4.019336317940818	17.610308507171585	1.2650772372133856	13.447451451294219	0.7108216538440467	15.617530027096716	0.7978466275290768	1.539585382755439	0.010039840024397353	14.424133159781857	197.49243533972646	-0.278229538	-0.298117162	5.925958703032554	0.1443362285731963	161.0855642386933	1.9875636493277213	0.02387581260222054	1.950598870677622	11.494956192150946	2.7065640816890317	10.451104243718728	3.6405860571687807	-0.086296501	7.255911869161276	-0.230077719	0.3605822188411752	2.2108789025968063	0.39348982797428717	-0.337120875	1.1666241913551387	169.62164440989022	0.5982019357020495	2.1268130466012645	-0.310684408	-0.05980243	0.4991838106895096	9.126782004415945	33.68690023282423	2.240256568443195	0.0031886544680955337	1.47619841216912	0.513647631125342	-0.113152957	-0.017749492	12.172694672704012	0.656301381551826	-0.079882322	3.579496142162279	1.6196994061586216	-0.023823662	1.153908915224473	1.8618243507313563	1.184860224765246	0.4634049351405781	-0.478457363	0.5168275811196119	9.754990943297495	3.1332144341576367	2.2001610769247497	37.21185496935047	4.414377824077747	9.126879723425397	0.8931808561572316	50.00010497343423
35.31666181107217	226.16557701073916	283.81235652877956	81.7572299732956	208.49713224380199	163.78708913617825	482.96861186612205	82.164134957185	5.160131856584176	1463.995445605738	8.85914475483874	146.08199828524107	17.471398713455276	136.05018433399275	141.33298904153466	5.460174256443949	207.22292720526124	77.15880780013785	52.52848888330982	61.899944845189395	0.6727217826467129	8.814580918454917	19341.869978815535	13.110550172521242	16.61754966708363	567.725673714164	257.49239513624366	11.416996466701868	13.813186519495726	40.19150876571228	54.423672368643885	-0.461572159	20.119101885023696	1.7342189083531383	0.1138365198475303	16.152466859286974	121.59400515806227	6.392547157776296	88.63196046705772	20.666169999513595	50.587697684525935	-0.225126681	440490.56378471537	42.85620419052944	799.1556384854243	157.69984889815368	827.8603543220842	2.553720671903648	11.848438307287708	542.257778021842	121.95606886421686	426.28686913182275	4.473725912180685	267.1492072203478	27.084133233912485	7.872770056092811	8.28447181457464	1.0470598315616548	1.5868972523959959	9.663946138353579	1.534351523997144	1.176458279114955	0.13647643730981768	20.08745592156697	35.92680527777226	35.54580325159266	0.6013136590752562	1.1559877687774822	10.44594405721628	1.210071210057866	1.970734176653405	18.227702093513127	11.580210840420019	6.398681697958512	19.457979787060985	3.937854849296677	5.253304601464655	3.2525565776861525	17.00888626347008	1.5753266203340854	12.23148815230827	0.7115022605704074	16.933101211234536	1.693114475665203	1.4038809153750764	-0.068187422	12.242997793120399	198.38623605107375	-0.287518483	-0.289985329	4.812776911903599	0.10439949970991289	146.99706721310258	1.3512797643740428	0.01844605330628043	1.7765626570883857	12.66501138149176	2.6158821745773135	10.242062538831226	3.1356615589165253	-0.137691171	5.986225344147777	-0.226137461	0.8101812836546665	2.001437383564926	0.26611758998396573	-0.359720326	1.1614914999310209	163.21963904571737	0.530411535781399	1.8335776501100831	-0.324545348	0.5994796710690953	1.1284338165003247	8.911615980621466	31.842992131383276	1.9295253544073754	0.9628762082410007	1.310358897889494	0.15134286783753048	-0.122806723	-0.054259777	11.211960824736684	-0.273079878	-0.03066367	3.032650885226702	1.369265496525547	-0.141814808	0.8400105018799058	2.0654945473028374	0.9033390218845059	0.43654888715941076	-0.5363258	0.4739658912486236	8.444007243906512	3.0496530965587483	2.369279242153274	36.52135822720979	4.351680987688594	7.130847396008163	0.763335796916509	46.773616550882686
31.45985096771453	250.5480838712816	274.86732274854035	68.27816346732654	238.84660144553698	158.11256748186844	472.06102166737384	70.8028828758942	4.047061273061998	1476.6914438787312	8.64588750370782	140.35137459607355	15.05253695282281	146.31311721571004	128.5252679551468	1.8726474700178937	199.72013254848292	69.85210788780866	49.318997395300514	58.04041586308436	0.614453311046789	11.17398036182256	17500.817620377282	13.086277677654246	17.922223489959606	535.3896897127315	256.00497361090885	11.45184959448152	12.856780881358185	42.84993517179142	54.28045222539093	-0.351284252	17.37470533824841	1.3270745604759768	0.03414721589463704	15.804387224853997	123.19924305427249	7.240651771592194	88.24314643749663	17.254606523775465	47.131291498379134	-0.157004556	499010.56783832173	42.51317498857904	757.6686023835595	148.7534755932563	802.6242282992582	1.6072994024218095	11.76665967595142	528.9521427740644	119.39351382173052	405.05631219342285	3.902714675325371	254.7551387078732	26.602839383900328	7.628762518058402	6.611535626251895	0.7910574892281338	1.5264847931324115	8.542220471259592	1.470801460652284	1.2669242782521586	-0.065556422	18.360400663599663	33.11827131732327	39.7934753579634	0.89011849602019	1.0862298975948756	9.516999252829153	1.479686324202409	1.7661677495151686	17.204989577685872	7.233804481674953	6.4405460629790205	19.506001520344242	3.674322582087639	4.3878144195014315	2.6248781141263695	15.557339656234626	1.5072912665326927	13.400176538651666	0.69076973880702	16.459122240621536	2.0080621047177605	1.689630467271498	-0.136546335	10.252686029331478	196.6390696097541	-0.587252978	-0.273967119	4.316529992530433	0.06532445874166043	145.88750787367783	1.388085874984511	0.013005888340745914	1.5966331851454216	13.19811071045374	2.4557919929394476	9.086663128267537	3.5371596637219995	-0.179815639	4.693920711311195	-0.215807104	0.9205150034771685	2.0428968949292865	0.1434990480931575	-0.369268223	1.0220273326513842	152.4012450465903	0.4534878297793716	1.9046584637647173	-0.327283833	0.6748491722799141	1.0609058072350483	8.410618079787792	30.018185076144924	1.4219815011429167	0.9977087203893854	1.1217925681011458	-0.379271705	-0.127810911	0.1745087610417598	10.110941536823987	-0.451330616	-0.085446974	2.839510627427882	2.012797012960014	-0.243752394	0.5323016148133982	1.9868328877980852	0.6228697686353044	0.3992819773615777	-0.572317618	0.32117139362727537	5.9108016971374315	3.142958299822986	2.9604072135943476	37.18427041246688	3.964703405307698	5.430492879452409	0.6235751696923634	42.86656847405981
32.384925679661215	268.3358975296313	271.2007726638689	63.54865870793458	254.23572568373237	153.62212096853355	434.0023598384792	58.38366951645565	2.923885909700178	1446.747099008063	8.324579352578759	139.03327203794058	17.23398525966891	147.8603632927843	114.18256093874331	-1.512306062	195.02601338092796	66.64051473007812	45.160885134233126	52.43562730329731	0.5435780872754539	8.992220449998763	16068.785969171535	13.481844101944322	16.768763225849195	521.3156134200605	245.44614502978024	11.689661921648762	12.890312380593652	42.6970208821089	51.38314052970155	1.3185133924875996	15.663507286003203	0.9208324105722523	-0.038597574	14.5369839371187	124.7079798692335	7.456726370878737	86.17591941776675	15.006561199897886	47.25658718589564	0.16901549290379464	558962.2444514178	40.12905345716631	749.7802118203743	137.17913535105097	791.8329880297372	1.2273012778155004	11.650059117470217	520.2885067678427	122.1354088688409	399.6771215830603	3.9017231218958277	244.3478228854098	22.03158973737237	6.200292858285681	6.167546987973867	0.5369236564511207	1.426319036001213	5.3764007567372145	1.2694823598223413	1.1103359491280773	-0.245419303	16.415238911521097	31.21704261339949	40.53257599295817	0.8233392943900246	0.9908609166026835	9.075438951295864	1.637949337206425	1.5590729326053008	15.458398626110768	5.395024624354147	6.665007609608107	17.54404103468885	3.326913864136876	4.217238823149487	2.041221153498774	16.554227520035678	1.6608407101154583	13.159990790201173	0.6513873770557607	16.638767499851188	2.0312731077235293	1.6561161499601322	-0.193972967	9.043824861041506	203.5674477242738	-0.709396435	-0.251331717	4.8004118653186705	0.028197188107983405	134.7722792319852	1.1395687982843972	0.007719563221542474	1.5467976648423911	12.60195678520591	2.2380370696771847	8.14420376491219	3.592393168135266	-0.212333192	3.2900289204189357	-0.200035571	1.0221999012131053	1.7189235483093321	0.028837388948635356	-0.366783283	0.8658487621201696	149.64265309597823	0.37065185948416574	1.7414914421409466	-0.319929955	0.7224362482012536	0.9683034246792482	9.497401426643851	27.68531317414606	0.9525325881706163	0.99912671971125	0.9184290942485981	-0.32544667	-0.128480352	0.17516518206892437	10.41669593159784	-1.098216361	-0.002188538	2.800499076586107	2.871591467362234	-0.32818365	0.23939456800913944	1.8564324076098657	0.351761347651964	0.48376329922268074	-0.587540726	0.6940212039592438	5.273592654131136	3.842644233766111	2.963610171483484	36.48536326682426	3.8874824790056612	4.207259028168657	0.47908335009986147	40.34422815069743
33.6859451500234	276.7148528962571	254.6848544077485	49.88564466324379	257.84886572759626	148.05205547747616	410.46949339731975	55.36486740746729	1.8253115053835351	1354.90477565422	7.815664635985241	122.16598157448269	14.98026917804033	136.46707386336763	98.98864779581785	-4.513395059	184.98052572870066	60.2608654462183	41.91375754524548	46.71824878039004	0.4634830432629886	8.608869915857383	15393.923904011217	14.983398560747062	15.437586091374351	505.7494763540547	238.4298149558711	10.963003158449817	12.753781358487762	42.41848739493136	48.66406578769006	2.361775870399037	13.783523820402419	0.5275895033417326	-0.102909958	13.250211460043372	128.5346036066214	7.047491719110264	86.68013751747687	11.903123572411129	47.291655689083626	0.25736307206148423	615534.5960696618	37.63947247517986	748.5472539588965	130.93685507253466	803.985882146276	0.7084839273353573	10.795616841313029	520.2625791592079	123.379052145175	406.6355363862421	2.6837790301523636	249.91080395863045	20.696517363376046	6.928661378741662	4.382930803884427	0.29209549725827544	1.293380283503098	3.925870990964959	1.0502106982807229	1.0660963744425616	-0.399933317	15.442136167304756	32.059425501466094	40.57178928466471	0.7385378340911751	2.04530300621163	10.015771511377025	1.661247568793847	1.3559154094082606	12.77271481090985	3.138272014034796	6.977072773286041	15.95195536655833	2.914438602057083	3.7872036217382523	1.5146932543289742	18.214799771855553	1.9392099880364837	13.839023892889696	0.5964016301679543	15.08128520816234	2.3812248171970154	1.6362697798810992	-0.239837746	8.984535063749284	217.5559645956133	-0.898043653	-0.223419903	3.8918931948685236	-0.006063271	126.46540507750234	0.6817163653057629	0.0027302837176131026	1.3855417666243923	12.327359548926689	2.8849165266508328	8.88166422494501	3.184331527063148	-0.235228993	2.0578254410033345	-0.179840123	0.9830503121390552	4.625779829902093	-0.075223226	-0.353543339	0.6993125857784713	144.23064074754802	0.41497993043395554	1.4423963794153247	-0.303713566	1.1335915290844216	0.8559121776386508	9.320584396014986	27.6451690671227	0.7914525888504274	0.9704291175095907	0.7078490949538472	-0.537240738	-0.125228439	0.17050100553130476	10.849374008946373	-0.737467041	-0.02719029	2.8013737085309267	3.668358732303365	-0.394326271	0.09859638884503236	1.6833790032121723	0.09721092833739875	0.5752835899209929	-0.583615302	0.6087653971392379	5.0918967358015355	5.0870822473019395	3.977584528439202	36.56178593774117	4.181359170963658	2.9901307911682213	0.33466821196361385	37.63379501515037
29.82628431884866	261.55446713933264	237.7099823450077	46.23236268312477	243.57522579524584	143.6574348712002	360.61582879835663	48.22699948715374	0.7818351963370502	1260.5695413661347	7.1531714519715175	108.69044071013612	12.5025166292334	126.6891011609916	83.61446653331043	2.541026695899829	181.8001710698351	59.79135512735792	43.333929988799234	43.6310606463618	0.5074930123538802	9.23558833765442	15801.450328246596	14.685295616847116	15.156399087605761	527.967468704028	242.73222344067676	10.450120176817272	12.40828999783783	45.15525263462364	51.746976546249016	5.09985882440736	12.568032986749643	0.41784320173401285	-0.157703805	12.214609886874277	136.86252686207186	6.84775578094533	91.24352968169167	13.962936000500713	53.0144676712803	0.4591550011415603	665774.7846439915	37.26966541713666	775.2911742647996	129.26069716969394	813.1439103867727	0.020293794083167782	10.91275028753217	529.9913669366604	124.10695952952045	399.9390436175185	3.977115976678675	260.3001628057701	18.41405670587807	6.8063332057897945	3.8152883140873977	0.45298728906696645	1.1349339977497017	2.732618072040981	0.8213598819448445	0.8942978659923206	-0.266997929	15.063079612490908	31.495787335682056	42.329927568660665	0.6400603847994752	2.032941796673333	11.07159767010876	1.9223785501587114	1.162396176248677	12.46241793290173	3.233046504326337	8.948619237397601	13.56051960424411	2.4557777081235566	3.436555831815994	1.9653773474462854	18.69287080533778	1.8315660385243122	15.504982968522674	0.5290224090638901	15.487112589397507	2.4547446112072424	1.6293199534135365	-0.273920916	7.181638194273807	223.91895084195045	-1.040884839	-0.061596674	3.3474695956173357	-0.036715786	127.65525618614267	0.5091976846658192	-0.001841976	1.0988452052294615	13.77040124980759	2.6805605421275907	8.6089287122262	2.871546104286347	-0.248778344	2.6071075462991935	-0.156269016	0.9183241726082385	5.383177088438517	-0.166621083	-0.331021089	0.9184506494975888	135.47291041153443	1.3824257963757478	1.1299389315798052	-0.280007409	1.1696235360067402	0.7290826899729536	9.99183153656856	27.939684298787995	0.8427370117967448	1.3054884020028097	0.4970916227399559	-0.551738177	1.0514551361940623	0.16118821648150797	10.963303058291663	-0.700668641	-0.048876158	2.9681196660253364	3.575398508781282	-0.442024841	-0.131079864	1.4771295691578832	-0.134800777	0.5403933438518441	-0.562573961	0.6437722090870555	4.83561350723085	4.954463992065127	5.330833913846172	37.90371276343416	4.370407418596945	2.1450114541327823	0.19465454128208265	36.315391342703506
37.33780104122594	270.10348594392065	225.98129801819076	39.21743802052391	264.0216930822731	136.94255327941582	297.1690557953391	36.94610837425693	-0.180748538	1206.9007442658738	11.05233244280002	91.04174071092011	9.897463836430159	121.23825269402342	73.24926940105442	1.4137754741678086	176.263846744761	69.85505518656284	39.69206728833364	44.05365950634554	0.5618771941650662	10.672567267142119	18244.57060021104	16.746444098831752	14.278638811585857	566.174637757883	233.7824243737815	9.815021888043466	11.825099073317755	52.673683771307985	52.1191869325646	7.331137718282631	10.877050246859653	0.10653623423504471	-0.202287153	11.07613017441586	141.99178198611514	7.292560763168528	88.32327673903424	25.127879105766315	57.9645644251189	0.6569930872793821	703422.1608215686	34.80874910238367	821.7519673121683	126.50433414204647	835.7718184916166	-0.46968614	10.29078788050343	574.8075349282677	132.07886738954576	414.63402881714165	5.331805749251996	275.3615808840227	20.89742041295355	9.55204785395942	4.10995142384745	0.4142002830227794	0.958284320639154	2.1667119028481716	0.9807533507842088	0.7128502724073342	-0.339346143	14.410036324783718	31.57363936640596	41.742354197197194	0.5322288688929612	1.960828454188666	11.93969328286406	1.7997250768823279	1.1133569811175912	12.75927820470737	4.241352150458933	8.714552477976078	14.76141183003399	2.489309572339676	2.6478761459314817	2.4520317108284773	20.622348611311647	1.6797395028076283	14.159196647536676	0.45251043779831557	15.007743854827233	2.3472700874802297	2.2841855109903237	-0.29637814	5.333581865917663	247.8480699383954	0.16178463780171773	-0.014107867	2.4570642684227466	-0.063201576	125.10646449833467	0.13865494154989516	-0.005901751	0.9378529438171399	13.756026743106169	3.3262233397928456	7.915198889412485	2.9138928406586366	0.13649059023267388	3.313248214676491	-0.13036695	1.2225209218522564	7.123339308468142	-0.243880521	-0.300820431	0.7881213873598669	130.22676579677614	1.4116543018320882	0.9448290605804435	-0.250271645	1.1669636361566245	1.2430636703746376	10.026199016969718	26.80655747832312	0.46361088209452794	1.2678771059866223	0.2924971490652551	0.2917662733876428	1.1789266997104713	0.14797105984224562	12.096940110953673	-0.946530023	-0.066927154	2.7891474377895453	4.1644723523479685	-0.47169281	-0.333856096	1.2471911914342864	-0.339567288	0.4927803220740549	-0.526759535	1.2059651735674797	8.719890196300307	4.686473642590043	5.96883334329706	37.884335523654826	4.559438618908995	2.3400537071769043	0.06280260143024205	33.73936629722022
34.28803206012871	254.7544982897322	205.98604318350976	32.46748268356741	264.9628628481294	119.55088324842743	241.5318884187632	25.774923121422095	-1.041651442	1139.7218045476625	10.530007361261672	76.7766584902981	12.065992407814337	114.07534149293133	69.07311389999238	0.3568361103839559	184.0932394498515	89.76673358425037	47.963628839264594	44.34238869514053	0.6239666419701817	14.735671285666788	19846.151726972705	18.449084409652972	17.42029539882037	637.6958507736161	240.7741324823624	10.358982771505733	13.585474269050156	53.36006128118465	59.730600672271706	9.149354591221895	13.018854273552872	-0.176836124	-0.236343551	13.459214527970811	149.16835813817062	7.414108424274351	88.26535078847154	30.47249152733237	64.51071457082007	0.8453375721850402	730883.5445567407	37.699661946034475	895.834122035435	131.76847739290235	863.8237812312276	0.6934225041491722	11.152298077762461	634.5678600728662	143.96121844188215	432.76049463228827	5.341072372090424	314.43600972792945	20.325525136932878	9.8366296016933	4.151849679916072	0.9168659690923276	0.9005510816204865	5.882394993489197	0.7947848722161104	0.7881619300086266	-0.264279151	16.139996276103737	33.61649701306529	45.411267536964154	0.4192136385103096	1.9671015923268056	12.032788535857907	1.765345198627113	1.2258209960660864	15.733674103191225	7.211586667464502	9.992455820157424	15.579372478343862	2.044808962963993	2.6686281442574766	3.576459686547596	22.05020817834878	2.272703435578384	16.80321305922318	0.3700743505253491	15.326079678069169	2.180124913501511	3.145038947479723	-0.307698298	4.250323714419603	272.29883502704394	0.7593336282304072	0.8090552950716722	1.7119875458949343	-0.08514274	126.23935804435747	-0.198993176	-0.009378496	0.6648243202315363	13.110408884781705	3.1075331574977896	10.123386082197767	3.7245881181739384	0.179137913287591	2.549377369775764	-0.103144082	1.1596223685163045	7.72578512724076	-0.1760976	-0.264615227	1.1671814098151212	143.2584326695904	1.395610327687832	1.2998853048636045	-0.216001308	1.1295608172068219	1.1683546426249138	10.216343778821669	26.34254661555504	0.4984890388996971	1.1959906263924551	0.09958720828606674	0.24216729031589943	1.2582833058839251	0.13163648707164213	13.41430525502087	-0.619409365	-0.081165236	2.344398009243647	3.9697046409875476	-0.484243197	-0.506339021	1.0028309157400206	-0.51367013	0.43514519281182296	0.04127623377672755	1.305759886392837	9.574142510573811	5.6046881187847655	6.413967829503947	40.83036594214378	4.87278354062257	3.6453901237013064	-0.057748222	36.80876276736866
30.20459901533734	237.47777445227064	178.28073253679162	22.528498399799545	239.51102975195627	104.92185372308506	182.37248112728193	14.647608700228085	-1.655214513	980.5491046648426	9.74401456703931	57.04478473702936	9.95568834982567	96.60646116716053	51.742380532036776	-0.6051144	194.3168957009374	112.04424213464165	57.50912536992452	45.1019733042018	0.6911281457356802	19.240394763768983	21644.900189249023	20.17798815710248	20.98517746536682	718.1540669645674	248.90344580561433	11.047778083476603	15.602247717137812	53.57699920163811	68.32895501783995	10.841269139130576	15.845912269370183	-0.426566162	-0.259904003	16.340214010331145	156.37222593087546	7.541078066541362	88.08525690931094	36.01846796092185	71.49692826482654	1.0194874814345813	749608.4935816934	41.12049364693917	793.0130376253121	110.53315199688556	756.4758342599406	1.45941760845862	10.533088312962718	569.4151169008189	129.47649783572848	377.0714990269516	4.689180161482296	282.0899153956076	17.321053634406287	9.057654286602993	3.325002619980351	2.4017591074821514	0.721574634055071	4.750037925261445	1.1235696953383383	1.1522975639495308	-0.288790484	13.97276034400864	29.566573984666732	41.1109515166455	0.564923522010614	2.073734368881327	10.855590607476634	1.581442952238606	0.9902639796377493	14.418620188730957	5.368450132745579	9.342795153515913	13.248155887472429	1.5834141456369588	2.167246098423148	3.281151074098374	20.23377554333173	2.658189872004712	15.338731437964332	0.28477964146391876	13.672799528644838	2.4842905095156187	3.0254558718957902	-0.308655492	2.8678816666387617	248.63555855601635	0.8743477107693154	0.925630482041917	0.8900588692430551	-0.102335505	106.13178149444725	-0.496906686	0.24777378872069467	0.3991538293975469	11.53604054574624	3.3374859987073053	8.907052973238587	3.1424762243924915	0.47214636663838866	1.7854122882718368	0.44445082189601004	1.588224999458459	7.536212810318894	-0.209810043	0.03590791461084142	1.3333199877303963	122.48917987503555	1.5993024411273666	1.3404393655725415	-0.178677966	1.062011455635795	1.326065878371415	9.400983751123775	21.93466044059712	0.21492470885735832	1.3554130759659309	-0.077019355	0.19026318684185334	2.071955752263516	0.11298627696594973	11.997504727030723	-0.706418493	-0.091544553	1.8737915832750291	3.6753225615335423	-0.481011249	-0.386383484	0.7528217401429809	-0.394952583	0.3702192206914595	0.6712701390518335	1.2564023313438737	8.655745318102749	5.2629405037964725	6.122169832205027	36.256882340519525	4.408610463946111	2.7108311948622297	-0.164511517	30.466956707481195
26.10337130456499	222.09438976498714	146.8575309786415	12.597557592414478	205.8290490728417	84.90807153858438	118.84784013113037	4.193597460146634	2.5522351587100207	791.9372016303596	8.744300615228005	39.2147548169766	7.757744047141097	77.98627503895199	34.592449084915636	-1.452716428	206.3886794558866	135.78267256595456	67.91479848642072	46.262540253230895	0.7608396547525583	24.00743405114789	23567.13679962024	21.878661885093962	24.82401600129762	804.2418395274865	257.81272442237264	11.846260521746089	17.789276388902568	53.36493335399708	77.55760527831615	12.368754158074472	19.204887097524658	-0.638526211	-0.27331129	19.582907124145507	163.38454016638357	7.669118402585432	87.80061471078709	41.57929271232473	78.66961274148755	1.175637775316131	759908.9029	44.91562736834521	676.6036705274421	87.7653645805639	637.2884069579841	1.5650306740833644	9.899806875254066	493.6951945389519	113.0559543551183	316.33925801134	4.221801767090513	244.37573303464967	13.957397673100164	7.884846874423628	2.2810901874387914	2.986110158808528	0.5388485922245451	3.848415426098625	1.7657689452881935	1.3054507075778585	-0.302186968	11.923065194802794	25.15464603956803	36.32733855285934	0.9991147115005695	2.687491836713957	9.470444753709188	1.8884876419217917	0.7485547454631135	12.462513060054786	3.5485737475161807	8.477816698933077	10.752616279063968	1.1206563856735192	2.2309848742195575	2.9169387906711233	18.051972905516436	3.0453819686282664	13.360536035692443	0.4594710140647139	11.374663408303594	2.803510830642847	3.0870674277133774	-0.300257301	1.3976473736368416	219.87954297541103	0.9516299537312534	1.0027792358538798	0.1236212941790722	-0.114738929	85.17100915469464	-0.750121644	0.7917776311937953	0.14807577276503014	9.773027824241932	3.5643189758346505	7.545141585978167	2.5243012332574146	1.041689583654955	1.044281346270147	0.7839527106940234	1.5263206173226442	7.139511340779647	-0.233856941	0.10530150422000488	1.5028451082222318	100.12217696368509	2.314646269989127	1.1367248392434086	0.12027338091565148	0.9693566865527966	1.748224014192124	8.245130213661957	17.569523069917075	0.4732690705535327	1.2582308883030813	-0.233654681	0.13784159810995628	3.182102281437243	0.09281149956184809	10.36245911002867	-0.763534152	-0.098139601	1.3940320524050223	3.3001190131789313	-0.463672159	-0.466831996	0.5052288299013556	-0.216258214	0.30067926916238863	0.8181265496278738	1.1742884618594904	7.569515485335711	4.7974794351931145	5.675886539669849	31.053040628842112	4.118596381018914	2.5684032230611935	0.004336862836351998	23.84532255235804
21.809165225732926	191.35651185348237	128.99092364694718	3.501784137995486	175.2703949894534	69.15842542637623	71.33022803066007	-5.34082058	4.382372808465361	600.7583728504142	7.582229040140989	30.331285244419817	5.54686185331075	58.888519272395754	18.119737309959138	-2.17197676	219.7616244516643	160.12377977715755	78.78246033667467	47.749174299760156	0.8307548232251719	28.86754638825447	25542.845644965728	23.502908383733477	28.794250203596405	892.8135796482891	267.1566934447839	12.719506900536244	20.063923901823774	52.77312609050024	87.07666235439525	13.702428050381743	22.941817829937946	-0.81013447	-0.277178509	23.05384371285407	170.01408677334933	7.794281152947531	87.430418290792	46.98665620721758	85.79494038823786	1.3109039065500419	762318.2141933049	48.933778896560305	551.6571300235358	65.22139496845747	511.0210701774838	1.6731315129231334	8.492859375058657	410.73640857710296	95.18578659191559	251.97006335694942	3.734507159125193	203.94169691874805	11.351385377731653	7.11277479722949	2.053136292528224	3.8024428002380115	0.35822969681033534	2.7215027140691275	2.210775201884417	1.204125015616018	-0.045178196	9.580647604673448	20.549271507792156	31.052266728866012	1.2199133406965124	3.0792488026619047	7.9397001427072125	1.708173233379005	0.508559792342048	10.388141252444589	1.8042277883842368	7.445001588840532	8.184052143124434	0.6705547101362179	1.8814202262097397	2.501639571866464	15.606791344317179	3.942493396530617	11.179344092576969	1.182909118983488	8.965100997747367	2.8667037947380676	2.8499058051178046	-0.28369121	-0.167492911	187.4027426636039	0.9926350737850599	1.04212973720903	-0.309881162	-0.122459842	63.61118377427647	-0.955511457	1.117627760483772	-0.082336751	7.893125540160798	3.7815390859742215	6.093067089864444	1.8922147042381228	1.903027791460216	0.34593505808052183	1.1259858292914147	1.6848170548807317	7.088294677970936	-0.24848344	0.16459668974165184	1.670332363418217	76.98820903455913	2.5490163278650373	1.4392800203698866	0.1857213917684975	0.8568866937815143	1.935719616004998	7.017508123536463	13.173813744207523	0.8115809239634836	1.3930199927574243	-0.367616834	0.08652692030795024	3.8057710892504795	0.07186985491130117	9.100044281425962	-0.792032222	-0.101130957	0.9204275130498655	2.8634322492644135	-0.434156813	-0.525230696	0.2672383457868523	-0.248945535	0.2290729347113532	1.1857535226574738	1.0651573254677609	6.364823171285305	4.234640090394299	5.103954980198093	25.437991869467172	3.53402581495387	2.2831659517484253	-0.043829701	17.17049213617646
17.47010479801208	163.9317263775236	104.69124933901386	-4.799465495	143.6494944647203	54.01899116259761	25.774470299316995	-13.7615722	9.308025508991207	437.28467576295077	6.308897751358446	24.546224071786128	3.3906620232641145	39.93388350432327	2.7507045931995187	-2.754151756	233.90442621431427	184.2770628739255	89.73988219180299	49.48466971264369	0.898755830153769	33.66562110000276	27507.4082364277	25.009642980997036	32.76363347955742	980.9637383675628	276.6115647616105	13.633843434431295	22.349188946398144	51.857305770638085	96.5715138522346	14.821661711946835	26.90680095421177	-0.940277868	-0.272343652	26.626071331306157	176.10025611641805	7.913099193684994	86.99432896407266	52.093683666404615	92.663887058666	1.4233163074640605	757553.2579344503	53.032101905057075	423.8155296693141	42.63518046850798	382.169834969709	1.7802283224912314	7.03182084363103	323.7514089541258	76.54706200727567	186.3986862672894	2.983906797182649	160.6328135068742	8.645432750568041	5.8045266838378815	1.1863836983328668	4.3430688935174055	0.1849258000332365	1.625636191820506	2.924957576764486	1.3368081423818807	-0.012514954	7.505052345416835	15.907956283960104	25.23313408540604	1.1820347067519656	3.9794526079352	6.323838988524217	1.7546450686891268	0.5373075407628276	8.269562388022074	0.1801895915139604	6.292117942092026	5.62682285648512	0.24534656084856038	1.830369436214611	2.0528210877862763	13.257924198908333	5.391618879746814	8.880891020995733	1.45851613984088	6.527541798314341	3.1575763485816237	3.0709631706282545	-0.260270993	-1.31109438	152.55154010306939	0.999760629619934	1.0462812963123942	-0.630736938	-0.125734869	42.35900541867181	-1.111696946	1.4373640440302378	-0.287237921	5.964419718282953	4.243591012520609	4.603408030666161	1.2665703869936165	2.2811413447411444	-0.032954653	1.4600360611503245	1.8369193370365884	6.689550841103968	-0.254192787	0.47302445601888454	2.3509609221920575	53.857991627309	3.5234788901174054	1.52840128277262	0.499052959783004	0.7299570994739147	2.1063940691564347	5.502122998717424	8.882460938742701	0.951714164313535	1.53253958698361	-0.477154266	0.0377479026769063	4.112899883604879	0.31086627907846986	7.2908696072407455	-0.533919517	-0.100789248	0.9865706022387282	2.384511194263415	-0.394568298	-0.562032606	0.04502975971019374	-0.010895758	0.15775504566408072	1.2810451927043898	0.9349845829511714	5.089655393501381	3.6010454773635363	4.95609792726757	19.62130822994571	2.901891531046714	1.8179574290144815	-0.085864717	10.648029997527743
18.030847269122958	136.74146765783502	83.01080498170346	-12.0366062	106.8611991585189	40.272930590318914	-22.58894577	-20.92740149	10.801872174194733	289.4698081113452	5.233632658913404	20.343282294262224	1.3483623155242195	21.67669480792833	-11.16394599	-3.1954847	248.31581501426984	207.53670577479892	100.44936539566439	51.392075492859554	0.9629940614848933	38.263919707576136	29403.002321650638	26.365414829104328	36.613169423535616	1066.089969063882	285.8826020039062	14.5577310119039	24.57545181812313	50.677348309643	105.75973478472297	15.714322155997012	30.95808173743186	-1.029198591	-0.25982197	30.18229404797385	181.5148008416874	8.022642454538161	86.5120187011031	56.777197869680805	99.09602245029133	1.5117879790627553	746474.4095634476	57.07962955555245	295.88362346043516	22.3885320044982	254.59862823362036	1.623208601427783	5.305931540037234	235.75236702482258	57.77579802088149	121.91248629857671	2.4788492675188802	117.09583403098145	5.610712403603749	4.452967581270298	0.6307148526070592	4.2993403106633385	0.28340451893285046	0.5905872360421318	3.1399729868536137	1.216118712199701	0.017257411304932177	5.271865041723377	11.633533893992453	19.298920683729886	1.6324828949993146	3.8702524544431105	4.679848780103795	1.5438303684075627	0.3470612881186444	7.214754538401149	-1.286850473	5.06575912175561	3.156511812815184	-0.14470117	1.329512642132557	1.5872998194805192	11.386206042073121	5.854083248248988	6.5458565259427495	2.2428069744173067	4.1379122648751885	3.184634356583376	3.297785904468812	-0.231384667	-1.981002871	116.60891159549622	0.9761808109827227	1.0186292606160503	-1.100585028	-0.124910347	22.281274736067463	-1.218912977	1.4820057779011497	-0.463031835	4.049651887044404	4.19213001603674	3.384612636467721	0.6654933898637525	2.8730093023517456	-0.572966753	1.5168801879888334	2.2387038108657613	5.929994862690578	-0.251705415	0.5364187119878274	2.5529977974227522	31.425056211964606	3.754790829441015	1.6227583804519017	0.5660797822025697	0.5938217516128578	2.2568092549180347	4.493212696418767	4.813769585662081	0.849282655699175	1.412131034177669	-0.561423328	-0.00728565	5.105928802015691	0.3166370724565676	5.443886312256829	-0.485600498	-0.097458033	0.616502264441543	1.8819469089346141	-0.347101584	-0.318293346	-0.156308861	0.7836759136493565	0.08883629415161307	1.5883763399654824	0.7897795771977056	3.7893147316908085	2.922778961314944	4.274343641812072	13.797653707478027	2.2459139295988724	1.9247310356834975	0.13887970956667384	4.458373172818067
14.214590075049056	110.47799078038022	62.698080910672985	-13.02893465	70.59589740818208	22.693288157558527	-66.00835186	-26.74882581	11.022278007652062	147.68233298155982	3.9088850959454646	8.540336225662841	-0.530158291	4.59492413693504	-23.35221313	-3.496819808	262.5365904838018	229.294283212341	110.61441931726971	53.39697843026805	1.0219186478383584	42.54447086316489	31179.656928701766	27.544647047527764	40.23935669040993	1145.940877618653	294.71005746185506	15.462497901272132	26.681824848131924	49.29506614545814	114.39634158042081	16.37628689096226	34.96549199020698	-1.078351283	-0.240757798	33.61742567153556	186.16244706917917	8.120552115669867	86.00257890339739	60.93904471653896	104.9420636292454	1.576058844129698	730045.4237426417	60.96001555433172	171.32839916863108	2.554892426754442	132.72658332413198	1.4331945944278455	4.113453220601701	149.48065827770503	39.448386492500276	60.33753173777799	1.7499320127959215	75.23967748174857	3.0311427192277747	3.1029753615213633	0.9516914458756206	4.651004376774779	0.1635332303745175	-0.358674441	3.03928766632822	1.0710146636697482	0.30353481816612043	3.1638405171475643	7.097547726201796	13.699161001709447	1.5889117775719492	3.915864742666937	3.0598621291223007	1.5677822271019282	0.1654278220953202	5.568984837590282	-2.308581018	3.810063409800167	0.8385365191277865	-0.231403093	2.1388561481947317	1.1207116834209225	8.560073519659237	6.214678682453474	4.2479497846167815	2.2813845163035715	1.8631083168336953	3.9534475330874517	3.2629927877912497	-0.198445433	-2.664490427	80.7622785908155	0.9256735498797508	0.9631835506708593	-0.970430759	-0.120420966	3.1428788796415255	-1.278840015	1.7377231650479361	-0.607355403	2.204871282318378	4.860051218720155	2.5061584025950934	0.10455929075096226	4.219500185130735	-1.041788641	2.042533496503826	2.913148722986045	5.068494636237809	-0.241915618	0.5773809810002413	3.238241051207695	10.292662651795716	3.650327849949033	1.9789970169496984	0.6094215289141017	0.45348528598952076	2.904478644455934	3.050397043457413	1.3275342803196608	0.9916158182752759	1.261399405626992	-0.620422783	0.4724027215833777	5.3064769645249505	0.3123316743231585	3.8782847574035992	-0.167545366	-0.091536198	0.26494569249083	1.373180644870655	-0.293968495	-0.289379213	-0.072824353	1.6552801410700413	0.024144328965843787	1.6173230823015012	0.6354016847036553	2.5053286941105686	2.2246557280317627	3.5325344756477612	8.14243502603277	1.588156670407849	2.1430853506151073	1.4369833024099494	-1.246069165
11.123520898131074	86.3565218672595	40.475686819425384	-16.95116221	40.79924891063348	15.810811323347426	-69.40556678	-31.18564292	11.409974917534097	61.31313537530616	2.5993457363959545	-1.728525323	-2.204922088	-10.91651719	-33.62108717	-3.663116811	276.1591906918664	249.04727440975867	119.98453526719639	55.429481721027656	1.0742932161213263	46.41063277729982	32795.96636718673	28.52961663268302	43.55574452988451	1218.6484689893875	302.87346565015343	16.322913164665376	28.617105829695888	47.77216021332801	122.27739744913623	16.810766545702116	38.81319645799837	-1.090238168	-0.216377308	36.84052136259502	189.98045526184637	8.205054247218307	85.48400571836034	64.50653553721513	110.08523878142668	1.6166208573660557	709294.1837916372	64.57356248660311	55.18884533094845	-15.05202997	20.539945405868494	1.4791861502950665	2.776819136491671	67.35170065696808	22.070264522182182	2.709946680925796	1.5614085231613815	35.291946262986514	1.258595721712564	2.314893102901681	0.9320196364410571	4.427971904971831	0.31074307376078236	-1.202249718	3.8974922478655185	1.1682905800826981	0.3520784397962063	1.4917032295149057	3.122233743404151	8.368402457839771	1.502030418560162	3.639439859788372	1.5100782793652874	1.3423054331137991	-0.003005132	3.780722561732794	-3.358881077	2.565635366746263	-1.272797341	-0.502492731	3.1030996192048472	0.6671610104646577	6.279752043896964	6.472774212763908	2.052395223884907	3.0276627685121027	0.01989151409134049	3.726775965948496	3.193789199147706	-0.16284676	-3.399694514	46.07744052887839	0.8524468083906835	0.8843869052000616	-0.704178993	-0.112767895	-13.91596376	-1.29440915	2.7557371185286055	-0.719025953	0.478422599595403	4.775378764573625	1.2403648400318759	-0.403418177	4.564756974077903	-1.172474681	2.314345469272205	3.6127546822047187	4.401089593343183	-0.225847332	0.5969255936814065	3.4178127480779126	-9.035271432	3.7068013329077782	1.8402418792892243	0.6301464550870576	0.3135779083488318	3.0602467357063654	1.9203510444884722	-2.249903523	1.1499671900455084	1.087898957762573	-0.65490961	0.4899501746051227	5.907776001847537	0.2990868657733956	2.1528948153135845	0.1837306145569028	-0.083460461	-0.059403593	0.8740955878669718	-0.23732966	0.005324884315345585	-0.195503566	2.310065541516556	-0.03480277	1.8548554579348733	0.47739953091790044	1.274581399465036	1.5296051462359466	2.758930191830449	2.808465161951056	0.9485304370236923	2.455311673535103	1.562167036896599	-6.342685193
8.017853011960957	73.71650418943308	30.32126153271978	-20.18263215	9.338287795520735	2.2622578328570118	-91.18089321	-34.24320903	11.146602888901905	-25.13853653	1.3427799407095171	-11.09864496	-3.646061843	-24.54931887	-41.85444119	-3.70289061	288.8347551583686	266.4035482551418	128.35810356411451	57.425850231080474	1.1192015310923575	49.787859516702255	34219.4758708076	29.31020076034226	46.49382124951509	1282.7458471533669	310.19432905011735	17.117599506779335	30.340345538212574	46.16838006801106	129.24202580750602	17.027475238596924	42.40173458527068	-1.068229219	-0.187943549	39.776091843670685	192.93724897739148	8.274954538195352	84.97276968027619	67.43208120970723	114.44153925494706	1.6346280435577958	685275.452321984	67.83854785104927	-50.95241848	-30.58669922	-81.86422708	1.2762029660667136	1.8105438866978936	-8.584912221	6.067846813230425	-48.71617827	0.944895126795454	-2.059770222	-0.394454448	1.396172277056917	1.0063544188567186	5.134403523200023	0.2339096405955972	-1.925399975	5.052951603813122	1.2807901874518721	0.3852053460693973	-0.457971426	0.09078414658414591	3.439667694621871	1.3787762828927488	4.0614742694040125	0.0699704662030165	1.099107155531069	0.1054953632956585	2.37786483660907	-4.203384698	1.3686810669953615	-3.134813894	-0.731398623	3.137825754537806	0.23895057449007973	3.899070154394009	7.6708769636603815	0.014824262509672614	3.268483312444418	-1.579600354	3.6709682765449814	2.835692293394086	-0.125922552	-3.959387357	13.478763057268637	0.7609693367988025	0.7869383171203417	-0.583427034	-0.102497094	-29.05144322	-1.269589096	2.78927756310535	-0.797958668	-1.089733893	5.135912192904538	0.06393968852402399	-0.848495353	5.578545374908017	-1.454917876	2.5495458806855797	4.054017405035383	3.4683923669377243	-0.204610454	0.5966079772840129	3.7968928928187706	-26.15935396	3.706423427583416	2.1801549990161213	0.6298944949901061	0.17825393122174685	3.4286306157605626	0.6456991140817712	-5.40210044	1.0579844089373525	0.8991115859517187	-0.666300465	0.4910443770865395	5.671711855382439	0.27819393210540716	0.7954570229731635	0.5543670782406228	-0.073688484	-0.349535842	0.3986961689276479	-0.179234818	0.5903988249813037	-0.30004975	3.470070435672923	-0.086811075	2.072988932266862	0.32087560658318404	0.12867139230010527	0.8581714682326336	1.9799184306399549	-2.076361671	0.34441091386724054	2.3226560139570456	1.6279673868276856	-10.47935906
9.742216324049025	60.138993153706316	19.122640928703134	-22.52547614	-18.81672584	1.3006919564299277	-102.0332602	-35.96772226	10.475169976465875	-64.53088515	0.43158732637043773	-9.588793279	-4.833705767	-36.08236082	-48.00882657	-3.627600311	300.27772052346955	281.08208826833237	135.5835719244174	59.32980638319559	1.156042968633515	52.62372779666338	35426.76014794214	29.883420452425305	49.003275659697174	1337.1711120863474	316.53727623858134	17.829289229478515	31.821050909731216	44.53992653518547	135.17293055581368	17.041688805044345	45.64936686225764	-1.016374289	-0.156714859	42.36482252132866	195.03024585206035	8.329616163928833	84.48347415559216	69.69210987865891	117.95896350346698	1.631795669823628	659036.5404296365	70.69187824351934	-144.9709834	-43.07030057	-171.9120555	1.8352320112791947	1.0065798452825572	-76.67031645	-8.216364529	-92.89820538	0.8816862162622555	-34.51452195	-0.910365967	0.8474383654849216	1.1630650904651123	4.816159873909395	0.1577422615290627	-2.518473207	4.941276476051572	1.1436161284605726	0.40346340133318737	-2.198939474	-2.920244015	-1.239383623	1.2264842723052942	3.979461009975969	-1.22822568	1.10725549104068	-1.91E-05	1.1639569388994466	-4.837336416	0.25036176520968956	-4.716584376	-0.915471968	4.174944503701335	-0.153607335	1.6994843492095302	7.319043130557396	-1.559434331	3.187167302610169	-2.911755024	3.310612307785469	2.948334309414005	0.17108691241352836	-4.344329295	-16.26440956	0.6558105322621456	0.6756264383349836	-0.65724746	-0.090178461	-41.80183144	-1.209163375	3.2557856363312596	-0.845059352	-2.468382719	4.706314912615224	-0.736761138	-1.223609951	5.783598574407879	-1.405469216	3.0047398745370497	4.70953333343192	2.78491309216468	-0.179358951	0.5784238832078383	3.88415823630098	-40.78624762	4.174890609963987	2.0206721567998445	0.8707708960531466	0.051114733870717965	3.2573171893365234	-0.520858597	-8.077014652	1.4634603736718916	0.7022296037433983	-0.656563221	0.4772978280072184	5.8091027679023775	0.2510444738410553	-0.390100701	0.9313088832087522	-0.06268305	-0.340168791	-0.041124193	-0.121572417	0.6992534068312269	-0.385139823	4.129972727343465	-0.131014218	2.0071193911976457	0.1703778064844437	-0.906507756	0.2281360139826729	1.4794102926493111	-6.41041497	-0.209628984	2.1935862399180834	1.898348680160833	-14.08798477
7.971876815206816	54.95506342694103	6.470203157227065	-18.82827144	-38.67173634	-3.143738091	-106.5593927	-36.4407525	19.43662525597947	-113.5580724	-0.471433646	-0.30226297	-5.757574125	-45.37962774	-52.10750861	-3.451011032	310.2680577363563	292.91031163215393	141.5589862909575	61.09347272860333	1.1845189733615513	54.88729741472849	36403.223192924976	30.252815561727292	51.051686359070125	1381.2587171634395	321.8098104210415	18.444931303023424	33.03905421680606	42.93812055958688	139.99555691261614	16.87323035069569	48.49275490567816	-0.939213623	-0.123907592	44.56373545558098	196.28303566370053	8.3689231421711	84.02860395870879	71.28537238435564	120.61587642203091	1.6102926633681682	631586.6335136347	73.08911924943682	-224.2785623	-53.35343277	-247.7377394	1.9433011916320515	0.3728148126502776	-135.6470708	-20.5256638	-130.1550836	0.6583476102945093	-63.68836285	-1.767375355	0.18815469410557817	1.1292127421987133	5.425255793330549	0.08445935252330974	-2.97668492	4.952530566784629	0.9858509915145859	0.4077917490306028	-3.699842532	-5.42256204	-5.3533483	1.0526269346074262	4.366265246191451	-2.35975544	0.8813713282681095	0.16501854607919358	0.4165211227938024	-5.26277287	-0.763636459	-5.998680278	-1.053673818	5.023103042837471	-0.502301234	-0.531127406	7.822821386847986	-3.129484034	3.01836787468104	-4.223341577	3.1469735666683434	3.081262094549512	0.23326282282101143	-4.30044716	-42.54533263	0.54149329221129	0.5551769542781119	-0.70396842	-0.076386337	-52.02312589	-1.118505325	3.95796933314464	-0.862098188	-3.635115181	4.4384879129763855	-1.375289049	-1.52450479	6.11463849672552	-1.518801345	3.1842722727672617	5.078211668985846	2.4062343521039993	-0.15125183	0.544705482043046	4.166172298345939	-52.72686449	4.1312643558075814	1.8165174341012003	0.8614365301282886	-0.064843986	3.525415589874792	-1.035134779	-9.982127004	1.38448493072282	0.5039689316436079	-0.628102805	0.45060699899561296	5.358481506133251	0.21907862718790702	-1.645399631	1.302617241183806	-0.050897667	-0.521533382	-0.435728793	-0.066029082	1.036244928291221	-0.450166695	4.719985608026649	-0.16686662	1.8876232224994218	0.02981845220104412	-1.810973757	-0.345739975	0.7845706596782527	-10.11875049	-0.701976023	2.0716158560854745	1.8847413837558404	-16.91310837
5.759414952792622	33.75087477004405	-8.941096932	-14.09593906	-58.4810937	-10.98941299	-105.1561301	-35.77325714	19.578836249862324	-150.8657987	-1.370009512	3.1546821968955685	-6.416328424	-52.38577914	-54.2330972	-3.18855035	318.65131949586373	301.8184033106287	146.23008963211487	62.6779682576122	1.2046118084159376	56.56789114854524	37142.65323762178	30.42768669324726	52.62370539773368	1414.7198002179193	325.9607968726244	18.955661230123138	33.98408556666923	41.40835156476054	143.67605392635988	16.545420831261033	50.8870214975863	-0.841592615	-0.090663824	46.34584503274064	196.74205542426566	8.39323172832401	83.61836266275249	72.23074746795204	122.41862175607751	1.5726311776572095	603870.3282838239	75.00396257727944	-288.0470264	-60.94764877	-308.2287228	2.3022644182006613	-0.348758161	-184.6567375	-30.68826323	-159.1416215	0.4975924366147025	-87.51416877	-2.305662544	-0.090845251	0.8648692464929928	5.530684447009671	0.015970953842432786	-3.299774914	5.394083331440842	0.8142868385177603	0.3994535094873586	-4.939660009	-6.611971401	-8.575316061	1.3845765226411224	4.763401101399642	-3.307339562	0.6516344419247527	0.10860182783078845	-0.088666745	-5.487782492	-1.653325768	-6.972606181	-1.146445269	5.095752636774869	-0.801056705	-2.002744163	7.241537175904078	-4.448644247	3.035897353304393	-5.277069227	2.7052894926628803	2.708459238334983	0.28222325750311583	-3.811939824	-64.92180341	0.42236297739918116	0.43011710999858394	-0.724898231	-0.061681835	-59.66159712	-1.00335792	4.6511955802823435	-0.851570194	-4.576120942	4.904288975912139	-2.108705496	-1.749575002	6.0891352719096306	-1.575236221	3.3103232629914343	5.117675820914804	1.5932364554862666	-0.121417866	0.7580177565334416	3.8949997852360236	-61.89161373	4.028062796392589	1.5782826606493845	0.8271925048920676	-0.167261514	3.78094168266299	-1.866929299	-11.59726431	2.051872484146971	0.5704152588044884	-0.583645346	0.4130670429152996	5.572167925357039	0.18373700638443635	-2.72580668	1.3977162461258403	-0.038763893	-0.669115511	-0.77780107	-0.014059209	1.108449949756479	-0.495185878	5.229397632400715	-0.194127783	1.7234479739960378	-0.09757952	-2.570663945	-0.851856166	0.1356778702139525	-13.15268994	-1.124029078	1.9596940349535623	2.5959525754786728	-18.94832636
4.36541682803607	18.934578735735442	-3.163034104	-12.56396176	-70.09508251	-17.79083801	-93.12850994	-34.0993136	23.859461056861026	-186.3367784	-2.137627506	1.1312923812072153	-6.816717441	-57.11974203	-54.519134	-2.856679225	325.3367154945445	307.83113372193714	149.58717995019308	64.05367518599182	1.2165570057124073	57.67338877452396	37646.570680720244	30.422240110817814	53.719811370598876	1437.6131809604135	328.9778607728703	19.356648327609186	34.655091214546005	39.98930892247402	146.21821962093844	16.08402963883201	52.80525078537602	-0.728485929	-0.058024518	47.699368301202114	196.4729115460463	8.403312504011907	83.26059461650924	72.56466261915023	123.39853390403712	1.5215569051876303	576745.7537284796	76.42720269501942	-337.0972333	-66.1540137	-353.3037461	2.4162633895663905	-0.667711093	-223.2257355	-39.13395482	-180.475257	0.3979850072044353	-106.211969	-2.540951137	-0.739219844	1.1210140229630545	5.579649701910591	-0.046147734	-3.491562661	5.809658319688208	1.1554504956650842	0.379965488613818	-5.907305937	-7.964080684	-11.35782756	2.0217938561922155	4.6379213380450235	-4.060945085	0.4253222109579891	0.05456872657230018	-1.140675824	-5.525657677	-2.404446372	-7.639961309	-1.195546217	5.588264692215282	-1.045904929	-2.62711692	6.501135270777438	-5.502429111	2.760596963466279	-5.547112035	2.746615141278077	2.8116828905918574	0.3178209509919163	-3.397925027	-83.11297301	0.30247480474630783	0.3046597368470513	-0.201988114	-0.046597328	-64.48637332	-0.869624518	5.3155633352978064	-0.816547893	-5.285742498	4.896381263276954	-2.705519134	-1.899650942	6.463508311418041	-1.578770522	3.9044594563034467	5.059663283023421	0.8137412548657192	-0.090924762	0.9872582708787945	3.534094529880019	-68.28313964	3.6143395090273174	1.3165228847232688	1.0315571070327068	-0.254419444	4.017486915692478	-1.779536488	-12.18296996	2.250965107704298	0.9331044954851462	-0.526124273	0.36688907115555863	5.257320664897738	0.40641743746977965	-3.616398823	1.441373863189896	-0.02668058	-0.521865963	-1.062332086	0.03313545314476089	1.1401809705825168	-0.520847567	5.910986525365353	-0.212838996	1.523986811123111	-0.20931031	-3.177265195	-1.281805053	-0.452395976	-15.48865475	-1.470155954	1.8601735748862342	2.558164070764861	-20.21157275
7.01985601091409	0.9518749427856328	-1.507886536	-6.108263327	-76.14481997	-18.53839539	-90.94979647	-31.56978501	28.266239551454028	-194.0805568	-2.764354876	-0.273697224	2.7774339680088524	-59.66671637	-53.14099311	-2.472294837	330.29347042852083	311.0576570804566	151.66094583795766	65.20020116595373	1.2208109731078578	58.228134974669075	37923.40925908725	30.254670983306777	54.35471240505959	1450.308828199846	330.88388245990546	19.646837265518354	35.05934356119873	38.71249127674193	147.65962215743102	15.516256676480928	54.23749962082549	-0.604835334	-0.026908408	48.62655819378138	195.5564947092675	8.40028582701066	82.96078553639504	72.3382463766541	123.60849882007966	1.4599433528093801	550967.4740168153	77.36530272013482	-370.8295025	-68.85512173	-383.1521547	2.5063745621085554	-1.334737398	-251.2410616	-45.38105861	-194.6012712	0.09639877051906182	-119.9936302	-2.236482337	-1.040580382	1.4379139010972184	5.5763289402641005	-0.10067012	-3.559424753	5.9293860595201915	1.2878342722277232	0.35102730516921693	-6.340968095	-8.822056618	-13.20135309	2.714635640702433	4.4458519108845165	-4.617361702	0.20888153675916216	0.26430187364249175	-1.533263721	-5.393975614	-3.008321525	-8.011382085	-1.203870684	5.523877601345195	-1.234891182	-3.130238894	6.159739498040141	-6.025762615	2.6900087037079876	-5.763737202	2.561409770793412	2.680233690905289	0.3403242466020793	-2.343373959	-96.99163646	0.18550120521633262	0.18260830890526036	-0.125309366	-0.031623352	-66.57408069	-0.72317572	5.674027414752789	-0.760531386	-5.765829624	4.862372884006978	-3.161485835	-1.97772976	6.526538797633069	-1.534588278	4.242048246595155	5.1756621004304755	0.34778333666125516	-0.060753226	1.223956985663248	3.6232569641632146	-71.98701877	3.133558365127754	1.3014433998480666	0.9845385357483007	-0.325228997	4.229853017948244	-1.987496864	-12.22461594	2.4226195156747634	1.351531673633184	-0.458571579	0.314322224437125	4.876238510537434	0.3946373023224953	-4.049439787	1.437424502651849	-0.015005181	-0.573685391	-1.286540039	0.07461658553720843	1.3945334602084754	-0.52831766	6.007086933272567	-0.223293919	1.5587521602037835	-0.303588711	-3.627888365	-1.6303049	-0.968090559	-17.12636344	-1.737565464	1.774799953579052	2.447409494399485	-20.48214733
5.658255595176886	4.358885280847234	12.146982871561	-3.334886841	-80.66523908	-22.32504517	-86.07046045	-28.34611573	37.10435301004411	-177.4575406	-3.245478862	12.920023047381775	3.828847216631587	-60.16899178	-50.30643651	-2.052180042	333.54574575624395	311.67979839071046	152.51750676180706	66.10606851294084	1.2180152145705274	58.27056250555962	37987.571701844936	29.946218639047643	54.55548196392244	1453.4456458693398	331.73278550443996	19.828602191671052	35.211390366350216	37.60198065728079	148.06709577555142	14.869773310070526	55.18939858410525	-0.475404738	0.001903344333265923	49.14223235128927	194.08502471488856	8.385553242899215	82.7221337982004	71.61432436710795	123.11921227991556	1.3906928550846736	527174.208055813	77.83863366113464	-389.7636598	-69.22046531	-397.8811578	2.8322833805332466	-1.375018951	-268.9176232	-48.94202026	-201.4166459	-0.177920806	-128.7373164	-2.435365947	-1.480587455	1.7999863743850493	5.006050386574336	-0.146720165	-3.513717894	5.979259443583371	1.4283446429672666	0.3144521209139995	-6.741034994	-9.209573261	-14.34448547	2.9167541775405557	4.459613869113525	-4.979615807	0.00781848387744305	0.24513264979638938	-1.980594916	-5.113642488	-3.461559517	-8.10531932	-1.175246583	5.36021289152176	-1.367932074	-3.829141503	5.787691117635369	-6.51598989	2.345779008814286	-5.725787736	2.117882644233411	2.2815224004602186	0.6103674852531636	-1.403976779	-106.5726845	0.07465992948286493	0.06728377449049075	-0.052539211	-0.017198073	-66.85579491	-0.569676531	5.68642426381969	-0.687300588	-6.024933148	4.805894156143791	-3.47701129	-1.988668804	5.9874700712976034	-1.44878661	4.798616710459838	5.50479117308391	-0.02201229	-0.031776246	1.2002671193993588	3.4548054460931947	-73.16089942	2.606848584664314	1.3088285614649426	0.9126856655198864	-0.379200726	4.154086919439986	-2.315036296	-12.29535885	2.304429897377939	1.5475701837574223	-0.384017007	0.25758239565742097	4.706977416297039	0.3721960616202644	-4.517693461	1.3907473430880515	-0.004047166	-0.603112314	-1.449730994	0.10971110712429495	1.3816146970655838	-0.519191213	5.713364692390882	-0.226004531	1.3432784095702754	-0.379331611	-3.924612567	-1.895045615	-1.403172967	-18.08651035	-1.92610706	1.7047196957952164	2.2743080908386615	-20.05120003
5.103067553158096	-7.455571973	24.311955852085738	3.731198602232185	-70.4236591	-15.15327861	-74.32694421	-24.5944299	41.35552453247386	-131.1430999	-3.581126084	17.976770600517586	4.6602537238931	-58.8159699	-46.24614248	-1.612511325	335.1664211785074	309.9393316182176	152.2528863904173	66.768167069841	1.2089585754498144	57.85063040819431	37858.4007492715	29.52022497004299	54.35951010798133	1447.885412395804	331.6048146793878	19.90733255945835	35.13189077999605	36.674461680047344	147.53180915859326	14.171845080999049	55.68042569353387	-0.34465506	0.027776820743821196	49.272072122507694	192.15815097850086	8.36072731991194	82.54568321987922	70.46436482750319	122.0152780253704	1.3166466214798973	505881.2524492365	77.87947249820043	-394.8114915	-66.69266057	-399.4808259	2.640632815699471	-1.770021781	-276.759	-51.15862514	-201.1879837	-0.4194708	-132.9445144	-2.221300218	-1.832176198	2.4518520091125455	5.902618176656318	-0.1837636	-3.367170184	6.224767705932731	1.5719536373438379	0.2721008914568838	-6.898864154	-9.162051041	-14.82297005	3.3311582353686493	4.198211215446228	-5.156256027	-0.173372818	0.4805263688410056	-1.483775144	-4.7079334	-3.765626924	-7.946703253	-1.114227495	4.8521082659350165	-1.446630915	-4.023279606	5.919216841742013	-6.761714741	2.2255989131455265	-5.719859584	2.6951717510024076	2.114236567045849	0.6350953754815446	-0.396400013	-111.9984472	-0.027337017	-0.03852682	0.2745301047980097	-0.00369938	-65.10366386	-0.414436965	5.326988700065311	-0.600773852	-6.077378326	5.250886476382608	-3.656673861	-1.938853879	6.102684115456755	-1.06810151	5.075569826624257	5.035863603279483	-0.554167985	0.2552563224636337	1.1429382261798777	2.999554916447381	-72.02256503	2.3146043247072896	1.0762103500761826	0.8206375123487168	-0.416399259	4.021274823199354	-2.280370696	-11.9901667	2.128926343989459	1.477577737356514	-0.305397381	0.19878907788596473	4.533433108991772	0.3408330631396488	-4.543590964	1.3070154791879922	0.00593646264656598	-0.611503175	-1.553110925	0.13800484333894397	1.588539369325014	-0.495401675	6.0576137348256385	-0.221663946	1.1090536817130099	-0.436120273	-4.073925972	-2.07646089	-1.752651945	-18.40804727	-2.038011284	1.910505872915908	2.3102875849087607	-19.26181145
5.7303062887464415	-13.03491634	24.591072858995428	11.928739542787815	-68.05352735	-11.00409036	-60.48797128	-20.48007976	45.31091316668641	-116.8058102	-3.775774801	18.478540280324292	5.26871196871167	-55.83377111	-41.20449358	-1.168434141	335.2700364231893	306.12473157442747	150.987141464454	67.19101075895591	1.1945388429776782	57.02717260831971	37559.104869477276	29.001223918837514	53.81235013439489	1434.6646398977477	330.6014964964592	19.89096991368317	34.846384428877414	35.93946075013582	146.1640969285731	13.448554322404748	55.74193732121361	-0.216640698	0.05022964489100631	49.05076575292904	189.8792200863969	8.327562169626033	82.43050720279379	68.96547029703382	120.39127885551864	1.240505612591202	487477.36482984066	77.52984327661363	-387.2101953	-62.75685648	-389.0761024	2.908928322878089	-1.552423674	-275.5134691	-50.97881077	-194.5665482	-0.624281671	-132.4826572	-1.322002054	-1.83364078	2.884975520093916	5.852450642430413	0.04841021678375206	-3.134262139	6.178982110869174	1.454043123162437	0.2258217582017732	-6.833944472	-8.464419512	-14.94891707	3.2041871403528743	3.897002490682273	-5.160544545	-0.331243806	0.47796492491593	-1.532124095	-4.201557219	-3.926318783	-7.565547694	-1.025883491	4.769250854928897	-1.474060945	-3.697305511	6.1000134881857315	-6.780015665	2.3706688596492764	-5.28292846	2.3338767945644325	2.4802522199615407	0.6382976154226411	0.38231107591319174	-113.5216801	-0.118314158	-0.13260055	0.36065658570837444	0.00856042500821265	-61.57363599	-0.262288246	5.10368703168441	-0.504876574	-5.942257636	5.7338529703060654	-3.708669959	-1.83585483	5.68329623173629	-0.893441875	5.292560536373507	4.982752882357115	-1.016483071	0.30592794471438034	1.0570540754969486	2.499842792272727	-68.83738712	1.7821463610047485	0.8345676493240133	0.7131750491242028	-0.437385962	3.5811056918868047	-1.600760535	-11.09578876	1.9071053556201432	1.6302572034750011	-0.225477797	0.13991141955507516	4.361240239147278	0.3023813726129052	-4.110590988	1.452446337302299	0.014743634327910343	-0.600709855	-1.599559535	0.15932906063195976	2.047115393278751	-0.459129041	5.845709460972151	-0.211107501	0.8649798161900806	-0.47414646	-4.086090257	-2.177440811	-2.014603466	-18.14518907	-2.077584747	2.418398256137053	2.0733605020245873	-17.97350739
5.82291196211356	3.8447212148122825	32.43454597944429	14.968664203004248	-55.27880296	-5.929698213	-40.2682565	-16.16276224	43.61143554247712	-86.44807521	-3.837685402	28.345776783740597	5.658263029987031	-51.47477906	-35.43087476	-0.73371165	334.0051890507074	300.55784958778355	148.85835678715344	67.38583975639067	1.1757249184634255	55.86524541018298	37115.67543157815	28.41408625518746	52.96553565413525	1414.9460054525648	328.84046523692973	19.78951443507501	34.38403718000433	35.39977609071138	144.08823301369776	12.724136009997734	55.41503966648898	-0.094928551	0.06893029727674271	48.52006704772038	187.35180568091144	8.287886669279935	82.3739335713331	67.19750111070036	118.34794123698649	1.1647635362136404	472225.7550274892	76.8392816788871	-369.2327229	-57.53192711	-366.9395681	2.663126429652503	-1.710012667	-266.1270872	-48.78761352	-183.1102598	0.5101169954204567	-128.032506	-0.492973646	-1.71994968	3.0482374143743316	7.051726342354185	0.31591434510408956	-2.830617035	6.332405611985898	1.5643023667043028	0.17739588552612043	-6.310498425	-7.40261855	-14.81380187	2.9937875406280905	3.3090045636742453	-5.009587874	-0.46339038	0.4613206776358841	-1.469674428	-3.61977194	-3.953151892	-6.995541261	-0.915597383	4.671601659375523	-1.454526143	-2.85300966	5.279730065339507	-6.593086026	2.5501117457131732	-4.931202594	2.458695029933322	2.6552587409868167	0.6220307029069487	1.1316817240621555	-111.4869394	-0.19664416	-0.213288891	0.6873507209564516	0.019337436974456914	-56.54940184	-0.117485752	4.809604919191067	-0.403422727	-5.642381286	5.456507225727996	-3.644206348	-1.688080041	5.195348249435783	-0.189444948	5.7090753590566266	5.165470647056271	-1.402072156	0.34235456639862083	1.208046717617404	2.4951065967473562	-63.90560539	1.7694698028423188	0.5920521891673405	0.595063580748414	-0.443152415	3.597520302948906	-1.541088575	-10.15797496	1.9102533054191548	1.5187610068773896	-0.146785838	0.0827241844706223	4.195429449112815	0.2587034099604489	-3.997573279	1.3397607194861065	0.02222777981128296	-0.572974571	-1.593376497	0.17374098437671517	1.9984203530387517	-0.412709799	5.799624330674848	-0.195273476	0.8793639427337419	-0.494145634	-3.974455406	-2.202999515	-2.189921732	-17.36426102	-2.050873321	2.7229494533519722	1.7979253123680938	-16.27482852
10.191569709280557	10.011053380287398	40.69063540846493	21.79553647110891	-39.85318692	-4.884854339	-18.3524655	-11.79229361	40.773562614414445	-58.35267144	-3.778274381	28.86591633330305	5.839111094235246	-46.00744285	-29.17169158	-0.320450059	331.5466707439524	293.5809203121705	146.01669987396832	67.36961066139023	1.1535206388466952	54.43355356955443	36555.828674521596	27.783239770246787	51.87443655227752	1389.9708542883232	326.4503231462453	19.614519071275414	33.77640354061842	35.052066614508036	141.43730849989902	12.02043544853149	54.74838058724214	0.01746023761587842	0.0836929755056032	47.726836201600975	184.67657854554716	8.243542118890051	82.37179929587847	65.24040380967925	115.98849914319798	1.0916527613874256	460268.74355454824	75.86259779056662	-341.596016	-50.58353286	-335.9685003	2.622010932859901	-1.540542381	-249.6955309	-45.31190759	-166.7262925	0.7757722852290458	-120.3863948	0.1879411308358152	-1.2460292	3.1637259967954763	7.559522682014955	0.3471906302392706	-2.47241793	6.980514594631372	1.676606614890853	0.12849072355224933	-5.59008203	-5.784919129	-13.46778414	2.714614274656942	2.680536292456793	-4.723439234	-0.568420586	0.4325012347547662	-1.049379495	-2.98757203	-3.858707134	-6.272669233	-0.788871964	4.30356933359622	-1.393309037	-2.287553104	4.38308308281772	-6.227056771	2.4951069907992856	-4.466713238	2.3572705908673233	2.853106847679961	0.5887295605556172	1.8321648556743582	-106.3110646	-0.261241837	-0.27950973	0.7607549210510274	0.028456624634843046	-50.33110904	0.016361065165309246	4.460642870371325	-0.300011583	-5.203221132	5.103200838835893	-3.476862908	-1.50444033	4.920334617882253	0.04983563564767493	5.572666438699736	5.094952515873823	-1.707040168	0.3648678889224787	1.1076986939972915	2.275990822872102	-57.54983367	1.824976806410863	0.8760267093513148	0.47091135178775173	-0.435047651	3.3643678438163303	-1.181151153	-9.009203283	1.9157788610756907	1.6328515997332174	-0.071559499	0.028773947360496058	4.820336854608414	0.2116321412744247	-3.515930144	1.1981508418669498	0.028296677351979826	-0.530823579	-1.540010469	0.1814994862156936	2.4146422062315898	-0.358551187	5.444158983487029	-0.175164649	0.6659287383410246	-0.497320523	-3.754750378	-2.159912364	-2.282010519	-16.14049795	-1.965306838	3.29535704724484	1.4960958823062067	-14.25777267
10.26761459045244	13.070420727806383	56.16039683232956	29.07585541826984	-30.85453687	1.1420507782249816	28.412320357941265	-7.505103026	41.806270100725605	37.89377209270977	-3.481456231	28.42806443791017	5.8267010192315825	-39.70661697	-22.66327597	0.06109887433702249	328.0876041455544	285.5442563547537	142.61870765588267	67.16391615604812	1.1289311680262373	52.802024305902094	35908.00173293504	27.131980740692782	50.596214264037236	1361.014092611856	323.56568557024195	19.37858767171752	33.056241158952545	34.887566087489795	138.34835718248317	11.356491879755925	53.79593599830272	0.11808634032215337	0.09446859664640955	46.72112335404548	181.9485767673529	8.196325759972453	82.41872446909298	63.17180412446987	113.41534628449239	1.0231034812022097	451635.5809222649	74.65770435736118	-305.7750993	-42.95247205	-298.5554842	2.826346657760761	-1.281802852	-227.4162643	-40.32441502	-146.7989331	1.0515888774999045	-109.1133028	1.4351261961487634	-1.182119892	3.492753941070642	7.5097537072491996	0.6249235679537554	-2.075866197	6.614397241173357	1.5273822398120227	0.08062135606919786	-4.974004813	-3.915442075	-11.93233466	2.6419199070432007	2.554498759587382	-4.324202281	-0.645895153	0.39358869911911715	-0.77963267	-2.328964951	-3.657945637	-5.433904331	-0.391152928	5.203233160386962	-1.29641437	-1.590015611	3.4446083060635795	-5.710818738	2.6907495016528076	-3.654671419	1.9952704779819046	3.0655769382733915	0.5410966456227502	2.7276347284551097	-98.46344534	-0.311542491	-0.330723194	0.8039960535046149	0.03581019479014527	-42.44471226	0.13633236875468266	3.8127577403224184	-0.197941205	-4.65188036	4.952129065467925	-3.221947925	-1.29403138	4.645212310947609	0.2636930916349796	5.342718417217542	4.738637622333405	-1.930300174	0.37418384252627634	0.9841545119192716	2.0705069016982107	-50.10314411	1.9401838054302263	0.9653229762363522	0.34504700516952314	-0.414701933	3.373599595282522	-0.761772938	-7.705032679	2.1832784953343025	1.486547585311466	-0.001709009	-0.020644484	4.758143413916201	0.16291903521877021	-3.176973417	1.0347574267537003	0.032909784818047606	-0.476962978	-1.445780729	0.18303715328430337	2.3168026079181963	-0.2990519	5.280915401513383	-0.151811765	0.4538591922373485	-0.485258306	-3.444373341	-2.056336557	-2.296430112	-14.55489624	-1.829337799	3.111663170331076	1.1795665187813222	-12.01468923
14.468026545793563	30.101738718739277	57.27837020883784	30.84586680816658	-22.06011572	3.1220038603748295	48.67825802299549	-3.421478413	37.91151873538388	103.74875810973543	-3.209876209	32.18115579891927	5.640730921151337	-32.84467518	-16.12580364	0.4026599483529636	323.83181608262953	276.79493110243595	138.8219534299291	66.79387361655877	1.102932709247038	51.039587239437935	35200.42743351909	26.48188819187339	49.187927776699865	1329.34258432468	320.32254118473173	19.094891781963888	32.25640778068469	34.892888630548676	134.95785028133443	10.74824791146524	52.61485778830815	0.20510724254813623	0.10133259777374298	45.55434809062417	179.25491786395747	8.147941264147443	82.50839539091324	61.06491028404733	110.72704832312256	0.960716024599449	446252.8771255419	73.28356913675546	-264.3230213	-34.99594317	-255.0871052	2.785458410438713	-0.430483191	-200.5424364	-34.32593926	-124.2803417	1.0682761442186803	-96.03412093	2.4945389690459536	-0.829137918	3.5440964726861717	7.879669018742543	0.656135504858179	-1.396693652	6.146459705825944	1.3472588350467147	0.0351202846523756	-4.010315174	-2.655449465	-10.33246008	2.297237378979537	2.744430017217291	-3.835162955	-0.696245409	0.34675975607345944	-0.193471548	-1.66634963	-3.367521921	-4.515998789	-0.221471208	4.656833609687021	-1.170316739	-1.314531399	3.0166427578029458	-4.814879946	2.9061052763713935	-2.75419364	1.6096122620455704	3.024832711659278	0.4819941228144874	3.311728572104133	-88.44668463	-0.347466805	-0.366893616	0.8187931911077052	0.041354102086212916	-34.67361378	0.5002165709224782	3.895278391068729	-0.100139629	-4.016117254	4.787600597472714	-2.895866002	-1.065842384	3.8582458653780005	0.44825400927450443	5.2954836453670415	4.335795089477027	-2.073325174	0.371342685493906	1.1034401126914757	1.623456165590762	-41.89802919	1.5856645903847466	0.8167299271457953	0.2214176830580317	-0.38394973	2.880700183743619	-0.301479357	-6.300128155	1.958529811307024	1.3102775447725457	0.061207701700993405	-0.064501739	4.679425014875725	0.11418966871211807	-2.776603161	1.1166606303491649	0.036074287992967184	-0.414179548	-1.317600542	0.17892993904752305	2.159242891198596	-0.236530986	4.835568715691699	-0.126239817	0.24938082497691946	-0.459844562	-3.061702808	-1.901428233	-2.240514842	-12.69120782	-1.652085529	3.1129887859987564	1.1193030960454866	-9.635473462
14.404356509226767	30.276872749016704	61.72619514143017	32.12350105482865	-13.34333322	9.45030151849845	66.16725418085443	0.3564280903038197	37.97889694451481	156.4257827817665	-2.869157903	36.05350334985988	5.304135905244576	-25.6835873	-9.758304432	0.6979851165167217	318.9866523435183	267.6666904422769	134.78021602367303	66.2870191225216	1.0764461150683475	49.21220626243706	34460.30774103917	25.852348252179738	47.70483210479524	1296.1779493364813	316.8540350022305	18.776718727726703	31.408865506823076	35.05089226038521	131.39765856186054	10.208380902659666	51.26344166566379	0.2772728372750767	0.10447022085513077	44.27761991082626	176.67297731498286	8.09995697998051	82.63384735882408	58.98675851914562	108.01576870819603	0.9057458329189809	443957.06739472505	71.79834036410763	-217.5464605	-26.78518887	-208.5929509	2.7250952355357083	0.008619000298996066	-170.3397182	-27.3375329	-99.58519914	1.051246399939018	-81.06183363	3.0331742955820467	-0.166580004	3.543981856959564	8.216202728524276	0.6645421829264149	-0.943537552	5.600922132838493	1.4047300057065362	-0.006884288	-2.702685043	-1.121792631	-7.742599164	2.4381059823528535	3.7930352485676906	-3.279972673	-0.720673277	0.2942109146501638	0.9798776085063914	-1.020005353	-3.005114919	-3.554403838	-0.062113523	4.805369005766463	-0.761719369	-1.027159666	2.1409744816342875	-4.064088634	2.6127423153269786	-1.80113783	1.2142314998415027	2.6974179263567977	0.41434202860261626	4.05806117422513	-76.77819945	-0.369374684	-0.388440187	1.0675468192172555	0.0451029955900874	-26.63941674	0.6127058557458198	3.2526886250083473	-0.009114022	-3.323446941	5.135896958352843	-2.515516292	-0.828497016	3.0342286884040126	1.3809112148718417	4.694107841340579	4.163162957221976	-1.879847919	0.3576453635999554	0.977693950005715	1.1724068181263352	-33.25648488	1.7390273591322727	0.9184942851499204	0.10350876266594845	-0.344754255	3.390669707846298	-0.078170754	-4.846710239	1.9575001013432625	1.372326181944341	0.37599651066065826	-0.102038215	4.588195705293024	0.0669075487947676	-2.332971835	0.9568736946746079	0.03784011221060579	-0.345249075	-1.162710356	0.1698655480629951	2.212661859414998	-0.173166233	4.089689636981433	-0.099437869	0.3178688696932258	-0.423176856	-2.625448244	-1.704967896	-2.122975654	-10.633152	-1.442995921	3.340792176519706	0.83148692270187	-7.205115063
18.554922781039846	49.306187193795886	60.10745172652035	37.32966684517965	-5.247928966	20.682260365254756	81.68233309750184	3.7458511007591935	33.33017042439721	210.19233150314142	2.3335633098352258	44.267011045210644	4.842076313771154	-18.4681006	-3.734806015	0.9428382143686023	313.7564054080126	258.47127313486544	130.63924587733237	65.6722395042125	1.0503147968554756	47.381197195263155	33713.10078557606	25.260191858890057	46.198901036937215	1262.6644393670078	313.28675838791247	18.437061417081434	30.543811495142933	35.341568759426536	127.79155625747823	9.74624916765486	49.799263905313964	0.3339036874110708	0.10415997500272588	42.940235951683356	174.26904150145623	8.053772414830854	82.78773870917911	56.996819175159715	105.36514399351628	0.8591002854189902	444508.33661514806	70.25768425780136	-168.9011619	-18.33195434	-160.8904236	2.389015521056933	0.7235524022241459	-138.0470803	-20.12784119	-74.59201488	1.0043822380891516	-65.55492005	3.4869508605970694	1.0747195190511194	3.7575592470968298	8.512596985472108	0.6521719277000348	-0.507390936	5.001910653164632	1.2143121591291794	-0.044481875	-1.324737374	0.15215229759350812	-5.719446362	2.091744545918253	4.20298889932602	-2.681902239	-0.721038161	0.2380906299296928	1.4664955210969177	-0.407695343	-2.58879517	-2.582336266	0.0831717986167306	4.454889792064967	-0.571130155	-0.477710316	1.808643798633466	-3.266453795	2.5303333809271966	-1.089353466	1.6019618688625967	2.3218220817938615	0.3410248829538538	4.4680186809072735	-63.97321681	-0.378010534	-0.396178896	1.5793986799393331	0.047123909875871825	-18.3494569	0.6955650364144527	2.8367771768037535	0.07308244486527377	-2.600340251	4.755286774394374	-1.837736064	-0.590031274	2.4615863684753037	2.09887536346329	4.272046382476546	3.742899149475771	-1.849322952	0.3345884129874013	0.835191585088359	0.991290200864561	-24.48140046	1.6848830302310778	0.7825273787991353	0.2542854714330951	-0.299135699	3.72792218830332	0.3851521121888676	-2.613232807	1.9578483593355793	1.4470001699406265	0.44802654340453685	-0.132759898	5.008443455509802	0.28234641440530917	-1.863714487	0.7843592417272685	0.03829415064016237	-0.272854177	-0.988427879	0.15661162973503004	2.25435907502731	-0.110942968	3.55570777703275	-0.07233298	0.16997204384710474	-0.377480615	-2.154055688	-1.477004555	-1.433501115	-8.461907209	-1.211525395	3.3055914626929694	0.8075077590115588	-4.801639052
22.873784742240424	59.363384578283274	70.95735910130591	37.40532605114017	7.415372729347749	32.39055551637779	108.75543412955946	6.683956277146255	28.04641144355945	250.99645540728463	3.246005501936416	42.76115764	4.28096039203194	-11.42011954	1.7983867411205465	1.1349208560042368	308.33649100381706	249.49125936414913	126.53319536930579	64.97877066260793	1.0252871665582266	45.60185311894874	32981.93150209198	24.719445349162644	44.71759604475688	1229.8423472134716	309.7376066833889	18.08825799498825	29.688948539776515	35.74293054578093	124.25231749580979	9.367943131120889	48.2775260038397	0.37485434191113337	0.10075595448547969	41.588383309904245	172.09742802423858	8.01059313375124	82.96260876322327	55.145969190317615	102.84862743049901	0.8213462841064288	447605.43881507433	68.71336323439168	-120.4133584	-10.37408463	-112.8714362	2.5348733123943266	1.4652858918900562	-104.8422938	-12.73528341	-49.9403886	0.9320730252815973	-49.37205023	3.8507412432926778	1.3596475040266778	3.6970521208074643	7.7239739071609925	0.6214735401652917	-0.099637252	4.632743001863219	1.0065067324356831	-0.076985247	-0.444842351	1.614138164700285	-3.407025449	1.977266916749565	3.8458575180287355	-2.063181781	-0.699735411	0.1804396547833781	2.440456776795484	0.15561452585624935	-2.13644354	-1.630005364	0.2114334342237656	4.585811805971672	-0.382465958	0.6111254080421565	2.095286869973723	-2.450588826	2.960255338539577	-0.156066934	1.5628603449157035	2.694131159233403	0.264808705381352	4.762939876493984	-50.52953592	-0.374442483	-0.391258366	2.112683394191023	0.047529015436801644	-10.27800934	0.7492713479237887	3.217353558115507	0.14486679187949314	-1.871534023	4.330079005599921	-1.112601777	-0.357711168	2.452360689485207	2.2820768362916946	4.084029678024621	3.572374748019913	-1.766370793	0.30379950504648057	0.6818837091100878	0.8585465393030274	-15.84938246	1.9056066433130705	0.6366813417194546	0.18235594518053422	-0.249104928	3.83961175506554	0.5905881281259148	-0.604706134	1.959426340748597	1.2707967540390648	0.49941277657189154	-0.156426615	4.436413127039609	0.2677710010226373	-1.385471439	0.6055654568228449	0.03755396070755841	-0.199513143	-0.801920813	0.1399847543478106	2.024255796827572	-0.051613741	2.768452869767953	-0.04576859	0.03176573927018264	-0.325029579	-1.665180718	-1.227527411	-1.169968996	-6.253929679	-0.966856161	2.9747430763681177	0.561701278919932	-2.494461471
22.534546965053732	64.52396068697342	69.23355496557373	43.321259554970425	14.83988307291786	34.556304486897176	124.53856203452452	9.127732247580221	22.70963601749868	295.37027325879495	3.969823309769394	40.28305484549333	3.6475272507056884	-4.73433301	6.724308619213233	1.2737476077961807	302.9084733099266	240.97450918958	122.58175405100269	64.23528558528558	1.002003684293956	43.92238785669731	32287.13120189355	24.24119012993309	43.30289367045188	1198.627193858885	306.311241948816	17.74168717525474	28.868903423753444	36.231868237126456	120.8794330854339	9.076429404306689	46.74963611239767	0.4004643007038557	0.09466965738539374	40.26406443300592	170.20005305401557	7.9714139867670495	83.15111354896632	53.47582512825019	100.52830370086852	0.7927272944019307	452900.87763055577	67.21207341629122	-72.66193443	-2.120779353	-65.42820457	2.9700991252261515	1.6888874558326739	-71.81271711	-5.399922909	-25.8757133	1.0990325429963506	-32.74630588	4.902630350419945	1.57529326538388	3.851684143522811	7.0424939194661595	0.575200785179064	0.27033017988193286	4.281509825636051	0.7892866464384659	-0.103928724	0.36040844032629366	2.7415013001553756	-1.103635864	2.134919042995259	3.929063549320317	-1.444437916	-0.659570873	0.12314058750819351	2.903808203620329	0.6579249724302457	-1.665233767	-0.724007391	0.3205259032433841	5.266067264308556	-0.201194201	1.2327437975931481	1.4904070280807424	-1.64279269	2.918377440234532	0.4885729522751805	1.2807831630160282	3.128385394151988	0.18826988440465978	4.945480756227205	-36.91433705	-0.359997963	-0.375092139	2.129259135191813	0.04646773997853444	-2.125366249	0.7751288878444774	3.183351694552619	0.2051267004359058	-1.159462397	3.6174896435169157	-0.626602865	-0.137891737	1.7704867577095633	2.3784958567485077	3.3922937536771487	2.9117315442690437	-1.638722726	0.2669755027482575	0.5234501094563411	0.5133208477185565	-7.605084793	1.6470896957874717	0.4863194680961584	0.1121486931978134	-0.196604087	3.424944012499572	0.7577628986254797	0.8211090558019367	1.7020637337978552	1.0740897771064872	0.530678003125354	-0.173033862	3.788493437605246	0.2466199989475535	-0.913488553	0.42648408670417826	0.0357611709469881	-0.127520818	-0.61000683	0.1208210238688788	1.7564351725429803	0.003330975643269611	1.976869867136597	-0.020487581	-0.093572907	-0.26807276	-1.175237824	-0.96617216	-0.89769102	-4.079132011	-0.717648165	2.5877372363847075	0.32362440846987	-0.343167803
