Date,chart_20251112T151722,chart_20251112T151736,DAAA,DEXMAUS,DEXNOUS,DEXSZUS,DEXUSUK,EMVELECTGOVRN,EMVEXRATES,EMVFINCRISES,EMVMACROBUS,EMVOVERALLEMV,fsi_OFR FSI,fsi_Credit,fsi_Equity valuation,fsi_Safe assets,fsi_Funding,fsi_Volatility,fsi_United States,fsi_Other advanced economies,fsi_Emerging markets,INFECTDISEMVTRACKD,NASDAQCOM,PCU331315331315,PCU335311335311,RIFSPBLPND,SAHMREALTIME,VIXCLS
1975-01,40139580841,38350652199,13.65980781,2.258628743,5.028469367,2.370615567,2.06146457,0.495552346,-0.854915861,6.812745007,0.069122036,11142623.56,714548.1687,769.6182863,1.604387102,2.005874167,4.031812914,-1090.784588,-367.9890156,-513.1238588,-0.402972355,-3842031.479,83.79496777,44.86364476,65.85,8.020833333,2.985,116793557.2
1975-02,39943468055,38163275609,13.64406827,2.293260556,5.091601723,2.437640206,2.122212773,0.494414072,-0.841538836,6.692605134,0.070854962,10867657.97,707460.1384,763.4650791,1.597769149,1.997793961,4.015715767,-1081.304065,-365.1289869,-509.0541174,-0.401651894,-3746866.872,74.58504158,67.4308929,66.0214772,8,1.548455571,114871084.5
1975-03,39747995086,37976510346,13.62820307,2.34733905,5.150564097,2.494717449,2.180032475,0.493288008,-0.828241121,6.57386627,0.072583836,10597253.41,700419.1362,757.3445515,1.591167032,1.989733215,3.99965747,-1071.878279,-362.2829158,-505.0052146,-0.400334562,-3653286.828,76.63001278,81.15441854,65.6853871,7.979166667,1.514131828,112969823.9
1975-04,39553160888,37790355414,13.6122129,2.269314153,5.053492434,2.388058608,2.116144736,0.492174129,-0.815022512,6.456520509,0.074308654,10331371.72,693425.0055,751.2566169,1.584580735,1.981691906,3.983637979,-1062.507073,-359.4507711,-500.9770994,-0.399020355,-3561278.044,77.09416111,87.53440633,65.67499895,7.979166667,1.480436767,111089657.6
1975-05,39358964416,37604809812,13.59609846,2.306882959,5.115910236,2.426416525,2.123406553,0.49107241,-0.801882808,6.340559943,0.076029417,10069974.78,686477.5898,745.2011889,1.578010241,1.973670013,3.967657252,-1053.190289,-356.6325219,-496.9697209,-0.39770927,-3470827.216,77.46953386,88.07104046,65.9151838,7.9375,1.447364907,109230467.9
1975-06,39165404625,37419872542,13.57986044,2.292112556,5.09562465,2.418334905,2.143550805,0.489982825,-0.788821806,6.225976666,0.077746123,9813024.435,679576.7326,739.178181,1.571455531,1.965667516,3.951715246,-1043.927771,-353.8281371,-492.9830282,-0.396401303,-3381921.04,76.32894609,84.26450515,66.33081265,7.9375,1.414910768,107392137.2
1975-07,38972480469,37235542604,13.56349952,2.313511297,5.119622884,2.459928776,2.166886148,0.48890535,-0.775839303,6.112762773,0.07945877,9560482.537,672722.2773,733.1875069,1.564916589,1.957684392,3.935811919,-1034.71936,-351.0375857,-489.0169703,-0.395096452,-3294546.215,75.95209778,77.61498462,66.84675655,7.9375,1.383068868,105574547.9
1975-08,38780190904,37051819001,13.54701641,2.329097787,5.162771839,2.441192716,2.100359499,0.487839959,-0.762935097,6.000910357,0.081167358,9312310.945,665914.0674,727.2290799,1.558393397,1.949720621,3.919947227,-1025.564899,-348.2608367,-485.0714963,-0.393794711,-3208689.437,74.94180803,69.62266308,67.38788652,7.9375,1.351833727,103777582.1
1975-09,38588534882,36868700733,13.53041179,2.311049847,5.125824162,2.425093493,2.116581874,0.486786627,-0.750108984,5.890411512,0.082871883,9068471.514,659151.9463,721.3028138,1.551885938,1.94177618,3.904121127,-1016.464231,-345.4978591,-481.1465552,-0.39249608,-3124337.402,75.57757514,61.78772475,67.87907358,7.895833333,1.321199864,102001122.4
1975-10,38397511360,36686186802,13.51368636,2.356355929,5.187487904,2.499649022,2.175103109,0.485745328,-0.737360763,5.78125833,0.084572346,8828926.1,652435.7577,715.4086219,1.545394195,1.933851049,3.888333578,-1007.417199,-342.7486218,-477.2420961,-0.391200553,-3041476.808,76.58720535,55.61035383,68.24518876,7.854166667,1.291161798,100245051
1975-11,38207119291,36504276208,13.4968408,2.309033798,5.122411287,2.417664291,2.126869724,0.484716038,-0.72469023,5.673442907,0.086268745,8593636.558,645765.3448,709.5464179,1.538918151,1.925945206,3.872584536,-998.423644,-340.0130939,-473.3580681,-0.389908127,-2960094.351,77.40656331,52.59073453,68.4111031,7.854166667,1.261714047,98509250.18
1975-12,38017357631,36322967952,13.47987581,2.314530387,5.158531993,2.383961334,2.068195729,0.483698731,-0.712097182,5.566957335,0.087961078,8362564.744,639140.5513,703.7161153,1.532457787,1.91805863,3.856873958,-989.4834099,-337.2912442,-469.4944201,-0.388618799,-2880176.729,77.44120653,54.22905109,68.30168761,7.875,1.232851132,96793602.37
1976-01,37828225333,36142261036,13.46279209,2.415630518,5.304501513,2.348461024,1.814081776,0.482693382,-0.699581419,5.461793709,0.089649343,8135672.513,632561.2205,697.9176276,1.526013087,1.910191299,3.841201802,-980.5963388,-334.5830418,-465.6511013,-0.387332565,-2801710.637,88.90180771,61.825,67.84166667,6.895833333,0.238333333,95097989.88
1976-02,37639721353,35962154461,13.44559031,2.452070352,5.392668093,2.403184271,1.866374854,0.481699966,-0.687142735,5.357944121,0.09133354,7912921.722,626027.196,692.1508684,1.519584034,1.902343192,3.825568025,-971.7622735,-331.8884557,-461.8280607,-0.386049423,-2724682.774,89.23366982,71.14905783,66.99023982,6.875,1.176857884,93422295.03
1976-03,37451844645,35782647228,13.42827119,2.419376402,5.324504789,2.355172193,1.835957441,0.480718458,-0.67478093,5.255400667,0.093013667,7694274.225,619538.3212,686.4157513,1.513170609,1.894514288,3.809972584,-962.9810563,-329.2074548,-458.0252473,-0.384769368,-2649079.835,89.94670678,76.30153203,65.83975546,6.875,1.149716589,91766400.15
1976-04,37264594164,35603738338,13.4108354,2.392491366,5.307933781,2.325550791,1.848489997,0.479748832,-0.6624958,5.154155438,0.094689723,7479691.878,613094.4396,680.7121897,1.506772796,1.886704565,3.794415436,-954.2525299,-326.5400081,-454.2426103,-0.383492397,-2574888.518,89.41176764,77.69657995,64.54316649,6.854166667,1.123138205,90130187.59
1976-05,37077968864,35425426792,13.39328364,2.427683947,5.347356868,2.37300746,1.866846222,0.478791063,-0.650287142,5.05420053,0.096361706,7269136.537,606695.3947,675.0400972,1.500390578,1.878914002,3.778896539,-945.5765369,-323.8860847,-450.4800986,-0.382218508,-2502095.52,89.10815469,76.23574505,63.25453919,6.854166667,1.097117253,88513539.66
1976-06,36891967699,35247711592,13.3756166,2.423653137,5.346878522,2.360058111,1.852568426,0.477845126,-0.638154754,4.955528035,0.098029614,7062570.057,600341.0298,669.3993874,1.494023937,1.871142577,3.76341585,-936.9529199,-321.2456534,-446.7376614,-0.380947695,-2430687.537,89.49780958,72.82057079,62.12793985,6.854166667,1.07164825,86916338.71
1976-07,36706589625,35070591737,13.35783498,2.432067213,5.353541556,2.35124497,1.831117129,0.476910996,-0.626098434,4.858130048,0.099693446,6859954.295,594031.1887,663.7899738,1.487672856,1.863390269,3.747973325,-928.3815213,-318.6186832,-443.0152477,-0.379679957,-2360651.266,88.62716551,68.35260062,61.31743474,6.875,1.046725716,85338467.07
1976-08,36521833596,34894066231,13.33993946,2.460016268,5.377591781,2.3923729,1.813697984,0.475988648,-0.614117979,4.761998662,0.101353202,6661251.104,587765.7145,658.2117699,1.481337317,1.855657057,3.732568923,-919.8621839,-316.0051432,-439.3128065,-0.378415288,-2291973.404,88.77003609,63.733378,60.97709015,6.875,1.022344171,83779807.07
1976-09,36337698567,34718134073,13.32193074,2.488731581,5.429141576,2.438788975,1.834029434,0.475078056,-0.602213185,4.66712597,0.103008879,6466422.342,581544.451,652.6646893,1.475017303,1.847942919,3.717202601,-911.3947501,-313.4050023,-435.6302869,-0.377153687,-2224640.648,89.31990943,59.86444639,61.26097237,6.875,0.998498132,82240241.04
1976-10,36154183492,34542794264,13.30380952,2.43143349,5.370972479,2.352319393,1.829213853,0.474179195,-0.590383851,4.573504067,0.104660475,6275429.864,575367.2414,647.1486455,1.468712798,1.840247834,3.701874315,-902.9790626,-310.8182295,-431.967638,-0.37589515,-2158639.695,90.1761533,57.64734925,62.32314766,6.875,0.97518212,80719651.31
1976-11,35971287325,34368045807,13.28557647,2.359312059,5.343220282,2.247716967,1.8817338,0.473292039,-0.578629773,4.481125047,0.106307991,6088235.525,569233.9294,641.6635521,1.462423782,1.832571781,3.686584023,-894.6149639,-308.2447938,-428.3248088,-0.374639673,-2093957.242,89.52666364,57.98363003,64.31768231,6.875,0.952390654,79217920.23
1976-12,35789009023,34193887702,13.26723229,2.440111892,5.397910969,2.358260052,1.837155879,0.472416565,-0.56695075,4.389981002,0.107951423,5904801.18,563144.3584,636.2093226,1.45615024,1.824914738,3.671331682,-886.3022965,-305.6846641,-424.7017484,-0.373387253,-2030579.985,89.55688634,61.77483219,67.39864262,6.854166667,0.930118252,77734930.11
1977-01,35607347538,34020318950,13.24877769,2.382816263,5.309241509,2.323193582,1.782156635,0.471552746,-0.555346578,4.300064026,0.109590771,5725088.686,557098.3718,630.7858706,1.449892154,1.817276683,3.65611725,-878.0409032,-303.1378094,-421.0984058,-0.372137886,-1968494.621,97.52446204,69.49166667,71.675,6.770833333,-0.013333333,76270563.29
1977-02,35426301825,33847338552,13.23021334,2.386367183,5.310294554,2.284572361,1.79487386,0.470700557,-0.543817054,4.211366214,0.111226033,5549059.898,551095.8131,625.3931095,1.443649507,1.809657596,3.640940683,-869.8306263,-300.6041988,-417.5147301,-0.370891569,-1907687.848,98.29364079,72.20454531,75.91500048,6.770833333,0.887108718,74824702.11
1977-03,35245870840,33674945509,13.21153994,2.399509855,5.301598813,2.303340099,1.783490577,0.469859973,-0.532361977,4.123879658,0.112857208,5376676.672,545136.5258,620.030953,1.437422281,1.802057455,3.625801939,-861.6713086,-298.0838011,-413.9506703,-0.369648298,-1848146.362,97.53225234,70.91984975,78.19039695,6.770833333,0.866360625,73397228.9
1977-04,35066053537,33503138823,13.19275818,2.40137637,5.317920343,2.306962392,1.78339191,0.469030969,-0.520981143,4.037596453,0.114484295,5207900.862,539220.3533,614.6993146,1.431210458,1.794476238,3.610700975,-853.5627926,-295.5765854,-410.4061755,-0.368408071,-1789856.86,97.74618424,68.93983119,78.72416862,6.770833333,0.846109673,71988025.99
1977-05,34886848870,33331917495,13.17386876,2.378297874,5.319102251,2.247956799,1.799472471,0.46821352,-0.509674351,3.952508692,0.116107291,5042694.326,533347.1393,609.3981078,1.425014023,1.786913924,3.595637749,-845.5049208,-293.0825206,-406.8811948,-0.367170883,-1732806.038,98.69969617,66.61890147,77.94389634,6.770833333,0.826350381,70596975.71
1977-06,34708255794,33161280525,13.15487236,2.399126897,5.327702604,2.283253186,1.784624289,0.4674076,-0.498441396,3.868608469,0.117726196,4881018.917,527516.727,604.1272462,1.418832956,1.779370493,3.580612217,-837.4975358,-290.6015757,-403.3756772,-0.365936731,-1676980.594,98.83384325,64.31147246,76.27716092,6.770833333,0.807077268,69223960.4
1977-07,34530273263,32991226915,13.13576969,2.431433385,5.341105276,2.339713721,1.764823828,0.466613184,-0.487282077,3.785887878,0.119341008,4722836.493,521728.96,598.8866432,1.412667242,1.771845922,3.565624337,-829.5404803,-288.1337198,-399.8895717,-0.364705613,-1622367.225,98.3472179,62.37195601,74.15154322,6.791666667,0.788284854,67868862.38
1977-08,34352900233,32821755666,13.11656142,2.402302895,5.334085134,2.295153383,1.782975977,0.465830247,-0.47619619,3.704339012,0.120951726,4568108.908,515983.6817,593.6762126,1.406516862,1.764340189,3.550674066,-821.6335968,-285.6789217,-396.4228275,-0.363477524,-1568952.627,98.93689001,61.15476399,71.99462407,6.791666667,0.769967658,66531564
1977-09,34176135657,32652865779,13.09724825,2.398130126,5.354301917,2.27773439,1.790481032,0.465058764,-0.465183534,3.623953964,0.122558348,4416798.018,510280.7357,588.4958677,1.4003818,1.756853275,3.535761361,-813.7767278,-283.2371505,-392.9753935,-0.36225246,-1516723.497,98.64286286,61.01430824,70.2339843,6.791666667,0.752120198,65211947.58
1977-10,33999978491,32484556256,13.07783088,2.398354708,5.354195269,2.273886673,1.791069447,0.46429871,-0.454243905,3.54472483,0.124160873,4268865.678,504619.9654,583.3455221,1.394262038,1.749385157,3.52088618,-805.9697159,-280.8083751,-389.5472189,-0.36103042,-1465666.532,98.46005547,62.30500064,69.29720476,6.791666667,0.734736994,63909895.46
1977-11,33824427688,32316826097,13.05831,2.420283275,5.351505264,2.317140438,1.772617201,0.463550058,-0.443377102,3.466643701,0.125759299,4124273.745,499001.2143,578.2250895,1.388157558,1.741935813,3.506048479,-798.2124037,-278.3925646,-386.1382526,-0.359811398,-1415768.429,98.57483685,65.38125303,69.61186627,6.791666667,0.717812565,62625289.96
1977-12,33649482204,32149674303,13.03868629,2.407445633,5.372502017,2.268726718,1.784348459,0.462812785,-0.43258292,3.389702673,0.127353625,3982984.073,493424.3258,573.1344833,1.382068344,1.734505224,3.491248216,-790.5046338,-275.9896878,-382.7484439,-0.358595392,-1367015.885,98.67930295,70.59747729,71.60554968,6.791666667,0.70134143,61358013.43
1978-01,33475140994,31983099876,13.01896046,2.314396752,5.319831252,1.862992237,1.902555121,0.462086865,-0.421861158,3.313893838,0.12894385,3844958.519,487889.1435,568.073617,1.375994378,1.727093366,3.476485349,-782.8462488,-273.5997138,-379.3777416,-0.357382399,-1319395.596,115.868017,78.15,75.53333333,8.9375,-0.05,60107948.19
1978-02,33301403011,31817101816,12.99913319,2.318390595,5.342252678,1.882892379,1.896665341,0.461372272,-0.411211613,3.239209291,0.130529971,3710158.938,482395.5107,563.0424042,1.369935642,1.719700219,3.461759833,-775.2370912,-271.2226116,-376.0260948,-0.356172414,-1272894.26,116.6930226,85.33738893,79.36872387,8.9375,0.669737119,58874976.58
1978-03,33128267210,31651679126,12.97920517,2.32547995,5.299539239,1.858397857,1.906112077,0.460668982,-0.400634083,3.165641124,0.132111989,3578547.185,476943.271,558.0407585,1.36389212,1.712325761,3.447071628,-767.6770036,-268.8583501,-372.6934527,-0.354965435,-1227498.573,115.6034141,89.57445401,81.50314824,8.9375,0.654592981,57658980.93
1978-04,32955732546,31486830805,12.9591771,2.317821453,5.374754338,1.897837916,1.890183142,0.459976969,-0.390128364,3.093181432,0.1336899,3450085.116,471532.2678,553.0685934,1.357863795,1.704969972,3.432420689,-760.1658286,-266.5068983,-369.3797643,-0.353761458,-1183195.232,118.3681204,91.26669005,82.20794845,8.9375,0.639880213,56459843.57
1978-05,32783797974,31322555855,12.93904967,2.325979826,5.36202505,1.876195325,1.882853336,0.459296208,-0.379694254,3.021822309,0.135263705,3324734.587,466162.3447,548.1258224,1.351850648,1.697632829,3.417806974,-752.7034087,-264.1682252,-366.0849786,-0.352560479,-1139970.935,117.6397594,90.97857664,81.82400893,8.958333333,0.625593336,55277446.83
1978-06,32612462448,31158853278,12.91882356,2.31536183,5.283915288,1.833625603,1.911619601,0.458626674,-0.36933155,2.951555848,0.1368334,3202457.453,460833.345,543.2123591,1.345852662,1.690314311,3.403230441,-745.2895865,-261.8422997,-362.8090447,-0.351362496,-1097812.377,116.9092414,89.2745934,80.6922141,8.979166667,0.611726867,54111673.06
1978-07,32441724923,30995722074,12.89849949,2.332148616,5.382628285,1.868674575,1.890687904,0.457968341,-0.35904005,2.882374142,0.138398986,3083215.57,455545.1123,538.328117,1.339869821,1.683014397,3.388691046,-737.9242046,-259.5290909,-359.5519116,-0.350167504,-1056706.256,117.6576463,86.7192199,79.15344839,8.979166667,0.598275326,52962404.57
1978-08,32271584352,30833161244,12.87807812,2.321439935,5.36092018,1.859614847,1.895019155,0.457321185,-0.348819551,2.814269286,0.13996046,2966970.794,450297.4901,533.4730097,1.333902107,1.675733065,3.374188747,-730.6071057,-257.2285677,-356.3135284,-0.3489755,-1016639.269,118.3353339,83.87693576,77.54859622,8.979166667,0.585233232,51829523.7
1978-09,32102039692,30671169790,12.85756017,2.340769936,5.395025083,1.920175685,1.883833417,0.45668518,-0.338669851,2.747233373,0.141517822,2853684.979,445090.3217,528.6469507,1.327949502,1.668470295,3.3597235,-723.3381321,-254.9406992,-353.0938441,-0.347786482,-977598.112,117.2752671,81.31222058,76.21854203,8.979166667,0.572595105,50712912.79
1978-10,31933089896,30509746712,12.83694631,2.333432113,5.332911046,1.863014765,1.900373464,0.4560603,-0.328590746,2.681258496,0.143071068,2743319.982,439923.4507,523.8498536,1.322011989,1.661226064,3.345295264,-716.1171266,-252.6654542,-349.8928079,-0.346600445,-939569.4824,115.9397076,79.58955394,75.50417025,9,0.560355462,49612454.17
1978-11,31764733920,30348891012,12.81623724,2.327827049,5.392486981,1.83662993,1.900321231,0.455446522,-0.318582035,2.61633675,0.1446202,2635837.658,434796.7206,519.0816318,1.316089551,1.654000351,3.330903996,-708.9439316,-250.4028018,-346.7103687,-0.345417386,-902540.077,118.9338057,79.27341546,75.74636529,9,0.548508824,48528030.17
1978-12,31596970716,30188601692,12.79543366,2.336890953,5.3951966,1.85935734,1.887026653,0.454843819,-0.308643514,2.552460228,0.146165214,2531199.862,429709.9747,514.342199,1.310182171,1.646793135,3.316549652,-701.8183899,-248.1527109,-343.5464757,-0.344237302,-866496.5926,117.7831782,80.92828473,77.28601159,9,0.53704971,47459523.12
1979-01,31429799242,30028877751,12.77453625,2.265505354,5.325325391,1.79524783,1.992608099,0.454252166,-0.29877498,2.489621024,0.147706109,2429368.451,424663.0567,509.6314687,1.304289831,1.639604395,3.30223219,-694.7403439,-245.9151505,-340.4010778,-0.343060188,-831425.726,133.1570918,84.575,80.23333333,12.52083333,0.0525,46406815.35
1979-02,31263218450,29869718191,12.75354571,2.236084829,5.219250223,1.738066914,2.034790518,0.453671539,-0.288976232,2.427811232,0.149242884,2330305.28,419655.81,504.9493543,1.298412514,1.632434109,3.287951567,-687.7096362,-243.6900897,-337.2741242,-0.341886043,-797314.1742,134.0329259,87.12326011,82.42478762,12.52083333,0.515272128,45369789.21
1979-03,31097227295,29711122014,12.73246273,2.266711778,5.315998308,1.779804599,2.021823392,0.453101911,-0.279247066,2.367022944,0.150775538,2233972.204,414688.0779,500.2957696,1.292550203,1.625282256,3.273707741,-680.7261093,-241.4774973,-334.1655639,-0.340714862,-764148.634,136.9460495,87.97657835,82.31281079,12.52083333,0.504942699,44348327.01
1979-04,30931824733,29553088220,12.711288,2.273431181,5.335483448,1.786359719,2.006282212,0.452543258,-0.26958728,2.307248256,0.152304069,2140331.079,409759.7041,495.6706279,1.28670288,1.618148814,3.259500668,-673.789606,-239.2773423,-331.0753459,-0.339546642,-731915.8022,136.6231753,87.60168988,80.42322988,12.52083333,0.494978871,43342311.1
1979-05,30767009717,29395615810,12.69002221,2.223035203,5.171691337,1.710038291,2.064041065,0.451995554,-0.259996672,2.24847926,0.153828475,2049343.761,404870.532,491.0738429,1.280870528,1.611033762,3.245330306,-666.8999687,-237.0895939,-328.0034193,-0.338381379,-700602.3757,135.6590976,86.36769801,77.39374527,12.52083333,0.485375161,42351623.81
1979-06,30602781202,29238703787,12.66866606,2.256526985,5.30572559,1.766338428,2.036684222,0.451458775,-0.250475038,2.19070805,0.155348756,1960972.105,400020.4051,486.5053281,1.275053129,1.603937078,3.231196612,-660.05704,-234.9142208,-324.9497332,-0.337219071,-670195.0513,136.2768698,84.64370607,73.86205732,12.52083333,0.476126089,41376147.46
1979-07,30439138144,29082351150,12.64722023,2.258908379,5.307926431,1.759729088,2.024241383,0.450932894,-0.241022175,2.13392672,0.15686491,1875177.967,395209.1667,481.9649971,1.269250667,1.596858742,3.217099543,-653.2606624,-232.7511921,-321.9142366,-0.336059713,-640680.526,135.6097176,82.79881738,70.46586638,12.54166667,0.467226175,40415764.4
1979-08,30276079495,28926556900,12.62568543,2.28391017,5.388941186,1.788393483,1.973968692,0.450417887,-0.231637882,2.078127364,0.158376935,1791923.202,390436.6605,477.4527633,1.263463124,1.589798731,3.203039057,-646.5106787,-230.6004768,-318.8968785,-0.334903303,-612045.4965,134.3257269,81.20213528,67.84287282,12.54166667,0.458669938,39470356.95
1979-09,30113604212,28771320040,12.60406233,2.244560418,5.261734711,1.738898323,2.03440503,0.449913729,-0.222321956,2.023302075,0.159884829,1711169.665,385702.7299,472.9685403,1.257690483,1.582757025,3.189015111,-639.8069313,-228.4620438,-315.8976081,-0.333749836,-584276.6597,134.3354806,80.22276309,66.63077701,12.64583333,0.450451896,38539807.44
1979-10,29951711248,28616639570,12.58235164,2.259862074,5.309686221,1.75283177,2.045802153,0.449420394,-0.213074194,1.969442947,0.161388593,1632879.214,381007.2183,468.5122417,1.251932726,1.575733602,3.175027661,-633.1492628,-226.3358622,-312.9163744,-0.332599309,-557360.7125,136.4395761,80.22980413,67.46727929,12.64583333,0.442566569,37623998.22
1979-11,29790399559,28462514491,12.56055405,2.266723382,5.331591058,1.759689828,2.029986227,0.448937858,-0.203894393,1.916542073,0.162888223,1557013.702,376349.9692,464.083781,1.246189836,1.568728441,3.161076666,-626.5375157,-224.2219008,-309.9531264,-0.33145172,-531284.3517,135.7888939,81.59236172,70.99008005,12.64583333,0.435008476,36722811.6
1979-12,29629668098,28308943805,12.53867024,2.266828263,5.32984948,1.756143169,2.027147186,0.448466094,-0.19478235,1.864591548,0.164383719,1483534.986,371730.8262,459.6830717,1.240461796,1.56174152,3.147162082,-619.9715328,-222.1201288,-307.0078132,-0.330307064,-506034.2741,136.4318401,84.67953921,77.83687963,12.64583333,0.427772136,35836129.94
1980-01,29469515821,28155926512,12.51670091,2.292406996,5.345582381,1.793342319,2.105937888,0.448005078,-0.185737863,1.813583464,0.165875079,1412404.921,367149.6326,455.3100275,1.234748589,1.554772818,3.133283867,-613.4511564,-220.030515,-304.0803839,-0.329165338,-481597.1767,167.0999614,89.84166667,88.24166667,14.97916667,1.285833333,34963835.54
1980-02,29309941682,28003461613,12.49464676,2.268187746,5.261610335,1.764366746,2.150718315,0.447554784,-0.17676073,1.763509917,0.167362303,1343585.363,362606.2319,450.9645617,1.229050196,1.547822313,3.119441977,-606.9762293,-217.9530285,-301.1707874,-0.328026539,-457959.7563,161.3566546,95.56657245,97.21563659,15.0625,0.414242791,34105810.76
1980-03,29150944635,27851548111,12.47250846,2.241603889,5.189099066,1.745412423,2.195704316,0.447115188,-0.167850748,1.714362998,0.168845387,1277038.168,358100.4677,446.6465881,1.223366601,1.540889985,3.105636371,-600.5465939,-215.8876382,-298.278973,-0.326890663,-435108.7097,164.7710253,98.71040588,101.1437284,15.0625,0.407938825,33261937.92
1980-04,28992523636,27700185005,12.45028673,2.271898911,5.283005617,1.764546656,2.135294998,0.446686264,-0.159007713,1.666134803,0.170324331,1212725.19,353632.1833,442.35602,1.217697787,1.533975811,3.091867005,-594.1620929,-213.8343131,-295.4048895,-0.325757707,-413030.7339,170.0743781,99.45321492,100.9849637,15.10416667,0.401934688,32432099.36
1980-05,28834677638,27549371297,12.42798224,2.264488988,5.271883421,1.760422618,2.165994298,0.446267986,-0.150231424,1.618817424,0.171799134,1150608.286,349201.2223,438.0927712,1.212043736,1.527079771,3.078133836,-587.8225689,-211.7930222,-292.5484862,-0.324627668,-391712.5255,170.7301742,98.41440947,97.8636882,15.14583333,0.3962249,31616177.4
1980-06,28677405597,27399105988,12.40559569,2.285714003,5.348417844,1.768043953,2.12359263,0.445860331,-0.141521678,1.572402956,0.173269794,1090649.311,344807.4282,433.856755,1.206404431,1.520201842,3.064436823,-581.5278643,-209.7637344,-289.7097119,-0.323500541,-371140.7816,167.7749357,96.21339946,92.90424749,15.14583333,0.390803979,30814054.39
1980-07,28520706466,27249388079,12.38312777,2.251668251,5.202270014,1.73256791,2.186591493,0.445463271,-0.132878272,1.526883492,0.17473631,1032810.12,340450.6443,429.6478851,1.200779855,1.513342004,3.050775921,-575.2778218,-207.7464188,-286.8885159,-0.322376324,-351302.1989,164.4666936,93.4695948,87.23098719,15.0625,0.385666446,30025612.64
1980-08,28364579202,27100216572,12.36057918,2.248533923,5.195455546,1.726662025,2.198698455,0.445076783,-0.124301003,1.482251125,0.176198679,977052.5703,336130.7142,425.466075,1.195169989,1.506500236,3.037151089,-569.072284,-205.7410443,-284.0848471,-0.321255013,-332183.4744,168.8572744,90.80240541,81.96825291,15.10416667,0.380806818,29250734.51
1980-09,28209022757,26951590467,12.3379506,2.271312996,5.290505802,1.746927363,2.154393185,0.444700841,-0.115789669,1.43849795,0.177656902,923338.516,331847.4814,421.3112382,1.189574818,1.499676515,3.023562283,-562.9110933,-203.7475799,-281.2986546,-0.320136605,-313771.3048,163.0130734,88.83124121,78.24039028,15.10416667,0.376219616,28489302.31
1980-10,28054036087,26803508766,12.31524273,2.243565138,5.219448325,1.733717695,2.197443839,0.444335419,-0.107344067,1.39561606,0.179110976,871629.8131,327600.7893,417.1832883,1.183994323,1.492870821,3.010009461,-556.7940925,-201.7659945,-278.5298875,-0.319021097,-296052.387,165.3678289,88.17551212,77.17174492,15.1875,0.371899358,27741198.38
1980-11,27899618147,26655970469,12.29245626,2.25179363,5.216336167,1.727160685,2.186795664,0.443980493,-0.098963995,1.353597549,0.180560899,821888.3172,323390.4814,413.0821388,1.178428487,1.486083131,2.99649258,-550.7211241,-199.7962573,-275.7784948,-0.317908484,-279013.4179,166.9752282,89.45462805,79.88666243,15.1875,0.367840563,27006305.05
1980-12,27745767890,26508974578,12.26959188,2.297571828,5.416877925,1.777144778,2.120946481,0.443636038,-0.090649249,1.31243451,0.182006672,774075.8838,319216.4012,409.0077032,1.172877293,1.479313426,2.983011597,-544.6920306,-197.838337,-273.0444256,-0.316798763,-262641.0944,170.3777457,93.28799892,87.50948845,15.20833333,0.364037751,26284504.66
1981-01,27592484272,26362520094,12.24665029,2.387501732,5.901559124,1.958234593,1.918816379,0.443302027,-0.082399628,1.272119037,0.183448291,728154.3686,315078.3921,404.9598952,1.167340724,1.472561682,2.969566469,-538.7066546,-195.8922028,-270.3276288,-0.315691932,-246922.1132,201.8764899,99.825,100.1583333,19.22916667,0.611666667,25575679.54
1981-02,27439766247,26216606019,12.22363217,2.328121771,5.750452767,1.937622096,2.01318375,0.442978437,-0.074214928,1.232643224,0.184885756,684085.6272,310976.2977,400.9386282,1.161818762,1.46582788,2.956157154,-532.7648387,-193.9578235,-267.6280537,-0.314587986,-231843.1713,203.4100948,106.1895288,111.5725616,19.10416667,0.35717815,24879712.02
1981-03,27287612770,26071231352,12.20053823,2.376431042,5.88767087,1.974827771,1.956773644,0.442665241,-0.066094947,1.193999165,0.186319065,641831.515,306909.9613,396.9438158,1.156311391,1.459111997,2.942783609,-526.8664255,-192.0351683,-264.9456492,-0.313486922,-217390.9654,203.908283,111.0094918,119.0515387,18.97916667,0.3541104,24196484.44
1981-04,27136022795,25926395095,12.17736914,2.374792444,5.887512422,1.957739631,1.942155237,0.442362414,-0.058039483,1.156178953,0.187748217,601353.8877,302879.2265,392.9753716,1.150818591,1.452414012,2.929445791,-521.0112575,-190.1242059,-262.2803644,-0.312388737,-203552.1926,203.2331443,114.3989641,123.1622969,19.0625,0.351276709,23525879.12
1981-05,26984995277,25782096250,12.1541256,2.371719127,5.83841249,1.938363338,1.980604314,0.442069932,-0.050048331,1.119174681,0.189173211,562614.6009,298883.9367,389.033209,1.145340348,1.445733903,2.916143657,-515.1991773,-188.2249056,-259.6321484,-0.311293428,-190313.5495,204.6634573,116.4840777,124.4999565,19.02083333,0.348671596,22867778.4
1981-06,26834529171,25638333818,12.13080831,2.3522806,5.799808503,1.942416139,2.007151046,0.441787769,-0.042121291,1.082978445,0.190594044,525575.5101,294923.9354,385.1172416,1.139876642,1.439071651,2.902877165,-509.4300276,-186.3372361,-257.0009502,-0.31020099,-177661.7331,203.3870183,117.3909647,123.6596378,19.02083333,0.34628958,22222064.61
1981-07,26684623430,25495106799,12.10741795,2.391214827,5.903594993,1.929654134,1.936790473,0.4415159,-0.034258159,1.047582336,0.192010715,490198.4709,290999.0661,381.227383,1.134427457,1.432427232,2.889646272,-503.7036508,-184.4611665,-254.3867188,-0.309111421,-165583.4402,203.3095934,117.245757,121.2364608,19.02083333,0.344125181,21588620.09
1981-08,26535277011,25352414195,12.08395523,2.379855612,5.887403657,1.94433294,1.94736401,0.441254299,-0.026458733,1.012978449,0.193423224,456445.3389,287109.1723,377.3635467,1.128992775,1.425800626,2.876450934,-498.0198895,-182.5966657,-251.7894034,-0.308024717,-154065.3677,201.5911563,116.1745868,117.825546,19.0625,0.342172917,20967327.16
1981-09,26386488866,25210255007,12.06042082,2.333811753,5.772960901,1.927621031,2.004968863,0.441002941,-0.01872281,0.979158878,0.194831569,424277.9696,283254.0974,373.5256463,1.12357258,1.419191811,2.86329111,-492.3785864,-180.7437028,-249.2089529,-0.306940874,-143094.2124,202.4649386,114.3035859,114.0220134,18.97916667,0.340427308,20358068.16
1981-10,26238257952,25068628236,12.03681543,2.3648793,5.902416616,1.960332303,1.945987837,0.440761802,-0.011050187,0.946115716,0.196235747,393658.2188,279433.6849,369.7135952,1.118166853,1.412600765,2.850166756,-486.7795839,-178.9022468,-246.6453165,-0.30585989,-132656.6711,203.9402506,111.7588865,110.4209833,18.89583333,0.338882872,19760725.43
1981-11,26090583222,24927532883,12.01313974,2.404407022,5.970182865,1.960820347,1.919655308,0.440530856,-0.003440662,0.913841057,0.197635759,364547.9418,275647.7782,365.9273071,1.112775578,1.406027469,2.83707783,-481.2227247,-177.0722665,-244.0984432,-0.30478176,-122739.4409,203.5641702,108.6666206,107.617576,18.9375,0.337534129,19175181.29
1981-12,25943463631,24786967949,11.98939444,2.419748334,5.977317358,1.920328976,1.929771354,0.440310078,0.004105969,0.882326995,0.199031601,336908.9944,271896.2209,362.1666954,1.107398736,1.399471899,2.824024289,-475.7078514,-175.253731,-241.568282,-0.303706482,-113329.2184,205.2038302,105.1529201,106.2069116,18.9375,0.336375599,18601318.08
1982-01,25796898134,24646932436,11.96558024,2.38977821,6.432885714,2.003115023,1.759706747,0.440099442,0.011589906,0.851565623,0.200423274,310703.232,268178.8564,358.4316738,1.102036312,1.392934035,2.81100609,-470.2348064,-173.4466093,-239.054782,-0.302634052,-104412.7005,187.7078338,101.325,106.7083333,15,2.048333333,18039018.12
1982-02,25650885685,24507425344,11.94169782,2.404585467,6.306916695,1.962427005,1.774458411,0.439898923,0.019011355,0.821549035,0.201810775,285892.5103,264495.5283,354.7221557,1.096688287,1.386413855,2.798023191,-464.8034324,-171.6508703,-236.5578923,-0.301564466,-95976.58418,190.8510213,97.03744677,108.3004743,15.02083333,0.334607249,17488163.76
1982-03,25505425239,24368445674,11.91774786,2.404098152,6.379262587,1.969996003,1.77245675,0.439708496,0.026370516,0.792269324,0.203194103,262438.6848,260846.0798,351.0380547,1.091354644,1.379911338,2.785075548,-459.413572,-169.866483,-234.0775619,-0.300497722,-88007.56619,192.0577985,92.24915416,109.5740683,15.02083333,0.333986469,16948637.33
1982-04,25360515750,24229992429,11.89373108,2.400198011,6.332411438,1.958121323,1.788586713,0.439528137,0.033667592,0.763718585,0.204573257,240303.6112,257230.3546,347.3792844,1.086035366,1.373426462,2.772163118,-454.0650678,-168.0934164,-231.6137399,-0.299433815,-80492.34341,186.049454,87.3286706,110.4471418,15.02083333,0.333533978,16420321.15
1982-05,25216156174,24092064608,11.86964815,2.402791772,6.338251559,1.949483127,1.784891519,0.439357819,0.040902787,0.735888911,0.205948235,219449.1449,253648.1962,343.7457582,1.080730436,1.366959207,2.75928586,-448.7577622,-166.3316395,-229.1663753,-0.298372742,-73417.6127,187.0547385,82.68137149,110.9706117,15.02083333,0.333244294,15903097.57
1982-06,25072345464,23954661213,11.84549977,2.430239682,6.385434128,1.955611329,1.766715694,0.439197517,0.048076303,0.708772396,0.207319036,199837.1416,250099.4479,340.1373898,1.075439836,1.360509551,2.74644373,-443.4914979,-164.5811213,-226.7354172,-0.2973145,-66770.0709,187.4835846,78.71263223,111.1953953,15.02083333,0.333111936,15396848.9
1982-07,24929082575,23817781246,11.82128663,2.408446602,6.391270474,1.964725423,1.769224122,0.439047207,0.055188342,0.682361133,0.208685658,181429.4569,246583.9532,336.5540927,1.070163548,1.354077471,2.733636686,-438.2661175,-162.8418307,-224.3208146,-0.296259086,-60536.41487,187.8056557,75.82782821,111.1724096,14.97916667,0.333131425,14901457.5
1982-08,24786366463,23681423706,11.79700942,2.373866007,6.458474186,2.001839982,1.761012747,0.438906862,0.062239107,0.656647216,0.2100481,164187.9463,243101.5557,332.9957803,1.064901557,1.347662948,2.720864685,-433.0814635,-161.1137366,-221.9225166,-0.295206496,-54703.34148,188.9570408,74.43233483,110.9525717,14.97916667,0.333297278,14416805.68
1982-09,24644196080,23545587596,11.77266884,2.405563803,6.474949027,2.003518126,1.746628702,0.438776459,0.069228802,0.631622738,0.21140636,148074.4654,239652.0988,329.4623664,1.059653843,1.341265959,2.708127683,-427.9373785,-159.3968082,-219.5404723,-0.294156726,-49257.54757,188.5899611,74.9315275,110.5867987,14.97916667,0.333604015,13942775.78
1982-10,24502570383,23410271916,11.74826558,2.417915462,6.466838266,1.973662399,1.756871588,0.438655971,0.076157627,0.607279794,0.212760437,133050.8698,236235.426,325.9537643,1.054420391,1.334886484,2.695425639,-422.8337051,-157.6910144,-217.1746307,-0.293109773,-44185.72999,190.1677229,77.73078161,110.1260077,14.97916667,0.334046156,13479250.14
1982-11,24361488325,23275475668,11.72380032,2.448227072,6.258188611,1.897468989,1.795866823,0.438545373,0.083025787,0.583610478,0.214110331,119079.015,232851.3807,322.4698877,1.049201182,1.3285245,2.682758509,-417.7702858,-155.9963241,-214.8249409,-0.292065634,-39474.58561,185.547735,83.23547256,109.6211159,14.97916667,0.334618219,13026111.08
1982-12,24220948862,23141197853,11.69927376,2.419410137,6.437908516,1.966665639,1.767776785,0.438444641,0.089833484,0.560606882,0.215456038,106120.7567,229499.8064,319.01065,1.043996199,1.322179987,2.67012625,-412.7469632,-154.3127063,-212.4913518,-0.291024305,-35110.81128,189.24199,91.85097576,109.1230403,14.97916667,0.335314723,12583240.94
1983-01,24080950947,23007437471,11.9884212,2.390385179,7.105676732,2.04640042,1.576845624,0.438353748,0.09658092,0.5382611,0.216797558,94137.95041,226180.5466,315.5759649,1.038805426,1.315852923,2.657528821,-407.76358,-152.64013,-210.1738127,-0.289985783,-31081.10385,282.1593179,103.8333333,108.7083333,10.79166667,0.631666667,12150522.06
1983-02,23941493536,22874193525,11.94069862,2.415859906,7.024041412,2.021518391,1.603287,0.438272671,0.103268298,0.516565227,0.218134889,83092.45172,222893.4448,312.1657459,1.033628844,1.309543286,2.644966178,-402.8199786,-150.9785642,-207.8722725,-0.288950065,-27372.16018,284.037877,115.8300023,108.3454172,10.79166667,0.337059133,11727836.76
1983-03,23802575583,22741465014,11.8640805,2.413609274,6.979489333,1.998586257,1.616339129,0.438201382,0.109895821,0.495511355,0.219468031,72946.1162,219638.3444,308.7799065,1.028466436,1.303251056,2.632438278,-397.9160017,-149.3279779,-205.5866803,-0.287917146,-23970.67712,279.7230231,124.1576523,108.1219702,10.79166667,0.338096076,11315067.37
1983-04,23664196042,22609250941,11.86381221,2.412513074,6.981009654,1.995751341,1.607088011,0.438139858,0.116463691,0.475091579,0.22079698,63660.79943,216415.0889,305.4183602,1.023318186,1.296976211,2.619945079,-393.0514918,-147.68834,-203.3169851,-0.286887024,-20863.35153,278.253684,129.1287246,108.0011755,10.79166667,0.339235538,10912096.24
1983-05,23526353869,22477550306,11.82681959,2.444217977,6.944860787,1.981096641,1.628069367,0.438088073,0.122972111,0.455297992,0.222121737,55198.357,213223.5218,302.0810207,1.018184075,1.290718729,2.607486537,-388.2262915,-146.0596196,-201.063136,-0.285859695,-18036.88026,281.5211279,131.299716,107.9708286,10.79166667,0.340472036,10518805.68
1983-06,23389048017,22346362110,11.80480113,2.421556429,7.009722084,2.003973136,1.613270015,0.438046002,0.129421284,0.436122688,0.223442299,47520.64448,210063.4866,298.7678014,1.013064086,1.284478589,2.595062611,-383.4402434,-144.4417855,-198.8250821,-0.284835156,-15477.96017,281.6179193,131.2271235,108.0187255,10.79166667,0.341800091,10135078.04
1983-07,23252277442,22215685355,11.95932192,2.371201086,7.152411456,2.04871123,1.562307689,0.43801362,0.135811412,0.417557761,0.224758666,40589.51744,206934.8267,295.4786158,1.007958203,1.27825577,2.582673257,-378.69319,-142.8348068,-196.6027724,-0.283813404,-13173.28811,283.8406426,129.467444,108.1326616,10.79166667,0.34321422,9760795.652
1983-08,23116041097,22085519041,12.01417571,2.423920465,7.071629308,2.017559723,1.597379535,0.437990901,0.142142699,0.399595303,0.226070835,34366.83148,203837.3856,292.2133777,1.002866407,1.272050251,2.570318432,-373.9849739,-141.2386525,-194.396156,-0.282794434,-11109.56093,283.5129636,126.5771744,108.3004329,10.83333333,0.344708945,9395840.84
1983-09,22980337939,21955862171,11.91932666,2.424091925,7.07793703,2.019388473,1.598762997,0.43797782,0.148415345,0.38222741,0.227378806,28814.44215,200771.0068,288.9720003,0.997788682,1.265862009,2.557998094,-369.3154377,-139.6532915,-192.2051819,-0.281778244,-9273.475496,284.8168629,123.1128117,108.5098348,10.83333333,0.346278783,9040095.941
1983-10,22845166920,21826713744,11.81421606,2.444300428,6.943943876,1.962662649,1.634067265,0.437974352,0.154629556,0.365446174,0.228682577,23894.20505,197735.5337,285.7543974,0.99272501,1.259691024,2.5457122,-364.684424,-138.0786928,-190.0297992,-0.280764829,-7651.728658,282.1836742,119.6308528,108.7486633,10.83333333,0.347918253,8693443.288
1983-11,22710526996,21698072762,11.83593023,2.418339117,6.999173488,1.97889328,1.609889491,0.437980473,0.160785532,0.349243689,0.229982146,19567.97575,194730.8098,282.5604825,0.987675374,1.253537274,2.533460707,-360.0917754,-136.5148254,-187.869957,-0.279754188,-6231.017271,283.6242997,116.6877946,109.0047139,10.79166667,0.349621875,8355765.212
1983-12,22576417122,21569938227,11.84000944,2.430636164,7.077858173,2.003255023,1.600586837,0.437996155,0.166883476,0.33361205,0.231277512,15797.60983,191756.6787,279.390169,0.982639756,1.247400738,2.521243573,-355.5373343,-134.9616583,-185.7256042,-0.278746315,-4998.03819,283.7303621,114.8401341,109.2657823,10.79166667,0.351384168,8026944.047
1984-01,22442836251,21442309138,12.15456418,2.468019838,7.481322902,2.112471963,1.524736253,0.438021375,0.172923592,0.318543349,0.232568673,12544.96286,188812.9837,276.2433706,0.977618139,1.241281394,2.509060754,-351.0209435,-133.4191605,-183.59669,-0.277741208,-3939.488269,249.1911052,114.575,109.4666667,12,-0.085833333,7706862.124
1984-02,22309783339,21315184498,12.26126552,2.440850772,7.56498925,2.142220274,1.495774768,0.438056107,0.178906082,0.30402968,0.233855629,9771.890432,185899.5683,273.1200008,0.972610507,1.235179222,2.496912208,-346.5424454,-131.8873008,-181.4831634,-0.276738864,-3042.064363,251.4052579,115.6553631,109.7566146,12,0.355062844,7395401.778
1984-03,22177257341,21188563308,12.25013459,2.443329567,7.626159652,2.153863142,1.489133862,0.438100326,0.184831148,0.290063137,0.235138378,7440.248114,183016.2761,270.0199731,0.96761684,1.229094199,2.484797892,-342.1016826,-130.3660484,-179.3849735,-0.275739278,-2292.463328,249.3499052,117.5525489,109.9746391,12,0.356968264,7092445.34
1984-04,22045257209,21062444568,12.1565471,2.471923226,7.499040703,2.112351712,1.518488771,0.438154007,0.190698994,0.276635814,0.236416918,5511.891488,180162.9504,266.9432011,0.962637123,1.223026304,2.472717764,-337.6984977,-128.8553722,-177.3020693,-0.274742448,-1677.382017,251.9118492,119.9348668,110.1747065,12,0.358910432,6797875.143
1984-05,21913781901,20936827280,12.38670018,2.425886326,7.783635176,2.205950899,1.443102485,0.438217124,0.196509821,0.263739804,0.237691247,3948.67613,177339.4348,263.8895982,0.957671338,1.216975517,2.46067178,-333.3327334,-127.3552411,-175.2343999,-0.273748371,-1183.517286,251.0153881,122.4722831,110.3578087,12.04166667,0.360883867,6511573.519
1984-06,21782830369,20811710445,12.46432923,2.414416973,7.67261793,2.178095537,1.462691304,0.438289652,0.202263833,0.251367202,0.238961366,2712.45762,174545.5727,260.8590782,0.952719468,1.210941814,2.448659898,-329.0042321,-125.8656242,-173.1819143,-0.272757041,-797.5659896,250.7273873,124.8347641,110.5249375,12.04166667,0.362883087,6233422.802
1984-07,21652401569,20687093063,12.19822492,2.449420846,7.649189232,2.161469454,1.480193763,0.438371567,0.207961232,0.2395101,0.240227271,1765.091536,171781.2076,257.8515544,0.947781494,1.204925176,2.436682074,-324.7128364,-124.3864904,-171.1445616,-0.271768457,-506.2249825,248.3533153,126.6922761,110.6770848,12.04166667,0.364902612,5963305.323
1984-08,21522494454,20562974137,12.07780067,2.500982387,7.320268791,2.039573996,1.565163953,0.438462842,0.21360222,0.228160592,0.241488962,1068.433455,169046.183,254.8669405,0.942857401,1.198925581,2.424738268,-320.4583889,-122.9178087,-169.1222908,-0.270782615,-296.1911195,250.45982,127.7147854,110.8152421,12.08333333,0.366936961,5701103.416
1984-09,21393107981,20439352667,12.31231639,2.423706687,7.727429458,2.185237296,1.456478604,0.438563453,0.219187002,0.217310772,0.242746437,584.3389556,166340.3424,251.90515,0.93794717,1.192943007,2.412828434,-316.2407323,-121.4595481,-167.1150511,-0.269799511,-154.1612554,253.1077021,127.5722582,110.9404015,12.0625,0.368980653,5446699.413
1984-10,21264241103,20316227655,12.30130613,2.430175683,7.831607143,2.223919832,1.436610975,0.438673375,0.224715778,0.206952734,0.243999694,274.6636161,163663.5291,248.9660964,0.933050785,1.186977433,2.400952532,-312.0597089,-120.0116776,-165.1227914,-0.268819142,-66.83224515,247.2282398,125.9346608,111.0535546,12.0625,0.371028207,5199975.647
1984-11,21135892775,20193598101,12.28863653,2.457595125,7.706771793,2.174447147,1.469605239,0.438792581,0.230188752,0.197078572,0.245248734,101.2630145,161015.5868,246.0496933,0.928168228,1.181028837,2.389110517,-307.9151615,-118.5741661,-163.1454608,-0.267841505,-20.90094342,251.2836502,122.4719594,111.1556933,12.0625,0.373074142,4960814.45
1984-12,21008061951,20071463006,12.35515163,2.458051348,7.69197673,2.164701659,1.473929347,0.438921048,0.235606126,0.187680379,0.246493553,25.99272891,158396.3588,243.1558541,0.923299481,1.175097199,2.377302347,-303.8069327,-117.1469826,-161.1830085,-0.266866596,-3.064205052,250.3253535,116.8541205,111.2478093,12.0625,0.375112977,4729098.155
1985-01,20880747586,19949821373,11.42904464,2.560459866,8.059727491,2.259609577,1.432446896,0.140701667,0.14401,0.083190833,0.139419167,10.31888167,155805.6887,240.2844926,0.918444527,1.169182496,2.36552798,-299.7348648,-115.7300961,-159.2353833,-0.265894411,0,283.7140008,109.025,111.4833333,9.979166667,0.0375,4504709.095
1985-02,20753948635,19828672201,11.30790918,2.565235097,7.804279124,2.160851323,1.492311295,0.43920566,0.246274887,0.170280274,0.248970524,10.67251932,153243.4199,237.4355221,0.91360335,1.163284708,2.353787372,-295.6988007,-114.3234756,-157.3025344,-0.264924948,0.795,283.1262916,102.4307395,111.4059404,9.979166667,0.379147426,4287529.602
1985-03,20627664053,19708014492,11.26499838,2.548501409,7.983105494,2.230807683,1.454691965,0.439361755,0.251526678,0.16226255,0.250202674,5.358891674,150709.3959,234.6088563,0.908775931,1.157403813,2.342080482,-291.6985828,-112.9270901,-155.3844109,-0.263958202,0,281.5287888,99.51359622,111.4739392,9.979166667,0.381132078,4077442.009
1985-04,20501892793,19587847247,11.35585663,2.540152395,8.164427191,2.297610483,1.397290142,0.439527009,0.256723681,0.15468917,0.251430599,-4.647968709,148203.4601,231.8044086,0.903962254,1.15153979,2.330407265,-287.7340536,-111.5409084,-153.4809617,-0.262994171,0,287.9689721,99.58412891,111.5358824,9.979166667,0.383087706,3874328.648
1985-05,20376633810,19468169467,11.09590074,2.546221204,8.188241906,2.305840291,1.403097244,0.439701398,0.261866097,0.147552227,0.252654296,-17.31449158,145725.4561,229.0220927,0.899162301,1.145692617,2.31876768,-283.8050559,-110.1648997,-151.5921361,-0.262032851,0,295.1717559,101.8416215,111.592762,9.979166667,0.38500883,3678071.852
1985-06,20251886060,19348980154,11.21769253,2.56423757,8.046016855,2.249373693,1.43483513,0.439884895,0.266954129,0.140843816,0.253873764,-30.6071067,143275.2272,226.2618221,0.894376054,1.139862273,2.307161683,-279.9114321,-108.7990329,-149.7178829,-0.261074239,1.554166667,293.5845552,105.4853578,111.6455696,9.979166667,0.38688997,3488553.954
1985-07,20127648496,19230278308,11.37051978,2.563867456,8.132171624,2.275271548,1.413433612,0.440077475,0.27198798,0.134556029,0.255089002,-42.49224381,140852.6171,223.5235103,0.889603497,1.134048736,2.295589232,-276.0530248,-107.443277,-147.8581513,-0.26011833,0,282.0243125,109.7146217,111.6952971,9.979166667,0.388725643,3305657.287
1985-08,20003920074,19112062930,11.4560216,2.553477184,8.301363669,2.342421203,1.374295988,0.440279113,0.276967853,0.128680961,0.256300009,-50.93633267,138457.4691,220.8070708,0.884844612,1.128251986,2.284050284,-272.2296766,-106.0976009,-146.0128903,-0.259165123,0,283.2271445,113.7286971,111.7429362,9.979166667,0.39051037,3129264.182
1985-09,19880699747,18994333023,11.21240657,2.558437718,7.960771934,2.206309349,1.455218403,0.440489785,0.28189395,0.123210705,0.257506782,-53.90580303,136089.6267,218.1124172,0.880099382,1.122472,2.272544796,-268.4412301,-104.7619736,-144.182049,-0.258214612,0.505833333,283.1642314,116.726868,111.7894788,9.979166667,0.39223867,2959256.973
1985-10,19757986471,18877087586,11.17247713,2.560004598,8.007490841,2.227512132,1.446267304,0.440709465,0.286766474,0.118137355,0.258709321,-49.36708464,133748.9334,215.4394631,0.87536779,1.116708757,2.261072726,-264.6875278,-103.4363642,-142.3655764,-0.257266796,2.270833333,282.4248069,117.9084181,111.8359167,9.979166667,0.393905061,2795517.992
1985-11,19635779200,18760325621,11.28543407,2.554740007,8.267034721,2.326415197,1.380289453,0.440938127,0.291585628,0.113453005,0.259907625,-35.28660725,131435.2327,212.7881219,0.870649817,1.110962237,2.24963403,-260.9684124,-102.1207415,-140.5634217,-0.25632167,0,289.3611323,116.4726315,111.8832415,9.979166667,0.395504063,2637929.572
1985-12,19514076889,18644046129,11.16263827,2.565443778,7.965953348,2.199293681,1.459121266,0.441175746,0.296351614,0.109149748,0.261101691,-9.630800626,129148.368,210.1583073,0.865945447,1.105232417,2.238228666,-257.2837263,-100.8150746,-138.7755337,-0.255379231,0,294.5205915,111.6187919,111.9324452,9.979166667,0.397030194,2486374.045
1986-01,19392878492,18528248111,9.78795755,2.674439419,7.119405187,1.75014363,1.612738911,0.170434167,0.1794625,0.062464167,0.287,12.79504167,126888.1828,207.5499327,0.861254663,1.099519276,2.226856592,-253.6333123,-99.51933246,-137.0018617,-0.254439475,0,368.1977358,103.7916667,111.725,8.416666667,0.1325,2340733.745
1986-02,19272182963,18412930568,9.582425902,2.63917439,7.245483389,1.790647795,1.563223534,0.441677756,0.305724892,0.101654888,0.263477105,-2.707727311,124654.5206,204.9629117,0.856577447,1.093822793,2.215517763,-250.0170127,-98.23348403,-135.2423547,-0.2535024,0.449166667,368.0714405,98.10021976,112.0404563,8.416666667,0.399841923,2200891.003
1986-03,19151989258,18298092502,9.339550547,2.603669268,7.338985382,1.811237283,1.501927793,0.441942097,0.310332591,0.098447473,0.264658451,-18.55457753,122447.2249,202.3971579,0.851913782,1.088142947,2.204212139,-246.4346703,-96.9574983,-133.4969616,-0.252568001,0.744166667,371.067734,93.00068062,112.1012472,8.416666667,0.401116559,2066728.153
1986-04,19032296331,18183732914,9.547514307,2.640826846,7.257022553,1.787832461,1.54474348,0.442215294,0.314887932,0.095589525,0.265835554,-23.35335069,120266.1391,199.8525848,0.847263651,1.082479716,2.192939675,-242.8861276,-95.69134425,-131.7656317,-0.251636276,0,369.4365698,88.24826719,112.1678841,8.416666667,0.402296402,1938127.526
1986-05,18913103137,18069850804,9.552217379,2.635236676,7.226264872,1.776103608,1.554159471,0.442497322,0.319391118,0.09307314,0.267008412,-19.69784732,118111.1068,197.329106,0.842627036,1.076833078,2.181700329,-239.3712271,-94.43499086,-130.0483138,-0.250707221,0,369.280408,84.10693552,112.2413587,8.416666667,0.403375969,1814971.456
1986-06,18794408630,17956445173,9.666553193,2.625170795,7.221018213,1.802916409,1.551062089,0.442788156,0.323842353,0.090890409,0.268177025,-10.18186793,115981.9713,194.8266349,0.83800392,1.071203012,2.170494058,-235.8898115,-93.18840711,-128.3449572,-0.249780832,0,362.6866382,80.84064165,112.322663,8.416666667,0.404349782,1697142.275
1986-07,18676211765,17843515024,9.48856771,2.620636363,7.253274503,1.820796241,1.529539639,0.443087771,0.328241838,0.089033428,0.26934139,2.600786981,113878.5761,192.3450851,0.833394285,1.065589498,2.15932082,-232.4417232,-91.95156198,-126.6555108,-0.248857106,0.5425,364.0259931,78.71334163,112.4127886,8.375,0.405212358,1584522.316
1986-08,18558511496,17731059357,9.481545773,2.648678064,7.232684657,1.770329956,1.558719311,0.443396142,0.332589777,0.08749429,0.270501506,16.05631689,111800.7648,189.8843703,0.828798115,1.059992513,2.148180572,-229.026805,-90.72442444,-124.9799236,-0.24793604,0,364.2338617,77.9889915,112.5127273,8.375,0.405958216,1476993.912
1986-09,18441306778,17619077172,9.508987788,2.651642577,7.253603081,1.782208674,1.560644389,0.443713244,0.336886372,0.086265087,0.271657373,27.59092128,109748.3807,187.4444038,0.824215391,1.054412036,2.137073271,-225.6448994,-89.50696348,-123.3181449,-0.24701763,0,363.8065214,78.93154731,112.623471,8.375,0.406581877,1374439.395
1986-10,18324596565,17507567472,9.31029311,2.608467481,7.354157375,1.808936904,1.502877203,0.44403905,0.341131825,0.085337915,0.272808987,34.61079965,107721.2675,185.0250993,0.819646098,1.048848045,2.125998874,-222.2958488,-88.29914807,-121.6701236,-0.246101873,0.408333333,366.6823395,81.8049651,112.7460114,8.375,0.407077859,1276741.097
1986-11,18208379813,17396529258,9.3373468,2.648279702,7.269708058,1.782207508,1.55560681,0.444373537,0.34532634,0.084704867,0.273956349,34.52215148,105719.2685,182.6263702,0.815090216,1.043300521,2.114957338,-218.979496,-87.1009472,-120.0358087,-0.245188765,0,367.49024,86.87320091,112.8813403,8.333333333,0.407440681,1183781.351
1986-12,18092655476,17285961530,9.498566009,2.643970914,7.277430245,1.76239267,1.555887358,0.444716678,0.349470119,0.084358036,0.275099456,24.73117625,103742.2272,180.2481302,0.81054773,1.03776944,2.103948621,-215.6956835,-85.91232984,-118.4151493,-0.244278303,0.285,367.6154573,94.4002108,113.0304495,8.333333333,0.407664862,1095442.491
1987-01,17977422508,17175863289,9.903387383,2.623279231,6.821167828,1.584908729,1.684865761,0.521914167,0.862214167,0.3222125,0.469789167,22.20123833,101789.9871,177.8902928,0.806018621,1.032254781,2.09297268,-212.4442538,-84.73326497,-116.8080946,-0.243370484,0.859166667,406.1120194,106.0166667,113.425,8.145833333,-0.0775,1011606.848
1987-02,17862679864,17066233538,9.485847489,2.568492127,6.822826179,1.535984727,1.643075964,0.445428824,0.357606279,0.084491401,0.277372902,-66.54975399,99862.3916,175.5527715,0.801502873,1.026756524,2.082029472,-209.2250495,-83.56372157,-115.2145934,-0.242465303,0.894166667,402.8336554,125.3525807,113.3736794,8.145833333,0.407676299,932156.7555
1987-03,17748426498,16957071276,9.662506904,2.58509998,6.799913659,1.546422422,1.659240287,0.445797779,0.361599066,0.084955785,0.278503238,-197.2896506,97959.28428,173.2354799,0.797000468,1.021274647,2.071118954,-206.0379133,-82.40366862,-113.634595,-0.241562759,0,396.9129957,136.2392693,113.5677231,8.145833333,0.40745898,856974.5456
1987-04,17634661366,16848375505,9.70543983,2.60797196,6.820507448,1.560277523,1.671213282,0.446175287,0.365541927,0.08567476,0.279629313,-251.9003333,96080.50857,170.9383315,0.792511389,1.015809128,2.060241084,-202.8826876,-81.25307509,-112.0680483,-0.240662846,0,395.2526187,137.4802598,113.7749099,8.1875,0.407095369,785942.5512
1987-05,17521383421,16740145226,9.58715127,2.61637831,6.896451315,1.582254536,1.646636316,0.446561324,0.369435066,0.086640422,0.280751127,-246.8196217,94225.90793,168.6612398,0.788035618,1.010359946,2.049395819,-199.7592151,-80.11190997,-110.5149024,-0.239765563,0.785833333,407.2494791,131.6160005,113.9936617,8.166666667,0.406587952,718943.1049
1987-06,17408591619,16632379440,9.426018332,2.597801653,6.889519668,1.569890735,1.637148594,0.446955865,0.373278684,0.087844862,0.281868678,-198.4853351,92395.32585,166.4041185,0.783573138,1.00492708,2.038583116,-196.6673383,-78.98014224,-108.9751064,-0.238870905,0.460833333,409.122502,121.1869401,114.2224004,8.166666667,0.405939214,655858.5393
1987-07,17296284913,16525077149,9.745347164,2.643460497,6.908465608,1.594241848,1.665936422,0.447358884,0.377072985,0.089280177,0.282981964,-123.3352928,90588.6058,164.1668809,0.779123932,0.999510508,2.027802932,-193.6068999,-77.85774087,-107.4486093,-0.237978868,0.310833333,409.9639466,108.7335269,114.459548,8.208333333,0.40515164,596571.1869
1987-08,17184462260,16418237353,9.709308858,2.615979522,6.85818268,1.569696762,1.666232989,0.447770356,0.380818171,0.090938458,0.284090985,-37.80731421,88805.59124,161.9494408,0.774687982,0.994110209,2.017055224,-190.5777423,-76.74467485,-105.9353601,-0.237089451,1.178333333,409.9612591,96.79620956,114.7035263,8.208333333,0.404227716,540963.3805
1987-09,17073122612,16311859054,9.476238561,2.572189563,6.812989728,1.530389404,1.651234411,0.448190256,0.384514446,0.092811799,0.285195738,41.66078126,87046.12566,159.7517116,0.770265272,0.988726162,2.006339951,-187.5797081,-75.64091314,-104.435308,-0.236202648,0.555833333,403.7610021,87.91543656,114.9527573,8.208333333,0.403169926,488917.4527
1987-10,16962264925,16205941252,9.554537177,2.589767509,6.809362695,1.539922421,1.666397651,0.448618558,0.38816201,0.094892295,0.286296222,98.63117426,85310.05252,157.5736068,0.765855783,0.983358344,1.995657068,-184.61264,-74.54642474,-102.948402,-0.235318457,0.24,398.0433377,84.63165642,115.2056628,8.208333333,0.401980756,440315.7361
1987-11,16851888153,16100482949,9.672786192,2.63919532,6.887505112,1.580359673,1.672775378,0.449055238,0.391761068,0.097172038,0.287392437,116.6660454,83597.21529,155.4150401,0.761459499,0.978006736,1.985006533,-181.6763805,-73.46117862,-101.4745911,-0.234436875,0.436666667,400.3108101,89.48531764,115.4606648,8.208333333,0.400662691,395040.5632
1987-12,16741991251,15995483146,9.540269379,2.649466276,6.953569484,1.59257039,1.652802592,0.44950027,0.395311821,0.099643124,0.288484379,79.32757533,81907.45746,153.2759249,0.757076402,0.972671314,1.974388304,-178.7707721,-72.38514375,-100.0138244,-0.233557897,0.243333333,407.9376157,105.0168687,115.7161852,8.208333333,0.399218216,352974.2668
1988-01,16632573174,15890940844,9.83936338,2.672114851,6.676384235,1.522947927,1.757923756,0.8333775,0.381616667,0.175945833,0.440974167,19.43868583,80240.62248,151.1561748,0.752706475,0.967352059,1.963802338,-175.8956575,-71.31828912,-98.56605103,-0.232681521,0,368.091347,129.65,115.875,9.25,-0.045,313999.1795
1988-02,16523632876,15786855045,9.819164182,2.6918008,6.70851005,1.537527075,1.757659341,0.450415291,0.402269227,0.105127693,0.290655445,20.17651258,78596.55385,149.0557033,0.748349701,0.962048948,1.953248591,-173.0508792,-70.26058371,-97.13121992,-0.231807742,0.940833333,373.9561133,138.5950453,115.9792517,9.229166667,0.395959979,277997.6338
1988-03,16415169312,15683224748,9.812718939,2.705946584,6.760428786,1.558464508,1.746158407,0.450885228,0.405676284,0.108125366,0.291734564,30.86218109,76975.09502,146.974424,0.744006062,0.956761961,1.942727021,-170.2362798,-69.2119965,-95.70928018,-0.230936559,0.4075,374.4950986,143.0394983,115.408088,9.229166667,0.394151187,244851.9625
1988-04,16307181435,15580048956,9.771412486,2.678423199,6.691895646,1.51966776,1.765064353,0.451363417,0.409035847,0.111282754,0.292809406,42.9050851,75376.08947,144.9122504,0.739675541,0.951491075,1.932237586,-167.4517019,-68.17249645,-94.30018086,-0.230067966,1.0375,373.3918508,146.6735207,114.4194494,9.229166667,0.392225927,214444.4981
1988-05,16199668202,15477326670,9.814174767,2.685410276,6.708278528,1.530380963,1.761543175,0.451849832,0.412348119,0.114591952,0.29387997,55.02355677,73799.38067,142.8690961,0.73535812,0.94623627,1.921780242,-164.696988,-67.14205256,-92.90387102,-0.229201961,1.158333333,375.611407,149.4479549,113.2454639,9.229166667,0.390186682,186657.5732
1988-06,16092628566,15375056890,9.850266214,2.69160162,6.708626809,1.533879796,1.76313986,0.452344448,0.415613303,0.118045054,0.294946253,65.93592829,72244.8121,140.8448746,0.731053783,0.940997523,1.911354947,-161.9719808,-66.12063381,-91.52029972,-0.22833854,0.981666667,374.8185992,151.3136432,112.1182595,9.229166667,0.38803594,161373.5205
1988-07,15986061482,15273238618,9.748999445,2.678317211,6.683523568,1.517329344,1.765162873,0.45284724,0.418831602,0.121634154,0.296008255,74.36053183,70712.22724,138.8394995,0.726762512,0.935774815,1.900961658,-159.2765227,-65.10820916,-90.14941602,-0.227477701,0.204166667,375.9769538,152.2214281,111.2699642,9.229166667,0.385776185,138474.6727
1988-08,15879965905,15171870855,9.742214484,2.650187925,6.624921339,1.495148046,1.768736457,0.453358182,0.422003217,0.125351344,0.297065974,79.01569956,69201.46954,136.8528843,0.722484289,0.930568122,1.890600333,-156.6104564,-64.1047476,-88.79116896,-0.226619439,0.760833333,374.7927277,152.122152,110.9327061,9.229166667,0.383409902,117843.3622
1988-09,15774340790,15070952602,9.752738638,2.697319367,6.724561097,1.536068977,1.761526632,0.453877249,0.425128352,0.129188719,0.298119408,78.61976364,67712.38249,134.8849424,0.718219098,0.925377425,1.880270927,-153.9736245,-63.11021811,-87.44550761,-0.22576375,0.239166667,375.629212,150.9666572,111.3386132,9.229166667,0.380939576,99361.92182
1988-10,15669185090,14970482860,9.737972739,2.729381994,6.812735119,1.561322184,1.751845026,0.454404417,0.42820721,0.133138373,0.299168556,71.89105627,66244.80955,132.9355876,0.71396692,0.920202701,1.8699734,-151.3658694,-62.12458967,-86.11238102,-0.224910633,0.215833333,373.707387,148.7057862,112.7198134,9.229166667,0.378367693,82912.6841
1988-11,15564497760,14870460631,9.727150376,2.685618019,6.724104758,1.523391675,1.757337395,0.454939659,0.431239992,0.137192398,0.300213418,57.54790959,64798.59421,131.0047333,0.70972774,0.915043929,1.859707707,-148.7870339,-61.14783125,-84.79173824,-0.224060082,0.619166667,371.1122148,145.2903813,115.3084349,9.3125,0.375696738,68377.98168
1988-12,15460277756,14770884914,9.780021464,2.678970359,6.710308204,1.518652605,1.757260337,0.455482951,0.434226902,0.141342889,0.30125399,34.3086558,63373.57993,129.092293,0.705501539,0.909901088,1.849473807,-146.2369604,-60.17991184,-83.48352835,-0.223212096,0.1925,373.8603776,140.671285,119.3366055,9.3125,0.372929197,55640.14719
1989-01,15356524031,14671754713,9.429919504,2.759308526,7.002444739,1.64628766,1.658528617,0.2335775,0.24131,0.139815,0.299741667,15.64046167,61969.61019,127.1981804,0.7012883,0.904774156,1.839271656,-143.7154915,-59.22080041,-82.18770038,-0.222366669,0,435.9813034,134.8916667,124.9416667,10.875,0.0625,44581.51324
1989-02,15253235540,14573069026,9.494428545,2.771745278,7.005920437,1.642362111,1.675569313,0.456593583,0.440063915,0.149901644,0.303322263,37.96743573,60586.52846,125.3223089,0.697088005,0.899663113,1.829101211,-141.2224699,-58.27046595,-80.9042034,-0.2215238,0.216666667,436.5146532,129.2337708,130.4891482,10.875,0.367114294,35084.41247
1989-03,15150411238,14474826857,9.451678075,2.748543882,6.928525325,1.625941407,1.679497298,0.457160873,0.442914424,0.154294095,0.304349961,66.43671439,59224.17821,123.4645921,0.692900638,0.894567935,1.81896243,-138.757738,-57.32887742,-79.63298646,-0.220683484,0.536666667,431.0448714,124.9283051,134.3612844,10.875,0.364071904,27031.17749
1989-04,15048050080,14377027205,9.513626745,2.788392344,7.010678827,1.640916562,1.681746966,0.457736111,0.445719871,0.158751386,0.305373364,81.05532597,57882.40291,121.6249435,0.688726182,0.889488604,1.808855271,-136.3211385,-56.39600382,-78.37399863,-0.219845718,0.306666667,435.0632451,121.9253506,136.7166289,10.875,0.360942868,20304.14093
1989-05,14946151020,14279669073,9.424168858,2.763052849,7.0171875,1.648766538,1.657116466,0.458319273,0.448480459,0.163265611,0.306392471,84.46243148,56561.04604,119.8032767,0.684564617,0.884425095,1.79877969,-133.9125139,-55.47181411,-77.12718894,-0.219010499,0.231666667,432.6009626,120.0796781,137.8100019,10.83333333,0.357729671,14785.63542
1989-06,14844713012,14182751460,9.338199831,2.742400242,6.951141776,1.632401299,1.653221542,0.458910333,0.45119639,0.167828864,0.307407281,79.29719192,55259.95107,117.9995053,0.680415929,0.87937739,1.788735644,-131.5317069,-54.55627729,-75.89250648,-0.218177823,0.686666667,435.8331252,119.2460586,137.8962236,10.83333333,0.354434799,10357.99358
1989-07,14743735012,14086273369,9.305748186,2.755091134,6.998344412,1.639980714,1.64739107,0.459509266,0.453867868,0.172433239,0.308417793,68.1987683,53978.96148,116.2135426,0.676280099,0.874345465,1.778723091,-129.1785599,-53.64936232,-74.66990027,-0.217347687,0.1375,440.7743194,119.2792628,137.2301141,10.83333333,0.351060737,6903.548031
1989-08,14643215973,13990233800,9.344864702,2.766941619,7.028038394,1.648039156,1.652201001,0.460116048,0.456495094,0.177070828,0.309424004,53.80632163,52717.92073,114.4453024,0.672157109,0.8693293,1.768741988,-126.8529156,-52.75103819,-73.4593194,-0.216520087,0,442.5596621,120.0340616,136.0664936,10.83333333,0.34760997,4304.631399
1989-09,14543154851,13894631755,9.402245078,2.786889047,7.030597869,1.642085533,1.677709615,0.460730652,0.459078272,0.181733727,0.310425913,38.75901291,51476.67231,112.6946982,0.668046943,0.864328873,1.758792292,-124.5546165,-51.86127387,-72.2607129,-0.21569502,0.150833333,436.50406,121.3652258,134.6601822,10.83333333,0.344084983,2443.576309
1989-10,14443550599,13799466234,9.406609158,2.756167533,6.951606308,1.630838679,1.674035765,0.461353053,0.461617604,0.186414028,0.31142352,25.69600315,50255.05967,110.9616434,0.663949583,0.859344163,1.748873961,-122.2835052,-50.98003834,-71.07402984,-0.214872482,0.333333333,434.6609054,123.1275262,133.266,10.875,0.340488262,1202.715383
1989-11,14344402174,13704736239,9.331000569,2.767787693,7.038214355,1.650485254,1.650377631,0.461983227,0.464113292,0.191103826,0.312416822,17.25645336,49052.9263,109.2460517,0.659865012,0.854375149,1.738986951,-120.0394243,-50.10730059,-69.89921928,-0.214052471,0.420833333,436.5500793,125.1757338,132.1387672,10.875,0.336822292,464.3812469
1989-12,14245708528,13610440770,9.317387755,2.771921249,7.05160303,1.656755371,1.646504966,0.462621147,0.46656554,0.195795213,0.313405818,16.07952454,47870.11567,107.5478365,0.655793213,0.849421809,1.729131221,-117.8222163,-49.24302959,-68.73623026,-0.213234983,0,435.0599254,127.3646192,131.533304,10.875,0.333089558,110.9065243
1990-01,14147468617,13516578830,9.406498074,2.785582719,6.697763602,1.504802105,1.73550179,0.2728975,0.301908333,0.180785833,0.207141667,17.15948833,46706.47124,105.8669115,0.651734168,0.844484121,1.719306726,-115.6317239,-48.38719432,-67.58501185,-0.212420013,1.13,413.1849999,129.55,131.7166667,10.04166667,0.226666667,23.15199206
1990-02,14049681396,13423149419,9.337736013,2.75663928,6.587471547,1.484274634,1.728699462,0.463920129,0.471340525,0.205151132,0.315370887,3.462635005,45561.8365,104.2031901,0.64768786,0.839562065,1.709513425,-113.4677896,-47.53976375,-66.4455131,-0.21160756,0.840833333,415.0236253,131.594786,132.2238542,10.04166667,0.325433739,22.06331368
1990-03,13952345819,13330151538,9.335867771,2.790655713,6.702777104,1.506726853,1.732821956,0.46458114,0.473663668,0.209799851,0.316346957,-7.521441413,44436.05492,102.556586,0.643654271,0.834655619,1.699751274,-111.3302559,-46.70070688,-65.31768308,-0.210797618,0.125833333,418.9302442,133.4127731,132.7619806,10.04166667,0.321515625,21.37939081
1990-04,13855460840,13237584188,9.359529929,2.791058092,6.69849513,1.502198218,1.73064532,0.465249796,0.47594418,0.214418535,0.317318716,-5.6886965,43328.96997,100.9270126,0.639633385,0.829764761,1.690020231,-109.2189655,-45.86999267,-64.20147082,-0.209990186,0,422.59228,134.9335459,133.2501851,10.04166667,0.317540688,22.74047954
1990-05,13759025414,13145446371,9.295830166,2.739444095,6.440136004,1.438063267,1.765864596,0.465926074,0.478182265,0.218999277,0.318286161,5.384692228,42240.42512,99.31438343,0.635625184,0.824889471,1.680320254,-107.1337609,-45.04759011,-63.0968254,-0.20918526,0.660833333,415.5473538,136.0881549,133.6901472,10.04166667,0.313511413,22.72986794
1990-06,13663038496,13053737087,9.320104202,2.757453849,6.497566681,1.448231756,1.768270531,0.466609947,0.480378125,0.223534171,0.319249292,22.12254725,41170.26384,97.71861213,0.63162965,0.820029726,1.670651298,-105.0744847,-44.23346817,-62.00369586,-0.208382835,0,408.9358461,136.8076508,134.0835466,10.04166667,0.309430286,24.10196962
1990-07,13567499041,12962455338,9.336776953,2.774368051,6.563276983,1.462554661,1.761659078,0.467301391,0.482531963,0.228015311,0.320208107,40.94869106,40118.32961,96.13961221,0.627646767,0.815185506,1.661013322,-103.0409795,-43.42759584,-60.92203127,-0.207582909,0.401666667,405.7488781,137.0230841,134.4320626,10.04166667,0.305299791,24.02656852
1990-08,13472406002,12871600124,9.299985867,2.794995217,6.735851275,1.514739441,1.716650432,0.468000381,0.484643982,0.23243479,0.321162605,58.28694613,39084.4659,94.57729721,0.623676516,0.810356789,1.651406283,-101.0330878,-42.62994209,-59.85178068,-0.206785479,0.128333333,413.7892097,136.6655052,134.7373748,10,0.301122415,23.54112104
1990-09,13377758335,12781170448,9.306788888,2.760689153,6.546192243,1.466481501,1.745870978,0.46870689,0.486714384,0.236784702,0.322112784,70.56113495,38068.51619,93.03158067,0.619718882,0.805543553,1.641830137,-99.05065227,-41.8404759,-58.79289314,-0.20599054,0,413.0178707,135.6659647,135.0011626,10,0.296900642,22.97924336
1990-10,13283554994,12691165309,9.301241136,2.777362066,6.56791138,1.460549842,1.763574596,0.469420894,0.488743372,0.241057141,0.323058643,74.19507999,37070.32394,91.50237614,0.615773846,0.800745778,1.632284843,-97.09351541,-41.05916625,-57.74531772,-0.20519809,0,414.4052081,133.9555132,135.2251056,10,0.292636957,22.87217328
1990-11,13189794934,12601583710,9.270131931,2.779023475,6.602453414,1.470734685,1.745909932,0.470142368,0.490731149,0.2452442,0.32400018,65.61260376,36089.73263,89.98959715,0.61184139,0.795963442,1.622770358,-95.16151981,-40.28598211,-56.70900346,-0.204408125,0.111666667,416.6884463,131.4652013,135.4108833,10,0.288333846,22.25314597
1990-12,13096477109,12512424651,9.269928912,2.761734093,6.543439243,1.465791004,1.745613378,0.470871287,0.492677917,0.249337974,0.324937394,41.23752871,35126.58573,88.49315725,0.607921499,0.791196523,1.613286638,-93.25450806,-39.52089248,-55.68389943,-0.203620641,0.580833333,415.6318569,128.1260793,135.5601752,10,0.283993794,22.43169156
1991-01,13003600474,12423687133,8.928752666,2.812039046,6.75666671,1.498946525,1.739435195,0.66853,0.1655325,0.1014725,0.240433333,15.69121583,34180.72672,87.01296998,0.604014154,0.786445,1.603833641,-91.37232273,-38.76386632,-54.66995468,-0.202835636,0.735,478.6625636,124.0916667,135.5916667,8.625,1.1975,17.78386685
1991-02,12911163983,12335370158,8.922872073,2.832125089,6.856520444,1.519632969,1.721609993,0.472351356,0.496449237,0.257214037,0.326798848,-3.266488034,33251.99906,85.54894889,0.600119338,0.781708853,1.594411324,-89.51480638,-38.01487262,-53.66711827,-0.202053105,0.1375,480.5824859,120.8546154,135.7560196,8.583333333,0.275212809,18.84200098
1991-03,12819166592,12247472727,8.873058687,2.81712852,6.827367978,1.511399712,1.721286791,0.473102456,0.498274194,0.260980515,0.327723084,-22.27132036,32340.24624,84.10100752,0.596237034,0.776988058,1.585019644,-87.6818016,-37.27388035,-52.67533925,-0.201273046,0.329166667,477.8773794,118.9610589,135.805931,8.583333333,0.270776845,19.76582675
1991-04,12727607254,12159993840,8.820542912,2.790452247,6.571827183,1.456105462,1.776792182,0.4738609,0.500058953,0.264622082,0.328642992,-22.93179855,31445.31171,82.6690594,0.592367225,0.772282595,1.575658559,-85.87315096,-36.5408585,-51.69456668,-0.200495454,0.1625,491.4157131,118.1882356,135.8260747,8.541666667,0.266313882,18.40215606
1991-05,12636484925,12072932499,8.853675577,2.801752957,6.693623839,1.484822665,1.746937469,0.474626663,0.501803717,0.26813083,0.329558569,-10.13180853,30567.03897,81.25301809,0.588509892,0.767592443,1.566328025,-84.08869703,-35.81577604,-50.72474962,-0.199720327,0.385833333,498.9208309,118.3079612,135.81813,8.541666667,0.261826404,18.20087965
1991-06,12545798558,11986287706,8.83211576,2.814285789,6.714809425,1.49029215,1.748564025,0.475399718,0.503508688,0.271498855,0.330469815,11.2447638,29705.27147,79.85279713,0.58466502,0.76291758,1.557028001,-82.32828238,-35.09860194,-49.76583712,-0.198947661,0.320833333,499.6545874,119.0920516,135.7837766,8.5,0.257316896,18.19616706
1991-07,12455547109,11900058460,8.855353607,2.811226649,6.677983948,1.47729649,1.759716674,0.476180042,0.505174068,0.27471825,0.331376728,36.31403254,28859.8527,78.46831005,0.58083259,0.758257985,1.547758443,-80.5917496,-34.3893052,-48.81777824,-0.198177453,0.57,480.0878001,120.3123229,135.7246939,8.5,0.252787844,19.50508931
1991-08,12365729533,11814243763,8.842086509,2.797608232,6.655547717,1.470387684,1.757376212,0.476967608,0.506800061,0.277781109,0.332279307,60.19211176,28030.62611,77.09947041,0.577012585,0.753613637,1.538519309,-78.87894125,-33.68785479,-47.88052204,-0.197409699,0.761666667,480.1732691,121.7405908,135.6425613,8.5,0.248241733,19.99683827
1991-09,12276344782,11728842617,8.814991997,2.823022722,6.809326354,1.505042925,1.724417474,0.477762392,0.50838687,0.280679524,0.33317755,77.99511556,27217.4352,75.74619173,0.573204988,0.748984513,1.529310555,-77.18969991,-32.99421968,-46.95401756,-0.196644395,1.821666667,478.3069564,123.1486714,135.5390585,8.5,0.243681048,21.62571479
1991-10,12187391813,11643854023,8.825582141,2.822838133,6.823833346,1.504841863,1.720377147,0.478564368,0.509934695,0.283405591,0.334071455,84.83915804,26420.12343,74.40838758,0.569409781,0.744370593,1.520132139,-75.52386815,-32.30836886,-46.03821388,-0.195881539,0.108333333,474.9590162,124.3083804,135.4158649,8.5,0.239108274,21.40007035
1991-11,12098869580,11559276981,8.77767168,2.799897458,6.648084387,1.465861758,1.757293871,0.479373511,0.511443742,0.285951402,0.334961021,75.84035327,25638.53427,73.08597148,0.565626948,0.739771856,1.510984018,-73.88128855,-31.63027131,-45.13306003,-0.195121127,0.329166667,490.354278,124.9915338,135.27466,8.5,0.234525897,19.57737962
1991-12,12010777038,11475110492,8.771230501,2.80410167,6.686576907,1.481354421,1.74615065,0.480189796,0.512914211,0.288309051,0.335846248,46.11481536,24872.5112,71.77885699,0.561856471,0.735188279,1.50186615,-72.26180368,-30.959896,-44.23850509,-0.194363155,0.100833333,503.6620033,124.9699475,135.1171233,8.5,0.229936402,17.85742563
1992-01,11923113140,11391353559,8.426366452,2.71030537,6.620022421,1.480865635,1.739508979,1.187388333,0.644380833,0.132410833,0.279465833,15.787545,24121.89768,70.48695764,0.558098332,0.730619842,1.492778491,-70.66525611,-30.29721191,-43.35449811,-0.193607621,0,587.6719727,124.0666667,134.9416667,6.291666667,0.728333333,16.03019964
1992-02,11835876842,11308005181,8.297891486,2.655996637,6.430034142,1.437771365,1.741685716,0.481843691,0.515740229,0.292428239,0.337603674,0.485990174,23386.5372,69.21018698,0.554352515,0.726066523,1.483720999,-69.09148843,-29.64218803,-42.48098813,-0.19285452,0,593.5955484,122.9403932,134.7602062,6.25,0.220745998,15.73404425
1992-03,11749067098,11225064361,8.30982017,2.626295652,6.357535749,1.43472501,1.767847053,0.482681251,0.517096183,0.294173965,0.338475871,-14.89045677,22666.27322,67.94845855,0.550619002,0.7215283,1.474693632,-67.5403432,-28.99479332,-41.61792423,-0.192103849,0.520833333,599.712678,122.5008786,134.5661331,6.25,0.21615006,15.48347307
1992-04,11662682864,11142530099,8.345187267,2.682370006,6.577619074,1.476712554,1.736665472,0.483525851,0.518414371,0.295699904,0.339343723,-22.91003284,21960.94922,66.7016859,0.546897775,0.717005153,1.465696345,-66.01166299,-28.35499678,-40.76525545,-0.191355605,0,606.4381951,122.6661008,134.3662709,6.25,0.211556945,15.00907316
1992-05,11576723092,11060401396,8.390662832,2.718937236,6.661366053,1.488692128,1.719899019,0.484377467,0.519694996,0.29699815,0.340207226,-24.92286138,21270.40867,65.46978256,0.543188818,0.71249706,1.456729097,-64.50529039,-27.72276737,-39.92293085,-0.190609785,0.789166667,600.3537485,123.2609668,134.1641726,6.25,0.206969138,16.63674128
1992-06,11491186739,10978677254,8.29197133,2.662497418,6.457217972,1.451821346,1.752644685,0.485236074,0.520938259,0.298060796,0.341066382,-22.27906575,20594.49504,64.25266207,0.539492112,0.708004,1.447791845,-63.02106796,-27.09807408,-39.09089949,-0.189866384,0.4425,592.3620376,124.1103836,133.9633912,6.25,0.202389124,17.00948296
1992-07,11406072758,10897356673,8.300230889,2.69799224,6.506331353,1.454472748,1.756940397,0.486101646,0.522144363,0.298879936,0.341921187,-16.3287693,19933.05181,63.05023799,0.535807642,0.70352595,1.438884546,-61.55883829,-26.48088589,-38.26911043,-0.1891254,0.111666667,596.1435333,125.039258,133.7674793,6.25,0.197819389,17.13283843
1992-08,11321380104,10816438654,8.278019486,2.690609021,6.498101653,1.456602279,1.759942417,0.486974158,0.523313512,0.299447664,0.34277164,-8.422095371,19285.92245,61.86242386,0.532135389,0.699062891,1.430007157,-60.11844394,-25.87117177,-37.45751271,-0.188386829,0.161666667,587.2231886,125.872497,133.57999,6.25,0.193262418,16.70690612
1992-09,11237107733,10735922200,8.237344623,2.655417504,6.463502558,1.448835798,1.733963574,0.487853585,0.524445908,0.299756073,0.34361774,0.090832682,18652.95043,60.68913321,0.528475335,0.6946148,1.421159636,-58.69972748,-25.26890071,-36.6560554,-0.187650668,0.101666667,595.8408807,126.4350075,133.404476,6.25,0.188720696,16.48240892
1992-10,11153254597,10655806311,8.206145436,2.625481718,6.396435736,1.437362355,1.762913042,0.488739902,0.525541754,0.299797257,0.344459486,7.859891512,18033.97922,59.53027959,0.524827465,0.690181656,1.412341939,-57.3025315,-24.67404168,-35.86468756,-0.186916913,0.149166667,600.3408813,126.5516965,133.2444903,6.25,0.184196708,15.63272109
1992-11,11069819653,10576089987,8.268991007,2.728448653,6.68528372,1.488501221,1.7410704,0.489633084,0.526601251,0.299563309,0.345296876,13.53495777,17428.8523,58.38577654,0.52119176,0.685763438,1.403554024,-55.92669857,-24.08656366,-35.08335823,-0.186185561,0,606.819088,126.0474709,133.1035858,6.25,0.179692939,15.28418623
1992-12,10986801854,10496772231,8.307146744,2.768412438,6.786531246,1.514174891,1.716216981,0.490533104,0.527624603,0.299046325,0.346129909,15.7659081,16837.41314,57.25553761,0.517568203,0.681360124,1.394795849,-54.57207125,-23.50643563,-34.31201648,-0.185456608,0.208333333,605.748895,124.7472376,132.9853152,6.25,0.175211875,16.43386666
1993-01,10904200156,10417852043,7.515659518,2.682796951,7.149626415,1.50848598,1.53651046,0.384199167,0.504924167,0.1294525,0.205230833,14.79096167,16259.50521,56.13947633,0.513956777,0.676971692,1.386067369,-53.23849213,-22.93362657,-33.55061136,-0.184730052,0.3725,721.8128374,122.475,132.975,6,-0.035833333,12.67789653
1993-02,10822013512,10339328425,7.544416633,2.68353667,7.179909053,1.515024887,1.533269667,0.492353562,0.529563683,0.297131617,0.347782897,8.846612221,15694.97199,55.03750626,0.510357464,0.672598123,1.377368544,-51.92580378,-22.36810546,-32.79909193,-0.184005887,0.205833333,722.5694879,119.1307723,132.8308877,6,0.166327803,12.51628621
1993-03,10740240878,10261200376,7.604056641,2.717090436,7.16739168,1.514237107,1.552788799,0.49327395,0.530479816,0.295718081,0.348602849,10.77325435,15143.65695,53.94954092,0.506770248,0.668239393,1.368699329,-50.63384877,-21.80984128,-32.05740724,-0.183284112,0.834166667,720.0451779,114.9671385,132.8018364,6,0.161929765,12.52396126
1993-04,10658881207,10183466900,7.686610046,2.722455665,7.127955423,1.513391238,1.552109348,0.494201075,0.531360614,0.293989883,0.349418438,22.27545265,14605.40356,52.87549388,0.50319511,0.663895482,1.360059682,-49.36246968,-21.258803,-31.32550636,-0.182564723,0.1425,707.7188083,110.4306329,132.8096305,6,0.157564373,12.9321329
1993-05,10577933456,10106126997,7.698993505,2.723712359,7.130032584,1.515509003,1.555129482,0.495134914,0.532206281,0.291939115,0.350229662,39.89318872,14080.05529,51.81527866,0.499632034,0.659566369,1.351449561,-48.11150908,-20.71495961,-30.60333833,-0.181847716,0,709.0380214,105.9732365,132.8578231,6,0.153234111,13.38354616
1993-06,10497396577,10029179667,7.713078933,2.751800631,7.174883789,1.51611206,1.579676096,0.496075441,0.533017018,0.289557872,0.351036521,60.16644417,13567.45562,50.76880881,0.496081002,0.655252031,1.342868922,-46.88080955,-20.17828008,-29.89085221,-0.181133088,0.328333333,710.0106673,102.0469307,132.9499669,6,0.148941466,13.31492147
1993-07,10417269526,9952623912,7.575548967,2.714926544,7.118411919,1.500191837,1.56919222,0.49702263,0.533793028,0.286838247,0.351839012,79.63520064,13067.44803,49.73599788,0.492541997,0.650952448,1.334317723,-45.67021366,-19.64873339,-29.18799707,-0.180420835,0.098333333,706.9137315,99.10369668,133.0896148,6,0.144688923,13.35294552
1993-08,10337551258,9876458734,7.411062516,2.647789202,7.118791656,1.495808534,1.527512285,0.497976458,0.534534515,0.283772334,0.352637135,94.83943971,12579.87597,48.71675941,0.489015001,0.646667599,1.32579592,-44.47956397,-19.12628853,-28.49472194,-0.179710955,0.25,710.6862663,97.59551555,133.2803197,6,0.140478966,13.5219516
1993-09,10258240726,9800683132,7.52269064,2.684535979,7.18429048,1.512161015,1.530474149,0.498936897,0.53524168,0.280352226,0.353430887,102.319143,12104.58293,47.71100693,0.485499998,0.642397461,1.317303472,-43.30870308,-18.61091446,-27.8109759,-0.179003443,0.500833333,718.7750226,97.97436856,133.5256344,6,0.136314081,12.96491652
1993-10,10179336886,9725296109,7.528452577,2.720960319,7.177317229,1.512433962,1.544981979,0.499903924,0.535914726,0.276570018,0.354220267,98.61429217,11641.41238,46.718654,0.48199697,0.638142013,1.308840336,-42.15747355,-18.10258017,-27.136708,-0.178298296,0,719.5366114,100.6922369,133.8291119,6,0.132196753,13.09440295
1993-11,10100838692,9650296666,7.608582928,2.806671443,7.161722757,1.534379632,1.573709345,0.500877512,0.536553857,0.272417802,0.355005275,80.26486878,11190.20779,45.73961415,0.478505899,0.633901235,1.300406468,-41.02571796,-17.60125465,-26.4718673,-0.17759551,0.208333333,714.4065376,106.2011018,134.194305,6,0.128129467,12.986871
1993-12,10022745099,9575683803,7.532374703,2.690105941,7.151348714,1.512206608,1.532831805,0.501857637,0.537159274,0.267887673,0.355785908,43.81085445,10750.81263,44.77380093,0.475026769,0.629675104,1.292001826,-39.91327887,-17.10690686,-25.81640284,-0.176895084,0.3225,718.521583,114.9529445,134.6247665,6,0.124114709,12.70708428
1994-01,9945055061,9501456522,8.03394171,2.725978217,7.112747425,1.416076022,1.563505682,0.519349167,0.367046667,0.2863175,0.204985833,17.5110825,10323.07038,43.82112788,0.471559561,0.6254636,1.283626367,-38.81999887,-16.61950578,-25.17026369,-0.176197012,0.180833333,762.0045839,127.2,135.0416667,7.041666667,-0.070833333,13.45196095
1994-02,9867767533,9427613824,7.996412435,2.761037458,7.121181658,1.431814219,1.57620713,0.503837397,0.538269779,0.25766205,0.357334045,31.27756721,9906.824513,42.88150854,0.46810426,0.6212667,1.275280049,-37.74572053,-16.1390204,-24.5333989,-0.175501291,0.115833333,757.843532,135.2021273,135.1709001,7.041666667,0.116252718,13.45527245
1994-03,9790881470,9354154710,7.904926221,2.771876517,7.185046049,1.446227095,1.569086892,0.504836981,0.538775272,0.251950743,0.358101546,50.97638348,9501.918497,41.95485646,0.464660846,0.617084384,1.266962828,-36.69028642,-15.6654197,-23.90575754,-0.174807919,0.405833333,758.1836869,128.8014732,134.6132919,7.041666667,0.112410454,13.68110447
1994-04,9714395826,9281078180,7.918255503,2.776832032,7.206807374,1.447957219,1.563280452,0.505843001,0.539247862,0.245829897,0.358864667,67.18133661,9108.195806,41.04108518,0.461229304,0.61291663,1.258674662,-35.65353911,-15.19867264,-23.28728865,-0.174116891,0.339166667,752.0226196,111.2263375,133.5967912,7.041666667,0.108630659,14.47926805
1994-05,9638309555,9208383238,8.046434685,2.789086093,7.164800254,1.451883764,1.578187752,0.506855431,0.539687752,0.239291606,0.359623407,79.61204349,8725.499914,40.14010824,0.457809615,0.608763417,1.250415508,-34.63532119,-14.73874822,-22.67794129,-0.173428205,0,742.8799919,87.03638649,132.3346365,7.041666667,0.104915818,14.64852761
1994-06,9562621613,9136068882,8.025011012,2.750258448,7.144421092,1.435973168,1.567560739,0.507874247,0.540095145,0.232327963,0.360377763,87.98812099,8353.674293,39.25183918,0.454401763,0.604624723,1.242185323,-33.63547522,-14.28561541,-22.07766452,-0.172741856,0.239166667,747.6576851,60.79128654,131.0400664,7.041666667,0.101268416,14.21991279
1994-07,9487330953,9064134115,7.929186826,2.694358877,7.129483712,1.405038631,1.549833215,0.508899423,0.540470243,0.224931063,0.361127734,92.02918601,7992.562417,38.37619155,0.451005729,0.600500527,1.233984064,-32.65384379,-13.83924318,-21.48640739,-0.172057841,0.290833333,753.9082074,37.05070406,129.9263193,7.041666667,0.097690939,14.34217909
1994-08,9412436532,8992577937,7.989099408,2.729611655,7.128621121,1.417258217,1.559011111,0.509930934,0.540813249,0.217092999,0.36187332,91.45485541,7642.007757,37.51307889,0.447621498,0.596390807,1.22581169,-31.69026945,-13.39960053,-20.90411897,-0.171376158,0.100833333,750.6491457,20.37430542,129.2066338,7.041666667,0.094185871,14.81528722
1994-09,9337937302,8921399350,7.99076262,2.760998001,7.14277408,1.433680439,1.567551368,0.510968755,0.541124365,0.208805865,0.362614519,85.98474608,7301.853787,36.66241475,0.44424905,0.592295543,1.217668156,-30.74459479,-12.96665642,-20.3307483,-0.170696802,0.691666667,750.8418689,15.321757,129.0942485,7.041666667,0.090755698,14.50056028
1994-10,9263832219,8850597355,7.876874816,2.812565995,7.231727858,1.466567293,1.569831205,0.51201286,0.541403794,0.200061754,0.363351328,75.33847491,6971.94398,35.82411265,0.44088837,0.588214713,1.209553421,-29.81666239,-12.54037983,-19.76624445,-0.17001977,0.364166667,756.420076,26.45272519,129.8024019,7.041666667,0.087402905,13.8687819
1994-11,9190120237,8780170953,7.901612508,2.788042775,7.206093378,1.447557318,1.55786072,0.513063225,0.541651739,0.19085276,0.364083748,59.23565878,6652.121808,34.99808616,0.43753944,0.584148295,1.201467441,-28.9063148,-12.12073976,-19.21055646,-0.169345059,0.486666667,750.8502355,58.32687638,131.5443325,7.041666667,0.084129977,14.25545027
1994-12,9116800311,8710119145,7.997926032,2.757012989,7.090795682,1.420965161,1.574944477,0.514119823,0.541868403,0.181170977,0.364811775,37.39591456,6342.230745,34.18424881,0.434202242,0.580096268,1.193410174,-28.01339462,-11.70770516,-18.6636334,-0.168672665,0.126666667,743.9497611,115.5038769,134.5332789,7.041666667,0.080939399,13.87772816
1995-01,9043871396,8640440932,7.675061683,2.690331533,6.65249185,1.309478881,1.602733628,0.334991667,0.788703333,0.791933333,0.247051667,17.03427417,6042.114263,33.38251413,0.43087676,0.576058611,1.185381576,-27.13774441,-11.30124503,-18.12542433,-0.168002585,0,905.5159361,165.5666667,138.8833333,8.854166667,0.086666667,12.21531008
1995-02,8971332445,8571135316,7.721144205,2.736979202,6.715795629,1.335593536,1.614772829,0.516251622,0.542208696,0.160588397,0.36625465,16.04482974,5751.615835,32.59279569,0.427562975,0.572035302,1.177381606,-26.27920675,-10.90132833,-17.59587829,-0.167334815,0.1675,908.9781963,157.4470618,143.2563228,8.854166667,0.074815237,12.63049923
1995-03,8899182414,8502201297,7.793051375,2.649498261,6.566517185,1.276385766,1.606983094,0.517326772,0.542332731,0.150476235,0.366969495,13.70806985,5470.578934,31.81500701,0.424260871,0.56802632,1.16941022,-25.43762422,-10.50792406,-17.07494435,-0.166669352,0.135833333,899.7336964,152.3878878,146.3831363,8.854166667,0.071886623,12.68545745
1995-04,8827420258,8433637876,7.711005794,2.785970069,6.785938767,1.361142536,1.614983293,0.518408055,0.542426295,0.14134228,0.367679942,12.08302395,5198.847033,31.04906165,0.42097043,0.564031643,1.161467375,-24.61283937,-10.12100119,-16.56257156,-0.166006193,0.480833333,905.2251826,150.8491946,148.3681901,8.854166667,0.0690503,13.05266131
1995-05,8756044930,8365444055,7.591712657,2.686575195,6.625640351,1.297572928,1.601677803,0.519495446,0.54248959,0.133850003,0.36838599,11.12628342,4936.263604,30.29487314,0.417691635,0.560051251,1.15355303,-23.8046948,-9.740528693,-16.05870897,-0.165345334,0.253333333,900.6315721,151.9381142,149.3629405,8.854166667,0.066308754,12.85860343
1995-06,8685055386,8297618835,7.603028808,2.605996549,6.520382555,1.248402627,1.590015752,0.52058892,0.54252282,0.128662872,0.369087638,10.79443962,4682.672121,29.55235502,0.414424468,0.556085121,1.14566714,-23.01303308,-9.366475554,-15.56330565,-0.164686771,0.089166667,917.9098087,154.7617787,149.518844,8.854166667,0.06366447,12.47113178
1995-07,8614450580,8230161217,7.581627697,2.643990071,6.542527127,1.267930856,1.598906934,0.521688451,0.542526187,0.126444358,0.369784884,11.04408393,4437.916056,28.82142085,0.411168912,0.552133233,1.137809663,-22.23769677,-8.99881075,-15.07631065,-0.164030502,0,931.4184599,158.42732,148.9873568,8.833333333,0.061119933,12.6379212
1995-08,8544229467,8163070202,7.576228171,2.693857122,6.632683259,1.301735216,1.600485025,0.522794015,0.542499894,0.127857931,0.370477727,11.83180771,4201.838882,28.10198416,0.407924951,0.548195564,1.129980558,-21.47852845,-8.637503261,-14.59767303,-0.163376523,0.1825,933.498907,162.0418701,147.9199354,8.833333333,0.058677629,12.26617937
1995-09,8474391000,8096344791,7.700855939,2.743168351,6.71885294,1.337058816,1.608563754,0.523905586,0.542444143,0.13356706,0.371166166,13.11420234,3974.284072,27.39395849,0.404692566,0.544272094,1.122179779,-20.7353707,-8.282522065,-14.12734183,-0.16272483,0.4825,899.1022811,164.712561,146.4680361,8.833333333,0.056340042,12.89553742
1995-10,8404934136,8029983985,7.713681586,2.65203876,6.574579963,1.275586489,1.594509789,0.525023139,0.542359137,0.144235214,0.371850199,14.84785918,3755.095099,26.69725739,0.401471741,0.540362802,1.114407286,-20.00806609,-7.933836141,-13.66526613,-0.16207542,0.088333333,905.4192814,165.5465248,144.7831153,8.833333333,0.054109658,12.82892679
1995-11,8335857828,7963986786,7.57218426,2.694005062,6.64882109,1.305858922,1.591478387,0.526146648,0.542245078,0.160525864,0.372529824,16.9893696,3544.115435,26.0117944,0.398262457,0.536467665,1.106663035,-19.2964572,-7.591414467,-13.21139497,-0.16142829,0,915.9946364,163.6508934,143.0166293,8.833333333,0.051988963,12.61746016
1995-12,8267161031,7898352194,7.540789408,2.693412986,6.651482875,1.303323048,1.595048285,0.527276089,0.54210217,0.18310248,0.373205041,19.49532498,3341.188554,25.33748307,0.395064698,0.532586663,1.098946983,-18.60038659,-7.255226024,-12.76567741,-0.160783436,0.529166667,907.5796569,158.1327987,141.3200344,8.833333333,0.04998044,12.10434899
1996-01,8198842699,7833079210,7.408223687,2.705711,6.712341639,1.332171854,1.57757809,0.702999167,0.189395,0.19343,0.301115,18.83738,3146.157928,24.67423693,0.391878446,0.528719773,1.091259088,-17.91969685,-6.925239789,-12.32806251,-0.160140854,0.105,1148.189957,148.4,139.85,8.270833333,0.019166667,15.96711822
1996-02,8130901788,7768166837,7.346207241,2.705362434,6.705381226,1.331108476,1.58443808,0.529552665,0.541730615,0.249767486,0.374542242,40.38057304,2958.867031,24.02196953,0.388703685,0.524866976,1.083599307,-17.25423055,-6.601424742,-11.89849933,-0.159500542,0.220833333,1171.479943,136.9570405,138.6988001,8.270833333,0.046309857,15.97699523
1996-03,8063337252,7703614074,7.443601922,2.702642913,6.715772435,1.335334254,1.585215137,0.53069975,0.541502373,0.295182816,0.375204223,64.32044136,2779.159334,23.38059441,0.385540396,0.521028248,1.075967597,-16.60383026,-6.283749861,-11.47693691,-0.158862496,0.151666667,1156.84051,126.4101134,137.8814534,8.270833333,0.044652767,15.7560291
1996-04,7996148045,7639419924,7.356313226,2.711053173,6.697885779,1.334368692,1.593106176,0.531852665,0.541246093,0.34953799,0.375861791,73.95517401,2606.878311,22.75002512,0.382388562,0.51720357,1.068363915,-15.96833855,-5.972184125,-11.06332432,-0.158226712,0.275,1157.734068,117.2372712,137.3557684,8.270833333,0.04311779,16.50842197
1996-05,7929333121,7575583386,7.347390106,2.614693919,6.561975837,1.278346323,1.575200237,0.533011386,0.540961975,0.413496478,0.376514942,72.40686349,2441.867436,22.13017519,0.379248167,0.513392919,1.060788219,-15.347598,-5.666696514,-10.65761062,-0.157593187,0.089166667,1161.961867,109.7985739,137.0850929,8.270833333,0.041707414,16.41860589
1996-06,7862891437,7512103463,7.378580519,2.705724526,6.698920658,1.336834394,1.587092686,0.534175886,0.540650224,0.487721749,0.377163676,62.79760232,2283.970179,21.52095817,0.376119192,0.509596274,1.053240465,-14.74145119,-5.367256005,-10.25974485,-0.156961918,0.174166667,1176.209192,104.4540811,137.0327746,8.270833333,0.040424122,16.84144579
1996-07,7796821946,7448979155,7.366939725,2.753790618,6.763150382,1.357487667,1.587946583,0.535346142,0.540311042,0.572877274,0.377807991,48.249483,2133.030015,20.92228761,0.373001621,0.505813614,1.045720611,-14.14974068,-5.073831579,-9.869676075,-0.156332901,0.445,1171.115313,101.5638526,137.1621614,8.270833333,0.0392704,16.02561005
1996-08,7731123602,7386209464,7.352600279,2.663191918,6.622259214,1.297504087,1.573643159,0.536522128,0.539944631,0.669626522,0.378447886,31.88459804,1988.890416,20.33407704,0.369895436,0.502044917,1.038228615,-13.57230906,-4.786392213,-9.487353354,-0.155706133,0.081666667,1144.307394,101.4879483,137.436601,8.270833333,0.038248734,16.11124207
1996-09,7665795361,7323793390,7.360867407,2.661195893,6.636316263,1.304754847,1.57501441,0.537703818,0.539551195,0.778632963,0.379083359,16.82503994,1851.394856,19.75624,0.366800619,0.498290162,1.030764433,-13.00899889,-4.504906886,-9.11272574,-0.15508161,0.180833333,1171.527333,104.5864279,137.8194413,8.270833333,0.037361608,16.20681949
1996-10,7600836177,7261729935,7.443807095,2.707027144,6.717111802,1.339110434,1.581164446,0.538891187,0.539130935,0.900560067,0.379714409,6.192901216,1720.386806,19.18869005,0.363717154,0.494549328,1.023328023,-12.45965276,-4.229344578,-8.74574229,-0.154459329,0.106666667,1138.331888,111.2193512,138.2740302,8.270833333,0.036611509,16.94570908
1996-11,7536245004,7200018099,7.413440064,2.710928643,6.70015529,1.332451889,1.583123545,0.540084211,0.538684054,1.036071302,0.380341034,3.110274369,1595.70974,18.63134072,0.360645023,0.490822393,1.015919342,-11.92411323,-3.959674268,-8.386352061,-0.153839286,0.321666667,1145.075661,121.7467781,138.7637152,8.270833333,0.03600092,17.15388916
1996-12,7472020798,7138656885,7.333039635,2.616655077,6.560916946,1.280743675,1.572984033,0.541282863,0.538210756,1.18583014,0.380963234,10.69925191,1477.20713,18.08410556,0.357584209,0.487109335,1.008538347,-11.40222287,-3.695864933,-8.034504108,-0.153221479,0.385,1157.710338,136.5287683,139.2518444,8.270833333,0.035532327,16.80768121
1997-01,7408162512,7077645293,7.248065644,2.975683424,7.176898319,1.492843526,1.638421578,0.513215,1.115700833,0.891811667,0.380476667,22.78694167,1364.72245,17.54689811,0.354534695,0.483410134,1.001184995,-10.89382427,-3.437885554,-7.690147487,-0.152605903,0.824166667,1444.220627,152.8666667,139.7166667,8.4375,-0.0125,21.50130501
1997-02,7344669101,7016982324,7.283007522,2.902411374,7.106364712,1.469216566,1.638996963,0.543696954,0.537185716,1.530340801,0.38219435,0.47466106,1258.099173,17.01963191,0.351496463,0.479724769,0.993859244,-10.39876,-3.185705109,-7.353231256,-0.151992556,1.334166667,1420.782402,152.6347621,140.093143,8.4375,0.035031072,21.86286329
1997-03,7281539521,6956666979,7.243442155,2.873510423,7.001828918,1.451658851,1.642655545,0.544912343,0.536634379,1.722480865,0.382803263,-19.8780254,1157.18077,16.5022205,0.348469495,0.476053217,0.98656105,-9.916872625,-2.939292576,-7.02370447,-0.151381433,0.686666667,1452.894016,151.0285865,140.4234456,8.4375,0.03500338,21.90767076
1997-04,7218772725,6896698259,7.240809172,2.921445309,7.113320621,1.477662701,1.633028339,0.546133259,0.536057436,1.921665129,0.383407744,-10.47737889,1061.810716,15.99457743,0.345453776,0.472395457,0.979290372,-9.448004727,-2.698616935,-6.701516186,-0.150772532,0.215833333,1474.268648,152.2326826,140.6962065,8.4375,0.035127625,22.79534526
1997-05,7156367668,6837075167,7.222740999,2.943158254,7.138596378,1.479426628,1.631664304,0.547359678,0.535455087,2.122491046,0.384007793,19.92415329,971.8324817,15.49661624,0.342449286,0.468751468,0.972047166,-8.991998878,-2.463647165,-6.386615459,-0.150165848,0.279166667,1489.395899,155.3723096,140.9143179,8.4375,0.035406292,22.57969711
1997-06,7094323305,6777796702,7.216143668,2.851397082,7.041359869,1.469311567,1.635569838,0.548591574,0.534827537,2.319556066,0.384603407,62.57412385,887.0895417,15.00825047,0.339456009,0.465121228,0.96483139,-8.548697653,-2.234352244,-6.078951347,-0.149561379,0.42,1471.205426,159.5727269,141.0806722,8.4375,0.035841868,21.97505014
1997-07,7032638590,6718861865,7.248365475,2.796491471,7.029614069,1.464982095,1.638280279,0.549828923,0.534174987,2.507457642,0.385194585,108.7200855,807.4253681,14.52939366,0.336473928,0.461504717,0.957643,-8.117943625,-2.010701151,-5.778472905,-0.148959122,0.089166667,1464.816109,163.9591938,141.1981619,8.4375,0.036436836,21.79035939
1997-08,6971312478,6660269659,7.225639877,2.909285864,7.137512639,1.473807579,1.631068373,0.5510717,0.53349764,2.680793224,0.385781325,149.6095909,732.6834338,14.05995937,0.333503025,0.457901912,0.950481954,-7.699579369,-1.792662865,-5.48512919,-0.148359071,0.143333333,1473.775492,167.6569696,141.2696791,8.4375,0.037193682,20.33241875
1997-09,6910343924,6602019084,7.225473799,2.886436554,7.090957168,1.467706522,1.636548353,0.552319878,0.5327957,2.834160264,0.386363627,176.4901928,662.7072118,13.59986112,0.330543284,0.454312793,0.94334821,-7.293447459,-1.580206366,-5.198869258,-0.147761226,1.211666667,1457.763465,169.7913137,141.2981164,8.4375,0.038114892,20.9755709
1997-10,6849731882,6544109140,7.240581262,2.850654018,7.009364354,1.452745597,1.639639789,0.553573433,0.532069368,2.962156212,0.386941489,180.6094439,597.3401748,13.14901247,0.327594685,0.450737338,0.936241724,-6.899390468,-1.373300631,-4.919642165,-0.14716558,0.868333333,1459.123713,169.4874853,141.286366,8.4375,0.039202951,22.09649021
1997-11,6789475306,6486538831,7.213711241,2.871245995,7.12631439,1.47778645,1.629907367,0.55483234,0.531318847,3.059378521,0.387514909,153.2148969,536.4257957,12.70732696,0.324657214,0.447175525,0.929162453,-6.517250972,-1.17191464,-4.647396968,-0.146572133,0.524166667,1457.665114,165.8707438,141.2373202,8.4375,0.040460343,23.69262567
1997-12,6729573152,6429307155,7.144791253,2.945457727,7.114977289,1.471056054,1.62794886,0.556096572,0.53054434,3.120424642,0.388083886,85.55410444,479.8075473,12.27471812,0.321730851,0.443627333,0.922110356,-6.146871543,-0.976017371,-4.382082722,-0.145980879,0.16,1466.19833,158.0663485,141.1538716,8.4375,0.041889555,24.08462745
1998-01,6670024373,6372413115,6.668606001,3.549221318,7.360568626,1.478596822,1.650834541,0.561555833,1.286904167,3.346545833,0.552341667,30.11719333,427.3289024,11.85109951,0.31881558,0.440092742,0.915085388,-5.788094757,-0.785577804,-4.123648484,-0.145391816,1.008333333,1775.185639,145.45,141.0333333,8.375,0.034166667,26.44969604
1998-02,6610827925,6315855712,6.577744805,3.757885685,7.460367161,1.456783539,1.65338082,0.558640917,0.528924178,3.114504282,0.389208504,-21.48411581,378.833334,11.43638466,0.315911383,0.436571728,0.908087508,-5.440763187,-0.600564918,-3.872043311,-0.14480494,2.059166667,1756.247715,132.0826629,140.8968015,8.375,0.045273377,25.40319076
1998-03,6551982762,6259633946,6.662127198,3.717617513,7.445571713,1.46946149,1.644910166,0.559920977,0.528078929,3.047687039,0.389764143,-69.19126941,334.1643148,11.03048711,0.313018243,0.433064272,0.901116673,-5.104719408,-0.42094769,-3.627216258,-0.144220248,1.275,1771.152809,122.2794756,140.7409678,8.375,0.047232958,25.86651111
1998-04,6493487839,6203746820,6.671783517,3.626882037,7.360690274,1.463874405,1.644748328,0.561206263,0.527210504,2.94542788,0.390315333,-69.98652909,293.1653177,10.63332042,0.310136143,0.429570352,0.894172839,-4.779805993,-0.246695101,-3.389116382,-0.143637736,1.379166667,1779.065391,115.8478884,140.5906012,8.375,0.049374299,26.32135054
1998-05,6435342110,6148193333,6.664633208,3.672934084,7.328597053,1.464764755,1.643086324,0.56249675,0.526319106,2.813734195,0.390862073,-36.47095254,255.6798156,10.24479812,0.307265066,0.426089945,0.887255964,-4.465865517,-0.077776129,-3.15769274,-0.143057401,0.978333333,1728.305233,112.3507882,140.4651605,8.375,0.051699885,26.29302372
1998-06,6377544530,6092972488,6.626798506,3.768797961,7.402799147,1.4723028,1.644167821,0.563792411,0.525404938,2.658613377,0.391404361,18.75440256,221.5512812,9.864833751,0.304404993,0.422623032,0.880366006,-4.162740553,0.085840248,-2.932894386,-0.142479239,1.515833333,1756.992025,111.3510615,140.3841043,8.375,0.054212202,25.33030616
1998-07,6320094054,6038083284,6.611778292,3.645470023,7.325814471,1.474691216,1.639688252,0.565093223,0.524468202,2.486072818,0.391942196,83.08847855,190.6231875,9.493340863,0.301555909,0.41916959,0.873502921,-3.870273677,0.24418505,-2.714670379,-0.141903247,0.518333333,1744.348476,112.4115949,140.3668913,8.375,0.056913734,27.66665639
1998-08,6262989635,5983524724,6.604635353,3.700748809,7.368768915,1.4613057,1.64297671,0.566399159,0.523509101,2.302119908,0.392475577,143.9302177,162.7390072,9.130232995,0.298717794,0.415729598,0.866666667,-3.588307462,0.397289298,-2.502969773,-0.141329422,0.795,1729.241306,115.0952752,140.4329801,8.375,0.059806968,27.69974429
1998-09,6206230229,5929295809,6.568204741,3.811324813,7.484102369,1.455291514,1.64609405,0.567710194,0.522527839,2.112762039,0.393004502,188.6785624,137.7422133,8.775423691,0.295890633,0.412303035,0.859857201,-3.316684482,0.545184014,-2.297741626,-0.14075776,1.079166667,1764.883592,118.9649888,140.6018293,8.375,0.062894388,26.37024386
1998-10,6149814790,5875395539,6.572020793,3.710936614,7.450420598,1.467417463,1.641714723,0.569026303,0.521524616,1.924006604,0.393528969,204.732455,115.4762785,8.428826494,0.293074408,0.408889879,0.85307448,-3.055247311,0.687900219,-2.098934993,-0.140188258,0.741666667,1787.38982,123.5836226,140.8928976,8.375,0.06617848,26.02230258
1998-11,6093742273,5821822916,6.607864069,3.582955731,7.350737417,1.468010363,1.637241269,0.570347462,0.520499637,1.741860993,0.394048977,179.4908377,95.78467565,8.090354945,0.290269101,0.40549011,0.846318461,-2.803838524,0.825468933,-1.906498931,-0.139620912,1.251666667,1794.585172,128.514063,141.3256437,8.375,0.069661729,26.89488349
1998-12,6038011633,5768576941,6.614118423,3.662354592,7.328178681,1.47828943,1.631362356,0.571673644,0.519453103,1.572332599,0.394564525,100.3526529,78.51087768,7.759922587,0.287474696,0.402103704,0.839589102,-2.562300694,0.957921179,-1.720382496,-0.139055719,1.068333333,1777.061801,133.3191967,141.9195262,8.375,0.073346619,25.89838173
1999-01,5982621823,5715656615,6.982607539,3.636281001,7.633291781,1.505058497,1.616858695,0.514265,0.902755833,1.374796667,0.344743333,22.78984667,63.49835739,7.437442964,0.284691174,0.398730642,0.83288636,-2.330476396,1.085287976,-1.540534744,-0.138492676,0.861666667,2667.706421,139.5,142.7666667,7.979166667,-0.0175,23.78445306
1999-02,5927571800,5663060939,6.966449313,3.636696953,7.635851438,1.504275667,1.614447219,0.574340979,0.517296183,1.291343372,0.395582235,-12.387986,50.59058763,7.122829618,0.281918519,0.395370902,0.826210192,-2.108208204,1.207600347,-1.366904732,-0.137931778,0.355833333,2656.695532,150.2123078,143.4609184,7.979166667,0.081331268,25.65766168
1999-03,5872860516,5610788914,6.913515109,3.582791338,7.576305191,1.502937716,1.617757917,0.575682081,0.516186202,1.18138839,0.396084394,-49.13269986,39.63104124,6.815996092,0.279156713,0.392024462,0.819560555,-1.895338692,1.324889312,-1.199441516,-0.137373023,0.69,2699.04264,155.0781224,144.1301213,7.979166667,0.085635996,24.8249376
1999-04,5818486927,5558839541,6.810845548,3.58341627,7.513635304,1.482341076,1.627077991,0.577028106,0.515055477,1.089601758,0.396582087,-65.21297519,30.46319106,6.516855928,0.276405739,0.388691302,0.812937407,-1.691710434,1.437185893,-1.038094151,-0.136816408,0.385833333,2528.953644,154.1769293,144.692887,7.979166667,0.090152307,25.39693515
1999-05,5764449988,5507211822,6.760326324,3.583950485,7.484699751,1.476862352,1.625540886,0.578379029,0.513904211,1.014210477,0.397075312,-64.93576754,22.93050994,6.22532267,0.27366558,0.385371399,0.806340705,-1.497166004,1.544521111,-0.882811696,-0.136261928,0.276666667,2579.67677,149.1547328,145.1573075,7.979166667,0.094882686,24.94333106
1999-06,5710748652,5455904757,6.843695529,3.530452541,7.415814057,1.4909703,1.620175975,0.579734825,0.512732607,0.953441544,0.397564069,-52.60803251,16.87647071,5.94130986,0.270936218,0.382064732,0.799770406,-1.311547977,1.646925986,-0.733543205,-0.13570958,0.653333333,2701.151608,141.6575369,145.5314751,7.979166667,0.099829619,23.20548594
1999-07,5657381875,5404917348,6.88826546,3.584859371,7.506283219,1.498392958,1.616554345,0.581095467,0.511540867,0.90552196,0.398048355,-32.53672568,12.14454623,5.66473104,0.268217636,0.37877128,0.793226467,-1.134698926,1.74443154,-0.590237734,-0.135159362,0.515833333,2700.435787,133.3313456,145.8234818,7.979166667,0.104995591,23.0492841
1999-08,5604348612,5354248596,6.9072437,3.692691169,7.654680906,1.495239489,1.617110284,0.582460932,0.510329194,0.868678723,0.39852817,-9.028802613,8.578209333,5.395499754,0.265509817,0.375491022,0.786708845,-0.966461425,1.837068794,-0.452844341,-0.134611269,0.281666667,2729.2935,125.8221632,146.0414197,7.979166667,0.110383087,23.06780504
1999-09,5551647816,5303897502,6.918636631,3.639365617,7.619662137,1.505260035,1.611601778,0.583831193,0.509097791,0.841138832,0.399003512,13.6087811,6.020932862,5.133529544,0.262812743,0.372223935,0.780217498,-0.80667805,1.924868769,-0.321312082,-0.134065298,0.303333333,2765.776827,120.7759936,146.1933809,7.979166667,0.115994592,24.08593275
1999-10,5499278442,5253863067,6.874112156,3.58633335,7.515703744,1.497029662,1.619922077,0.585206226,0.50784686,0.821129288,0.399474379,31.06906989,4.316189663,4.878733953,0.260126396,0.36897,0.773752383,-0.655191373,2.007862487,-0.195590012,-0.133521445,0.505833333,2728.847922,119.8388411,146.2874575,7.979166667,0.121832591,25.23260851
1999-11,5447239446,5204144292,6.713636166,3.480439562,7.31591263,1.475135052,1.619200521,0.586586005,0.506576603,0.806877088,0.39994077,39.04510816,3.307452578,4.631026523,0.257450761,0.365729194,0.767313457,-0.511843969,2.086080968,-0.075627189,-0.132979708,0.680833333,2611.482216,124.6567096,146.3317417,7.979166667,0.12789957,24.60098474
1999-12,5395529781,5154740179,6.785763217,3.640564199,7.543367278,1.485325191,1.617327423,0.587970506,0.505287224,0.796609232,0.400402683,33.22994035,2.83819445,4.390320798,0.254785819,0.362501495,0.760900678,-0.376478412,2.159555233,0.038627332,-0.132440083,0.519166667,2697.193122,136.8756033,146.3343255,7.979166667,0.134198014,24.15117739
2000-01,5344148402,5105649727,7.199878108,3.587793987,8.213374496,1.628530335,1.546143929,1.614946667,0.261030833,0.777416667,0.349999167,26.88207333,2.954239645,2.673411674,0.279867437,-0.003898587,0.79209839,0.057999027,2.415342107,0.399967519,-0.033899091,0.289166667,3830.177079,150.4166667,146.0666667,9.1875,-0.005,22.50499748
2000-02,5293094264,5056871940,7.117783169,3.535396232,8.035203378,1.609311217,1.560971269,0.59075357,0.502651909,0.781420084,0.401313073,51.66449802,2.914666543,2.661903965,0.258444192,0.062191182,0.784541974,0.088763742,2.364444007,0.390832307,-0.041401134,0.680833333,3809.395108,143.8277454,146.2449805,9.1875,0.147496191,22.96372785
2000-03,5242366321,5008405817,7.32647682,3.641665143,8.238228097,1.629630583,1.560626676,0.592152082,0.501306379,0.774867708,0.401761546,92.23286606,2.918796756,2.103960294,0.217993558,0.079975151,0.740875455,0.242649282,2.312762322,0.496841967,-0.026347406,1.05,3902.286522,136.246132,146.1622162,9.208333333,0.154488875,23.39294637
2000-04,5191963529,4960250360,7.079590726,3.536608921,7.974560933,1.594390567,1.571064684,0.593555215,0.499942536,0.768842504,0.402205535,139.4161359,3.125970548,2.430761548,0.266199928,0.107556797,0.770226065,0.248470674,2.477649287,0.492108868,-0.055779865,0.565,3670.338243,133.5874916,146.0567954,9.208333333,0.161700152,24.19280741
2000-05,5141884840,4912404569,7.198194701,3.589707944,8.168671483,1.610598401,1.548910947,0.594962944,0.498560584,0.763281978,0.402645041,187.7311426,3.353309809,2.417524009,0.240159857,0.053313486,0.886912961,0.288886287,2.606107605,0.648177925,-0.017431843,1.006666667,3852.833065,134.7417672,145.9305399,9.208333333,0.169121772,24.57607618
2000-06,5092129211,4864867447,7.261711814,3.642600201,8.307046485,1.631378098,1.536408253,0.596375242,0.497160726,0.758123637,0.40308006,231.6947215,3.165136205,2.218381993,0.27941936,0.035450522,0.762437709,0.26968808,2.492452474,0.651433942,-0.008661385,0.355,3906.558966,138.5989015,145.7852713,9.208333333,0.176745483,23.36443492
2000-07,5042695596,4817637994,7.355047185,3.695344882,8.388609464,1.640573346,1.539189603,0.597792084,0.495743163,0.75330499,0.403510592,265.8237076,2.937822968,1.977108638,0.219118929,0.006168631,0.73387019,0.268021775,2.351659276,0.633671711,-0.019529643,0.2075,3954.57292,144.0488373,145.6228114,9.208333333,0.184563036,22.3920584
2000-08,4993582949,4770715211,7.143179031,3.591070087,8.22718951,1.630340535,1.539636777,0.599213446,0.494308099,0.748763544,0.403936635,284.6349361,3.008063808,2.149502847,0.26160458,0.007136336,0.758933544,0.340109096,2.504136113,0.622290913,-0.022247394,0.178333333,3834.781902,149.9815175,145.444982,9.208333333,0.19256618,22.70157516
2000-09,4944790225,4724098100,6.939431497,3.487378612,7.832134625,1.582114209,1.569391686,0.600639303,0.492855737,0.744436806,0.404358188,282.6452421,2.995362116,2.073729714,0.268191007,0.080838665,0.739876687,0.393876837,2.525691628,0.652634228,-0.037697337,0.8975,3851.468047,155.2868849,145.2536047,9.208333333,0.200746665,23.55954412
2000-10,4896316378,4677785661,7.303041046,3.644077187,8.240527235,1.624416,1.554017976,0.602069628,0.491386279,0.740262284,0.404775249,254.3714609,2.868535711,1.77852327,0.251797179,0.045824182,0.672563888,0.384130303,2.385542815,0.588926805,-0.028012846,0.493333333,3797.785446,158.8548823,145.0505013,9.208333333,0.20909624,23.95976397
2000-11,4848160363,4631776895,7.275352678,3.644345947,8.320922586,1.628767599,1.542599281,0.603504397,0.489899927,0.736177485,0.405187816,194.3304276,3.005012373,1.856569585,0.25686756,-0.004630078,0.753413794,0.347720377,2.457125382,0.62974818,-0.022908859,0.643333333,3712.260137,159.5754525,144.8374934,9.208333333,0.217606655,23.66365186
2000-12,4800321136,4586070805,7.148964135,3.592920048,8.186328555,1.610243871,1.545085076,0.604943585,0.488396884,0.732119917,0.40559589,97.03897725,3.405892493,1.957829476,0.26849663,0.045220524,0.84524169,0.460184453,2.692587404,0.7680763,-0.017716488,0.4025,3686.006349,156.3385384,144.616403,9.208333333,0.22626966,24.31888671
2001-01,4752797649,4540666390,6.667441118,3.541672856,8.102822271,1.594200577,1.517737499,0.415178333,0.259196667,0.727661667,0.882851667,26.0125775,3.687505511,2.037970721,0.591452446,0.036707998,0.446101715,0.638774192,2.642989431,1.065401684,-0.04475472,0.6675,2124.983463,148.2083333,144.6333333,7.125,0.6875,25.76016513
2001-02,4705588858,4495562652,6.833222596,3.645435958,8.439527547,1.627815207,1.49134065,0.607835116,0.485341538,0.723836503,0.406398547,23.70692955,4.011003388,2.142964415,0.756766613,-0.100322144,0.478729634,0.669784297,2.857113524,1.094273233,-0.003999758,1.56,2074.99203,139.0674792,144.157261,7.125,0.244020436,25.76130881
2001-03,4658693718,4450758592,6.677465599,3.542761077,8.119030728,1.597211762,1.512499728,0.609287408,0.483789639,0.719485672,0.406793128,30.87201342,4.075634582,1.985136644,0.578394021,0.030050048,0.536153245,0.752433313,2.811150468,1.143701902,-0.021420614,1.375833333,1990.510685,134.0816541,143.922853,7.083333333,0.253091708,27.05126399
2001-04,4612111183,4406253212,6.656135889,3.543294902,8.113155661,1.596640114,1.514246943,0.610744018,0.48222186,0.714912102,0.407183209,48.02132857,4.0517769,1.915473582,0.578103816,0.026291201,0.506236178,0.760689644,2.801526802,1.131945715,-0.030709631,0.689166667,1973.145245,132.7846515,143.6876492,7.041666667,0.262282567,27.29497372
2001-05,4565840208,4362045512,6.892849602,3.697566652,8.619499541,1.646071472,1.475690014,0.61220492,0.480638404,0.710053299,0.407568788,71.15086429,3.911738908,2.089520729,0.722100127,-0.109564167,0.417390255,0.68620532,2.757242127,1.108768205,0.010985638,0.935,2033.368986,134.277176,143.4534714,7.041666667,0.271584764,25.79111701
2001-06,4519879747,4318134493,6.808700294,3.646571644,8.476006831,1.641454928,1.479145407,0.61367009,0.479039473,0.704846773,0.407949864,96.25660983,3.621033839,1.827932036,0.657466489,-0.029022314,0.422617593,0.612013727,2.582249444,1.068261982,-0.021699864,0.328333333,2042.968803,137.6599322,143.2221414,7.041666667,0.280990048,25.3172562
2001-07,4474228754,4274519157,6.678974339,3.59585104,8.257190186,1.614587498,1.497259263,0.615139502,0.477425269,0.699230029,0.408326436,119.3345545,3.405123575,1.665124858,0.552788543,0.011045115,0.404570483,0.627285173,2.479746197,1.04534732,-0.037291829,0.574166667,2107.345831,142.0336246,142.9954808,7,0.290490169,24.46329475
2001-08,4428886186,4231198505,6.607115455,3.545453763,8.083723868,1.595973397,1.510989061,0.61661313,0.475795997,0.693140576,0.408698501,136.3806875,3.618273186,1.748457196,0.619383227,-0.053901081,0.439778029,0.663634143,2.657141999,1.05683457,-0.022257879,0.7325,2085.984784,146.4989578,142.7753114,7,0.300076877,25.40365698
2001-09,4383850995,4188171537,6.785667094,3.647593689,8.413418642,1.625871979,1.487269923,0.618090951,0.474151857,0.686515921,0.409066059,143.3909982,3.886385487,1.870160873,0.751855011,-0.107392888,0.442993843,0.688808597,2.791371982,1.096259559,-0.006454979,0.511666667,2038.460311,150.1566364,142.5634549,7,0.309741921,26.29106415
2001-10,4339122137,4145437256,6.706576485,3.597078371,8.266792748,1.616246289,1.496400196,0.619572937,0.472493053,0.679293572,0.409429109,136.3614758,3.907900113,1.696614873,0.615093308,0.003086698,0.421611477,0.778494816,2.70068666,1.169808407,-0.019378925,0.6375,1981.875437,152.1073651,142.3617331,7,0.31947705,27.15529995
2001-11,4294698566,4102994661,6.627629423,3.546896186,8.122273826,1.605108047,1.504160352,0.621059065,0.470819788,0.671411035,0.409787648,111.2881096,3.844978638,1.483363122,0.543576478,0.031420284,0.466198495,0.760981942,2.691733938,1.078963193,-0.023833164,1.306666667,2046.823742,151.4518483,142.1719676,7,0.329274015,26.97646063
2001-12,4250579237,4060842755,6.679690111,3.648429255,8.425976554,1.627768704,1.483686089,0.622549309,0.469132263,0.662805819,0.410141675,64.16688894,3.881128603,1.75240525,0.672955663,-0.070738953,0.468247713,0.731266544,2.768286538,1.077788575,0.006230075,0.7875,2047.145917,147.2907907,141.9959802,6.979166667,0.339124565,26.73788482
2002-01,4206763104,4018980538,6.319454034,3.598322412,7.687150112,1.535648028,1.532403384,0.6347775,0.34025,0.727729167,0.976775833,28.13773167,3.65764896,1.39778896,0.353995736,0.401545309,0.290238021,0.790530309,2.383473303,1.273547172,-0.002535172,0.9525,1578.124679,140.9,141.7083333,4.708333333,1.113333333,26.20889806
2002-02,4163249123,3977407012,6.254987278,3.548359094,7.487157593,1.511982518,1.550076203,0.625542044,0.465715249,0.643183975,0.410836188,24.90792598,3.767677024,1.193542309,0.363022358,0.409576826,0.340478774,0.893914917,2.503798461,1.268827013,-0.022396656,0.555,1553.823919,142.819413,141.6926268,4.708333333,0.358953418,27.71929151
2002-03,4120036247,3936121177,6.295719965,3.59906825,7.551194883,1.518365795,1.538132317,0.627044485,0.463986163,0.63212016,0.411176672,36.06377927,3.734813394,1.240480955,0.365303444,0.439783404,0.296656927,0.863716795,2.39316391,1.272693576,-0.002725361,0.52,1581.266409,145.6212514,141.5689042,4.708333333,0.36891522,27.32595169
2002-04,4077123431,3895122034,6.307749348,3.649646835,7.778514814,1.546259562,1.521454247,0.628550941,0.46224363,0.620291674,0.411512638,57.56031286,3.764875995,1.374832931,0.380601348,0.424246853,0.247092861,0.887592947,2.39835598,1.247031143,0.023541505,0.578333333,1587.602978,147.3301538,141.4662466,4.708333333,0.378897606,27.33231559
2002-05,4034509630,3854408586,6.32165092,3.649858656,7.669832187,1.532500292,1.527857012,0.630061386,0.460487851,0.607770933,0.411844085,84.94479099,3.833542384,1.396196278,0.398493056,0.443862007,0.249332192,0.858782072,2.431187206,1.264386952,0.013314807,0.68,1536.328505,148.112467,141.3864757,4.708333333,0.388892325,28.39477476
2002-06,3992193799,3813979832,6.253547302,3.600193844,7.57830151,1.522667988,1.53467822,0.631575797,0.458719029,0.594630348,0.412171012,113.7644779,3.855731522,1.224364009,0.372306561,0.444215404,0.273977635,0.848654498,2.41300904,1.23692558,0.005414643,0.8225,1532.091754,148.1345378,141.3314133,4.708333333,0.398891126,28.94915609
2002-07,3950174891,3773834775,6.259763078,3.600686407,7.699090701,1.535487324,1.525174829,0.633094147,0.456937366,0.580942334,0.412493418,139.566638,3.796619724,1.24908677,0.386196626,0.399158153,0.267796094,0.829533056,2.379127238,1.245909899,0.005022964,0.296666667,1565.951478,147.5627133,141.3028812,4.666666667,0.40888576,28.62948511
2002-08,3908451862,3733972414,6.339507692,3.650825142,7.824715875,1.551439559,1.516027009,0.634616411,0.455143066,0.566779304,0.4128113,157.8985353,3.755448597,1.396684526,0.351224683,0.400188857,0.234019326,0.767961715,2.293112028,1.219473603,0.012707973,0.618333333,1580.867246,146.5633403,141.302701,4.666666667,0.418867975,27.35039268
2002-09,3867023667,3694391752,6.208899681,3.601303786,7.515914238,1.513210521,1.542895613,0.636142564,0.453336331,0.552213671,0.413124657,164.3074343,4.25826201,1.271856448,0.450223824,0.443644843,0.287376908,0.875677005,2.512615035,1.316596245,-0.000861336,0.479166667,1538.520314,145.3027658,141.3326945,4.666666667,0.428829522,28.49850745
2002-10,3825889259,3655091790,6.2171499,3.601681805,7.536933695,1.519170942,1.537763098,0.637672581,0.451517363,0.537317849,0.413433489,154.3405991,3.820666645,1.135243637,0.392004289,0.433090859,0.287616252,0.737274591,2.286685538,1.194066585,0.000301851,0.595833333,1575.289147,143.9473366,141.3946835,4.666666667,0.438762151,27.37736499
2002-11,3785047593,3616071527,6.28118366,3.651575605,7.757162255,1.544551589,1.520610069,0.639206437,0.449686366,0.522164251,0.413737793,123.545294,3.777471994,1.47896511,0.430602462,0.47943725,0.207598744,0.774171526,2.33149246,1.243294654,0.040440506,0.62,1547.223976,142.6633997,141.4904895,4.666666667,0.44865761,27.4583462
2002-12,3744497625,3577329967,6.259946547,3.651783021,7.625943959,1.52700587,1.530801129,0.640744106,0.447843541,0.50682529,0.414037568,67.46878331,3.954937756,1.286094268,0.411511499,0.488614009,0.24665677,0.776870924,2.315233231,1.224801985,0.029724241,0.614166667,1520.844955,141.617302,141.6219344,4.666666667,0.458507649,27.39093646
2003-01,3704238308,3538866109,5.608661813,3.504094954,6.902820851,1.393722907,1.621777015,0.410633333,0.273199167,0.424400833,0.727690833,20.08471667,1.719078181,-0.425705774,-0.073451554,0.615181885,0.424991298,0.466614245,1.42384712,0.398885936,-0.11398614,0.880833333,1618.987202,140.975,141.8083333,4.125,0.263333333,23.06913625
2003-02,3664268597,3500678955,5.61741559,3.603098417,6.956012035,1.382366633,1.621427285,0.643830783,0.444123222,0.475880935,0.414623527,14.6734858,1.232405574,-0.339290689,-0.173461599,0.8102383,0.391464574,0.450465583,1.31296544,0.359426682,-0.082161519,0.514166667,1612.697347,140.858166,141.32876,4.125,0.478038467,22.16787585
2003-03,3624587447,3462767506,5.702091099,3.701729192,7.034692931,1.370372856,1.628066729,0.645379741,0.442246132,0.460420367,0.414909707,23.25431141,1.607773816,-0.210604414,-0.16408184,0.983769518,0.330289951,0.503608995,1.335811069,0.3589602,-0.036167556,0.669166667,1638.854583,141.2048105,139.2862443,4.125,0.487702744,22.53522998
2003-04,3585193812,3425130763,5.667474378,3.603778943,6.979402984,1.383135503,1.618267525,0.646932412,0.440358025,0.44506409,0.415191352,39.24009247,1.432616023,-0.32264539,-0.098117244,0.807105416,0.383725111,0.469085778,1.372312408,0.334575088,-0.057108667,0.661666667,1655.500003,141.8733108,136.0400721,4.125,0.497288601,22.82199453
2003-05,3546086647,3387767728,5.633871625,3.60411063,6.939751326,1.374933661,1.626873477,0.64848877,0.438459105,0.429884517,0.415468462,59.4066748,1.409946899,-0.377721244,-0.121182384,0.880054382,0.382886024,0.380561684,1.304937683,0.281877727,-0.055876458,1.010833333,1648.236092,142.7199492,132.1557051,4.125,0.506787786,22.46469714
2003-06,3507264907,3350677401,5.648888123,3.604515466,6.926631491,1.380646008,1.623592079,0.65004879,0.436549574,0.414954062,0.415741034,80.5299042,2.014835364,-0.205904984,-0.044164448,0.927801699,0.376229979,0.453392156,1.43387346,0.454841914,-0.028943599,1.055833333,1606.819659,143.6010083,128.1986048,4.125,0.516192049,23.1180503
2003-07,3468727546,3313858783,5.70062645,3.653655643,7.003233568,1.379063734,1.615444938,0.651612447,0.434629634,0.400345139,0.416009067,99.3856265,1.777204728,-0.158674426,-0.039766235,0.88647897,0.363209438,0.47430645,1.378751899,0.426687131,-0.041189518,0.630833333,1607.313631,144.3727703,124.7342328,4.125,0.52549314,23.08630883
2003-08,3430473519,3277310876,5.638724639,3.60510649,6.956452268,1.382058115,1.615416373,0.653179715,0.432699488,0.386130159,0.41627256,112.7496875,0.957548784,-0.444521043,-0.191488051,0.732369089,0.376721734,0.31627892,1.057629435,0.121672162,-0.096007572,0.630833333,1640.01487,144.8915175,122.3280506,4.125,0.534682808,21.32288419
2003-09,3392501780,3241032680,5.575718855,3.605445108,6.931789887,1.377057745,1.619887213,0.65475057,0.430759339,0.372381538,0.416531511,117.397933,1.160357584,-0.449914054,-0.208169385,0.827945241,0.368971084,0.256906386,1.019145432,0.120861677,-0.088768596,0.615,1629.479433,145.0135325,121.5455199,4.125,0.543752802,21.94211807
2003-10,3354811284,3205023198,5.661375921,3.702890101,7.018099819,1.36341303,1.630637883,0.656324987,0.428809389,0.359171689,0.416785919,110.1062089,1.551673334,-0.266460611,-0.132923641,0.999971135,0.336156082,0.389803003,1.215671062,0.260565743,-0.042723482,0.545,1629.522464,144.5950975,122.9521021,4.125,0.552694873,22.73917349
2003-11,3317400985,3169281429,5.562453527,3.606104749,6.99347467,1.380418042,1.620067356,0.657902939,0.426849841,0.346573024,0.417035783,87.65036086,1.264213655,-0.362758813,-0.128211246,0.842278482,0.360094896,0.284581685,1.099623832,0.090681595,-0.063026627,0.345833333,1639.370634,143.492495,127.1132589,4.125,0.561500771,22.16184985
2003-12,3280269839,3133806376,5.551269479,3.606386868,6.908357288,1.37064843,1.62827931,0.659484402,0.424880898,0.334657957,0.4172811,46.80623481,1.269964071,-0.402983517,-0.117321609,0.855011986,0.378726712,0.20739852,1.022693935,0.095276082,-0.068497074,1.03,1654.176704,141.5620072,134.5944519,4.125,0.570162244,22.29606697
2004-01,3243416799,3098597039,5.548572704,3.606659812,6.688805457,1.305260034,1.760802228,0.934735833,0.238274167,0.278119167,0.254080833,15.5509425,-1.87278257,-1.286641262,-0.051452706,0.325249703,0.129963586,-0.539854826,-0.049528196,-0.846713103,-0.44036855,0.718333333,1988.214768,145.6916667,145.8083333,4.291666667,-0.033333333,15.18482563
2004-02,3206840821,3063652419,5.619227605,3.703528997,6.761610244,1.279402835,1.793624089,0.66265776,0.420915637,0.313168271,0.417758092,18.33790981,-1.983722169,-1.4220003,-0.22039818,0.399940052,0.084787287,-0.490615878,-0.188076826,-0.945883063,-0.504756536,0.8375,1999.731646,163.1706044,156.9777499,4.291666667,0.587018915,15.53139171
2004-03,3170540858,3028971517,5.57024212,3.607311864,6.731206226,1.312946789,1.753968238,0.664249604,0.418919724,0.303738479,0.417989763,25.11929605,-2.089206289,-1.279918928,-0.103724787,0.280828078,0.144398039,-0.48555098,-0.152311418,-0.882832331,-0.435475177,0.6625,1981.646773,176.6457637,163.509422,4.291666667,0.595197613,15.33286964
2004-04,3134515866,2994553335,5.544028921,3.559551215,6.746102292,1.33300361,1.727742241,0.665844859,0.416915226,0.295281939,0.418216882,33.93546529,-2.056541053,-1.158269085,-0.086376209,0.256238433,0.189401127,-0.51120812,-0.133224923,-0.913456785,-0.374917131,0.3375,1989.176237,183.1045017,165.9585161,4.291666667,0.603198884,15.58634601
2004-05,3098764799,2960396874,5.524698439,3.607986002,6.744319943,1.317190124,1.745969921,0.667443498,0.414902347,0.287871063,0.418439448,43.55981596,-1.961985475,-1.268937991,-0.204320448,0.389984528,0.180240161,-0.519049727,-0.161018137,-0.98284519,-0.435983384,0.334166667,1967.878792,183.9689318,165.2707406,4.291666667,0.61101448,15.84611639
2004-06,3063286612,2926501134,5.54789429,3.608249668,6.697893764,1.306831081,1.758812355,0.669045496,0.412881288,0.281578267,0.418657459,52.76574648,-1.817738498,-1.238662075,-0.1264511,0.400639714,0.175812135,-0.528493333,-0.165852842,-0.96171192,-0.401771522,0.724166667,1993.528733,180.6611672,162.3918037,4.291666667,0.618636149,15.70031561
2004-07,3028080259,2892865118,5.589455094,3.608510681,6.689821613,1.309015226,1.752922242,0.670650829,0.410852252,0.276475962,0.418870914,60.32665527,-1.994584435,-1.257703146,-0.093995809,0.317964764,0.124473817,-0.612119042,-0.313797398,-1.06815406,-0.406726841,0.368333333,2010.173356,174.603321,158.2674141,4.291666667,0.626055641,15.45539104
2004-08,2993144695,2859487826,5.523821271,3.656581373,6.693336018,1.284366066,1.780577562,0.672259471,0.408815442,0.272636562,0.419079812,65.01594077,-2.125518447,-1.397092982,-0.166914424,0.403831485,0.085288395,-0.703189153,-0.391670425,-1.130978284,-0.4984681,0.8075,2000.869514,167.2175066,153.8432801,4.291666667,0.633264705,15.04202628
2004-09,2958478874,2826368258,5.52080129,3.704559735,6.705933998,1.26799255,1.805025549,0.673871397,0.406771061,0.270132481,0.419284151,65.60700138,-1.975417126,-1.345331116,-0.155576839,0.429715739,0.095234307,-0.634190266,-0.382943343,-1.049300884,-0.4725167,0.6725,1984.357129,159.9258372,150.0651102,4.291666667,0.640255092,15.63050145
2004-10,2924081751,2793505417,5.521151232,3.609354083,6.701837034,1.305528921,1.755685209,0.675486581,0.40471931,0.269036132,0.41948393,60.87323554,-2.117751922,-1.244848803,-0.078634873,0.269233044,0.107881828,-0.636159555,-0.473280778,-1.130419903,-0.428724374,0.116666667,1975.070551,154.1504259,147.8786128,4.333333333,0.64701855,15.76794284
2004-11,2889952281,2760898304,5.369373574,3.46694651,6.758584593,1.365341185,1.68894555,0.677104999,0.402660394,0.269419929,0.419679147,49.58804166,-2.215423648,-1.042030953,-0.026737549,0.277832722,0.202059916,-0.70664613,-0.505674789,-1.22124082,-0.341441764,0.405833333,1955.162481,151.3133861,148.2294962,4.333333333,0.65354683,16.3419556
2004-12,2856089419,2728545919,5.52158662,3.657490854,6.741138925,1.294211791,1.772163897,0.678726626,0.400594514,0.271356284,0.419869801,30.52481818,-2.100886395,-1.276613318,-0.167072648,0.398042395,0.10025197,-0.618957617,-0.438150661,-1.128085945,-0.437594303,0.455833333,1974.150225,152.8368309,152.063469,4.333333333,0.659831681,16.07371314
2005-01,2822492118,2696447263,5.203744897,3.64706561,6.489734457,1.295548416,1.761815931,0.327968333,0.254031667,0.367115833,0.293379167,15.568065,-3.638587601,-1.45760865,-0.125010928,-0.030219315,-0.126514789,-1.317678407,-0.992354603,-1.86647046,-0.667105223,0.985,2099.12589,156.8,160.875,6.104166667,-0.031666667,12.60665905
2005-02,2789159334,2664601339,5.209217087,3.599165687,6.48021814,1.30489215,1.751036544,0.681979402,0.396442675,0.280120918,0.420237414,15.97675143,-3.650268758,-1.332457032,-0.109702907,0.021932448,-0.103418147,-1.26922591,-1.065061241,-1.809354343,-0.598833185,1.049166667,2118.264759,179.4231913,174.4358022,6.125,0.671638095,12.67425764
2005-03,2756090020,2633007146,5.233552864,3.601686292,6.458150667,1.297261086,1.757788489,0.683610502,0.394357121,0.286845103,0.42041437,24.7686156,-3.699528538,-1.396935552,-0.069352288,0.054614381,-0.100288882,-1.252094898,-1.077405222,-1.799679487,-0.629083319,0.645833333,2107.581806,198.1411088,182.9322311,6.145833333,0.677143157,12.79150677
2005-04,2723283133,2601663686,5.259666579,3.602025579,6.461894106,1.295181866,1.761695595,0.685244709,0.392265413,0.294922806,0.420586756,38.95230256,-3.745898201,-1.395711589,-0.067968709,0.064770046,-0.082714305,-1.282333877,-1.074021199,-1.850695352,-0.630440494,0.330833333,2099.179901,200.7778613,185.8295122,6.145833333,0.682371788,13.06676265
2005-05,2690737625,2570569961,5.239237416,3.556172458,6.519253536,1.325412283,1.723908981,0.686881998,0.390167756,0.304187077,0.420754573,55.99062392,-3.769840066,-1.180988192,-0.041949044,0.025689022,-0.056822957,-1.258621944,-1.128693563,-1.877859026,-0.538808524,0.535,2090.992248,191.5171968,184.4392672,6.145833333,0.687315738,13.16329979
2005-06,2658452452,2539724970,5.193556729,3.604611196,6.499439505,1.3069687,1.746950281,0.688522344,0.388064351,0.314470969,0.420917818,73.34639128,-3.730865003,-1.224636577,-0.07549738,0.001827884,-0.12549257,-1.284032809,-1.123055509,-1.879323089,-0.570196462,0.691666667,2087.63271,174.5428629,180.0731178,6.145833333,0.691966757,13.05872898
2005-07,2626426569,2509127716,5.21906308,3.696858063,6.480132786,1.277730758,1.780580084,0.690165722,0.385955401,0.325607534,0.42107649,88.48241623,-3.888084155,-1.567826673,-0.163385581,-0.038669193,-0.250489299,-1.35280953,-1.14958847,-1.948009615,-0.725902738,0.335833333,2107.594457,154.0386076,174.0426857,6.145833333,0.696316595,12.68662983
2005-08,2594658930,2478777200,5.182594916,3.648185112,6.49084398,1.294518187,1.762143893,0.691812106,0.383841109,0.337429825,0.421230587,98.86151038,-3.953923931,-1.436304053,-0.156608235,-0.036625762,-0.163177676,-1.390929876,-1.223711013,-1.975470089,-0.679387911,0.353333333,2117.256602,134.1881786,167.6595926,6.145833333,0.700357,12.50260034
2005-09,2563148489,2448672422,5.183258421,3.600724519,6.487967842,1.306375993,1.74906947,0.693461472,0.381721677,0.349770893,0.421380108,101.9464853,-3.924485482,-1.271104837,-0.13519894,0.01222375,-0.134413475,-1.378238307,-1.25649537,-1.990473903,-0.609964564,0.465833333,2118.014365,119.1753238,162.2354602,6.166666667,0.704079723,12.43570838
2005-10,2531894202,2418812384,5.178268517,3.55941188,6.471712977,1.310888677,1.739842337,0.695113793,0.379597308,0.362463791,0.421525052,95.2001527,-3.78123549,-1.296094277,-0.06948811,0.038021933,-0.112218573,-1.340668876,-1.235699611,-1.898000379,-0.616470006,0.375833333,2088.975542,113.183791,159.0819101,6.166666667,0.707476513,13.01670486
2005-11,2500895022,2389196087,5.186455159,3.606087351,6.440709883,1.289712661,1.76061294,0.696769046,0.377468205,0.375341572,0.421665416,76.08532406,-3.759184142,-1.424231462,-0.094227129,0.033088364,-0.1686349,-1.36769205,-1.183069941,-1.892151669,-0.680390508,0.409166667,2087.968347,120.397328,159.5105641,6.166666667,0.71053912,12.77782237
2005-12,2470149905,2359822532,5.172293941,3.601669916,6.468027056,1.304366667,1.746819182,0.698427204,0.37533457,0.388237286,0.421801201,42.06481104,-3.770762008,-1.191020851,-0.095149701,0.015787766,-0.173747761,-1.354337157,-1.245379912,-1.946304287,-0.586149305,0.4175,2088.419493,144.9996826,164.8330439,6.166666667,0.713259294,13.02629992
2006-01,2439657805,2330690720,5.388169942,3.521403774,6.428184396,1.305953271,1.772079285,0.463311667,0.161198333,0.355815833,0.24584,15.49953,-3.716408602,-1.056823722,-0.113127007,0.17101124,-0.401871633,-1.356589484,-1.37099528,-1.828213368,-0.532184347,0.879166667,2263.842531,178.35,183.7083333,7.9375,-0.025833333,12.65898597
2006-02,2409417676,2301799652,5.35101093,3.493442227,6.469802507,1.323727645,1.741295228,0.701752136,0.371054515,0.413483689,0.422059023,22.92181409,-3.689769988,-0.926999786,-0.089241309,0.16837664,-0.311388985,-1.342750548,-1.35898788,-1.865712666,-0.475301718,0.4375,2251.906036,202.1612097,194.449943,7.9375,0.717640985,12.73599971
2006-03,2379428473,2273148329,5.435230531,3.576273041,6.489422821,1.305481368,1.761308877,0.70341886,0.368908501,0.426064807,0.422181058,37.57541505,-3.748180311,-1.154282774,-0.16531824,0.12276794,-0.463738261,-1.374821579,-1.325928409,-1.826772018,-0.579747111,0.398333333,2250.633003,225.1570107,193.2989725,7.9375,0.719297443,12.2137375
2006-04,2349689152,2244735753,5.257341577,3.455865601,6.461488226,1.335434354,1.724903839,0.705088389,0.366758766,0.43932665,0.422298507,51.21247762,-3.642153666,-0.745511423,-0.085459419,0.165394256,-0.151745258,-1.388820277,-1.336882132,-1.812513099,-0.412342969,0.365,2274.278525,235.7044604,190.8967867,7.9375,0.720604029,12.10133935
2006-05,2320198665,2216560924,5.401082399,3.514417098,6.397759942,1.300577147,1.766418133,0.706760697,0.364605513,0.453881145,0.422411368,63.04937374,-3.65662079,-0.988825663,-0.111614423,0.181578605,-0.439103228,-1.326192897,-1.302622984,-1.733842281,-0.513492013,0.464166667,2280.791548,236.3818672,187.814952,7.9375,0.721566762,12.38746307
2006-06,2290955969,2188622845,5.441824859,3.600209703,6.457965652,1.283882804,1.793248523,0.70843576,0.362448943,0.470340222,0.422519641,72.30247533,-3.720800789,-1.254718258,-0.17684276,0.118311554,-0.55479232,-1.355192678,-1.285517308,-1.71857593,-0.629095735,0.310833333,2268.660421,229.7675398,184.6250349,7.9375,0.722191658,12.98134719
2006-07,2261960017,2160920515,5.431229689,3.553972607,6.427979069,1.294630469,1.780849314,0.710113551,0.360289261,0.48931581,0.422623323,78.1881543,-3.610240367,-1.111932814,-0.09222897,0.13041564,-0.487241819,-1.284446422,-1.232346989,-1.613799968,-0.581973689,0.2775,2255.208828,218.4397866,181.8986016,7.9375,0.722484737,13.58367985
2006-08,2233209764,2133452936,5.361372218,3.516345271,6.449943437,1.308126243,1.765434269,0.711794047,0.358126668,0.511419838,0.422722413,79.9227826,-3.675429793,-0.981349224,-0.088963878,0.13768284,-0.391358152,-1.30044494,-1.212322867,-1.601005853,-0.538363609,0.154166667,2258.447263,204.9769162,180.2072186,7.9375,0.722452016,13.31846082
2006-09,2204704165,2106219109,5.292914769,3.498547228,6.48233063,1.327684068,1.727357878,0.713477221,0.355961367,0.537264235,0.422816911,76.72273214,-3.720415539,-0.957267595,-0.128794836,0.12936523,-0.389978478,-1.281960044,-1.166658634,-1.608666314,-0.521877254,0.409166667,2246.819726,191.9572371,180.1224523,7.9375,0.722099511,13.13092471
2006-10,2176442175,2079218035,5.430670599,3.568039944,6.497192368,1.306061601,1.759723664,0.715163049,0.353793561,0.567460929,0.422906813,67.80437484,-3.757118972,-1.101896841,-0.17851263,0.108567472,-0.4079076,-1.332738503,-1.178736874,-1.61147048,-0.586493115,0.476666667,2263.595641,181.959058,182.215869,7.958333333,0.721433242,12.23453879
2006-11,2148422747,2052448715,5.393538593,3.518763314,6.446147127,1.305134048,1.764922762,0.716851505,0.351623452,0.602621849,0.42299212,52.38408264,-3.798492219,-0.920647646,-0.097394998,0.146456283,-0.441691017,-1.344983792,-1.090359109,-1.627562257,-0.529735349,0.4525,2275.272135,177.5606873,187.0590351,7.958333333,0.720459226,12.43265322
2006-12,2120644837,2025910151,5.388889748,3.517846495,6.449326838,1.305658503,1.762307366,0.718542564,0.349451244,0.643358926,0.423072829,29.67822744,-3.700249478,-0.899341357,-0.071113423,0.150774467,-0.488458548,-1.25303911,-1.017130672,-1.580049326,-0.515355293,0.285,2263.068551,181.3404335,195.223517,7.958333333,0.719183481,12.7238418
2007-01,2093107399,1999601344,5.241359736,3.355514189,6.158551414,1.295708581,1.835334379,0.499021667,0.246200833,0.702919167,0.410981667,22.74957917,-2.723365174,-0.357066672,-0.038875276,0.111071659,0.064254188,-1.292454307,-0.504203309,-1.312596069,-0.34830191,0.590833333,2580.83059,187.0083333,206.45,8.083333333,0.114166667,16.70563089
2007-02,2065809387,1973521294,5.325721918,3.399965888,6.072104903,1.259634029,1.900494727,0.721932391,0.345101338,0.74400926,0.423220449,42.13563536,-2.497523837,-0.456718562,-0.029956934,0.104423084,-0.007885853,-1.31038703,-0.468640757,-1.354218148,-0.380597155,0.5175,2594.215157,182.722009,212.8975076,8.083333333,0.715750873,16.40027388
2007-03,2038749757,1947669003,5.232345476,3.378978231,6.084659723,1.272368877,1.87185895,0.723631108,0.342924046,0.805146376,0.423287358,83.60803159,-1.864389312,-0.188381668,-0.001771556,0.124206083,0.218303025,-1.210857637,-0.106858696,-1.257732926,-0.314498768,0.3925,2553.130323,177.4959805,210.8319378,8.083333333,0.713606047,16.77332831
2007-04,2011927463,1922043472,5.209501487,3.357504559,6.169744557,1.290941247,1.831016384,0.725332327,0.340745465,0.874307363,0.423349663,136.1364998,-1.374204105,-0.148425083,-0.022434888,0.127306811,0.383186354,-1.145386155,0.068659007,-1.191379504,-0.310679083,0.1675,2563.823435,164.2287273,202.4971322,8.083333333,0.711183562,16.08719599
2007-05,1985341460,1896643702,5.405633378,3.409808176,5.995690457,1.237883682,1.929005783,0.727036023,0.338565797,0.952104151,0.423407363,192.7148978,-1.757758997,-0.466732976,-0.027445214,0.113772577,0.258780469,-1.184080006,-0.056563132,-1.088106815,-0.417742533,0.269166667,2583.522407,146.1091927,190.2728008,8.083333333,0.708489436,17.24804557
2007-06,1958990701,1871468694,5.37645347,3.394381097,6.037646417,1.253553088,1.900679418,0.728742171,0.336385245,1.039148667,0.423460457,246.3370835,-1.343258492,-0.158298283,0.012508902,0.125505521,0.328158943,-0.985280937,0.23916498,-1.108774059,-0.319462339,0.431666667,2581.4065,126.3263199,176.5386537,8.083333333,0.705529688,18.13002039
2007-07,1932874142,1846517449,5.281632992,3.373545135,6.083291663,1.268164659,1.868592768,0.730450746,0.334204012,1.136052841,0.423508944,289.996915,-1.238193777,-0.152856841,0.019645963,0.141100826,0.279945485,-0.936945876,0.322101852,-1.134259307,-0.31516999,0.335,2567.359423,108.0690522,163.6744007,8.083333333,0.702310335,18.8395772
2007-08,1906990738,1821788969,5.192788064,3.380257403,6.133403567,1.277995839,1.861560276,0.732161722,0.3320223,1.243428602,0.423552822,316.68825,-2.382847605,-0.412751067,-0.044144295,0.094416381,-0.021992153,-1.121463102,-0.056234931,-1.428888357,-0.390275004,0.375833333,2568.980931,94.52633298,154.0597519,8.083333333,0.698837395,16.87560631
2007-09,1881339442,1797282254,5.352168095,3.394399701,6.082714171,1.261673091,1.893436535,0.733875074,0.329840312,1.361887879,0.42359209,319.4049465,-2.26597211,-0.564294779,-0.056268249,0.086889269,0.010336305,-1.220450956,-0.046664585,-1.391485893,-0.441400986,0.140833333,2571.683251,88.88710541,150.0744173,8.083333333,0.695116885,17.05538456
2007-10,1855919210,1772996306,5.311180627,3.373980798,6.086242765,1.270987776,1.868069085,0.735590777,0.32765825,1.492042601,0.423626746,291.1408624,-1.858783087,-0.133415666,0.015149055,0.115831109,0.4426922,-0.858803449,0.719184491,-0.799551349,-0.334644981,0.2325,2594.623072,94.34031281,154.0981069,8.083333333,0.691154824,16.23268469
2007-11,1830728996,1748930125,5.314574606,3.3720298,6.099588118,1.274890231,1.864472201,0.737308805,0.325476318,1.634504696,0.423656788,224.8898556,-2.040775413,-0.228400513,-0.041951143,0.098275345,0.261593174,-0.946559723,0.497404536,-0.630517571,-0.367938481,0.5925,2573.197132,114.0748984,168.5105307,8.0625,0.686957229,16.75703524
2007-12,1805767754,1725082714,5.380236215,3.397805334,6.070787904,1.262005743,1.891813508,0.739029134,0.323294718,1.789886094,0.423682216,113.645784,-1.842133952,-0.435541922,-0.021232436,0.111070043,0.215084234,-1.022671489,0.243352445,-0.589471479,-0.4209913,0.516666667,2570.623265,151.2798056,195.6913986,8.0625,0.682530117,17.90227539
2008-01,1781034440,1701453072,5.220840665,3.286945845,5.983590978,1.218212988,1.758799786,0.774905,0.222050833,5.510280833,0.249585,32.10301833,11.46605304,2.587709741,0.654277838,0.27110348,2.536164983,1.357588964,4.215371973,4.175578301,0.48507858,0.5275,2202.189345,189.9833333,229.3583333,5.208333333,0.995,31.58526608
2008-02,1756528008,1678040202,5.279711855,3.304963246,5.888139688,1.196108819,1.775609111,0.742476593,0.318933324,-35.33130334,0.423719223,38.09522499,10.50910635,2.679407813,0.63192181,0.246883678,2.85892904,1.388726343,4.401826555,4.472668875,0.506245981,0.53,2278.884411,153.8548544,180.5103155,5.208333333,0.673011417,29.1086516
2008-03,1732247412,1654843104,5.39908213,3.331789783,5.910209243,1.175015874,1.774184497,0.744203672,0.316753936,-90.35915868,0.423730799,46.28325296,11.26024636,3.326961514,0.867386706,0.251550092,3.219792136,2.140913298,5.065540866,5.422774972,0.737180835,2.114166667,2249.485105,125.9374305,123.8376848,5.208333333,0.667931864,29.40048911
2008-04,1708191607,1631860779,5.342439209,3.316559657,5.852299624,1.170121533,1.789748081,0.745932951,0.31457569,-121.1551285,0.423737754,45.14429981,10.76360658,3.005220228,0.84921737,0.316778662,2.617343256,1.856657628,4.512155804,5.15777457,0.608784092,0.425,2232.366297,123.2539359,89.86021285,5.208333333,0.662646865,29.39389
2008-05,1684359548,1609092229,5.307944669,3.311047766,5.993597041,1.203406218,1.75326377,0.747664404,0.312398789,-131.8988309,0.423740088,37.30749822,11.21774407,2.852456991,0.767761543,0.235052863,2.445719241,1.895849295,4.53847312,5.382015139,0.556837029,0.3175,2167.905965,139.0591062,75.02990752,5.208333333,0.657162439,31.51695105
2008-06,1660750189,1586536454,5.292526468,3.283924399,5.994512267,1.221022191,1.760751591,0.749398007,0.310223436,-126.7698836,0.423737798,25.40198087,11.86694364,2.60519678,0.675402723,0.232759018,2.45921775,1.983327611,4.851471154,5.535321728,0.484306132,0.764166667,2183.569438,166.6076772,75.79877673,5.208333333,0.651484604,33.27836067
2008-07,1637362485,1564192456,5.417331588,3.283128758,5.778581502,1.164424729,1.823656772,0.751133733,0.308049833,-109.9479047,0.423730884,12.05688045,11.4100959,2.930861933,0.854161639,0.316041382,2.788396558,1.935469707,4.82261926,5.162969402,0.592552436,0.539166667,2193.340584,199.1543844,88.61882835,5.208333333,0.645619377,31.49437032
2008-08,1614195390,1542059236,5.316892736,3.315630293,5.848246969,1.174831736,1.789092698,0.752871558,0.305878184,-85.61251206,0.423719343,-0.098670362,11.48548054,3.010686505,0.828163443,0.237142674,2.877689597,2.008224336,4.866689198,5.223313936,0.618537265,0.195,2148.336723,229.9539636,109.9420703,5.166666667,0.639572775,33.23556341
2008-09,1591247859,1520135794,5.22288486,3.31158185,5.907284382,1.194182672,1.763369817,0.754611457,0.303708691,-57.94332364,0.423703175,-8.435538887,11.11105782,2.860477628,0.74986875,0.262458805,2.787662169,2.189041577,5.140441439,5.436584798,0.570377984,0.633333333,2180.326924,252.2611504,136.2205104,5.166666667,0.633350818,32.04597024
2008-10,1568518847,1498421133,5.422120909,3.336071199,5.948177479,1.172550044,1.762767471,0.756353403,0.301541556,-31.11995736,0.423682379,-10.32459244,12.0567588,3.51390837,1.036902873,0.251811435,3.169460199,2.947874553,5.688735927,6.122578081,0.785110348,0.775833333,2178.487396,259.3306805,163.9061567,5.166666667,0.626959522,32.43851774
2008-11,1546007308,1476914253,5.288020183,3.287800697,5.751961422,1.161155984,1.813691888,0.758097374,0.299376981,-9.322031167,0.423656952,-3.136698343,10.81416451,3.235117193,0.973942132,0.305954021,2.680501121,2.216397376,4.720498862,5.059392893,0.675724058,0.649166667,2168.801401,244.4172896,189.4510169,5.166666667,0.620404905,31.79730888
2008-12,1523712197,1455614156,5.288832217,3.319157239,6.024678163,1.203364161,1.743967109,0.759843341,0.297215171,3.270837006,0.423626893,15.75727609,11.33814877,2.937838924,0.800353205,0.214369796,2.3164355,2.484228418,4.841380435,5.296123115,0.575873578,0.754166667,2142.701501,200.7757132,209.307099,5.166666667,0.613692985,32.97837572
2009-01,1501632469,1434519842,5.005075819,3.404119478,6.355737801,1.215838196,1.587171366,0.153976667,0.223066667,4.259928333,0.167564167,23.550275,8.012725343,1.816339668,-0.191178142,0.037567338,0.812351884,1.997042026,2.950012767,3.71115811,0.08126546,0.2725,1824.72981,156.825,223.275,3.25,3.381666667,32.8473659
2009-02,1479767077,1413630312,5.111903503,3.47796765,6.383003233,1.135384498,1.561087082,0.76334117,0.292900652,2.077158345,0.423552874,10.24121711,7.397660082,2.71517216,0.111246293,0.097517411,1.468478261,2.66727303,3.147173635,4.362040303,0.38746776,0.538333333,1799.65665,169.1065261,245.0266635,3.25,0.599821307,33.85524901
2009-03,1458114977,1392944568,5.066705094,3.459508493,6.395217701,1.165494595,1.582601084,0.76509298,0.290748349,0.7567283,0.423508911,5.675286682,6.69532585,2.200943296,0.036413745,0.056605976,1.148193065,2.434330498,3.086206644,4.132774182,0.22778755,0.584166667,1845.040721,174.5465336,261.6063223,3.25,0.592673585,32.35275165
2009-04,1436675123,1372461611,5.103687117,3.433548249,6.383437872,1.194049716,1.581048233,0.766846688,0.28859962,0.181637364,0.423460311,8.634135214,6.381679213,2.10189957,-0.047434466,0.031237245,1.107883635,2.27614744,2.852376059,3.889805272,0.179810258,0.695833333,1841.415895,173.9405319,270.8090642,3.25,0.58539263,32.02505147
2009-05,1415446470,1352180442,5.060865144,3.437279514,6.475413792,1.201272786,1.562470743,0.768602267,0.286454669,0.207330256,0.423407072,16.8860573,7.487335269,2.522182211,0.105850635,0.079978372,1.304879885,2.658801745,3.218729686,4.403263503,0.321107031,0.674166667,1792.206419,169.0214861,273.9399772,3.25,0.577984462,33.33559957
2009-06,1394427972,1332100062,5.117406927,3.462669681,6.475803371,1.178367205,1.554944321,0.770359692,0.284313696,0.689251699,0.423349192,28.19934753,7.412585211,2.790188076,0.146091008,0.094580979,1.441988703,2.583916762,3.147957998,4.330361902,0.390042224,0.56,1798.974368,161.5223614,272.3041493,3.25,0.570455097,33.15999244
2009-07,1373618584,1312219472,4.984275071,3.397387953,6.424847612,1.219810722,1.580049896,0.772118939,0.282176906,1.482846412,0.423286671,40.34230049,6.1511764,2.024592288,-0.101426694,0.052429156,0.893247272,2.201698157,2.574183059,3.504605557,0.167422405,0.964166667,1822.14615,153.1761229,267.2066684,3.25,0.562810553,32.35399206
2009-08,1353017261,1292537673,5.053433427,3.423874282,6.406474894,1.190023131,1.578524824,0.773879983,0.280044502,2.443559118,0.423219507,51.08321079,6.533647507,2.126009159,-0.14578021,0.05063609,0.932811338,2.156029303,2.358057033,3.341551354,0.179158803,0.535833333,1815.825925,145.7157359,259.9526225,3.25,0.555056848,32.95940419
2009-09,1332622957,1273053667,5.199000138,3.477554185,6.359937329,1.139323179,1.569244485,0.775642797,0.277916684,3.426834537,0.423147698,58.19037301,6.726505225,2.610866592,0.055260265,0.074164868,1.318646965,2.331264652,2.596427966,3.73846106,0.343592645,0.558333333,1833.806938,140.8741655,251.8470997,3.25,0.5472,31.80590575
2009-10,1312434627,1253766454,5.083084877,3.459712739,6.387642549,1.168389324,1.577711919,0.777407357,0.275793657,4.288117391,0.423071242,59.43208174,6.557941964,1.956103975,-0.079507587,0.021545573,1.009318973,2.034667258,2.207701049,3.03511239,0.141110358,0.3425,1848.280529,140.3843769,244.1951877,3.25,0.539246027,31.24044429
2009-11,1292451225,1234675036,5.005228989,3.418491707,6.461042565,1.22468218,1.572410617,0.779173637,0.273675623,4.8828524,0.42299014,52.57663158,5.890721098,2.040931643,-0.101617643,0.029579736,1.013232556,1.992098281,2.133023666,2.994243082,0.157302351,1.095833333,1860.477345,145.9793352,238.3019748,3.25,0.531200946,30.57748902
2009-12,1272671706,1215778413,4.988090633,3.426005048,6.545971946,1.231845617,1.559534614,0.780941613,0.271562784,5.066484285,0.422904388,35.39231711,6.345380051,2.42429424,0.061275227,0.082350765,1.144788412,2.283236334,2.423293098,3.476103391,0.293927633,1.021666667,1834.901138,159.3920056,235.4725487,3.25,0.523070776,31.04032263
2010-01,1253095024,1197075588,4.790346674,3.237218103,6.216405323,1.135682718,1.554900487,0.1693,0.260729167,4.694405833,0.268743333,19.16717833,1.431852146,0.50994332,0.018894101,0.127458973,0.392135115,0.78041793,0.721645193,1.289513832,-0.071935913,0.355,2279.164663,174.2416667,236.7916667,3.25,0.751666667,24.61375071
2010-02,1233720135,1178565560,4.822496928,3.239290389,6.21834941,1.138371842,1.55399941,0.784482549,0.267353504,3.688442868,0.422718932,13.96090978,1.539587117,0.578207152,0.025403409,0.123720825,0.395798457,0.833778354,0.746894458,1.368448995,-0.064809067,0.291666667,2328.689923,183.3076678,239.1831844,3.25,0.506579235,23.22564168
2010-03,1214545992,1160247332,4.805803072,3.232113128,6.21830239,1.167228624,1.563474531,0.78625546,0.265257468,2.178863268,0.422619225,22.40259733,0.998243137,0.51919023,-0.055778048,0.095686255,0.319574475,0.631351965,0.502670765,1.15627404,-0.093286096,0.380833333,2364.028934,180.9596347,239.2140744,3.25,0.498229902,21.55558381
2010-04,1195571551,1142119904,4.805366516,3.255358265,6.200198233,1.170705903,1.567249498,0.788029964,0.263167438,0.375942075,0.422514864,42.30505985,0.9610776,0.54122375,-0.071704701,0.090724182,0.296330681,0.650210138,0.486077198,1.13397733,-0.088413541,0.405833333,2341.890391,171.4705553,237.3519239,3.25,0.489819549,22.99157613
2010-05,1176795766,1124182277,4.842066165,3.251777685,6.149994374,1.16320076,1.572212181,0.789806038,0.261083616,-1.509480594,0.422405846,69.04010873,0.609380421,0.490041115,-0.134962861,0.06836439,0.233289536,0.436761201,0.253393367,0.953403684,-0.109058546,0.230833333,2361.548602,157.5135479,234.2780705,3.25,0.481354195,21.78896667
2010-06,1158217591,1106433453,4.706910023,3.229886359,6.269821498,1.190143957,1.568939718,0.791583656,0.259006206,-3.266564623,0.422292171,97.97955535,1.026702559,0.565743559,-0.050214563,0.08842987,0.325405413,0.591937075,0.453522974,1.155527058,-0.09932605,0.194166667,2345.108627,141.7617309,230.6738521,3.25,0.472839858,21.48474343
2010-07,1139835981,1088872433,4.747965324,3.233818899,6.307334657,1.168054881,1.551128712,0.793362793,0.256935411,-4.684469898,0.422173837,124.4952111,1.473614859,0.54661342,-0.009912899,0.105324518,0.414813313,0.700758069,0.540484348,1.275302469,-0.081379402,0.285833333,2323.737139,126.8882228,227.2206063,3.25,0.464282555,22.31307335
2010-08,1121649891,1071498217,4.88199625,3.238065293,6.140623449,1.098585439,1.555967687,0.795143424,0.254871432,-5.552356302,0.422050843,143.9588874,1.059756183,0.418341589,-0.082039725,0.100904094,0.365021177,0.359331865,0.261236256,0.978969447,-0.096263021,0.224166667,2322.431152,115.5661419,224.5996709,3.25,0.455688305,22.20470273
2010-09,1103658275,1054309807,4.836951164,3.228321996,6.222668379,1.136548392,1.55451517,0.796925522,0.252814472,-5.65938372,0.421923186,151.7423956,1.113233649,0.467262469,-0.0373825,0.107093818,0.371223046,0.345211419,0.295314103,1.012644221,-0.087077744,0.1475,2335.967334,110.4686066,223.4923837,3.25,0.447063124,22.57221061
2010-10,1085860088,1037306204,4.80324363,3.231950378,6.269642361,1.169855446,1.556570603,0.798709064,0.250764735,-4.794712037,0.421790867,143.2175471,1.180439947,0.507598293,-0.046657621,0.092548268,0.351960647,0.469809835,0.288393711,1.121257503,-0.084920826,0.305,2353.105189,114.2687353,224.5800825,3.25,0.438413032,23.04183343
2010-11,1068254285,1020486409,4.797130673,3.27757917,6.362185163,1.242288951,1.560968484,0.800494024,0.248722422,-2.747501136,0.421653883,113.7561533,1.004698824,0.521316754,-0.079560375,0.090448766,0.312858468,0.367905314,0.19853162,1.048806202,-0.090886322,0.295833333,2336.64565,129.6396464,228.5441049,3.25,0.429744044,22.52243189
2010-12,1050839819,1003849423,4.87271757,3.239921661,6.153776172,1.131956966,1.56207755,0.802280376,0.246687736,0.693089097,0.421512233,58.73002562,0.681087163,0.430920403,-0.09805056,0.080193118,0.297949321,0.158901448,0.072720342,0.857193406,-0.104919355,0.255833333,2355.137131,159.2544584,236.0657888,3.25,0.42106218,21.48674671
2011-01,1033615647,987394247.8,4.613377916,3.092662172,5.825443025,1.006189851,1.606287141,0.288401667,0.291056667,6.015679167,0.344875833,24.1221775,1.282768559,0.525854176,0.0378737,0.040485837,0.429790547,0.381607092,0.173411774,1.212426761,-0.016119162,0.168333333,2701.299291,189.9083333,244.1666667,3.25,0.025,23.19993128
2011-02,1016580721,971119883.8,4.528700662,3.10767953,5.913565892,1.045769599,1.608647491,0.805857159,0.242642058,5.708935447,0.421214928,42.38796635,1.841334482,0.58938626,0.054056446,0.062557074,0.438772785,0.398480527,0.190093039,1.311172729,-0.020200514,0.258333333,2694.842677,153.0263201,238.8569992,3.25,0.403683893,23.96200979
2011-03,999733997.9,955025332.5,4.583992192,3.124498206,5.950630934,1.057100354,1.601557863,0.807647538,0.24063147,5.56194221,0.421059271,73.4129135,1.609728269,0.519407064,0.035333862,0.038307424,0.366120196,0.35946787,0.100219179,1.187930428,-0.03175201,0.273333333,2693.394812,113.5335508,235.5495099,3.25,0.394999505,23.41182289
2011-04,983074430.8,939109594.9,4.587151787,3.123629413,5.994823562,1.067062511,1.598446149,0.809439209,0.238629321,5.404909069,0.420898943,97.66876386,1.517978255,0.506101794,0.03760787,0.02707032,0.377240827,0.319628466,0.097959887,1.143553347,-0.0354867,0.151666667,2680.895254,85.95967822,236.4715507,3.25,0.386326312,24.59154475
2011-05,966600974.8,923371672,4.545332322,3.146317969,6.079965241,1.102017039,1.592915818,0.811232147,0.236635812,5.241456906,0.420733941,115.1029753,2.214381391,0.629353505,0.075592493,0.03678788,0.390607963,0.322068081,0.149413102,1.241178968,-0.012325723,0.6475,2673.996483,69.20040846,240.4392128,3.25,0.377670331,23.66802102
2011-06,950312584.4,907810565.2,4.579126394,3.122169495,5.965755634,1.062637911,1.591744642,0.813026326,0.234651146,5.075206604,0.420564264,125.6630057,1.679864956,0.627431031,0.088462998,0.043431269,0.422149119,0.333515602,0.184326785,1.270188245,0.000514886,0.286666667,2689.088336,62.15144753,246.2685874,3.25,0.369037579,23.31867862
2011-07,934208214.3,892425275.3,4.628305444,3.090450798,5.795281101,0.98803969,1.596905077,0.814821722,0.232675526,4.909779045,0.420389911,129.2963129,1.376020609,0.544171711,0.071497549,0.044768698,0.535894738,0.334683495,0.239925812,1.263097608,-0.0014857,0.316666667,2706.784378,63.70850146,252.7757656,3.25,0.360434075,23.05025714
2011-08,918286819,877214803.7,4.594319902,3.096226928,5.836109288,1.011453369,1.605947822,0.816618308,0.230709155,4.748795112,0.420210881,125.9503548,1.826803359,0.523848525,0.09623582,0.0452911,0.449042299,0.348465342,0.20843067,1.22166046,-0.010874191,0.393333333,2682.751675,72.76727628,258.7768384,3.25,0.351865836,24.78093817
2011-09,902547353.2,862178151.4,4.498674171,3.119233914,5.978579132,1.055461986,1.601403252,0.81841606,0.228752235,4.595875687,0.420027172,115.5725893,2.205822324,0.597646161,0.113308921,0.072599236,0.478434133,0.401762595,0.250882369,1.348432517,0.006788901,0.549166667,2655.540783,88.22347803,263.0878972,3.25,0.343338881,26.28467172
2011-10,886988771.3,847314319.5,4.604427612,3.137561334,6.120081534,1.103226599,1.598603955,0.820214953,0.226804969,4.454641651,0.419838782,98.11047416,1.870684725,0.526956893,0.081443031,0.045628162,0.403421833,0.304275674,0.156905163,1.153250097,-0.005933874,0.123333333,2636.418602,108.9728127,264.5250329,3.25,0.334859226,26.25590408
2011-11,871610028.1,832622309.1,4.697029261,3.114113504,6.015036132,1.064839244,1.597421717,0.822014961,0.224867559,4.328713889,0.419645711,73.51146735,1.462679645,0.445774537,0.035726725,0.014649581,0.416369634,0.294011458,0.107118585,1.068936148,-0.013064067,0.306666667,2708.323854,133.9109864,261.9043368,3.25,0.32643289,23.4509414
2011-12,856410078.1,818101121.4,4.501971711,3.125811057,6.016638303,1.056871141,1.592934905,0.823816059,0.222940208,4.221713281,0.419447956,41.7230267,2.711980382,0.636084593,0.141327476,0.078024968,0.519151592,0.420795878,0.304116162,1.408172569,0.024228591,0.143333333,2690.737545,161.9337051,254.0419,3.25,0.318065891,22.91912209
2012-01,841387876,803749757.4,3.923828241,3.152732106,6.219429178,1.129462788,1.588743623,0.986460833,0.137930833,4.126131667,0.327540833,18.18208417,0.621080592,0.615757307,-0.076014381,0.082220327,0.29699918,-0.580487899,-0.187673049,0.470267812,-0.020237417,0.170833333,2935.912407,178.875,242.7583333,3.25,-0.065833333,18.80307094
2012-02,826542376.2,789567218.4,3.88845407,3.128542418,6.125393588,1.08919626,1.589759305,0.827421425,0.219116495,4.077852449,0.419038392,18.13922951,-0.022247414,0.570629438,-0.13533893,0.067928082,0.287230826,-0.745452629,-0.280016356,0.291344732,-0.030164291,0.098333333,2965.084572,187.4104292,238.4534572,3.25,0.301533971,17.20862421
2012-03,811872533.4,775552505.4,3.930581919,3.139744617,6.143626054,1.088442851,1.588397842,0.829225642,0.217220538,4.042439808,0.418826579,20.95495189,0.260444262,0.607576918,-0.097774888,0.065823042,0.367198429,-0.699207642,-0.194944129,0.38456596,-0.013823644,0.135,3004.902734,198.1173351,236.0779731,3.25,0.293381088,16.7994824
2012-04,797377302.3,761704619.6,3.959441153,3.164872951,6.235395637,1.130054948,1.587998811,0.831030849,0.215335451,4.028618975,0.418610077,23.23832784,0.472484012,0.595681214,-0.037931807,0.062241315,0.306414512,-0.60448688,-0.160462433,0.398789453,-0.00699138,0.304166667,2919.553247,205.9000946,234.6404043,3.25,0.285311611,19.61749266
2012-05,783055637.3,748022562,3.824768481,3.138358648,6.075912063,1.056458948,1.582141482,0.832837019,0.213461436,4.033975664,0.418388885,24.96827413,0.267162262,0.561728008,-0.076843917,0.062720689,0.334641096,-0.694258954,-0.187777985,0.319796433,-0.002602235,0.150833333,2940.529129,210.9411069,234.0008355,3.25,0.27733156,18.54082638
2012-06,768906493.1,734505333.8,3.772004932,3.120509168,6.031149321,1.020430291,1.576313221,0.834644129,0.211598696,4.056095586,0.418163001,26.12370755,0.358447569,0.613578651,-0.076609918,0.093219483,0.389980952,-0.673349952,-0.144575371,0.425092049,0.001303803,0.295833333,2928.745828,213.4227712,234.0193513,3.25,0.269446951,18.41810357
2012-07,754928824.3,721151936.1,3.882369458,3.135599086,6.14423653,1.091856563,1.587959655,0.836452152,0.209747433,4.092564453,0.417932424,26.68354486,-0.096277031,0.524133943,-0.108395167,0.055218077,0.240196538,-0.786443445,-0.307933389,0.172127563,-0.034653143,0.2975,2961.178531,213.5274867,234.5560364,3.25,0.261663804,17.85723499
2012-08,741121585.4,707961370,4.014904419,3.16792348,6.335909142,1.169239361,1.584215441,0.838261063,0.207907851,4.140967977,0.417697152,26.62670284,0.090024355,0.533263382,-0.086537673,0.06055582,0.244430855,-0.718389696,-0.283434541,0.213430737,-0.02980302,0.253333333,2945.884622,211.4376526,235.4709755,3.25,0.253988134,17.86175688
2012-09,727483731.2,694932636.7,3.855043744,3.127209497,6.099654962,1.056091481,1.580050568,0.840070838,0.206080152,4.19889187,0.417457184,25.93209828,0.419728307,0.586164668,-0.088192268,0.086191504,0.406950789,-0.726715314,-0.171806165,0.34887492,-0.002988128,0.365,2932.83426,207.335668,236.6242533,3.25,0.246425961,18.1140206
2012-10,714014216.1,682064737.3,3.814558043,3.135265181,6.102966451,1.057269324,1.584335172,0.841881451,0.204264539,4.263921845,0.417212518,24.57864794,0.246319868,0.557714911,-0.083938727,0.080396872,0.348034611,-0.820427081,-0.241377391,0.234161029,-0.008936762,0.22,2962.720565,201.4039323,237.8759544,3.25,0.238983303,18.17430269
2012-11,700711994.7,669356672.8,3.873138913,3.159143845,6.21156257,1.095948681,1.5836328,0.843692876,0.202461214,4.333643613,0.416963154,22.54526861,0.205833535,0.555626227,-0.043468061,0.067821249,0.306529229,-0.737793999,-0.222680534,0.225553937,0.002691963,0.559166667,2937.25133,193.8248446,239.0861635,3.25,0.231666175,18.75213439
2012-12,687576021.7,656807444.5,3.899069123,3.154182409,6.193344921,1.093582103,1.580619694,0.845505089,0.20067038,4.405642886,0.416709089,19.81087706,-0.198007006,0.512323223,-0.076669946,0.058138769,0.269949864,-0.833662464,-0.3054228,0.128042921,-0.009485711,0.566666667,2939.870473,184.7808041,240.1149653,3.25,0.224480598,17.78015674
2013-01,674605251.7,644416053.4,4.205057744,3.18427667,6.200608585,1.085117059,1.563332379,0.249574167,0.131605833,4.485943333,0.3484375,16.61522167,-2.200809478,0.041952864,-0.347971415,-0.244428618,-0.216615149,-0.986825983,-0.927275694,-0.91097589,-0.088550177,0.579166667,3461.264361,174.5333333,240.825,3.25,-0.068333333,14.35168213
2013-02,661798639.2,632181500.6,4.231454424,3.197235702,6.330581931,1.124079086,1.577402386,0.849131776,0.197126996,4.54512884,0.416186853,5.244491347,-2.394144753,0.075892599,-0.308386545,-0.205715072,-0.190281911,-0.990147124,-0.890425028,-0.886914093,-0.074924229,0.264166667,3496.674386,164.3711631,241.1901377,3.25,0.210533662,14.21593005
2013-03,649155138.9,620102787.3,4.234789902,3.182699859,6.243726999,1.085831878,1.57573403,0.8509462,0.19537485,4.603135598,0.415918678,-0.303322766,-2.411388103,0.014127025,-0.330814385,-0.247336128,-0.224826665,-0.900295082,-0.912334799,-0.908335625,-0.07039161,0.1825,3441.333951,155.3952421,241.2561376,3.25,0.203797902,15.26624972
2013-04,636673705.2,608178914.6,4.235906122,3.172763113,6.117342606,1.044004879,1.57493879,0.852761311,0.193636007,4.645583991,0.415645798,7.676543821,-2.565615505,-0.046887817,-0.36240068,-0.274164889,-0.273791445,-1.048710972,-1.024524984,-1.047852001,-0.097228812,0.071666667,3492.336681,147.8492682,241.0982902,3.25,0.197241185,14.83898028
2013-05,624353293,596408883.6,4.283943994,3.187383562,6.172481872,1.047702534,1.561001774,0.854577084,0.191910667,4.666616059,0.415368209,24.9033272,-2.45305395,-0.041245338,-0.369493817,-0.311391809,-0.264654975,-0.924098787,-1.013572834,-0.99150294,-0.079757864,0.209166667,3536.039157,141.9464663,240.7870752,3.25,0.19087906,14.39496737
2013-06,612192856.6,584791695.5,4.283467844,3.192505157,6.233910014,1.082935245,1.572762849,0.856393492,0.190199035,4.660373845,0.415085912,47.09626348,-2.613837199,-0.026413038,-0.363384483,-0.262963556,-0.246050554,-1.026541008,-1.038483055,-1.047873943,-0.086483959,0.464166667,3559.904179,137.9000611,240.3929726,3.25,0.18472707,13.95320806
2013-07,600191350.7,573326351.3,4.19722543,3.167116275,6.1893783,1.083497296,1.575089636,0.858210512,0.188501312,4.620999388,0.414798905,69.97458876,-2.60974732,-0.019654524,-0.351932339,-0.239934769,-0.232563722,-1.10882423,-1.03132569,-1.087138843,-0.100136832,0.275,3472.203491,135.9232776,239.986462,3.25,0.178800763,14.35961552
2013-08,588347730,562011852.2,4.173942403,3.158521558,6.128715168,1.047882686,1.564947593,0.860028117,0.186817701,4.542634731,0.414507185,89.25753912,-2.589343538,-0.054081371,-0.390446669,-0.279945982,-0.261237492,-1.125284026,-1.070781709,-1.154375317,-0.096975295,0.261666667,3471.428046,136.2293404,239.6380232,3.25,0.173115685,14.11361589
2013-09,576660949,550847199.2,4.268426621,3.186822768,6.276550097,1.085273984,1.57295652,0.861846283,0.185148405,4.419421913,0.414210753,100.6643507,-2.533496619,-0.033631498,-0.340864012,-0.264415011,-0.235838935,-1.02894338,-1.026299675,-1.09398637,-0.074910883,0.353333333,3486.031309,139.0314746,239.418136,3.25,0.167687381,14.57959064
2013-10,565129962.3,539831393.6,4.271565695,3.173553787,6.265913298,1.086871506,1.574117351,0.863664985,0.183493626,4.245502977,0.413909606,99.91425952,-2.584570681,-0.048139238,-0.37142316,-0.283883326,-0.243764782,-1.01399735,-1.051860345,-1.136869732,-0.078078726,0.176666667,3489.57064,144.5429048,239.3972803,3.25,0.162531398,13.89864884
2013-11,553753724.4,528963436.5,4.237726565,3.168847245,6.124969645,1.042599803,1.571479008,0.865484196,0.181853567,4.015019963,0.413603742,82.72650174,-2.619640058,-0.115094417,-0.434323133,-0.340257497,-0.317175347,-1.101539969,-1.154065834,-1.223556387,-0.090206885,0.413333333,3529.0906,152.976856,239.6459358,3.25,0.157663282,13.98081384
2013-12,542531190.1,518242328.8,4.301847977,3.192800486,6.16977574,1.043073046,1.565594247,0.867303893,0.180228432,3.722114911,0.413293162,44.82031346,-2.578189615,-0.081298736,-0.399736201,-0.311352903,-0.276272691,-1.039956685,-1.117884416,-1.158601326,-0.079257638,0.541666667,3562.333451,164.5465529,240.2345822,3.25,0.153098578,13.94519014
2014-01,531461313.9,507667071.9,4.202812428,3.27054688,6.679139398,1.155667079,1.622765457,0.288071667,0.164395833,3.3735125,0.186888333,14.61755583,-2.907637293,-0.183326355,-0.113192716,-0.014699421,-0.234100523,-1.412026391,-1.079856172,-1.296792271,-0.091149243,1.505833333,4364.617999,179.3333333,241.2416667,3.25,-0.1025,14.22864261
2014-02,520543050.3,497236666.8,4.216339955,3.263849694,6.51955068,1.074405666,1.630490816,0.87094464,0.177023739,2.937742279,0.412657841,-6.992808218,-3.062418609,-0.339988895,-0.172904167,-0.053233054,-0.320423066,-1.531151314,-1.234375511,-1.422379755,-0.11135173,0.624166667,4373.955586,193.9950832,242.6720297,3.25,0.144941594,13.03742576
2014-03,509775354,486950114.6,4.204040546,3.27813863,6.452632361,0.999617532,1.631527595,0.87276564,0.175444588,2.482420074,0.412333099,-21.49225575,-2.928262385,-0.447846568,-0.181808248,-0.075300775,-0.397074699,-1.497123782,-1.246323426,-1.43235054,-0.099969451,0.383333333,4383.016529,204.6081747,244.4132441,3.25,0.141380405,13.70369311
2014-04,499157179.6,476806416.4,4.20986573,3.27799735,6.599394158,1.078410318,1.622518794,0.874587024,0.173881169,2.032092621,0.412003634,-10.04194607,-2.893438091,-0.318206361,-0.143871708,-0.041671744,-0.306280214,-1.411515002,-1.165780887,-1.329214269,-0.091784526,0.2625,4368.025192,211.3691905,246.2470952,3.25,0.138184813,14.24236805
2014-05,488687481.6,466804573.4,4.210035582,3.275714086,6.600052477,1.078335655,1.624858612,0.876408767,0.172333687,1.623654258,0.411669444,19.5074228,-2.962920088,-0.327982786,-0.148222964,-0.03925702,-0.306440789,-1.454147353,-1.17770662,-1.377770826,-0.090877454,0.5525,4389.866015,214.7726778,247.9617835,3.25,0.135370365,14.23579062
2014-06,478365214.8,456943586.6,4.259478885,3.2650868,6.536557088,1.074065247,1.629219438,0.878230843,0.170802344,1.29399932,0.411330528,59.30515286,-3.047728003,-0.339994533,-0.128069744,-0.071769503,-0.330953475,-1.472059487,-1.227966513,-1.389545278,-0.099620452,0.389166667,4317.40676,215.313184,249.3455097,3.25,0.132952605,14.34769971
2014-07,468189333.5,447222457.3,4.241717743,3.265491824,6.453210488,1.03136206,1.638748913,0.880053229,0.169287342,1.080022143,0.410986884,101.5005461,-3.074577678,-0.406070284,-0.126880811,-0.071710489,-0.38326526,-1.551658683,-1.282547436,-1.440867369,-0.097925899,0.3975,4300.356809,213.4852562,250.1864744,3.25,0.130947081,14.38271908
2014-08,458158792.6,437640186.5,4.185861055,3.260498976,6.592399664,1.077459462,1.628357981,0.881875897,0.167788883,1.018617061,0.410638512,138.2429044,-3.114243356,-0.357266892,-0.137950569,-0.034104257,-0.314104836,-1.562788424,-1.21803874,-1.462833791,-0.100821208,0.365,4331.259198,209.7834418,250.2728781,3.25,0.129369338,13.60895812
2014-09,448272546.4,428195775.3,4.206255188,3.255887711,6.571995235,1.076363606,1.628418183,0.883698823,0.166307172,1.146678413,0.410285409,161.6815299,-3.16838287,-0.377415006,-0.147813581,-0.04478655,-0.32279224,-1.59831141,-1.249175819,-1.506668405,-0.109078201,0.620833333,4344.587337,204.7022879,249.3929214,3.25,0.128234922,13.83298296
2014-10,438529549.7,418888224.9,4.205851151,3.273962087,6.466084265,0.997797039,1.630560368,0.885521982,0.164842409,1.501100532,0.409927574,163.9657245,-2.934548808,-0.457962175,-0.151878642,-0.065024473,-0.402819937,-1.551755296,-1.245224219,-1.478464388,-0.091042858,0.734166667,4362.564007,198.7363418,247.334805,3.25,0.12755938,14.25652632
2014-11,428928757.1,409716536.4,4.234698326,3.264625766,6.575748542,1.070476387,1.633181982,0.887345349,0.163394799,2.118777754,0.409565006,137.2447902,-2.900223185,-0.41778132,-0.149842064,-0.037605061,-0.358776472,-1.554484059,-1.235505113,-1.464116986,-0.093723694,0.68,4389.966387,192.3801507,243.8867294,3.25,0.127358258,14.58064491
2014-12,419469123.1,400679710.9,4.220174108,3.277748225,6.633389253,1.076895206,1.625199685,0.889168898,0.161964543,3.036604416,0.409197703,73.66802899,-2.677274945,-0.354857,-0.137079597,-0.041996006,-0.314931423,-1.48217884,-1.197637678,-1.415060531,-0.07903101,0.433333333,4411.585735,186.1282619,238.8368953,3.25,0.1276471,14.51115897
2015-01,410149602.3,391776749.5,4.096120341,3.651811192,7.761116452,1.145901046,1.547917773,0.511215,0.695979167,4.231213333,0.308198333,18.42179833,-1.185188458,-0.064109153,-0.061879943,-0.052227458,-0.156513031,-0.65000772,-0.608277506,-0.869153316,0.050109157,1.068333333,4862.85513,174.1666667,230.1833333,3.25,-0.0575,18.83674873
2015-02,400969149.3,383006653.3,3.928635668,3.799869362,7.913714722,1.03867435,1.534933935,0.892816442,0.159156906,5.273197491,0.408448888,31.16032047,-0.941627972,-0.107691807,-0.100307627,-0.032999148,-0.232582594,-0.487765868,-0.47662053,-0.78445174,0.127183496,0.476666667,4910.627958,163.1681249,214.1476613,3.25,0.129756867,17.38533571
2015-03,391926718.7,374368423.5,4.020413754,3.690477995,7.798169525,1.107953765,1.547238242,0.894640387,0.15777993,5.872769485,0.408067373,60.6785455,-1.029632352,-0.088636607,-0.102814122,-0.058906264,-0.179595307,-0.764789718,-0.677564871,-1.006955617,0.068705204,0.4625,4995.609391,158.627875,201.7818531,3.25,0.131608883,16.22947184
2015-04,383021265.2,365861061.3,4.039463876,3.67745467,7.802272549,1.107559447,1.548160104,0.896464414,0.156421119,6.101427222,0.407681117,91.50411246,-1.041032289,-0.125787081,-0.118751628,-0.056671801,-0.196243143,-0.694711712,-0.630297817,-0.965259737,0.076501227,1.406666667,4971.04138,154.9249925,194.2140938,3.25,0.134013048,16.58608387
2015-05,374251743.2,357483567.6,4.022914279,3.640423645,7.748937761,1.110039182,1.547871251,0.898288496,0.155080675,6.032154758,0.407290119,120.9885001,-1.16760408,-0.140140963,-0.144231509,-0.048309931,-0.191007431,-0.753425843,-0.648745748,-1.004116848,0.061834936,0.520833333,4949.886306,152.1066169,190.752317,3.25,0.136984909,15.76642417
2015-06,365617107.5,349234943.6,3.964121501,3.676362726,7.821016144,1.072649596,1.539843565,0.90011261,0.153758803,5.737936146,0.406894378,146.4831873,-1.191476163,-0.158585906,-0.144083791,-0.036525801,-0.20439675,-0.700426211,-0.569791078,-0.979633206,0.079327865,0.51,4901.006443,150.2198877,190.7044562,3.25,0.140540013,16.41448173
2015-07,357116312.5,341114190.5,4.039390774,3.607337095,7.78434229,1.149553459,1.549032058,0.90193673,0.152455703,5.291755438,0.406493893,165.3396528,-1.194072589,-0.094070206,-0.092393582,-0.048133011,-0.168665156,-0.866170987,-0.678831962,-1.00322711,0.047389619,0.515,4883.861551,149.3119447,193.3784449,3.25,0.144693904,16.46947267
2015-08,348748313,333120309.4,4.047931929,3.686957745,7.826958678,1.109851636,1.544781789,0.90376083,0.151171579,4.766596687,0.406088661,174.9093754,-1.038198998,-0.11899619,-0.062063674,-0.059897912,-0.193822122,-0.67185208,-0.598894757,-0.862026679,0.074361723,0.3975,4886.155139,149.4299274,198.0822165,3.25,0.149462129,17.23702081
2015-09,340512063.4,325252301.3,3.964894765,3.798893255,7.973442144,1.042094019,1.530891675,0.905584886,0.149906634,4.235443948,0.405678682,172.5438339,-0.991627421,-0.138614197,-0.093281017,-0.0546043,-0.231341637,-0.523645602,-0.468378832,-0.829971673,0.123590941,0.34,4901.020231,150.6209754,204.1237047,3.25,0.154860235,18.01922278
2015-10,332406518.4,317509167.5,4.055126822,3.761408769,7.957496843,1.077134307,1.541438557,0.907408871,0.14866107,3.771281273,0.405263954,155.594507,-1.08640362,-0.151882154,-0.123552033,-0.07732708,-0.20155542,-0.64142908,-0.563078213,-0.922770867,0.099098333,0.25,4963.123513,152.9322284,210.810843,3.25,0.160903766,16.89880018
2015-11,324430632.5,309889909,4.088653437,3.624011575,7.798886789,1.145014681,1.557662348,0.909232762,0.147435089,3.447092716,0.404844475,121.4128736,-0.962805501,-0.133678394,-0.098331771,-0.072424747,-0.183013489,-0.688910435,-0.573465322,-0.932120205,0.088059542,0.295,4953.6346,156.410826,217.4515647,3.25,0.16760827,16.84126467
2015-12,316583360.5,302393526.9,4.061123743,3.579070682,7.734848991,1.146646179,1.558518462,0.911056533,0.146228895,3.335862329,0.404420244,67.35041245,-1.002814334,-0.158717861,-0.139540732,-0.048870649,-0.194726852,-0.77501568,-0.632279774,-0.977015462,0.067472455,0.518333333,4932.454851,161.1039077,223.3538035,3.25,0.174989292,15.62728743
2016-01,308863656.8,295019022.4,3.827670961,3.905749497,8.183859137,1.089372661,1.409691742,3.0263425,0.370474167,3.481015833,0.383446667,17.31159917,-0.230020816,0.063967328,-0.009085423,0.105091871,-0.041778921,-0.636393941,-0.412984018,-0.349937557,0.08382997,0.875833333,4981.973893,167.05,227.8416667,3.5,0.006666667,15.71229007
2016-02,301270476,287765396.6,3.90286382,3.851752999,8.09565186,1.123314483,1.439451292,0.914703612,0.143876676,3.816801926,0.403557522,-34.21642162,-0.159267207,0.02150496,-0.014924392,0.075976296,-0.040848901,-0.668918843,-0.454719245,-0.44302613,0.069505809,0.708333333,4968.087148,172.0773275,230.5962825,3.5,0.191824995,15.77487565
2016-03,293802772.9,280631650.7,3.948038741,3.758997734,7.973219261,1.15345027,1.465695667,0.916526871,0.142731057,4.046653087,0.403119028,-96.61516823,0.068491309,0.03362998,0.029471852,0.104145538,-0.037926752,-0.721782737,-0.470378624,-0.424813059,0.069303516,0.653333333,4956.109846,171.547543,231.8559837,3.5,0.201254881,16.5822029
2016-04,286459501.8,273616785.6,3.937479152,3.824152122,8.096614938,1.118212584,1.452126157,0.918349909,0.141606035,4.17892912,0.402675776,-129.3886595,0.107749829,0.077034011,0.080145507,0.094336293,-0.058190499,-0.632777409,-0.376899514,-0.335760316,0.101233507,0.386666667,4939.392776,166.262446,231.9511467,3.5,0.211323055,16.67024465
2016-05,279239617.5,266719802.6,3.903723744,3.841325903,8.134159932,1.122083503,1.440728515,0.9201727,0.140501812,4.224575874,0.402227765,-137.9927787,-0.02288191,0.038554192,0.043211536,0.086769365,-0.052565732,-0.671012602,-0.42062449,-0.380496611,0.085123633,0.420833333,4947.480209,157.9438174,231.2117605,3.5,0.222001244,15.50169248
2016-06,272142074.6,259939702.8,3.855841228,3.843664745,8.087371231,1.119555365,1.441339691,0.92199522,0.139418592,4.194539196,0.401774993,-127.8834091,-0.297629286,-0.02227976,-0.025637157,0.092704814,-0.042769563,-0.801118551,-0.524916802,-0.466965773,0.042430042,0.360833333,5029.009269,148.3134382,229.9678141,3.5,0.233261179,14.73442603
2016-07,265165827.5,253275487.3,3.810395525,3.924083489,8.173974322,1.085464953,1.407293159,0.923817443,0.138356576,4.099764932,0.40131746,-104.5164338,-0.296091114,-9.68E-05,-0.016263419,0.100080625,-0.052341555,-0.675770987,-0.418380524,-0.386107769,0.055115539,0.53,4978.561397,139.0930895,228.5492967,3.5,0.245074587,16.26595875
2016-08,258309831,246726157.2,3.769520996,3.987361943,8.292228826,1.051714849,1.398628814,0.925639344,0.137315969,3.95119893,0.400855163,-73.34773605,-0.087693,0.076529949,0.041870493,0.13206731,-0.053861474,-0.511880754,-0.275291457,-0.20506882,0.101531174,0.7025,4961.141436,132.0045523,227.2861974,3.5,0.257413198,16.91548327
2016-09,251573039.7,240290713.6,3.934525599,3.843146551,8.126374643,1.121087435,1.437568355,0.927460898,0.136296971,3.759787036,0.400388102,-39.83319909,-0.117701619,-0.009845024,-0.015499848,0.069682692,-0.042285526,-0.638848259,-0.419729047,-0.391942124,0.056113634,0.619166667,4962.415256,128.7696076,226.5085051,3.5,0.270248739,16.10942165
2016-10,244954408,233968157.7,4.029986062,3.679141364,8.019546656,1.187832266,1.487426341,0.929282079,0.135299786,3.536475098,0.399916274,-9.428706138,0.182873479,-0.005336381,0.020733942,0.085015056,-0.052437213,-0.700782848,-0.449611651,-0.391428257,0.052683742,0.44,4952.760258,131.1100364,226.546209,3.5,0.28355294,16.30175042
2016-11,238452890.6,227757490.6,3.88005681,3.810756251,8.159696084,1.117613276,1.44936387,0.931102863,0.134324617,3.292208963,0.399439679,12.40985959,0.178637989,0.081705804,0.10888471,0.127973047,-0.062692429,-0.483090914,-0.282006129,-0.135171808,0.116564757,0.750833333,4924.33575,140.7476197,227.7292981,3.5,0.297297529,16.76289379
2016-12,232067442.2,221657713.4,3.831660711,3.90980218,8.206288931,1.086546508,1.41348863,0.932923224,0.133371666,3.037934477,0.398958315,20.22661488,-0.29458492,0.015662888,0.022381269,0.098771725,-0.044839357,-0.545655853,-0.348991005,-0.261543546,0.088434386,0.669166667,4952.391078,159.4041386,230.3877615,3.5,0.311454234,16.11213416
2017-01,225797017.3,215667827.2,3.963814699,3.950839965,8.063492144,1.122135589,1.394338837,1.304853333,0.151668333,2.826376667,0.387589167,14.56034167,-2.78587493,-0.473458252,-0.285716254,-0.147408559,-0.216263447,-1.538408201,-1.130132638,-1.454185695,-0.161144717,0.425,6217.420979,181.8666667,234.5833333,4.0625,-0.043333333,10.9370905
2017-02,219640570.4,209786833.1,4.023920847,3.87655602,8.04140625,1.157352389,1.414189043,0.936562577,0.13153323,2.543143844,0.397981275,29.28067232,-3.011223722,-0.451409142,-0.263919387,-0.147145615,-0.187127954,-1.482862274,-1.077265318,-1.402813091,-0.147766765,0.093333333,6210.927681,184.4590437,237.7616714,4.0625,0.34089091,10.66988449
2017-03,213597056.2,204013732.3,3.946873771,4.077889514,8.190691123,1.093707684,1.354424544,0.938381518,0.130648149,2.324519391,0.397485595,27.38621006,-3.050026527,-0.484410169,-0.30653206,-0.193096234,-0.195636049,-1.480096049,-1.091285,-1.455540377,-0.164173903,0.459166667,6116.579004,172.3023559,238.1149867,4.0625,0.356114338,10.84027468
2017-04,207665429.4,198347525.9,4.080160496,3.783196422,8.074733991,1.194827293,1.440400616,0.940199936,0.129786097,2.139669975,0.396985141,0.383253697,-3.194904496,-0.425330844,-0.222214919,-0.134317772,-0.175928442,-1.420510664,-1.027265528,-1.316874259,-0.129446562,0.450833333,6151.148055,155.1221347,236.2667862,4.0625,0.371636797,10.84764654
2017-05,201844644.4,192787214.9,3.953964239,3.949331337,8.158365735,1.120977691,1.391045225,0.942017805,0.128947277,1.999541445,0.39647991,-42.8339368,-3.132905004,-0.470706638,-0.257322505,-0.143799942,-0.227091616,-1.503427152,-1.105307656,-1.409338469,-0.145658175,0.250833333,6101.583366,135.6169608,232.969693,4.0625,0.387430016,11.11981122
2017-06,196133655.9,187331800.6,3.8576142,4.136191721,8.215908603,1.055703118,1.331996608,0.943835099,0.128131891,1.915079647,0.395969902,-93.37110146,-3.013872174,-0.518936095,-0.304092404,-0.173231448,-0.242828903,-1.530466711,-1.145950112,-1.475997255,-0.173840878,0.228333333,6175.21911,116.4854148,228.9763305,4.0625,0.403465724,11.1232282
2017-07,190531418.4,181980284.1,3.914069017,4.037553444,8.168042199,1.088060273,1.361162761,0.945651795,0.127340142,1.897230428,0.395455115,-142.3339803,-3.095494559,-0.505162125,-0.280693262,-0.152726047,-0.250369808,-1.566787417,-1.157902378,-1.467179373,-0.166764476,0.0525,6252.627205,100.4260775,225.0393219,4.0625,0.419715649,10.95052597
2017-08,185036886.6,176731666.4,3.980062557,3.942833802,8.138782686,1.123555015,1.390584522,0.947467866,0.126572231,1.956939635,0.394935548,-180.8283134,-3.132542009,-0.488098794,-0.285191222,-0.139644315,-0.235752839,-1.555659281,-1.133475869,-1.45507931,-0.159489841,0.201666667,6281.472033,90.13752958,221.9112904,4.0625,0.43615152,10.75832183
2017-09,179649015.1,171584948.7,4.019340739,3.896612598,8.190733109,1.163410423,1.401771623,0.949283287,0.125828363,2.105153116,0.394411199,-199.9598408,-3.007842553,-0.474535426,-0.292589473,-0.174182733,-0.199651825,-1.450614959,-1.065787729,-1.411676889,-0.153088911,0.314166667,6157.837168,88.31835181,220.3448592,4.0625,0.452745065,10.82988442
2017-10,174366758.5,166539132.1,4.050168245,3.997728019,8.229582735,1.128801304,1.374253152,0.951098033,0.12510874,2.352816717,0.393882066,-190.8343025,-2.918979625,-0.489689796,-0.296172525,-0.197488541,-0.212371852,-1.412277214,-1.058928184,-1.412809228,-0.162709158,0.564166667,6141.156069,97.66712489,221.0926517,4.0625,0.469468014,11.81822748
2017-11,169189071.2,161593217.7,3.963342982,3.947189941,8.168662167,1.122893033,1.389388814,0.952912079,0.124413564,2.710876286,0.393348149,-144.5574386,-3.006526429,-0.492601639,-0.247466768,-0.147726237,-0.231055647,-1.472913622,-1.076892012,-1.398561478,-0.149406595,0.245,6170.522976,120.8824295,224.9072909,4.0625,0.486292095,11.5642636
2017-12,164114908.1,156746206.6,3.970740216,3.942480437,8.198759584,1.122528435,1.388123657,0.954725399,0.123743038,3.190277669,0.392809446,-52.23498901,-3.064885529,-0.493550636,-0.267147827,-0.145538057,-0.235586385,-1.510983136,-1.100530147,-1.432844379,-0.149683054,0.345,6099.045567,160.6628465,232.5414003,4.0625,0.503189036,11.39718467
2018-01,159143223.5,151997100.1,4.160469527,3.69861615,8.042292357,1.152641963,1.447320149,1.425785833,0.1182475,3.78838,0.707306667,19.9529025,-2.783808342,-0.461193966,-0.07753558,-0.131082426,-0.234373996,-1.378768414,-0.987969932,-1.243400828,-0.095324449,0.13,7443.916318,203.925,245.9333333,4.875,-0.025833333,14.95609887
2018-02,154272972.2,147344899.1,4.036444724,3.814765503,8.057782043,1.080763973,1.408362125,0.958349763,0.122476747,4.62941008,0.391717675,170.3256493,-2.651692138,-0.502490908,-0.046928666,-0.144296768,-0.2594608,-1.417481346,-1.000144576,-1.294056228,-0.095546408,0.0525,7394.92393,194.4816557,253.2658455,4.875,0.537088414,15.50939387
2018-03,149503108.8,142788604.8,4.144758163,3.708765346,8.111319476,1.15838757,1.439025497,0.960160756,0.121881387,5.67329104,0.391164604,385.1745131,-2.652049416,-0.416765115,-0.05164511,-0.108050698,-0.226954768,-1.407510254,-0.945633677,-1.242549574,-0.053026409,0.246666667,7409.433729,184.6368943,256.1315481,4.875,0.554034308,14.36516247
2018-04,144832587.7,138327218.4,4.156207736,3.70702148,8.126976232,1.157117118,1.438588413,0.961970923,0.121311487,6.826846253,0.390606742,559.2479055,-2.611741718,-0.419752463,-0.060700776,-0.107244048,-0.229913435,-1.391270846,-0.95110488,-1.228952465,-0.05746045,0.231666667,7451.74516,179.482106,256.9290876,4.875,0.570939978,14.12161248
2018-05,140260363.7,133959740.9,4.055305429,3.825064399,8.081607377,1.080056387,1.406733805,0.963780238,0.120767251,7.970638572,0.390044087,690.1062351,-2.529979783,-0.490832268,-0.047884279,-0.137598166,-0.282543526,-1.355225194,-0.989340754,-1.25571319,-0.085346758,0.47,7409.520218,178.1449595,256.1518104,4.875,0.587777151,18.25605613
2018-06,135785391.3,129685173.4,4.07342975,3.834281738,8.116616153,1.080808003,1.400975668,0.965588677,0.12024888,8.985230852,0.389476636,775.3099108,-2.233867284,-0.423571374,0.028314179,-0.118840242,-0.27777259,-1.239582264,-0.900697128,-1.097788414,-0.048900938,0.528333333,7408.372392,179.7531235,254.2930629,4.875,0.604517557,19.16752267
2018-07,131406625.1,125502517.2,4.153907671,3.774087375,8.143040886,1.118597306,1.418693991,0.967396214,0.119756578,9.751185946,0.38890439,812.4193412,-2.356251104,-0.432383188,-0.006350019,-0.123876279,-0.277866216,-1.262258786,-0.926111871,-1.140940153,-0.056482423,0.38,7481.123993,183.4342668,251.8461917,4.875,0.621132923,17.0569236
2018-08,127123019.6,121410773.3,4.128817247,3.688700803,8.112489964,1.154031535,1.448807405,0.969202823,0.119290548,10.14906671,0.388327346,798.9949352,-2.617921803,-0.506684346,-0.082384364,-0.143710705,-0.277024195,-1.358414402,-1.019776802,-1.277318863,-0.091754194,0.3675,7504.206849,188.3160582,249.3045432,4.875,0.637594979,14.40534656
2018-09,122933529.6,117408942.8,4.062587272,3.821820423,8.10502272,1.084535419,1.407072701,0.97100848,0.118850991,10.05943599,0.387745503,732.5971015,-2.56686063,-0.51369495,-0.052602362,-0.146526161,-0.273122121,-1.388227635,-1.014571845,-1.290257661,-0.084941333,0.144166667,7458.132019,193.5261665,247.1614638,4.875,0.653875454,15.4041195
2018-10,118837109.6,113496026.8,4.115419921,3.782967496,8.180365883,1.123412117,1.414157968,0.97281316,0.118438111,9.362856652,0.38715886,610.7862487,-2.465300032,-0.425490159,-0.030883167,-0.108782411,-0.286651547,-1.34984072,-0.967162626,-1.216050943,-0.039497457,0.3225,7361.562861,198.1922604,245.9103,4.875,0.669946076,16.55383041
2018-11,114832714.2,109671026.6,4.10919205,3.776862595,8.152194198,1.122417931,1.419699007,0.974616837,0.11805211,7.939891542,0.386567414,431.1227858,-2.440991401,-0.425781253,-0.020288064,-0.115895627,-0.27095201,-1.336328495,-0.949338366,-1.203948417,-0.037612413,0.3775,7377.894394,201.4420087,246.0443982,4.875,0.685778573,16.24910032
2018-12,110919297.9,105932943.1,4.042115061,3.828803453,8.107849842,1.080109798,1.407834972,0.976419486,0.11769319,5.671103516,0.385971166,191.1671214,-2.407480636,-0.462291345,0.003696357,-0.142586326,-0.32587339,-1.344002742,-0.99304407,-1.228382517,-0.060863916,0.191666667,7456.971982,202.4030802,248.0571048,4.875,0.701344674,16.70076625
2019-01,107095815.5,102280777.5,3.814388546,3.834513851,8.572924438,1.13045789,1.385524457,1.907531667,0.209735833,2.883438333,1.343218333,21.35334333,-2.495877472,-0.294552295,-0.108840541,0.09113687,-0.432618486,-1.491706537,-0.991252063,-1.206744847,-0.062093769,0.29,7831.545777,196.6666667,252.15,5.291666667,0.0275,15.80238674
2019-02,103361221.4,98713531,3.88727655,3.772761637,8.597981433,1.16369275,1.402629392,0.980021599,0.117057407,3.944092228,0.384764253,43.65287997,-2.196662978,-0.290386643,-0.067851183,0.083179856,-0.374953569,-1.252977907,-0.849927163,-1.049565617,-0.03424837,0.2575,7775.069903,177.676619,256.5851506,5.291666667,0.731567176,17.36935582
2019-03,99714470.23,95230204.62,3.757613713,3.854924165,8.644346379,1.130186852,1.378018852,0.981821013,0.116780949,-6.743531902,0.384153586,75.74699612,-2.020398006,-0.239150269,-0.031180291,0.127890511,-0.428177579,-1.244605454,-0.822147629,-1.000987915,-0.018001634,0.369166667,7656.023179,169.7603348,260.4169592,5.291666667,0.74617718,17.99832533
2019-04,96154516.66,91829799.52,3.70833679,3.917816634,8.698503584,1.094388494,1.358770388,0.983619297,0.116532384,-30.4023098,0.38353811,96.76078417,-2.097203583,-0.21405131,-0.022828242,0.109132658,-0.454009158,-1.377963942,-0.875586261,-1.074885618,-0.029859508,0.484166667,7771.211043,173.2258246,263.5815655,5.291666667,0.760426961,16.20584133
2019-05,92680315.24,88511316.82,3.677905858,3.914107616,8.693164808,1.094250971,1.355520747,0.985416428,0.116311913,-61.70406274,0.382917824,108.0265123,-2.369740812,-0.275477611,-0.090805012,0.122131221,-0.497756173,-1.488031381,-0.997288377,-1.191189,-0.063161529,0.6225,7956.179039,184.7352827,266.0231781,5.291666667,0.774297309,15.18636464
2019-06,89290820.58,85273757.63,3.789285479,3.8459194,8.681361359,1.130199298,1.384309923,0.98721238,0.11611974,-95.320612,0.382292725,110.8764488,-2.352651911,-0.294119021,-0.088400591,0.093393981,-0.4540613,-1.403535758,-0.974170603,-1.143308243,-0.059945926,0.555,7938.33037,200.9509032,267.6860057,5.291666667,0.787769016,15.47546488
2019-07,85984987.26,82116123.08,3.862314497,3.839624535,8.659045291,1.130571192,1.380822222,0.989007127,0.115956067,-125.9237789,0.381662814,106.6428618,-1.992307519,-0.235664263,0.013928126,0.094262504,-0.43481369,-1.204200139,-0.811806874,-0.970498606,-0.01714023,0.3125,7701.025913,218.5348805,268.5142568,5.291666667,0.800822874,17.61745566
2019-08,82761769.88,79037414.29,3.774167561,3.908541437,8.689737941,1.097456028,1.351640277,0.990800644,0.115821098,-148.1853846,0.381028087,96.65801959,-2.156570538,-0.242208602,-0.00782723,0.11210307,-0.488040802,-1.36583808,-0.929649775,-1.055604798,-0.032880627,0.6375,7795.769731,234.1494088,268.45214,5.291666667,0.813439672,16.71008213
2019-09,79620123.03,76036632.37,3.766499881,3.85027681,8.676190478,1.127730746,1.374099296,0.992592906,0.115715034,-156.7772504,0.380388545,82.25419033,-2.130516895,-0.283361551,-0.065776769,0.115994384,-0.447417663,-1.236990765,-0.900281787,-1.021178029,-0.032642159,1.0925,7873.300353,244.4566823,267.4438641,5.291666667,0.825600203,17.21805826
2019-10,76559001.32,73112778.46,3.818303269,3.84762766,8.650568074,1.129223009,1.381629532,0.994383888,0.115638078,-146.3711977,0.379744185,64.76364226,-2.242770952,-0.28420126,-0.074489564,0.091578874,-0.442406315,-1.307392917,-0.954737894,-1.062736502,-0.038178802,0.110833333,7863.756447,246.1188953,265.4336375,5.291666667,0.837285258,15.9295546
2019-11,73577359.33,70264853.66,3.767310552,3.909409094,8.677512267,1.096846088,1.359723181,0.996173565,0.115590434,-111.6390477,0.379095005,45.51864358,-2.438149798,-0.247694133,-0.084808375,0.10795807,-0.515069718,-1.548283631,-1.038497325,-1.221537199,-0.048357947,0.425833333,7947.546692,235.798242,262.3656689,5.291666667,0.848475627,14.76412988
2019-12,70674151.66,67491859.11,3.708476751,3.910680913,8.701713143,1.094833942,1.354863054,0.997961912,0.115572302,-47.2526217,0.378441006,25.85146251,-2.666176939,-0.300828,-0.121722846,0.105779058,-0.503748165,-1.540050977,-1.072196046,-1.248430729,-0.072173836,0.395833333,8044.412655,210.1569166,258.1841669,5.291666667,0.859152102,14.29953242
2020-01,67848332.9,64792795.91,3.359729472,3.820938383,9.093644975,1.130769056,1.410946301,1.8252775,0.0650525,4.86973,0.459924167,30.56967,0.419349923,0.150433644,-0.032695188,0.040934318,-0.272159153,-0.067170282,-0.177734336,-0.232791245,0.173457647,20.13666667,9840.562598,174.0083333,255.325,3.625,4.316666667,34.18492883
2020-02,65098857.66,62166665.2,3.031970053,3.956137257,9.130016505,1.055302345,1.363768991,1.001534512,0.115625392,2.392043414,0.37711854,56.85519476,-0.129370806,0.072232497,-0.149013954,0.051605863,-0.404331842,-0.227915147,-0.3565559,-0.429524257,0.093140282,21.07416667,9990.450277,191.8668931,267.836474,3.625,0.878886534,29.21290797
2020-03,62424680.52,59612468.09,3.044326748,3.946595755,9.08665502,1.055900174,1.370652035,1.003318715,0.115697017,2.28447905,0.37645007,110.9945979,-0.62914811,-0.013276076,-0.14910384,0.061653796,-0.397478312,-0.368321369,-0.410016746,-0.560278299,0.066261838,21.98166667,9964.322326,205.0539182,276.0833259,3.625,0.887906074,29.62347939
2020-04,59824756.07,57129205.7,3.183270995,3.870379001,9.030673673,1.09058242,1.396022381,1.005101487,0.115798967,2.189069615,0.375776774,151.6060621,-1.011483704,-0.071545515,-0.206744791,0.044627419,-0.438924692,-0.504519434,-0.64560804,-0.621618446,0.038245998,19.7875,10395.49644,206.7500796,276.1588083,3.583333333,0.896334884,26.71601808
2020-05,57298038.93,54715879.15,3.391572321,3.795178702,9.00082146,1.132963875,1.417584184,1.006882802,0.115931444,2.105229564,0.375098651,179.2423346,-0.985309925,-0.08727714,-0.153938952,0.040525331,-0.412682972,-0.485935554,-0.603249676,-0.613949819,0.050093724,21.88916667,10249.05878,199.9781268,270.286737,3.583333333,0.904153756,26.23306482
2020-06,54843483.67,52371489.57,3.062108856,3.962660619,9.20297224,1.058789009,1.361410132,1.008662635,0.11609465,2.032373348,0.374415699,194.4561626,-0.361944122,0.09135452,-0.0782147,0.08705288,-0.359993451,-0.250894714,-0.281113819,-0.393434443,0.121276779,23.0725,9985.256499,187.7608093,260.6909277,3.583333333,0.91134348,27.31858817
2020-07,52460044.89,50095038.07,3.231570929,3.878846258,9.112158484,1.097267626,1.387126507,1.010440961,0.116288788,1.969915421,0.373727916,197.8002932,-0.680034304,0.0149087,-0.16883265,0.041109413,-0.35351734,-0.439801982,-0.469775942,-0.584326998,0.089459526,24.23,10243.413,173.1208768,249.595196,3.583333333,0.917884848,26.98884961
2020-08,50146677.19,47885525.78,3.234132956,3.889231014,9.115692853,1.09527802,1.386836715,1.012217755,0.116514062,1.917270236,0.373035302,189.8274737,-0.64284077,0.074358523,-0.187579482,0.02708587,-0.342890201,-0.325619865,-0.432475096,-0.488439022,0.105995831,17.86333333,9959.78678,159.0810788,239.2233577,3.583333333,0.923758652,28.00947796
2020-09,47902335.17,45741953.81,3.024690466,3.947226932,9.087875048,1.049355263,1.370117626,1.013992992,0.116770672,1.873852245,0.372337854,171.0904513,-0.205948557,0.030058147,-0.220829662,0.053044963,-0.405742408,-0.179528537,-0.362969148,-0.473394487,0.06685782,22.19416667,10010.05993,148.6641649,231.7992285,3.583333333,0.928945681,30.22002689
2020-10,45725973.41,43663323.29,3.04458711,4.02481866,9.144016008,1.013698034,1.343313955,1.015766645,0.117058823,1.839075902,0.371635571,142.1419731,-1.535227575,-0.125882233,-0.332478379,0.045622139,-0.557331061,-0.589896386,-0.790507498,-0.788532125,-0.028942407,19.815,10121.23953,144.8928847,229.5466241,3.583333333,0.933426728,29.4719365
2020-11,43616546.51,41648635.34,3.437660193,3.794951255,9.045049968,1.129861331,1.414178487,1.017538691,0.117378716,1.812355659,0.370928452,103.5347864,-0.700387461,-0.044392352,-0.190274093,0.041972349,-0.484342409,-0.244903257,-0.52146768,-0.515712942,0.049613357,20.88,10268.01572,150.7899877,234.6893602,3.583333333,0.937182584,29.2959653
2020-12,41573009.08,39696891.07,3.683928576,3.728763471,9.075609291,1.174792283,1.436301408,1.019309104,0.117730555,1.793105969,0.370216496,55.82163833,-0.124989453,-0.029292432,-0.088851093,0.035022943,-0.420280774,-0.048877143,-0.365905263,-0.350599782,0.079944746,21.99,10276.05287,169.3782235,249.4512526,3.583333333,0.940194039,32.09788766
2021-01,39594315.69,37807091.61,3.223928631,3.910148327,8.605019544,1.038162457,1.43039477,0.682760833,0.080140833,1.902458333,0.1049675,21.43239,-3.274853703,-0.574260017,-0.414768997,-0.203811911,-0.697514579,-0.879982328,-1.335240896,-1.341381942,-0.145275601,16.4075,14250.67411,215.4686667,299.59825,3.25,0.5275,20.96464512
2021-02,37679420.96,35978238.08,3.377458469,3.916369311,8.624443202,1.036962673,1.43293443,1.022844928,0.11853088,1.774676062,0.368778064,38.93766659,-3.425812252,-0.555679371,-0.375200224,-0.167868635,-0.649999747,-0.893498782,-1.3081539,-1.264863239,-0.139522764,10.40333333,14400.50208,113.073587,407.2816268,3.25,0.943906913,20.26393667
2021-03,35827279.46,34209331.6,3.414227287,3.835345991,8.623421878,1.075023785,1.45170228,1.02461029,0.118979771,1.774324751,0.368051586,65.16012226,-3.313678834,-0.554970815,-0.401875238,-0.180154725,-0.64372997,-0.846315817,-1.287263939,-1.268831192,-0.142733529,13.70583333,14402.81701,-73.47242075,480.9316953,3.25,0.944569914,20.50292213
2021-04,34036845.8,32499373.29,3.400072358,3.821678188,8.574650619,1.0737027,1.451518358,1.026373918,0.119461418,1.779101805,0.367320265,73.19940888,-3.405240138,-0.550133127,-0.465492109,-0.178886495,-0.648016872,-0.908457736,-1.326183554,-1.319945782,-0.178271905,17.32666667,13948.72396,-217.553924,512.2484084,3.25,0.944411679,21.21548109
2021-05,32307074.58,30847364.27,3.40694471,3.82588987,8.580943016,1.076996756,1.44958303,1.028135786,0.119976024,1.788421677,0.366584099,67.38882604,-3.446495262,-0.546865707,-0.519245601,-0.186166665,-0.633068643,-0.887529912,-1.338156582,-1.337562917,-0.171900295,14.0275,14156.35961,-319.4669712,510.3227856,3.25,0.943413,19.92853348
2021-06,30636920.38,29252305.66,3.578381884,3.76884309,8.65371861,1.120005447,1.464285703,1.029895871,0.120523791,1.80169882,0.365843087,52.06167334,-3.285692713,-0.538602123,-0.351095035,-0.1645843,-0.572683618,-0.776547681,-1.227091297,-1.160549074,-0.110526139,12.60166667,14042.46052,-379.5076113,484.2458468,3.25,0.941554667,20.73219563
2021-07,29025337.8,27713198.58,3.438746345,3.839164552,8.58746341,1.077284454,1.448945416,1.031654145,0.121104922,1.818347687,0.365097228,31.55125034,-3.492471607,-0.570462795,-0.40694958,-0.187665355,-0.646468011,-0.931831231,-1.379733015,-1.30925203,-0.131252183,15.08666667,14262.56589,-397.9718927,443.1086116,3.25,0.938817472,18.64255597
2021-08,27471281.44,26229044.15,3.056207339,3.984736009,8.582051561,0.995803024,1.407859858,1.033410584,0.121719619,1.837782732,0.364346519,10.19085665,-3.493054844,-0.586176304,-0.528765178,-0.208552408,-0.766085882,-1.011218544,-1.493239087,-1.485369714,-0.161190883,14.165,14441.37975,-375.1558642,396.0020998,3.25,0.935182206,19.10882187
2021-09,25973705.88,24798843.5,3.241018522,3.920205767,8.633339569,1.037405852,1.431553811,1.035165164,0.122368086,1.859418406,0.36359096,-7.686208167,-3.490159319,-0.579158648,-0.452752971,-0.189866639,-0.709407702,-0.964171834,-1.415816422,-1.399106081,-0.13963751,12.85583333,14652.25724,-311.3555744,352.0173311,3.25,0.93062966,18.7582152
2021-10,24531565.74,23421597.74,3.450827167,3.837764911,8.606654754,1.076256968,1.453675713,1.036917858,0.123050525,1.882669163,0.362830549,-17.74664451,-3.47635396,-0.563304966,-0.411159609,-0.180779392,-0.64917201,-0.887636318,-1.328261424,-1.293408138,-0.150314726,16.52,14425.18941,-206.8670719,320.2453251,3.25,0.925140625,19.53830659
2021-11,23143815.59,22096307.99,3.655035419,3.671619355,8.586777472,1.15532226,1.495004203,1.038668642,0.123767138,1.906949456,0.362065284,-15.65715281,-3.576150144,-0.55504374,-0.494009027,-0.195656549,-0.651833215,-0.928507541,-1.375728254,-1.339593044,-0.190773212,15.605,14095.85144,-61.98640547,309.7771017,3.25,0.918695893,19.51515528
2021-12,21809410.04,20821975.38,3.318737798,3.909983481,8.58924652,1.03737448,1.432955828,1.040417489,0.124518129,1.931673738,0.361295165,2.915566538,-3.342563971,-0.570166785,-0.544711089,-0.221214966,-0.703584303,-0.969744034,-1.444714627,-1.44246958,-0.183719036,11.79,14282.92736,122.9903763,329.7036805,3.25,0.911276254,19.39389025
2022-01,20527303.68,19597601.02,4.209439773,4.095537609,9.320421787,1.065237553,1.333098305,0.286915,0.108380833,1.7614125,0.284871667,20.6365175,0.481968344,0.100440515,-0.044363652,-0.223978237,-0.11495811,0.645261334,-0.243021194,0.390701895,0.152815882,13.51416667,12672.32219,231.758,396.3475833,4.666666667,-0.038333333,23.35303793
2022-02,19296451.11,18422186.04,4.351399773,4.008626716,9.26710472,1.106088759,1.362961778,1.043909277,0.126124052,1.980112081,0.359740357,24.51567914,0.955005702,-0.018649992,-0.051427888,-0.209706453,-0.129178952,0.549597623,-0.308607093,0.263928073,0.101989158,13.31666667,12386.53183,211.8997629,427.0774819,4.666666667,0.893435421,25.63482937
2022-03,18115806.92,17294731.55,4.27532952,4.00394844,9.266770609,1.108179015,1.366550307,1.045652166,0.12697939,2.002655047,0.358955665,37.91556853,0.426084749,-0.077913763,-0.062550911,-0.209940394,-0.125511988,0.479916043,-0.3665703,0.187679537,0.098694234,13.19916667,12716.04052,217.5005947,449.2637464,4.729166667,0.882975809,25.12493875
2022-04,16984325.7,16214238.68,4.219371518,3.989785692,9.19411549,1.102566118,1.373119931,1.047393019,0.127869916,2.023299814,0.358166113,57.43408501,0.829513379,-0.005679423,-0.063563519,-0.219799213,-0.072862915,0.622170244,-0.273304264,0.355416235,0.114462093,14.5525,12837.96795,220.2787485,460.2081175,4.729166667,0.871464456,24.56523679
2022-05,15900962.05,15179708.55,4.425235743,3.896705685,9.252049931,1.143980683,1.387155355,1.04913181,0.128795832,2.041460834,0.357371699,79.89725467,0.952160857,0.000109002,-0.047322825,-0.219727891,-0.145374179,0.631907523,-0.301051673,0.346652244,0.088622903,11.60416667,12802.55856,220.7972654,462.1168523,4.770833333,0.858882151,23.84797564
2022-06,14864670.56,14190142.27,4.399535953,4.003291282,9.347037261,1.110245378,1.352657426,1.050868513,0.129757342,2.056552561,0.356572421,102.1311036,0.86335574,-0.029158124,-0.04005741,-0.21864025,-0.12521058,0.666732447,-0.264288694,0.35119266,0.080772689,13.095,12673.03566,219.6191861,457.1962082,4.770833333,0.845209688,24.30475336
2022-07,13874405.83,13244540.98,4.178102319,4.195220639,9.455982366,1.030692428,1.301155797,1.052603105,0.130754647,2.067989448,0.355768278,120.961658,0.847569484,0.076466926,-0.020313808,-0.237215379,-0.122586559,0.810270446,-0.184953593,0.517125989,0.131163902,15.91583333,12405.01984,217.3075518,447.6524424,4.770833333,0.830427855,24.60415027
2022-08,12929122.46,12341905.78,4.304185579,4.097868345,9.340259524,1.06762946,1.331009197,1.054335559,0.131787951,2.075185947,0.35495927,133.2149438,0.920990716,0.069033172,-0.023461022,-0.224187019,-0.116305031,0.682342412,-0.228284027,0.423149048,0.127277558,10.89166667,12339.75235,214.4254032,435.6918123,4.770833333,0.814517445,23.40926113
2022-09,12027775.04,11481237.81,4.445535132,4.007463721,9.303423797,1.106811521,1.358209796,1.05606585,0.132857455,2.077556512,0.354145394,135.7169873,0.80353516,0.009921378,-0.031529212,-0.209038138,-0.134292896,0.599280022,-0.286906119,0.32770088,0.106010836,10.89833333,12147.26103,211.5357814,423.5205751,4.770833333,0.79745925,25.89281743
2022-10,11169318.16,10661538.17,4.371497389,3.886306766,9.089212862,1.142674547,1.407857235,1.057793954,0.133963364,2.074515595,0.353326648,125.2938144,0.657341313,-0.04887142,-0.059970472,-0.204033194,-0.157422979,0.554062312,-0.375228013,0.262853934,0.108055045,10.96916667,12488.95252,209.2017272,413.3449882,4.770833333,0.779234059,25.77020018
2022-11,10352706.42,9881807.995,4.257104686,3.968283925,9.179835939,1.104258373,1.375030236,1.059519844,0.135105879,2.065477649,0.352503033,98.77145129,0.801047083,0.015001805,-0.051170248,-0.218076092,-0.135658475,0.701540431,-0.271436911,0.392803286,0.123867919,11.72583333,12337.56859,207.9862817,407.3713087,4.770833333,0.759822664,26.17098767
2022-12,9576894.407,9141048.401,4.436287771,4.015540749,9.378401352,1.107471377,1.350951964,1.061243496,0.136285202,2.049857127,0.351674545,52.9759241,0.875764268,0.023860444,-0.034848374,-0.220346632,-0.155120372,0.671884283,-0.290319144,0.395398565,0.091533628,9.565,12460.16672,208.4524858,407.8057941,4.770833333,0.739205857,25.45778304
2023-01,8840836.726,8438260.509,4.932179658,4.109399972,9.976550982,1.069754,1.363355702,0.2684975,0.029601667,2.17811,0.2059375,20.156615,-0.222310801,-0.083241883,-0.033293427,-0.175352331,-0.182607278,-0.185197164,-0.662972944,-0.086117179,0.000209078,9.541666667,12877.58102,205.02975,416.6215,8.145833333,0.11,16.13913448
2023-02,8143487.969,7772445.44,4.99177247,3.989912015,9.831955339,1.116979282,1.385578769,1.064683984,0.138755088,1.997126922,0.350002948,15.24303652,-0.168790509,-0.054201881,-0.013502148,-0.174085216,-0.168382034,-0.031750063,-0.548838788,0.013797795,0.003678322,7.828333333,12799.75731,199.0823482,429.2579936,8.166666667,0.694279169,17.11575931
2023-03,7483802.729,7142604.315,4.898366128,4.195642206,10.06084994,1.035020102,1.324234724,1.06640077,0.140046055,1.960938421,0.349159837,11.99154953,-0.190499096,-0.006732875,-0.001433523,-0.180806402,-0.168691112,0.016113085,-0.502461938,0.082676247,0.010933526,6.091666667,12570.0298,198.3856914,438.6449651,8.166666667,0.66993087,17.62636596
2023-04,6860735.602,6547738.253,5.006126341,3.877269631,9.584678994,1.153389466,1.423836379,1.068115217,0.141374641,1.919681293,0.348311847,10.19764425,-0.294486505,-0.04336891,-0.028491797,-0.17622671,-0.181484785,-0.053485106,-0.585047269,-0.000115884,0.011849349,9.886666667,12634.3918,199.8055127,444.705446,8.1875,0.644300323,17.75809479
2023-05,6273241.182,5986848.376,4.928892986,4.115039998,10.01594319,1.071370782,1.363552576,1.069827299,0.14274105,1.874516165,0.347458978,9.613967683,-0.272531654,-0.015362508,-0.024978315,-0.177742065,-0.185879176,-0.067119183,-0.595965654,0.016187763,0.018221136,7.904166667,12626.1645,202.6450682,447.9137517,8.1875,0.61736832,17.52840295
2023-06,5720274.064,5458935.804,4.89177586,4.327908503,10.3306884,0.99072209,1.295909807,1.071536991,0.144145483,1.826603665,0.346601229,9.993166813,-0.313931135,0.001347697,0.022879169,-0.197122008,-0.187772546,-0.065686041,-0.57763934,0.074221175,0.031683417,6.9475,12904.26471,206.2076139,448.7441979,8.1875,0.58911565,16.52039819
2023-07,5200788.844,4963001.657,4.984036438,4.222311521,10.16589927,1.028600543,1.331743138,1.073244269,0.145588144,1.777104422,0.345738598,11.08788864,-0.401810515,-0.066093776,-0.025908503,-0.185453438,-0.190979258,-0.116141601,-0.655749219,0.003925066,-0.001250929,6.285,13087.08793,209.796406,447.6711001,8.1875,0.559523106,15.90964197
2023-08,4713740.115,4498047.057,4.969614593,4.112721114,9.992820788,1.070045425,1.360767743,1.074949107,0.147069236,1.727179063,0.344871084,12.65078016,-0.410351083,-0.094213114,-0.036012351,-0.179044922,-0.198940094,-0.144688317,-0.686005282,-0.053119231,-0.005027338,8.444166667,13058.3951,212.7147007,445.1687738,8.1875,0.528571479,15.87085638
2023-09,4258082.473,4063073.124,4.97144512,3.968609235,9.699169554,1.116761202,1.388842537,1.076651479,0.14858896,1.677988215,0.343998685,14.43448837,-0.266512334,-0.040007471,-0.021334426,-0.176094428,-0.200400304,-0.022308851,-0.57899211,0.022903484,0.004231217,5.964166667,12520.01204,214.2657539,441.7115347,8.1875,0.496241559,17.78139369
2023-10,3832770.512,3657080.978,4.932993027,4.076909342,9.81033657,1.073478454,1.36033143,1.078351361,0.15014752,1.630692508,0.3431214,16.19166026,-0.23079961,0.021589328,-0.003772996,-0.182301814,-0.202925957,0.050292271,-0.518952308,0.113028012,0.019955672,10.095,12643.0636,213.7528219,437.7736982,8.1875,0.462514138,17.70247363
2023-11,3436758.828,3279071.74,4.970101181,4.119257133,9.904597029,1.067213643,1.368139294,1.080048727,0.151745118,1.586452568,0.342239227,17.67494283,-0.500506053,-0.048688196,-0.036771724,-0.178063488,-0.186673192,-0.103362758,-0.647659132,-0.004467576,0.006688118,5.299166667,12880.59166,210.4791607,433.82958,8.1875,0.427370007,16.92744413
2023-12,3069002.015,2928046.531,4.947522855,4.121068299,9.906377118,1.068508305,1.366766999,1.081743552,0.153381957,1.546429024,0.341352165,18.63698308,-0.626985319,-0.030289536,-0.038640515,-0.174611748,-0.195747622,-0.145463026,-0.663812903,-0.02744581,0.014222191,7.443333333,12744.82787,203.7480265,430.3534955,8.1875,0.390789957,16.14566955
2024-01,2728454.667,2603006.471,5.139389499,4.138343559,10.03604292,1.059290918,1.385481566,1.410541667,0,1.446128333,0.086766667,19.14424,-1.540489403,-0.555447481,-0.142433428,-0.221835131,-0.189345832,-0.320711362,-0.959369034,-0.400006116,-0.139762794,4.804166667,16663.98588,209.3351667,429.73575,8.354166667,0.4,15.83210545
2024-02,2414071.381,2302952.68,5.110950754,4.128032023,10.02354981,1.057243544,1.382675156,1.085125479,0.156774168,1.483673635,0.339563368,10.8277485,-1.538897107,-0.551590045,-0.146992608,-0.222734479,-0.177640025,-0.290160347,-0.955540158,-0.36349965,-0.13974839,5.941666667,17058.73933,58.70798301,438.7783807,8.354166667,0.313245265,15.09768791
2024-03,2124806.75,2026886.281,5.13018033,4.121981752,9.947543337,1.058185258,1.387342981,1.08681253,0.158529945,1.463263046,0.338661631,-7.88249998,-1.645553174,-0.563929452,-0.113914452,-0.211358409,-0.180521216,-0.335528738,-0.958041117,-0.405712094,-0.134725639,5.34,16865.33343,-723.0297803,444.815167,8.354166667,0.272242205,15.27716846
2024-04,1859615.369,1773808.392,5.108130325,4.086607631,9.954561377,1.053033383,1.391324173,1.088496939,0.160325773,1.451711364,0.337754998,-30.00306829,-1.654977388,-0.60336293,-0.152375911,-0.225632828,-0.18450969,-0.292534323,-0.96461086,-0.408840334,-0.154882453,6.495833333,16723.64671,-2013.398742,446.2900491,8.354166667,0.229726391,15.77902082
2024-05,1617451.834,1542720.135,5.059907875,4.353120837,10.33672231,0.963634293,1.333364994,1.090178682,0.162161856,1.450179217,0.336843469,-52.88612496,-1.384225865,-0.575743295,-0.131306555,-0.236289521,-0.201515044,-0.103805897,-0.922753201,-0.22756687,-0.144880091,7.771666667,16955.9468,-3574.560589,444.3294851,8.354166667,0.185678614,17.23890165
2024-06,1397270.738,1332622.63,5.138790902,4.116386465,10.01255336,1.054439556,1.386718963,1.091857732,0.164038396,1.459827234,0.335927043,-73.88383852,-1.506181562,-0.554953435,-0.138355328,-0.211579364,-0.190274595,-0.13914564,-0.932648607,-0.260463912,-0.134741513,6.725833333,17137.75417,-5168.677005,440.059933,8.354166667,0.140079665,16.57738201
2024-07,1198026.678,1142516.998,5.204121035,4.010982168,9.751157397,1.101503116,1.414722666,1.093534064,0.165955594,1.481816042,0.335005718,-90.34837751,-1.540906904,-0.521507342,-0.140315454,-0.198920746,-0.202830469,-0.137872748,-0.925995477,-0.26425236,-0.128688465,4.381666667,16955.65799,-6557.909675,434.6078508,8.354166667,0.092910335,17.05123072
2024-08,1018674.247,971404.359,5.133903625,4.255749617,10.11656601,1.012388789,1.35958667,1.095207654,0.167913655,1.517306268,0.334079492,-99.63191046,-1.559390822,-0.556101562,-0.137167418,-0.222871929,-0.208797325,-0.225427568,-0.987999894,-0.290841306,-0.14222693,5.889166667,16931.4867,-7504.420286,429.0996966,8.333333333,0.044151416,15.78596906
2024-09,858168.0403,818285.8342,5.109128049,4.226596473,10.14638297,1.010630901,1.360167035,1.096878477,0.169912781,1.567458542,0.333148364,-99.0866059,-1.551505744,-0.557286311,-0.142052037,-0.224845,-0.185155727,-0.224110774,-0.977234063,-0.284971113,-0.14238075,3.448333333,17364.97911,-7770.370523,424.6619285,8.333333333,-0.006216302,15.25229762
2024-10,715462.6532,682162.544,5.187484757,4.120295818,9.969675645,1.059314188,1.387649289,1.098546506,0.171953174,1.63343349,0.332212333,-86.06463236,-1.723839746,-0.566618087,-0.149453607,-0.214796341,-0.175179005,-0.309150735,-0.982895815,-0.380379229,-0.146821214,5.381666667,17052.80526,-7117.92207,422.4210045,8.333333333,-0.058212028,15.36243057
2024-11,589512.6803,562035.6089,5.162856113,4.113194071,9.932387934,1.057433479,1.390281027,1.100211716,0.174035037,1.716391741,0.331271397,-57.91815838,-1.740881743,-0.609499766,-0.154917176,-0.226971233,-0.18648139,-0.317844981,-1.019161252,-0.387291418,-0.160768397,4.394166667,17242.52197,-5309.236614,423.5033826,8.333333333,-0.111854969,14.84733999
2024-12,479272.7163,456906.1496,5.093008469,4.359465517,10.32058071,0.96884965,1.332470709,1.101874084,0.176158572,1.817493923,0.330325555,-11.99935249,-1.659036969,-0.603769401,-0.140270686,-0.23811671,-0.185727225,-0.319147591,-1.017806914,-0.363273624,-0.15388893,5.965833333,17338.21769,-2106.47584,429.0355209,8.333333333,-0.167164336,14.8424585
2025-01,387309.5776,369219.147,5.434295484,3.697978333,9.178812507,1.146178232,1.482692094,0.749521388,0.266968646,1.953663839,0.436869747,34.91102928,-1.622511255,-0.653792018,-0.214479446,-0.214058878,-0.125370421,-0.035396536,-0.837754683,-0.311163978,-0.198830526,8.412727273,19805.14434,2478.69505,439.5103529,7.431818182,0.102444632,19.26057987
2025-02,311192.0969,296653.0556,5.448382486,3.902538072,9.588248354,1.045195045,1.426563831,1.10498329,0.180252946,2.059861783,0.328538905,2346.171828,-1.581006347,-0.645575099,-0.212559058,-0.211690815,-0.122990422,-0.016919714,-0.836227033,-0.281565265,-0.197264643,12.97818182,19671.22489,8470.361975,455.2723101,7.431818182,-0.275416352,18.69086208
2025-03,245749.8993,234275.9182,5.380557905,4.124931493,10.09416743,0.948841247,1.364023599,1.106499616,0.18230876,2.205426058,0.327659133,21541.23703,-1.654277479,-0.818066043,-0.245318468,-0.250433048,-0.102212203,-0.064262791,-0.872999419,-0.399946909,-0.260304096,12.32818182,20032.89857,16208.00888,477.4942276,7.431818182,-0.330540068,19.36683956
2025-04,190177.7565,181318.3435,5.416824482,3.914778516,9.701157501,1.050804506,1.416403618,1.108013473,0.184400236,2.369934098,0.326775235,78676.47784,-1.4085989,-0.720288706,-0.22284464,-0.231929508,-0.112327938,0.120437261,-0.772946301,-0.250911324,-0.222125316,8.603636364,20135.46626,25874.83183,507.044135,7.431818182,-0.387125245,22.18590347
2025-05,143670.4403,137010.9399,5.43193038,3.885027439,9.628547526,1.047022575,1.422536671,1.10952484,0.18652753,2.55427988,0.325887208,195020.8932,-1.554986892,-0.672459923,-0.223683359,-0.21583241,-0.129797973,-0.013866052,-0.861058154,-0.292991733,-0.207936113,7.036363636,20460.84632,37654.02689,544.7896918,7.431818182,-0.445186678,18.73113141
2025-06,105422.7227,100584.316,5.431579245,4.00533257,9.872305258,0.999947662,1.390512572,1.111033699,0.188690798,2.759357385,0.324995052,391843.4818,-1.587502855,-0.745300888,-0.236320191,-0.233049873,-0.124284633,-0.02959236,-0.875569271,-0.334686255,-0.238641505,9.314545455,20147.94141,51728.79011,591.5985577,7.431818182,-0.504739163,19.14946296
2025-07,74629.37536,71269.08018,5.419549596,4.119242012,10.13162042,0.946978321,1.361251925,1.11254003,0.190890198,2.98606059,0.324098765,690413.2428,-1.193824927,-0.767722013,-0.219280176,-0.249405542,-0.106960841,0.301324091,-0.736800136,-0.111999069,-0.246993815,8.764545455,19956.81477,68282.31757,648.338392,7.431818182,-0.565797495,20.85363423
2025-08,50485.17015,48295.84107,5.492393995,3.908051792,9.593200016,1.042450837,1.424870322,1.114043814,0.193125883,3.235283476,0.323198347,1111999.175,-1.297418097,-0.62420333,-0.202159845,-0.218323252,-0.125031159,0.190770976,-0.740942323,-0.148181932,-0.197246,8.969090909,19320.95074,87497.80532,715.8768543,7.539876035,-0.62837647,24.49529508
2025-09,32184.8789,30895.20715,5.516227136,3.90902542,9.571938635,1.043105561,1.424991888,1.115545031,0.195398012,3.507920021,0.322293796,1677870.277,-1.327981332,-0.602044752,-0.20022738,-0.216576855,-0.128167377,0.160212391,-0.80433415,-0.099074289,-0.191773409,13.70181818,20124.46431,109558.4494,795.0816042,7.537385042,-0.692490884,21.10806881
2025-10,18923.2734,18297.78693,5.462760183,4.034447718,9.877444754,1.0010519,1.388164154,1.117043661,0.197706739,3.804864204,0.321385111,2409295.548,-1.44424824,-0.786012825,-0.224828426,-0.250232378,-0.120695197,0.11942155,-0.787513852,-0.280765087,-0.248332394,4.810909091,19987.34064,134647.446,886.8203012,7.534655786,-0.758155533,21.69613374
2025-11,9895.128103,9734.190101,5.513843481,3.912548218,9.546681062,1.046168994,1.425870448,1.118539686,0.200052221,4.127010004,0.320472292,3327543.986,-1.422360367,-0.63330398,-0.199901189,-0.209894299,-0.135696881,0.143586876,-0.787226501,-0.160018018,-0.19719329,10.42818182,20389.30079,162947.991,991.9606047,7.531702467,-0.825385212,20.35006602
2025-12,4467.524536,4597.652731,5.516429703,3.864235388,9.438618283,1.073239442,1.436437782,1.119965281,0.202325253,4.458648608,0.319597136,4396220.665,-1.718789643,-0.6387855,-0.208749526,-0.205944877,-0.144482073,-0.073139427,-0.895515165,-0.295246349,-0.201096729,10.888,19048.31085,193100.5366,1105.511467,7.475,-0.891021004,17.47821188
