Date,chart_20251112T151722,chart_20251112T151736,DAAA,DEXMAUS,DEXNOUS,DEXSZUS,DEXUSUK,EMVELECTGOVRN,EMVEXRATES,EMVFINCRISES,EMVMACROBUS,EMVOVERALLEMV,fsi_OFR FSI,fsi_Credit,fsi_Equity valuation,fsi_Safe assets,fsi_Funding,fsi_Volatility,fsi_United States,fsi_Other advanced economies,fsi_Emerging markets,INFECTDISEMVTRACKD,NASDAQCOM,PCU331315331315,PCU335311335311,RIFSPBLPND,SAHMREALTIME,VIXCLS
1975-01,40139580841.0,38350652199.0,13.65980781,2.258628743,5.028469367,2.370615567,2.06146457,0.495552346,-0.854915861,6.812745007,0.069122036,11142623.56,714548.1687,769.6182863,1.604387102,2.005874167,4.031812914,-1090.784588,-367.9890156,-513.1238588,-0.402972355,-3842031.479,83.79496777,44.86364476,65.85,8.020833333,2.985,116793557.2
1975-02,39747355269.0,37975899019.0,13.62832873,2.3278923689999997,5.154734079000001,2.504664845,2.1829609760000004,0.493275798,-0.828161811,6.572465261,0.07258788799999999,10592692.38,700372.1081000001,757.3118719,1.5911511960000004,1.989713755,3.9996186199999997,-1071.823542,-362.26895819999993,-504.984376,-0.40033143300000007,-3651702.265,65.37511538999999,89.99814104000001,66.19295440000002,7.979166666999999,0.11191114200000052,112948611.8
1975-03,39551325659.21,37788601901.51001,13.6125728542,2.36505225053,5.217324337340001,2.5703963225200006,2.2433284738700006,0.49213911130000004,-0.8147950963,6.45250751917,0.07432028723999999,10318319.723900001,693290.1914530002,751.1629130480001,1.5845353016800006,1.9816360787999998,3.9835265234999997,-1062.35013481,-359.4107439879999,-500.917343618,-0.39901137877000004,-3556743.6511900006,57.62832586069999,111.415705255,66.29844785100002,7.958333333999999,-1.142344597819999,111028896.67300001
1975-04,39355470647.46271,37601471607.94371,13.596782750354,2.3878215112811,5.259033446445801,2.613418636752401,2.2874549359169007,0.4910057559010001,-0.8014500146410001,6.332931365117901,0.0760515793588,10045187.724293003,686221.0978221102,745.0228677367601,1.5779237300916007,1.9735637141359998,3.967445031215,-1052.8916558847002,-356.5563375405599,-496.8559956276601,-0.3976921785499,-3462216.0521453004,51.28660517480899,130.61307285975,66.37364967487004,7.9402083342899985,-2.195860828813399,109114959.25651002
1975-05,39159886302.746254,37414599929.65573,13.580939684181981,2.4096425699886566,5.298519728527648,2.650364447908989,2.322973481971604,0.4898775637648701,-0.7881384545486702,6.213945627207474,0.077781153694956,9773972.842317913,679171.866743646,738.8966337915414,1.571318861589293,1.9654995856043198,3.95137998208205,-1043.456305445389,-353.70783234864706,-492.80345634452425,-0.39637430259531303,-3368354.465120712,46.402081693062826,146.6681061450325,66.45159582510693,7.919647917822299,-3.0380358506330567,107209961.87097374
1975-06,38964669963.06906,37228079870.56688,13.565024745301706,2.4242785821057984,5.325941971445481,2.6758466296626486,2.3515719183116888,0.48875639017940703,-0.7748724508091129,6.095761066551867,0.07950839027664772,9505355.961820792,672149.6190287187,732.7891688670982,1.5647231090195373,1.9574466581376782,3.9353372951799335,-1034.0523822166476,-350.8673483384661,-488.7628888753663,-0.39505822754832537,-3275395.416444961,42.789757714399386,158.86487454093577,66.55968675006693,7.9016791054667,-3.665650385611757,105317096.41386186
1975-07,38769917156.937515,37042002705.589905,13.549019451550405,2.4362678485580522,5.346832240848165,2.696462444731063,2.374103472208414,0.4876440552471081,-0.7616638027092381,5.978583623855263,0.08123267929187084,9240000.376828762,665161.3303034226,726.7053331660865,1.558138841906171,1.9494078430335704,3.919322782982631,-1024.688019544281,-348.03696471014933,-484.7373948058632,-0.3937444216395867,-3183569.314093436,40.49585150457032,166.73951734662063,66.71717506652892,7.88658180118266,-4.082226079484235,103439482.11704533
1975-08,38575718887.331,36856455385.67293,13.532906284927723,2.4454017355183386,5.364426566755136,2.7054849804307044,2.3795168866192142,0.48654229182062575,-0.7485237376480737,5.862608485822662,0.08295343856681552,8978532.50818107,658213.6315735534,720.6497507371932,1.551568318956956,1.9413859156788662,3.90334198612558,-1015.3709534228225,-345.2186607043597,-480.7299257881345,-0.3924333309025343,-3093093.747864261,39.36368563648704,170.1139580897384,66.93314889194886,7.874521773291544,-4.297245923874938,101580075.66939908
1975-09,38382159322.3252,36671518331.36747,13.516669138119477,2.447786883127046,5.369408620228756,2.7035835956374603,2.378123146710358,0.48545270159217285,-0.7354626251835834,5.748015067878641,0.08467012774726125,8721525.653472718,651312.6400484646,714.6266918330737,1.545013630973954,1.9333834448892664,3.8874000331804663,-1006.1083254408252,-342.4142652910183,-476.7432084445346,-0.3911253686121111,-3004167.844382075,39.49472975131748,169.1176739253522,67.20502178146833,7.860140428280793,-4.325273796490323,99741595.29843548
1975-10,38189313922.75023,36487263643.51153,13.500293679648472,2.451721195551072,5.3746012210681515,2.7032098650144167,2.3766303031610767,0.4843767192788001,-0.7224897460000348,5.634962971392663,0.08638226085724458,8469486.956231019,644463.8223454307,708.6399775313738,1.5384766544100337,1.9254027362019488,3.87150152697445,-996.9065232638028,-339.62541638428047,-472.7796835549587,-0.38982090538236697,-2916967.7407566463,40.82640674362535,164.19806148254406,67.51752390939181,7.842851338332693,-4.185009620609459,97926459.49561518
1975-11,37997248017.28024,36303753741.97584,13.483767624635112,2.4462492417061625,5.365201202101564,2.686108667133245,2.3629705880918914,0.4833155857584006,-0.70961311595484,5.523588940323504,0.08808941508051225,8222847.662566558,637671.8907963373,702.6929074709027,1.5319590160002043,1.9174457881773044,3.855650457459802,-987.7710594265685,-336.853529903688,-468.84145989069157,-0.38852026252412614,-2831643.2001010603,43.20425652969367,156.12022854544045,67.84217463424119,7.827630617239422,-3.8983149273883977,96136740.91160846
1975-12,37806015824.76885,36121040431.29444,13.467080921684035,2.43792257650456,5.354153179358589,2.6582828733461934,2.3359661992568683,0.4822703292472891,-0.6968393660955194,5.414004807001555,0.08979123706903777,7981956.629311548,630940.7328672631,696.7882103913516,1.5254620681613518,1.9095142626098054,3.839850142112825,-978.7064890772607,-334.09977853004415,-464.9302825991304,-0.38722370724598565,-2748315.357178001,46.374894159164356,145.95727523438396,68.13720412687839,7.817436383038297,-3.4892410132077907,94374135.24875414
1976-01,37615659906.95554,35939164378.22235,13.450225852077544,2.4398698291679803,5.3573173608991524,2.6203949724574613,2.270594321307641,0.48124175506987,-0.6841736765092654,5.306296391471754,0.09148744653663962,7747076.952792691,624273.3722800786,690.928016766015,1.518986875671544,1.9016094675907618,3.8241031924971605,-969.7163641445658,-331.3650799518633,-461.0475157177515,-0.3859314498282796,-2667075.5477419076,51.65033555021304,135.0462438884016,68.34786245254553,7.6826968140561345,-3.108699039959011,92639944.54212265
1976-02,37426211026.30489,35758154975.440796,13.433197045169376,2.4456323556500195,5.370042304248685,2.5852518653138783,2.204862354934107,0.4802304430380967,-0.6716197592363589,5.20052329058078,0.09317783756138209,7518385.5079019405,617671.96001321,685.1138521322317,1.5125342118805702,1.8937323531059,3.8084115051181473,-960.8032224558033,-328.6500938939447,-457.19413781397793,-0.3846436431474958,-2587985.1497371667,57.55891904125046,124.24180587826542,68.41158358166959,7.535116964250505,-2.5437921012163387,90935073.93579063
1976-03,37237688371.48016,35578030557.21417,13.415991431296947,2.446761555874354,5.373312297405803,2.5419194709152375,2.1315946964799033,0.4792367518583579,-0.6591798883136522,5.09671947567148,0.09486227706680886,7295975.119313207,611137.7923286321,679.3466492268597,1.5061045638822772,1.8858835177163475,3.792776274743491,-951.968608231243,-325.9552271789996,-453.3707496451624,-0.3833603833803655,-2511076.3381907847,63.91958151134663,113.59485087369492,68.27672931823115,7.3824915904979225,-1.9272847251414431,89260040.68851808
1976-04,37050100107.8135,35398798925.23379,13.398608118872849,2.443461226780024,5.372636834955037,2.4934671153590036,2.0584139184867225,0.4782608296008422,-0.6468549688338066,4.994894598222966,0.0965407015996887,7079859.037643951,604671.352670653,673.6267766662193,1.4996981463473449,1.8780632249842597,3.7771980274439962,-943.2131204392015,-323.2806458931791,-449.57759241287357,-0.3820817128985372,-2436353.641493317,70.35544940429278,103.07514803387062,67.91369469928962,7.227195673115662,-1.283573237169794,87614993.91701727
1976-05,36863444203.1991,35220458137.85442,13.381048227324976,2.4435368703017275,5.375212828440696,2.4509918725976223,1.9886398098982587,0.47730262967105286,-0.6346446406969313,4.895035895672614,0.09821311211128989,6869977.355022302,598272.3737493522,667.9540817276562,1.4933149217154857,1.870271428535853,3.7616766705211306,-934.536484620188,-320.62629356014526,-445.8145749194274,-0.3808076244179357,-2363796.1710207975,76.67995037151555,92.65614989851262,67.31832614696357,7.076238477288157,-0.6354142784902164,85999743.401956
1976-06,36677709477.420166,35042997512.837364,13.363314672112143,2.4426053564722086,5.376633358784567,2.4087412063644513,1.9203331910516934,0.4763619309241109,-0.6225474099728356,4.797110578057119,0.09987956742839225,6666204.973722148,591939.9159117009,662.3279444731198,1.4869546259053479,1.8625078036862115,3.7462115557749183,-925.9376437414703,-317.99191412561044,-442.08130804974303,-0.3795380656028563,-2293360.3902749056,82.79550250727056,82.34246677743505,66.5141229269612,6.933714846734757,-0.003406240123889792,84413795.7026422
1976-07,36492876821.24651,34866398791.54688,13.345411919657229,2.442292257321475,5.377885385410515,2.368109405563664,1.8540356225282337,0.4754383610041398,-0.6105608010419644,4.70106857760146,0.10154017677093262,6468360.733990346,585672.4579314637,656.7473404638434,1.4806167984790632,1.8547717844809477,3.7308015530800795,-917.4148634173804,-315.3770786867608,-438.3771446865348,-0.3782729456111992,-2224983.2867753557,88.38738491253196,72.19365896674219,65.55338887235024,6.8057654671346555,0.5944126996895208,82856395.7502805
1976-08,36308920531.03284,34690637414.96905,13.327345716658087,2.4453370939061707,5.3814084237415525,2.3363814826760456,1.791415767201273,0.4745314218860415,-0.5986815228429214,4.606845541123324,0.10319509153609098,6276217.310232014,579467.9960263065,651.2109093485795,1.4743008154510353,1.847062604171782,3.7154451315523223,-908.965847000178,-312.7812147271933,-434.70122339405134,-0.37701214099037184,-2158585.8109425004,93.44584567059125,62.34400124611635,64.51740480252987,6.692688061480524,1.142849535160905,81326572.13274656
1976-09,36125809708.01955,34515683859.98993,13.309122812659119,2.4522508127452114,5.391166132307241,2.315540184346908,1.73836945241097,0.4736405165031719,-0.5869056429284951,4.5143659519593005,0.10484449614865075,6089511.503602554,573324.1476108757,645.7170266833845,1.468005923952279,1.8393793375383793,3.700140444060771,-900.5878559376904,-310.2036367007667,-431.0525141759947,-0.3757555031119161,-2094076.4522046552,97.92966959962688,53.0180294908696,63.51571438871564,6.596387754547391,1.6297275410903236,79823184.34118362
1976-10,35943509673.326996,34341504991.729023,13.290750678280274,2.4521188309179918,5.393525350717143,2.289239433910277,1.6928715430173684,0.4727649759134941,-0.5752287638476566,4.4235462748629,0.10648859926549505,5907954.580647963,567238.2558906616,640.2638764692075,1.46173127732483,1.8317209439621656,3.6848854128465516,-892.2778314313209,-307.6435769809598,-427.4298647044639,-0.3745028647279484,-2031354.8313244549,101.81813003377013,44.541824789921435,62.68463354342136,6.518075845671149,2.0459497825940907,78344970.36484146
1976-11,35761983354.95389,34168065389.052338,13.272237226090905,2.4420037010159548,5.39136427552454,2.25386284191,1.662841286972606,0.4719040856753793,-0.5636461951494723,4.334298026640253,0.10812762542269005,5731242.344419393,561207.4923477493,634.849522205372,1.4554759689003811,1.8240863095547084,3.6696778138583577,-884.0325134796487,-305.1002161677048,-423.8320455829522,-0.373254046730539,-1970315.1995525411,104.88405146668595,37.35012279427044,62.185105710653865,6.458302852312396,2.385463879489658,76890593.17408828
1976-12,35581192608.259476,33995328605.531754,13.253590553037746,2.4409233131336427,5.3950847773554615,2.236210133912451,1.6365857021931416,0.4710571114408145,-0.5521531176666223,4.2465306880006635,0.10976180609148488,5559064.662381098,555228.9540406957,629.4719744297589,1.4492390652513656,1.8164742871413555,3.6545153567132322,-875.8485540737544,-302.5727119037441,-420.2577934181032,-0.3720088647209544,-1910849.7488212425,107.18658807250961,31.989452496056437,62.2000327994435,6.414299739430147,2.645138957670979,75458684.79848775
1977-01,35401099435.626724,33823258335.497276,13.23481870139877,2.4324781896355527,5.386990984952627,2.2194255531572833,1.6118228794758296,0.4702233217664818,-0.5407447345420585,4.160154385765013,0.11139137244065567,5391114.2198552,549299.7534371265,624.1292531168144,1.443019636029711,1.8088837333450973,3.6393957588812227,-867.7226217522367,-300.0602255210672,-416.70585058119593,-0.3707671348506997,-1852851.6529284366,109.7657648067756,29.06159910088214,62.92535193337086,6.377059612243218,2.704747200814039,74047886.93319266
1977-02,35221667080.63845,33651819459.161324,13.215929439081728,2.423849340288205,5.377510983361496,2.202411712612914,1.5962995909459738,0.46940200921658787,-0.5294164069136894,4.075082287399977,0.11301654817168971,5227094.313126234,543417.0988138004,618.8194435166598,1.4368167811593304,1.8013135421081121,3.6243168118559774,-859.6514951093038,-297.561945915026,-413.17500084354356,-0.3695286792919493,-1796217.775177058,111.81977802211173,27.992107295498812,64.39182865830436,6.355356709397685,2.7939096702583712,72656887.19173129
1977-03,35042860975.42985,33480978947.654133,13.19693007802394,2.416667458516946,5.365832042718635,2.192003881514595,1.5868060325507245,0.4685925084351857,-0.5181637714507465,3.991232664389445,0.11463754362446965,5066725.545236379,537578.363732393,613.540744511021,1.430629654171208,1.793762673281582,3.6092764389475773,-851.6321437653852,-295.07711015513814,-409.6641001833502,-0.36829333075031556,-1740850.9942055058,113.16362530045092,28.18892738828885,66.35315440649539,6.348288395544775,2.8142546121005196,71284450.35466412
1977-04,34864649527.28921,33310706614.958035,13.17782732013121,2.409931683767305,5.355515798148501,2.1864478181406692,1.5841495396184784,0.4677942111488682,-0.5069828372805755,3.908530596838283,0.1162545507732375,4909751.332638418,531781.1445961546,608.2915086686154,1.4244574816967617,1.7862301765792572,3.5942727430115897,-843.6617954208967,-292.6050206585849,-406.17210236867555,-0.36706093657033567,-1686662.1171049436,113.93195780914265,29.39059072985122,68.54285517327246,6.354603261200813,2.7714956163854376,69929444.17936374
1977-05,34687004737.54395,33140975709.132805,13.158627139223817,2.4006126225996085,5.345256962420924,2.177392071229916,1.5898264400209026,0.4670065779567164,-0.49587006273900436,3.8269093027970884,0.11786773901393144,4755942.177501101,526023.3058146553,603.070273704392,1.418299579208857,1.7787152105697872,3.579304044248854,-835.7379884922303,-290.14505862992945,-402.69807903840814,-0.3658313614012437,-1633571.3631412892,114.26184041079091,31.356844087461813,70.71758987037364,6.3727735424452225,2.6726822339803,68590859.53951249
1977-06,34509902650.86691,32971763341.36611,13.139334693030449,2.3942637980806936,5.336357414813478,2.175947371153341,1.5992947676524571,0.4662291467450783,-0.4848224101494202,3.7463110908461013,0.11947725264013806,4605098.699162482,520303.01231686625,597.875785251459,1.4121553615734772,1.7712170565341707,3.564368907344926,-827.8586101756634,-287.69669382624164,-399.24123422601525,-0.3646044896370237,-1581509.4170997613,114.10930954545063,33.88436805948749,72.67496468725349,6.401068589281834,2.5258547295362677,67267824.85846098
1977-07,34333323638.121567,32803050756.585106,13.119954274365504,2.392895592421249,5.3298305250023725,2.185206185079823,1.6108020882312826,0.46546153817225167,-0.47383738092431177,3.6666879446048295,0.12108320876451986,4457053.460072851,514618.74989935016,592.7070110822755,1.406024350714431,1.7637351267660906,3.5494661590210432,-820.0219202444835,-285.2594906921354,-395.8009134690812,-0.3633802269501149,-1530418.0629993938,113.45050648228086,36.819815627825975,74.26833760842777,6.440335407166331,2.3397036378705502,65959614.969160795
1977-08,34157252521.497105,32634823452.66465,13.10048928493609,2.3890333774051116,5.323381948242307,2.1923814997512623,1.6281391083152872,0.4647034580215401,-0.4629130301939849,3.5880017584095403,0.12268569659352789,4311671.649829997,508969.3338476052,587.5631473155421,1.3999061782798565,1.7562689685418358,3.534594895638917,-812.226561253087,-282.83311099167565,-392.3766077887681,-0.3621585005433936,-1480250.4214290814,112.48114244225964,40.070047688195835,75.41846991633179,6.486215481057387,2.1232438563752885,64665654.701715805
1977-09,33981678553.000175,32467071160.226303,13.080942246401534,2.3854130094484343,5.320527506520978,2.19965797036302,1.6493631896014325,0.4639546967652535,-0.4520479640508711,3.510224252201494,0.12428477738182929,4168850.722656529,503353.9068566066,582.4436170470158,1.3938005855403435,1.7488182639337515,3.5197544820558364,-804.4715562572375,-280.4173133265117,-388.9679528478233,-0.3609392591610426,-1430970.8232829275,111.16416370377274,43.60953878408283,76.12199044795544,6.536671083137617,1.8855115972782939,63385517.605363846
1977-10,33806595262.892933,32299787697.605,13.06131483372839,2.382565387443972,5.318957877046153,2.208048883292711,1.6727748919809204,0.463215126631638,-0.4412413198505426,3.4333366005482073,0.12588048545984568,4028519.1028607115,497771.9272910097,577.3480623969317,1.3877074194485717,1.7413828247784633,3.504944542669388,-796.7562953602558,-278.0119497410688,-385.5747239225382,-0.35972247274209534,-1382554.3597129013,109.57947885312137,47.485013866058644,76.45673740177806,6.589730992525694,1.6352910055926502,62118920.34228616
1977-11,33632000194.24963,32132970717.32768,13.041607929310707,2.3833269209666366,5.318252631627426,2.223198828070652,1.694995468793032,0.4624846962524349,-0.43049273323473064,3.3573288141738034,0.12747282973626503,3890634.0910086543,492223.14918224217,572.276330764948,1.3816266261225199,1.7339625847853497,3.4901649452115038,-789.0805125831646,-275.61695990993815,-382.1968271201055,-0.3585081305227801,-1334986.1542784907,107.8346013654415,51.81745385375511,76.58412967726508,6.643542981209194,1.3808756769577912,60865713.344047666
1977-12,33457894544.36317,31966621363.248253,13.021821695155474,2.383452098298035,5.321345067611749,2.2333582430686794,1.7188477034301413,0.4617634242735791,-0.419802292683458,3.282198919401626,0.1290617960429545,3755179.1126015433,486707.5953328841,567.2284562522143,1.3755582422653978,1.7265575890679872,3.475415779323062,-781.4442547302878,-273.23236321862237,-378.834287631313,-0.3572962397697129,-1288260.4069091664,105.99999928406635,56.80167297176929,76.74879366628545,6.696417481598068,1.1298687402776844,59625868.39521159
1978-01,33284282731.95446,31800743857.259327,13.001955664361098,2.372188209407353,5.318815769029287,2.1908172882848436,1.7576466033306355,0.46105139071440143,-0.40917048594680894,3.2079519781646173,0.1306473498376864,3622160.458827098,481225.5250834753,562.2046373831874,1.3695023842660259,1.7191679804303213,3.4606973304137734,-773.84784398479,-270.8582493138795,-375.4872354804603,-0.3560868235688611,-1242379.2610494995,106.36376934730673,62.68317225982898,77.25330581131522,7.025820340800113,0.7934322920572578,58399463.81110278
1978-02,33111171910.85799,31635345034.63151,12.982008835415327,2.360836165273519,5.319484650174194,2.1452826959008457,1.796147197371161,0.4603487276497095,-0.3985981391954205,3.134598995736371,0.13222943898781453,3491603.666705284,475777.39814750315,557.2052121255676,1.3634592361986104,1.7117939851135124,3.4460100498729997,-766.2918359702983,-268.4947674481946,-372.15588964427906,-0.35487991820102865,-1197351.546144314,107.08354056180386,69.37488701218783,78.15436833760255,7.37963330385795,0.5589023453671562,57186667.90747176
1978-03,32938571450.745422,31470433848.007538,12.961979777401671,2.3502675745948625,5.315216936969383,2.0932455653882225,1.8350413519964992,0.4596556095219955,-0.38808635243330825,3.0621557586988586,0.1338079975232954,3363549.6840444924,470363.8361207031,552.230631214943,1.3574290372519784,1.704435896804979,3.431354524230114,-758.7769750261467,-266.1421150986323,-368.84054107338756,-0.3536755709739485,-1153191.4448353183,107.87797001099717,76.42712380724515,79.27923044533307,7.744800971494263,0.34918169861505,55987721.4198797
1978-04,32766492403.101753,31306020856.65573,12.94186673786733,2.339016609636226,5.320683627015973,2.044493924345215,1.8701074513594087,0.45897224269139303,-0.377636432794408,2.990641646364131,0.13538294837952933,3238050.9557084455,464985.582926962,547.2814307509323,1.3514120684324502,1.6970940606831497,3.416731442194613,-751.304148283626,-263.8005263000673,-365.54153521638364,-0.3524738373803579,-1109917.133172162,109.18413165694123,83.38854751407938,80.44994790343056,8.109232843222118,0.167682795169703,54802919.509550445
1978-05,32594946970.149403,31142117719.389435,12.921667747250405,2.3293154749643668,5.325570961947425,1.993404230326152,1.9013163367252448,0.45829885540310905,-0.3672498287555655,2.920078452841953,0.13695420734875396,3115167.5562447496,459643.46559578617,542.3582049827949,1.3454086391819011,1.689768856923009,3.4021415628168237,-743.8743400378485,-261.47026003835674,-362.25925467658857,-0.35127477849471567,-1067549.4370301568,110.54050987058267,89.85271838300781,81.50642149451538,8.464777875770524,0.01664241059379959,53632593.93586761
1978-06,32423947992.227802,30978736704.908085,12.901380719077661,2.3191040448107625,5.3209089169673085,1.9383731746892106,1.9325900579827402,0.4576356880015601,-0.35692806635794033,2.8504892544267335,0.1385216857005935,2994963.480230081,454338.3564098543,537.4615800849873,1.3394190749409502,1.6824606853611919,3.3875856844223087,-736.4885877905133,-259.15158904266656,-358.99410250147537,-0.3500784587227962,-1026110.5429014475,111.87926040874248,95.48273009155317,82.31964202165625,8.802283402200974,-0.10282804873232745,52477095.91627702
1978-07,32253508467.521526,30815890232.54763,12.881003549849861,2.3119837734081954,5.3284359572261835,1.890259163825287,1.957386172795004,0.4569829836301193,-0.34667268970933945,2.7818973518802346,0.1400852938262313,2877503.1862099767,449071.13754922006,532.5921895744109,1.3334437054058657,1.6751699509047209,3.373064615214576,-729.1479410821962,-256.84478932226534,-355.7464865068293,-0.3488849430863848,-985622.7974785657,113.33232795982403,100.0312979734974,82.80267811613335,9.11134487393235,-0.19066351498387196,51336780.109257184
1978-08,32083641114.720234,30653590454.766796,12.860534197649347,2.304788345893639,5.334014009642385,1.845131251742997,1.978264790692191,0.45634098013691904,-0.3364852066643186,2.714325312011978,0.14164494352451842,2762848.472225584,443842.66893117264,527.7506519886598,1.3274828534721137,1.6678970501167554,3.3585791469811794,-721.853424093245,-254.5501306052363,-352.51680504844285,-0.347694295321023,-946107.622043615,114.8579476940027,103.35614978684228,82.91930292727875,9.38553485228262,-0.24774274160074586,50211990.10366162
1978-09,31914357988.517464,30491848889.421036,12.839970764839403,2.301324908933729,5.344275079317696,1.812823547666646,1.993104031788894,0.4557099024889312,-0.32636704125387017,2.647794126660188,0.14320055080724123,2651055.743342863,438653.7599179947,522.9375512228241,1.3215368256875737,1.6606423597540836,3.344130031461687,-714.6060026833917,-252.2678679677531,-349.3054344774418,-0.34650657613256663,-907584.5631508509,116.19751835694343,105.43072702464742,82.69023701139125,9.620114787239382,-0.27576772285791,49103045.688215755
1978-10,31745670152.559444,30330676107.48722,12.819311555665271,2.2984372494917986,5.346957717325945,1.7795362585179308,2.0053314364422596,0.4550899565310742,-0.3163194930268505,2.5823225032237715,0.14475203747747453,2542173.714808128,433505.1454295948,518.1534198948872,1.3156059042808605,1.6534062264550566,3.3297179608702927,-707.4065565820218,-249.9982346809856,-346.1127185462176,-0.34532184122897897,-870070.4947648377,117.26184168088179,106.35034468213262,82.19705850625076,9.814716618383288,-0.2771304747436204,48010232.10676802
1978-11,31577587415.620445,30170081480.88217,12.798555130938594,2.296159543579307,5.356695562943591,1.7486520249285493,2.013180571167021,0.45448132433307076,-0.3063437047817273,2.5179262949342838,0.14629933355636027,2436241.575022623,428397.46663514705,513.3987258768973,1.3096903406163927,1.6461889589222807,3.3153435515919294,-700.2558568413284,-247.7414364964653,-342.93895979272935,-0.3441401402588807,-833578.9801444808,118.56930140299986,106.3340788492053,81.58389655913679,9.965416767861305,-0.2547724362784512,46933791.425362
1978-12,31410118130.986732,30010072991.271164,12.777700346556427,2.2962379409406855,5.366885617011165,1.7264501151502496,2.0151307170742956,0.45388415989487546,-0.29644063753766453,2.454618073265716,0.14784237784066662,2333287.6182249896,423331.2563720896,508.6738621743994,1.30379035022988,1.6389908218251137,3.3010073318536453,-693.1545488964643,-245.4976472725031,-339.784413091808,-0.3429615158380258,-798119.796919825,119.60736870681612,105.72275270299455,81.05707888766013,10.072084399355681,-0.21204144867144534,45873916.05793572
1979-01,31243269060.74679,29850657099.31312,12.756746376715785,2.2882479610577056,5.367822737991646,1.7021213767952723,2.026768314448614,0.4532985867836534,-0.2866110538918782,2.392406841886034,0.14938111913132235,2233328.34099037,418306.92934517533,503.9791400079194,1.2979061093051223,1.6318120316329103,3.28670973363358,-686.1031409961929,-243.267006027762,-336.64928121222454,-0.3417860026241157,-763698.6232300402,122.48551233304626,104.90279811731504,80.85296279060132,10.593631068619949,-0.2141022873649967,44830744.429014
1979-02,31077045300.00844,29691838673.30149,12.735692729857734,2.2765500327012926,5.35360145462433,1.6755857867919348,2.041701060092042,0.4527246968500441,-0.2768555091539141,2.331297886147739,0.15091551673897283,2136367.9825495016,413324.7767705972,499.3147850468498,1.2920377529136866,1.62465275418094,3.272451087936514,-679.1019979720628,-241.04961533766217,-333.5337124502327,-0.3406136274428731,-730316.8782583325,125.50984741366202,103.88627886098405,80.93555847713037,11.120839138799193,-0.14779859692824304,43804358.69241403
1979-03,30911450259.69367,29533620972.411983,12.714539249689755,2.2687894444394825,5.349349013695015,1.6590040886551727,2.053247488528366,0.45216254953429424,-0.267174348995129,2.2712927489188415,0.1524455406236891,2042398.478996235,408384.96527735895,494.6809366484817,1.286185374563984,1.6175131042287383,3.258231623801059,-672.1513399001839,-238.84554093544244,-330.43780007793305,-0.3394444087164686,-697971.7064360457,128.86614740880634,102.57945233895661,81.04001448139259,11.637326227696535,-0.06957597955731745,42794784.35900164
1979-04,30746485701.40956,29376005679.63906,12.693286107047882,2.2626161074006688,5.347054363887781,1.648556741242432,2.060676197825207,0.4516121729040906,-0.2575677141823685,2.212389321825268,0.15397117107122305,1951399.7912984076,403487.53971812373,490.077649657496,1.2803490269123319,1.6103931463648946,3.2440514701051177,-665.2512452884873,-236.65481251438143,-327.36158351752533,-0.33827835686121044,-666656.0914889062,132.08724082117206,100.91648674836324,80.92656325618681,12.128669820773247,0.016764638793235094,41801991.67016044
1979-05,30582151817.82158,29218992979.05426,12.671933782758758,2.250833079133716,5.323349077154638,1.6333664322636925,2.0732388675076074,0.4510735649697847,-0.24803555078541306,2.154582035986294,0.15549239819186692,1863340.559661411,398632.4292732684,485.50489866288405,1.2745287238584753,1.6032928975564886,3.229910660655617,-658.4016581103058,-234.47742553699507,-324.30505102663267,-0.33711547455564184,-636359.0839128135,134.99697282566603,98.8599548676783,80.415524152916,12.582643959819091,0.10756913997493535,40825898.485398546
1979-06,30418447352.61775,29062581670.466312,12.650483044215786,2.243748349069447,5.31488903978017,1.629314327754916,2.0807129465565395,0.45054669622981575,-0.23857762494459078,2.0978621381516285,0.1570092214346904,1778179.0319482717,393819.4564577005,480.96258417084675,1.2687244433642502,1.5962123306422287,3.215809141291398,-651.6023982366332,-232.3133438052375,-321.2681436400303,-0.33595575757396084,-607066.1236759454,137.71590575894064,96.4101895171315,79.40581615998481,12.989366366065777,0.1994249923092175,39866374.45335089
1979-07,30255369751.87577,28906769313.42317,12.628934912100636,2.2380650323095224,5.3072862119797435,1.6289189425043695,2.084501186893882,0.4500315121969493,-0.229193541889513,2.042218034555881,0.15852164841019079,1695864.2112579984,389048.3483909584,476.4505404158878,1.2629361314285197,1.5891513791601277,3.201746779014859,-644.853174515229,-230.1625028254986,-318.25076012088726,-0.3347991951532291,-578759.439002486,140.03304453411954,93.61257066852544,77.88926137894717,13.344068874805822,0.2892393034907949,38923246.216907464
1979-08,30092915338.60172,28751552394.681644,12.607290628733983,2.236825580456304,5.310994791679968,1.6362137714937466,2.079567359250674,0.44952793711146094,-0.2198827680432576,1.9876356856030315,0.16002969378583545,1616337.1658590122,384318.74987416173,471.9685443429481,1.2571637061635066,1.582109942281433,3.187723372705528,-638.1535999215083,-228.02481363296857,-315.2527626950319,-0.33364577120997363,-551418.5015712979,141.81885083275697,90.56273243312421,75.96067106324487,13.639229066527687,0.3742994788894907,37996303.38110117
1979-09,29931079504.55702,28596926511.173824,12.585551614741973,2.232007143714718,5.30013406348977,1.6409101381293736,2.0798156782942665,0.4490358774911776,-0.21064465462033002,1.9340990343273763,0.16153337808034057,1539532.4462741546,379630.23754981987,467.516325456014,1.2514070626300897,1.5750878909721646,3.1737386645759638,-631.5032079885144,-225.90016696470252,-312.27398333391113,-0.3324954649047446,-525020.5189470898,143.20255076454794,87.4097417219694,73.82383337651548,13.885488032981538,0.45231640506163223,37085304.99964246
1979-10,29769856909.82008,28442886560.78157,12.563719433906908,2.23003636415585,5.295441123843898,1.649887861757557,2.0801584719746717,0.44855522582818735,-0.20147846252108528,1.8815904527594651,0.16303272679298497,1465379.5565795577,374982.3347204176,463.0935760850928,1.245666077651112,1.5680850738246583,3.1597923521520777,-624.9014700431645,-223.788437660322,-309.3142302708851,-0.33134825185289607,-499540.94567188976,144.45540101322337,84.35735605817096,71.79363306386357,14.069931461700557,0.5214506108347107,36189986.33094035
1979-11,29609241685.132236,28289426935.435097,12.541795750638142,2.2300494038881933,5.294492459887298,1.661947677810195,2.0773802263377963,0.4480858646966505,-0.19238338744613248,1.8300911905555612,0.1645277685205754,1393804.429017034,370374.5262983431,458.69996172871095,1.2399406149204988,1.561101323307163,3.1458841008860174,-618.3478125520547,-221.68948904056987,-306.37329459803516,-0.33020410525064553,-474953.995825053,145.25790280363455,81.66351488960724,70.29462626806094,14.193207603596656,0.5803223226854398,35310065.625180244
1979-12,29449227629.199207,28136541710.110214,12.519782289377108,2.2311749935206557,5.294525215129739,1.6752727110932635,2.0730889099544747,0.4476276701573678,-0.183358584455291,1.779581812795381,0.1660185341897895,1324730.8593202517,365806.27341552573,454.33513117710595,1.234230529895332,1.554136461642202,3.132013555779983,-611.8416341274942,-219.60317727557586,-303.45095673052913,-0.32906299647110065,-451233.1415511484,145.7796671538956,79.63825631651169,69.85646771069675,14.257734903095248,0.6280067237505329,34445250.753440745
1980-01,29289808396.913506,27984224822.074516,12.497680799860863,2.2365828575642523,5.297659699924043,1.6945272442852273,2.0780912647508507,0.44718051570729234,-0.17440319141987493,1.7300426139473573,0.16750505563638854,1258081.86194354,361277.02723652427,449.9987261503484,1.2285356744458218,1.5471903066344714,3.118180353021152,-605.3823215735649,-217.52935543881395,-300.5469925348578,-0.32792489621537724,-428351.58401909977,149.9556760265137,78.63783865733033,71.05415968184808,14.570785759651121,0.7764636026866008,33595245.47247197
1980-02,29130977672.508972,27832470236.67015,12.475493023100418,2.239976156856562,5.291002050691196,1.7110539519094377,2.089250238275064,0.44674427535100564,-0.1655163505454042,1.681453999375715,0.16898736475923598,1193780.9135361933,356786.2417453273,445.69039011275606,1.222855900887888,1.5402626768184795,3.1043841302575697,-598.9692647968217,-215.46787732756385,-297.6611789547079,-0.32678977536876486,-406282.685368683,153.48178268907455,78.81781535584722,73.81432375512883,14.875616290761874,0.8120491151784639,32759755.200225912
1980-03,28972729324.71962,27681272095.836117,12.453220657123005,2.240420572483944,5.274701949940898,1.7250633106039441,2.106985536878604,0.4463188268098175,-0.15669722748201842,1.6337968243199656,0.1704654920370216,1131753.0581034955,352333.38516189024,441.40977625854026,1.2171910661891112,1.5333533964295325,3.090624536392619,-592.601870030848,-213.41860082361185,-294.7932991139318,-0.3256576056357508,-385000.3526532475,157.33539303370708,79.89095544323699,77.51116274142763,15.155570280038694,0.8313223711157868,31938492.152797684
1980-04,28815057541.147614,27530624845.760406,12.430865336929644,2.2447943989040695,5.269671624377403,1.7407696570908813,2.117755657655432,0.44590405383845366,-0.1479450277905107,1.587052686630192,0.171939466155918,1071925.8543709628,347917.9497409401,437.1565542919899,1.2115410351845386,1.5264622991165944,3.076901239372385,-586.2795713275463,-211.38139082834667,-291.9431466188154,-0.32452836031696564,-364479.367066758,161.71614717586516,81.51793021019067,81.52665538785372,15.410153429086671,0.8351862572659037,31131179.770328347
1980-05,28657956939.03838,27380523343.42946,12.40842860684773,2.2485806880550605,5.264098465668934,1.7550825539563983,2.1319658555649146,0.4454998483290726,-0.13925901105443841,1.5412041669304901,0.17340931319824726,1014230.1535605544,343539.4599388568,432.9304161493348,1.2059056832048871,1.519589231691452,3.0632139330530026,-580.0018400217483,-209.35612168375764,-289.1105292306461,-0.32340201486055,-344695.6539519147,165.99482632453143,83.38522133324327,85.31858220400161,15.635515326257254,0.8249239352830319,30337556.358996093
1980-06,28501422652.77892,27230962939.76872,12.385911907268577,2.2552248492393003,5.269265646481245,1.769115136606672,2.140263670116501,0.4451061123507574,-0.13063850140034022,1.496235016072844,0.17487505596039615,958600.7000543702,339197.47875481605,428.73108036646516,1.2002848983570544,1.5127340564180805,3.0495623427639678,-573.7681921148777,-207.34267905511476,-286.29527163137436,-0.3222785470339595,-325626.4915879983,169.60351698959514,85.23052768679332,88.46294222611466,15.82365057382306,0.8021221547099563,29557377.928727183
1980-07,28345450396.44204,27081939539.75099,12.36331656152928,2.2576933211579373,5.257291457237888,1.777100439893718,2.155421424199434,0.4447227587297511,-0.12208289522964165,1.4521302881787768,0.17633671366751824,904976.5553971733,334891.61226553493,424.5582953138886,1.1946785830932933,1.5058966532995037,3.035946228650918,-567.578193639248,-205.34096132168273,-283.4972175200886,-0.3211579375990092,-307250.6584098336,172.36640967646463,86.86409495238455,90.68858156493297,15.961804446417593,0.7685931276328896,28790420.20782335
1980-08,28190036503.505585,26933449640.00251,12.340643769918035,2.2593267311399723,5.243978162781729,1.782183471905248,2.1715724099980904,0.4443497123989529,-0.11359166600912365,1.4088764214787532,0.17779430146390263,853301.3506827808,330621.5124732159,420.411841147153,1.1890866549331094,1.4990769211737993,3.022365388559645,-561.4314639420037,-203.35088040094345,-280.71623082732873,-0.3200401702695836,-289548.5205791904,175.18679711635326,88.18573586614512,91.90377368222146,16.064580465460146,0.7262974511745428,28036479.875075202
1980-09,28035177942.967606,26785490344.5388,12.317894604370375,2.2634342953696045,5.242897052547734,1.7877270512484675,2.181162393466938,0.4439869103592659,-0.10516436640038376,1.3664612698043694,0.17924783079673148,803523.3759693442,326386.87844793225,416.2915306286764,1.1835090473809506,1.4922747779754515,3.0088196587107103,-555.3276770252238,-201.3723621172498,-277.95219626702504,-0.31892523191501304,-272502.0630982358,176.77551400076243,89.19746142884529,92.21475882271444,16.128266468734637,0.6772702871067945,27295375.02864961
1980-10,27880872315.804398,26638059361.1653,12.295070012146368,2.263760242655186,5.2341148438107075,1.789775025169911,2.1945868873548937,0.4436343015827696,-0.09680062757050635,1.324874088003293,0.1806973089523755,755595.5215511709,322187.4559407391,412.1972089021872,1.1779457093525791,1.4854901609876752,2.995308913715348,-549.2665611843652,-199.405346093408,-275.2050191897409,-0.3178131125484492,-256094.8693024296,178.09860419370784,90.01178304701008,91.93649049607669,16.16569421061964,0.623552685772617,26566944.974407088
1980-11,27727117832.293377,26491154979.664192,12.272170819580369,2.2645174460325537,5.225366279843062,1.7890840704941127,2.2053703776534066,0.44329184682643996,-0.08850015644650149,1.2841054771122256,0.18214273929388383,709475.0868542799,318023.03565804305,408.12875229528123,1.1723966048564676,1.478723025799046,2.9818330651080616,-543.2478969750614,-197.44978528814818,-272.47462481849294,-0.3167038049620883,-240312.05443413116,179.11642401754744,90.85586944644811,91.59604591112041,16.170033351997557,0.567129601388679,25851049.394856606
1980-12,27573913273.16466,26344776035.163265,12.249197740083561,2.2707683803312078,5.243292097426889,1.793102441811071,2.205957883722466,0.44295951778095005,-0.08026273061150206,1.244147294396898,0.18358412188242484,665123.4761954495,313893.45034987526,404.08606631620745,1.1668617120542732,1.4719733456353086,2.968392059018262,-537.2715138454362,-195.50564508476987,-269.76095698781506,-0.31559730477550085,-225140.1599016386,180.1105532594767,92.0718481771489,91.92933166282614,16.147170911577753,0.5098757887314744,25147566.992215473
1981-01,27421257938.113876,26198921858.477535,12.226151386033928,2.288889212150061,5.3276414639495275,1.8197819220320017,2.1776593838429457,0.4426372958165806,-0.07208819218165752,1.2049925349311963,0.18502145318563903,622505.8018546387,309798.5709150281,400.0690830015549,1.16134102199067,1.4652411091788855,2.9549858730368945,-531.3372856514103,-193.5729022131863,-267.06397641457045,-0.3144936103243071,-210567.01530134614,184.80812209642866,94.05252369746512,93.74104337347651,16.621137921952595,0.4861639752880461,24456393.69427199
1981-02,27269151583.334755,26053592216.776054,12.203032278908239,2.3004369414525265,5.401129597211416,1.845267409749879,2.156693202036089,0.4423251712841508,-0.0639764396693477,1.166635190784129,0.1864547269429626,581590.4155682699,305738.30178721476,396.0777576743209,1.1558345369337069,1.458526319292738,2.941614512582557,-525.4451252782447,-191.65154333736547,-264.3836587072132,-0.31339272198850354,-196581.57565104257,189.7473537207926,96.83569469882576,97.04795228985758,17.10969909373138,0.43550491673031916,23777440.523894697
1981-03,27117594351.933506,25908787246.60144,12.179840867027872,2.3179406479411697,5.495586965630774,1.8758117270334722,2.1261850410688354,0.4420231416964393,-0.05592741952818844,1.1290700943782443,0.18788393436626494,542348.3896734898,301712.5757175663,392.1120653835806,1.150342268904429,1.4518289904264234,2.928278006566176,-519.5949786290485,-189.74156357800578,-261.7199920353753,-0.3122946420866252,-183173.74106823807,194.66730888109637,100.24775881308558,101.43217561690479,17.59298817562034,0.3871631535264553,23110631.230038296
1981-04,26966586699.46437,25764507383.196243,12.156577535524706,2.335235677862714,5.592340516099272,1.9040506357077018,2.091744961376242,0.4417312105366058,-0.04794111690529946,1.092292752171601,0.1893090647262491,504752.96857898316,297721.34829835576,388.17199708840695,1.144864237340946,1.4451491465939477,2.9149764028844483,-513.7868182109004,-187.84296482424188,-259.07297472165993,-0.311199374522336,-170334.16620966687,199.2847297179369,104.08209990452686,106.44095606974014,18.080367037051797,0.34229560420718425,22455899.770266384
1981-05,26816129317.76822,25620753287.63568,12.133242625106115,2.351588376566222,5.681890877537942,1.9285574052832775,2.0612595779316205,0.4414493859366575,-0.040017545767540394,1.056299174850474,0.19073010583844735,468779.0098835576,293764.5922931156,384.2575557200985,1.1394004679535827,1.438486818936901,2.90170976379436,-508.02063658724,-185.9557541391271,-256.4426127496663,-0.3101069244188056,-158054.0660256628,203.74480159855523,108.11357758068819,111.62439445019977,18.543055334128553,0.30184557827362474,21813187.74336367
1981-06,26666223059.23864,25477525774.342102,12.109836447276203,2.3643827194023928,5.762163332896607,1.9514345400127973,2.034854150073513,0.44117767898860427,-0.03215674010053102,1.0210857097659454,0.1921470442842724,434402.4329841679,289842.292051606,380.36875232501785,1.1339509901263485,1.4318420438074515,2.88847816144945,-502.2964398863286,-184.07994203135,-253.82891727838205,-0.3090172974930641,-146325.02423228926,207.62048889215507,112.11091780281274,116.56651442310745,18.973808141373777,0.26653567338521245,21182441.846150316
1981-07,26516868863.584858,25334825741.217625,12.086359296310995,2.380596013882874,5.849030141522507,1.9700943485889812,2.00111129738901,0.4409161024656983,-0.02435874436720665,0.9866488790768911,0.19355986610698675,401599.6909921921,285954.4381256991,376.5056023296948,1.1285158355880471,1.4252148599367236,2.875281673355547,-496.6142415029184,-182.2155409084101,-251.23190225987474,-0.30793050006510486,-135138.80980728436,210.97153810163027,115.84804840864047,120.91220309003113,19.362896423553266,0.236868004314085,20563611.43397379
1981-08,26368067690.018906,25192654104.619064,12.06281146645298,2.3940298453588214,5.926742341150142,1.9875832146498775,1.9701876650512877,0.44066466939111193,-0.01662360526619852,0.9529852298544357,0.19496855738422006,370347.2794366481,282101.02223761205,372.6681220350132,1.1230950364859347,1.4186053068349669,2.8621203780903683,-490.9740562677617,-180.3625635615119,-248.65158223742196,-0.3068465384879883,-124487.20631156146,213.53422722610904,119.1141450856262,124.38963169756151,19.708230651808208,0.21313102313064777,19956646.241795704
1981-09,26219820454.58899,25051011739.951786,12.039193259187174,2.399709365016409,5.980625602010509,1.9998531376951876,1.9491603171857987,0.44042339197225083,-0.008951363917305251,0.9200911978985928,0.19637310438220343,340621.2928115591,278282.03270320524,368.8563254577494,1.1176886240994555,1.412013422668337,2.8489943519089964,-485.37589515008784,-178.52102183645817,-246.0879702870918,-0.30576541883394387,-114361.85781806399,215.59594700935668,121.72221522934458,126.82793563541202,19.98882620478341,0.19541206771163483,19361494.326381557
1981-10,26072127976.224396,24909899429.53268,12.015504998772334,2.4068827854577464,6.039719838704525,2.0129815705951115,1.9242424271012848,0.44019228069610833,-0.001342049095782151,0.8879629884813764,0.19777349375892236,312397.03754863224,274497.450438143,365.07022152047955,1.1122966271186403,1.40543924258832,2.835903665068492,-479.8197605566787,-176.69092543281604,-243.5410762781819,-0.3046871468802855,-104754.13444237434,217.24935512199886,123.5161085568108,128.1700975994151,20.200239082217593,0.18361468836317416,18778100.26261738
1981-11,25924990930.069527,24769317818.459507,11.991747037635808,2.4172173631512175,6.097595167418004,2.023281127897189,1.8990454595521837,0.4399713432066968,0.006204328356462104,0.8565964761614403,0.19916971335520173,285648.707239539,270747.2455624427,361.30981173432224,1.1069190708623475,1.3988827977086549,2.822848379259983,-474.30564242691014,-174.87228087155364,-241.0109053478175,-0.3036117275155844,-95655.01957798244,218.28925883571685,124.37590132282607,128.4811269890354,20.356795166441827,0.1774797558686643,18206403.622051097
1981-12,25778409810.458057,24629267379.009865,11.967919764683861,2.428128543400805,6.146788078277595,2.025413027812143,1.8783015701914272,0.4397605837100256,0.013687780382788072,0.8259871244386547,0.20056175182119712,260349.12383616896,267031.37470443913,357.57508826675104,1.1015559759858136,1.3923441133556969,2.8098285452245255,-468.83351504931113,-173.0650907202709,-238.49745669005503,-0.30253916492188593,-87055.01991469025,218.99657531899152,124.221655325555,127.95176053802263,20.455116787250383,0.17660933891754552,17646337.758279912
1982-01,25632384902.813995,24489748383.91489,11.944023613286593,2.43380108322341,6.2452014627229,2.034941402291238,1.8390677643710036,0.43956000231172065,0.021108344674997802,0.7961299256449881,0.20194959940595705,236469.54577805084,263349.77893310273,353.8660325519344,1.0962073582773588,1.3858232086873636,2.796844201035878,-463.4033346499927,-171.26935297150828,-236.00072265736716,-0.30146946219990073,-78944.09884528659,216.944898268369,123.0131422582444,126.88817008497044,19.98620274236057,0.40317345688401224,17097828.895737447
1982-02,25486916264.49992,24350760887.931973,11.920059061230452,2.439510626277052,6.323028063791987,2.037272705603686,1.8032942249314923,0.4393695947738946,0.028466087747736624,0.7670193612113383,0.2033332476000623,213979.54229140308,259702.38240990686,350.18261429304135,1.0908732277014286,1.379320095875243,2.783895371065019,-458.01503782310635,-169.48506061747668,-233.52068814722708,-0.300402621264117,-71311.6328108647,214.62989136375765,120.71745431001753,125.53252190367436,19.417302352588926,0.43365156841731195,16560795.529377107
1982-03,25342003714.652252,24212304718.129383,11.896026632343013,2.443538109297018,6.401993629650406,2.0381094773067785,1.7699727490879875,0.43918935232663436,0.035761105460769466,0.7386493810047133,0.20471268943675514,192846.930878678,256089.09161073342,346.5247909722464,1.0855535883720486,1.372834779908077,2.7709820650992953,-452.66854066421536,-167.71220144032398,-231.05733026068415,-0.2993386430439881,-64146.38958225904,211.9899000836947,117.31845689111283,123.96104433239768,18.77339793111678,0.4580298378147623,16035148.110671487
1982-04,25197646831.949783,24074379472.13317,11.871926901774028,2.4454726269660765,6.46629005827347,2.0352754592103586,1.7421548360461936,0.43901926176430106,0.042993523598675934,0.7110134010386094,0.20608791951667604,173037.77365686506,252509.7952611553,342.8925077563636,1.0802484385044453,1.3663672584003852,2.758104278317165,-447.36373861528705,-165.9507579696768,-228.61061825197504,-0.29827752710455246,-57436.52701334619,208.2348600991272,112.86761726936521,122.22860479227671,18.081307013758344,0.4761901553780248,15520789.007016283
1982-05,25053844960.179073,23936984522.71258,11.847760488708719,2.4461926433192476,6.520899701156026,2.02928725335727,1.7180312953971932,0.43885930517527216,0.050163497324831476,0.6841043169679577,0.20745893385310457,154516.42666452748,248964.36473470033,339.2856977553782,1.0749577705484687,1.3599175220014512,2.745261991863733,-442.10050691879303,-164.20070760200406,-226.18051369557756,-0.29721927190592384,-51169.61020092423,204.32044891504262,107.4915443254114,120.38401640339957,17.366610977623004,0.4882170969436203,15017612.712616112
1982-06,24910597219.70006,23800119029.442673,11.82352805738868,2.4491068601975243,6.570702669455644,2.022300410558772,1.695963058271177,0.43870946039988795,0.057271209448626514,0.6579145321753325,0.20882572992029713,137245.63548948785,245452.65492584987,335.70428267582986,1.069681571351636,1.3534855545123672,2.732455173199732,-436.8787016913846,-162.46202286203845,-223.76697088995252,-0.29616387486998036,-45332.64471071675,200.33525752991522,101.39283738699064,118.47070658030813,16.653011215672507,0.4943749537243477,14525506.266277477
1982-07,24767902525.02795,23663781955.296474,11.799230312378986,2.4483305396420474,6.61072600966163,2.0151964118133607,1.6785503195696272,0.4385697015000455,0.06431686823658327,0.6324359975867098,0.21018830642316153,121186.66960426755,241974.50557610896,332.1481736949615,1.0644198225739374,1.3470713332668205,2.7196837773861393,-431.6981614209754,-160.73467177120827,-221.3699374161914,-0.2951113324715318,-39912.12327130851,196.4049043384031,94.84857046510221,116.5274802601166,15.956389427546886,0.4950816678652719,14044349.86158438
1982-08,24625759606.762207,23527972087.086002,11.774867994098893,2.4419398556628567,6.648899832337169,2.01211357594809,1.6645315900611437,0.4384399988051859,0.07130070480864684,0.607660261309348,0.21154666328304458,106299.48754844125,238529.74291505886,328.6172725703312,1.0591725016067906,1.3406748302878237,2.7069477482823214,-426.5587088399779,-159.01861832432485,-218.98935486532065,-0.2940616402187822,-34894.083183101844,192.75928906989012,88.20669382834959,114.58934552514071,15.30011313550742,0.49088076419614546,13574017.58991306
1982-09,24484167036.220173,23392688059.963997,11.75044187502384,2.4382667381017,6.679685232685039,2.0092489745709035,1.6529392423616742,0.43832031988565673,0.07822297013924463,0.5835785251604422,0.21290080135844802,92542.92494374434,235118.18150666202,325.11147298305394,1.0539395815781547,1.334296012568092,2.694247019930416,-421.4601531068808,-157.31382307840005,-216.62515966257735,-0.29301479276474407,-30264.171644322792,189.3164475191317,81.88066913242174,112.68837055890822,14.699836078706678,0.4824123221180473,13114378.30111148
1982-10,24343123253.435738,23257928383.23527,11.72595275300558,2.4355855599136076,6.700195607897571,2.0026176633643082,1.6466483884013015,0.43821062959151075,0.08508393114260532,0.5601817062916135,0.21425072239555767,79874.89738520478,231739.62629390502,321.6306618840128,1.0487210326350378,1.3279348432632907,2.6815815185857885,-416.402292166887,-155.62024371671575,-214.27728395123108,-0.2919707841631674,-26007.716251791957,186.40120456487523,76.34267569141403,110.85454310353173,14.16796664532481,0.4703839533642176,12665296.532356715
1982-11,24202626595.276672,23123691467.92236,11.701401444198977,2.436582905906916,6.684529770181923,1.9858756820474435,1.6493626963749268,0.43811089082903404,0.09188386772135176,0.5374605008609191,0.21559642898708967,68252.61063096304,228393.87470460657,318.17472100935544,1.0435168221671816,1.3215912821910707,2.66895116408805,-411.384915199886,-153.93783567269836,-211.94565653948248,-0.2909296080168534,-22109.79804126045,183.28988302909812,72.11573459556466,109.11660639758693,13.713620156021385,0.45554265575484437,12226633.470906721
1982-12,24062675324.635216,22989975654.19307,11.676788779747065,2.4340836407336868,6.6810038691123825,1.977151262570842,1.6525489924099417,0.438021065247934,0.09862306883058303,0.5154054478074668,0.21693792388985578,57632.77110421659,225080.71879509976,314.7435283218831,1.0383269157510953,1.3152652870703407,2.656355871717444,-406.40780510958854,-152.2665527719018,-209.63020381672428,-0.2898912574946652,-18555.32461594428,181.03768235602575,69.7650951642333,107.50284881930901,13.34267471106766,0.43864830032376306,11798247.925674528
1983-01,23923267658.22885,22856779238.140915,11.692901098347933,2.42762085242577,6.757347565636424,1.9793502378647754,1.634052441689157,0.43794111340750597,0.10530182896397366,0.4940069914251357,0.2182752103256496,47971.79028031828,221799.94733069063,311.3369594905015,1.0331512779840848,1.3089568141395738,2.643795554162376,-401.47074095503314,-150.60634784802784,-207.33085072274017,-0.28885572558985595,-15329.101167181398,191.3360836065799,69.86980257410808,106.04516083327961,12.513543569377278,0.45886912583607703,11379997.270995319
1983-02,23784401793.696255,22724100497.69975,11.710063852738275,2.4239989872558714,6.825894175898968,1.9801061573233725,1.6191267203897761,0.4378709957788956,0.11192044495510604,0.47325554044828366,0.21960829157809453,39225.97751300027,218551.3477568017,307.95488923454303,1.027989872774253,1.302665818957696,2.631270122777943,-396.5735002052823,-148.95717332710043,-205.04752157147226,-0.28782300525783183,-12415.89746667936,203.57355444388125,72.54251213477212,104.76595772685475,11.715669234874616,0.4439528156120773,10971738.336454172
1983-03,23646075933.99603,22591937715.69171,11.722469019107436,2.4202025540052867,6.887738771948289,1.9790476744264085,1.60691515637864,0.4378106725997793,0.118479212928472,0.4531415218056683,0.22093717108795213,31351.716631024046,215334.70799959762,304.59719258214415,1.0228426641821764,1.296392257405275,2.618779489188615,-391.71586088534804,-147.31898176545275,-202.780140877187,-0.2867930892812752,-9800.509219827147,216.440276867136,77.32916994432662,103.69301060526675,10.969862256875983,0.42745612852211523,10573328.227373514
1983-04,23508288309.40595,22460289201.34372,11.737847135566458,2.416445459679602,6.946349066954229,1.9783126582163486,1.5950048226072582,0.4377601049005813,0.12497842544664718,0.43365542914314437,0.22226185181418542,24305.622644214724,212149.81809512601,301.2637459935208,1.0177096171038424,1.2901360861159383,2.606323566752561,-386.89760343484676,-145.69172631700627,-200.52863405901462,-0.28576597074393595,-7467.812507965341,229.72779535205117,83.68825584259586,102.84452367267954,10.293290109070934,0.41007643862548593,10184625.056579717
1983-05,23371037196.7627,22329153308.070213,11.750657352012583,2.417067740606097,6.995438797360949,1.9762691931108043,1.587375594144797,0.4377192545142857,0.13141836927960543,0.41478786393257855,0.22358233672336983,18044.67584375989,208996.4715822478,297.9544283549542,1.0125906973702266,1.2838972630420569,2.5939022714675355,-382.1185123413502,-144.07536117189426,-198.29292807088905,-0.28474164288801257,-5402.810372850757,243.56710635491334,91.05687609576032,102.23163989117069,9.699326472874263,0.392470235439755,9805488.565567907
1983-06,23234320934.790894,22198528448.581955,11.761609014153718,2.41549629929176,7.046534183026169,1.97754884230249,1.5798061859542378,0.4376880844911911,0.13779932347087967,0.39652956956509194,0.22489862820993473,12526.331530437743,205874.46665118993,294.66912174159563,1.0074858723688656,1.2776757480543017,2.581515523296986,-377.3783774789628,-142.46984186113662,-196.07295191244935,-0.2837200993110412,-3590.6709361621083,257.1736897858418,98.8864824957355,101.85844674607758,9.197529406211032,0.37523735373940453,9435780.643890241
1983-07,23098137936.732544,22068413106.73506,11.79284897625613,2.4077176114101038,7.109965285514081,1.9853092076059327,1.5673725310741076,0.4376665593356702,0.14412155769890012,0.37887145767740127,0.22621072838154507,7708.604521734677,202783.60702470216,291.40771205132506,1.0023951114865748,1.2714715033236934,2.5691632465545826,-372.6769951384453,-140.87512555962064,-193.86863701448016,-0.2827013340324357,-2016.7567523574608,270.4418957881023,106.67458915084111,101.72219297111145,8.793736164127791,0.35890847909690693,9075365.725823633
1983-08,22962486698.788055,21938805845.70081,11.833090123160616,2.40647481582431,7.15782498362778,1.990145901140853,1.5605896363997673,0.43765464504563134,0.15038533144315153,0.36180462653815765,0.227518638634548,3550.1284266498787,199723.7026081221,288.17008948954174,0.9973183859579157,1.2652844935964351,2.5568453705497824,-368.01416878482615,-139.29117126646761,-191.67991753587347,-0.28168534128071765,-666.645394262554,282.74264532449354,113.99193573791092,101.81368890150861,8.49567682722904,0.34393597839575196,8724111.071788978
1983-09,22827365806.044376,21809705313.528957,11.862409346479836,2.4059019590723665,7.199132845521276,1.9955590774780563,1.555768578210868,0.43765230933322735,0.15659089281968328,0.34532037271669364,0.22882235998321424,10.19041977406414,196694.56987895642,284.9561487682506,0.992255669363385,1.2591146861040097,2.5445618300489685,-363.38970951402416,-137.71793990963587,-189.50673052605129,-0.2806721158857499,473.8584683707386,294.00593636451094,120.50473767513643,102.11785980582079,8.297553119103293,0.3306879957028399,8381886.939334119
1983-10,22692773934.093727,21681110244.788425,11.87683978887274,2.408559192363446,7.215254936739783,1.9937714609271973,1.5573090132445324,0.43765952167206695,0.16273847905397132,0.3294101947158752,0.2301218928075174,-2951.2570575073905,193696.03202733863,281.765789288041,0.987206937447406,1.2529620509977062,2.532312565296767,-358.80343623488164,-136.15539440519822,-187.34901600742978,-0.27966165292370637,1418.7190147495794,303.5249115655912,125.9918469823853,102.61442057452712,8.195315188117023,0.3194456659981339,8048566.645284722
1983-11,22558709848.795334,21553019460.23829,11.890771317260171,2.4086479689645146,7.228805336574248,1.9933393237036083,1.5578550417074946,0.43767625341686056,0.16882831585321145,0.3140657908436624,0.23141723684516474,-5373.605732835477,190727.91890406245,278.5989150622111,0.9821721682196026,1.246826561092102,2.5200975219708828,-354.2551755986069,-134.6034996410484,-185.20671695044754,-0.27865394821015604,2181.6725566180485,311.63903344059577,130.3568179674377,103.27863912612702,8.177024928685867,0.31040321773395446,7724026.5300417235
1983-12,22425172402.82292,21425431863.646023,11.902194757491053,2.410617218456541,7.244340750018037,1.9956840454812699,1.5586981557829356,0.43770247723466904,0.17486061817693124,0.29927905123336096,0.2327083913336924,-7295.619665745691,187790.066776992,275.4554345270979,0.9771513417479915,1.2407081918842953,2.5079166511084603,-349.7447616770015,-133.0622224030821,-183.0797791366501,-0.27764899767165613,2776.2373300011295,318.115089227882,133.63502528796172,104.08215695778311,8.239002947437251,0.3036706721041743,7408145.835331773
1984-01,22292160529.79306,21298346436.0436,11.951502410374117,2.417849988985669,7.305778559576908,2.0122196266067274,1.5508530429673444,0.43773816760365664,0.18083559108297106,0.28504204441708886,0.23399535492335652,-8755.479426592514,184882.31787031886,272.33526028768307,0.9721444401411018,1.2346069212607405,2.4957699085190264,-345.27203552224665,-131.53153125181998,-180.96815101013289,-0.27664679779685647,3215.7288501758685,318.4218942256032,135.9870977077945,104.9869467385401,8.52844640889038,0.24220451078424696,7100806.506452866
1984-02,22159673237.142395,21171762229.06011,12.01584232525765,2.422332599352313,7.377215543692583,2.0339765001414376,1.539243944684292,0.4377833003176357,0.1867534304259178,0.2713470004499314,0.23527812597635356,-9790.83935839688,182004.51982720345,269.2383087075792,0.9671514475006681,1.228522729521719,2.483657254572965,-340.8368444692998,-130.01139633212946,-178.87178340796342,-0.2756473454956311,3513.279812537857,316.9089349037842,137.6020471574102,105.97334236706519,8.893092131931484,0.23436033329278494,6801892.934008262
1984-03,22027709597.072525,21045678356.143166,12.079663923595099,2.427244737211724,7.455094192845913,2.0583185723784334,1.5266283631490163,0.4378378524306878,0.19261432396179234,0.25818629067599164,0.2365567023847603,-10438.8949046489,179156.52505658346,266.1644994472584,0.9621723491992576,1.2224555987409478,2.4715786535443205,-336.43904138556866,-128.50178922644412,-176.790629278772,-0.2746506377996593,3681.863487947511,313.31496535303353,138.64373529434198,107.00293978472583,9.314480518710536,0.23116935347168555,6511291.647187872
1984-04,21896268736.167465,20920093982.873623,12.130051108390951,2.435865381848842,7.513791477488534,2.077696288580377,1.5179656429027975,0.4379018020695141,0.19841845284522566,0.24555240527916614,0.2378310816207835,-10736.456967096252,176338.189953328,263.11375496255187,0.9572071322420105,1.2164055126960256,2.4595340731322106,-332.07848380964356,-127.002682700534,-174.72464334313656,-0.2736566721792949,3734.3195617677743,308.4944936727669,139.25822035275036,108.0447372020786,9.774295651250366,0.23232392078854555,6228890.974223884
1984-05,21765349825.497887,20795008317.044827,12.20611435485549,2.438720900346783,7.603173791922237,2.1083437901747146,1.500384671344117,0.4379751281023723,0.20416599258495885,0.2334379293836482,0.2391012607945809,-10720.03036618598,173549.37414579824,260.08599993343944,0.9522557846532277,1.2103724566847147,2.447523483567346,-327.75503304902173,-125.51405046919885,-172.67378175777054,-0.2726654463855881,3683.381395872978,302.342049883344,139.56142041773538,109.07005724263375,10.2603170680987,0.23741717326006317,5954580.682499578
1984-06,21634952069.00033,20670420598.13756,12.290080627927912,2.4394148138745266,7.674599474454902,2.1352335578143773,1.4853898778209804,0.43805781004887356,0.20985711476317,0.22183551905617266,0.24036723710716115,-10425.893636781155,170789.9396656475,257.0811607552351,0.9473182953237265,1.2043564166939935,2.435546857191947,-323.4685532059914,-124.03586698292128,-170.638001747208,-0.27167695800968433,3541.7037546434726,295.22761051536304,139.62874888668983,110.05320456685438,10.751176831319244,0.24596499989662715,5688251.611832716
1984-07,21505074693.152523,20546330086.866898,12.336284171455253,2.44383990431326,7.735777411660654,2.158558817275642,1.4734889261055284,0.43814982800925845,0.2154919881406649,0.21073787698975943,0.24162900730526854,-9890.17763353338,168059.75016154238,254.09916492419413,0.9423946534874637,1.1983573796815248,2.4236041675583295,-319.2189102730844,-122.56810716778381,-168.61726126328549,-0.2706912050410804,3321.8901161326135,287.18097902771933,139.48700152514817,110.97196829564732,11.231665313378153,0.2574281247326359,5429795.311667558
1984-08,21375716936.214924,20422736055.627296,12.358070430586203,2.4546929142887226,7.745480252426011,2.163792460352511,1.4740253393684557,0.43825116209332715,0.2210707799361904,0.2001377297802948,0.24288656822440713,-9148.94070605438,165358.67013300155,251.13994055353146,0.9374848489602031,1.1923753329098568,2.411695389301324,-315.0059712422755,-121.11074621012658,-166.6115186338567,-0.26970818546810443,3036.5187907038617,279.04802638800834,139.10851334600622,111.80796959569155,11.693821653729827,0.2712336370730647,5179103.693948889
1984-09,21246878039.014633,20299637778.852837,12.399757014586474,2.455803466447977,7.794387351982052,2.183712414191118,1.4631131743440369,0.4383617925961891,0.22659365741407764,0.19002780655836776,0.24413991661489964,-8238.238531413648,162686.56421532473,248.2034158533291,0.9325888714168625,1.1864102636380602,2.3998204968109795,-310.8296032862793,-119.66375934493128,-164.62073227135505,-0.26872789721838297,2698.167182844869,271.21494749362824,138.40753361039825,112.5468596628606,12.11873937743444,0.2867953778572586,4936068.7092736205
1984-10,21118557235.65393,20177034524.840233,12.433220387649122,2.456681029487867,7.849938103813027,2.206714848780131,1.4505103969417388,0.43848169972087925,0.2320607883617538,0.1804008196818824,0.24538904918789592,-7194.187043761582,160043.29650595586,245.28951867954711,0.9277067105353501,1.1804621589743014,2.38797946442534,-306.68967295429434,-118.22712166390757,-162.64486034896294,-0.26775033823708216,2319.43365395693,262.8576290278773,137.23870592403918,113.17837688142693,12.499478147445558,0.30353268483731544,4700582.05459767
1984-11,20990753746.00968,20054925548.11368,12.45773294767603,2.4602402032891315,7.883155256136514,2.2215017403568385,1.4430401689414185,0.43861086317147396,0.23747234252380978,0.1712494478625891,0.24663396304795568,-6053.017263286874,157428.73004634518,242.39817615175693,0.9228383555659285,1.1745310055176896,2.376172265355504,-302.586045571879,-116.800807934069,-160.68386057234113,-0.2667755064567989,1912.9565702094765,255.3943640838651,135.39748847059482,113.69627574069382,12.829033696032198,0.3208870983342471,4472534.917551385
1984-12,20863466769.079567,19933310083.296375,12.48336832216997,2.4634234163515956,7.905835831143557,2.2321313915351704,1.4376760498828876,0.43874926252186497,0.24282849217394584,0.1625663218593475,0.24787465512057083,-4851.121189652731,154842.7262953052,239.52931429519305,0.9179837951564713,1.168616789411208,2.3643988716419866,-298.5185846615489,-115.38479246719223,-158.73768998121128,-0.26580339964084004,1491.4302454157241,248.4295256467382,132.62230783337705,114.09814232081321,13.102637678879208,0.3383367303414582,4251817.761833187
1985-01,20736695477.850075,19812187340.35191,12.382199749749416,2.4794402533972657,7.96764017454559,2.2520132149596135,1.428543223013723,0.400110455971561,0.23552485949384994,0.1419212891906496,0.23503017474230734,-3625.13890596632,152285.14478151008,236.68285782342974,0.9131430173432656,1.1627194958130387,2.3526592538505615,-294.4871514564053,-113.97904900598736,-156.80630472875808,-0.26483401534725187,1067.6200662440754,246.55857003792184,128.63381397487973,114.40493037229626,13.04684379978514,0.31125499953770447,4038320.1556818127
1985-02,20610439015.358032,19691556500.32133,12.246805771478437,2.4969067751464507,7.99281841539105,2.2572961738828243,1.4282231608910632,0.39635878549714054,0.2395005796069481,0.13290047343310202,0.23484348857960097,-2412.645144124961,149755.84279264914,233.8587298771399,0.9083160095910825,1.1568391091402952,2.340953380582762,-290.4916046390839,-112.58355063872337,-154.88966000168747,-0.26386735116260496,654.2656530022693,245.91297071684946,123.59865121798576,114.58333062946211,12.904598994616924,0.3230829572081949,3831930.6442351216
1985-03,20484696492.044453,19571416713.144176,12.0912058892902,2.5125011149363234,8.033070081510234,2.268251818187229,1.4249672361039378,0.39428798065524795,0.24396468976052801,0.12486082914831614,0.23525946159577724,-1249.3920001583692,147254.67519589484,231.05685193816484,0.9035027583563852,1.150975612750617,2.32928121868426,-286.5318000583221,-111.19826974202407,-152.98770992427328,-0.2629034043215446,262.53921149457585,246.24065559037882,118.05273875884161,114.65740899802752,12.688815700137022,0.33566805793539045,3632536.665576046
1985-04,20359466984.090897,19451767096.20041,11.938191342542082,2.52653065774912,8.091369464002192,2.285672938005576,1.4154664086724067,0.3937979525478872,0.2488848589359341,0.11776266151755936,0.2362417639324625,-166.12253568325548,144781.49432593916,228.27714372294236,0.8987032494144661,1.1451289890173881,2.3176427326650804,-282.6075906218869,-109.82317792473398,-151.10040748787227,-0.2619421720649439,-97.89076220718553,248.43143980184388,112.51441251914666,114.63662805179557,12.413321264111,0.34861280083180474,3440024.508155597
1985-05,20234749533.409973,19332606734.07501,11.749213943392514,2.540354843568163,8.149126553004889,2.302779947231921,1.4071252992438565,0.3947514695148259,0.25421668993572155,0.11155430331435147,0.2377405816975054,812.0175713803446,142336.14999620084,225.51952320855386,0.8939174676143049,1.1392992191969606,2.3060378851678656,-278.7188263174385,-108.4582460724309,-149.22770459347524,-0.26098365140205493,-419.3410156725552,252.52563345510714,107.43548443184679,114.53229717863296,12.09235163377425,0.36154706271362347,3254279.307192525
1985-06,20110543148.59484,19213934679.459896,11.575367820756128,2.5553147291982565,8.183792137067169,2.3109274081086744,1.4036233842808457,0.39698198724962597,0.25990626420745866,0.10617462521203382,0.23969545995511882,1665.7356658831743,139918.48952555034,222.78390665234758,0.8891453968857307,1.1334862835726671,2.294466636655337,-274.86535423691186,-107.10344433018518,-147.36955201771363,-0.26002783923339323,-695.8639716545013,257.28345532539083,103.17031898432148,114.35707832542761,11.740083417467947,0.3741362996258516,3075185.075929985
1985-07,19986846806.28338,19095749954.5625,11.428043594160698,2.5689981966693933,8.222058024231208,2.3197802325944927,1.3986258158457103,0.40030157584345727,0.26589271762579825,0.10155557833358693,0.24203818044831737,2381.6465999339257,137528.3579191984,220.0702086811915,0.8843870205334419,1.1276901613836228,2.282928945754401,-271.0470187513305,-105.75874215225848,-145.52589951799678,-0.2590747321045959,-924.0141295553177,261.1516964538844,99.95092555301906,114.12450067077997,11.370214520278235,0.38608786044808147,2902624.767425799
1985-08,19863659454.03456,18978051553.61797,11.304841312399986,2.579808659813334,8.275795696521905,2.3351419692438937,1.3894843470187173,0.4045086954926017,0.27211076706352993,0.09762469082297712,0.24469558444874653,2952.1445437154844,135165.5980089057,217.37834242071528,0.8796423210603788,1.121910831151974,2.2714247692909266,-267.2636617297674,-104.4241083445567,-143.69669589171173,-0.2581243267155405,-1101.6288477793928,265.4156601109121,97.86821215125632,113.84849775747368,10.995601077209148,0.3971554131746458,2736480.361709258
1985-09,19740980013.09959,18860838446.14935,11.166824713543349,2.589393001788481,8.280649715207877,2.331491368221038,1.3913212882538621,0.4093956030620537,0.2784931167455826,0.09430744688873899,0.2475922612756704,3375.114235680522,132830.05071037513,214.70821966966523,0.8749112803628106,1.1161482704089312,2.2599540624750722,-263.51512281146756,-103.09951114528839,-141.88188909130383,-0.2571766193239244,-1228.3674704143887,269.7793932309097,96.85934685513216,113.5429788267738,10.627955946140695,0.4071415383333144,2576632.9740030933
1985-10,19618807382.395123,18744109579.92311,11.038786403066075,2.597293945452459,8.281495456499016,2.3272067285138363,1.3937278059378766,0.4147552037326988,0.2849726845770625,0.0915294895912625,0.25065303611163176,3653.5063906784408,130521.55529238636,212.0597510866302,0.870193879824115,1.1104024560379249,2.248516779246551,-259.8012397046537,-101.78491831758825,-140.08142633019764,-0.2562316063717522,-1305.3365816734631,274.01217299898025,96.70099523596646,113.22144371534073,10.277611649804866,0.4158985957561167,2422962.977507452
1985-11,19497140442.18925,18627863885.051804,10.942247047644546,2.6026017174964653,8.307777189596068,2.33321711333194,1.3888927361653534,0.42038719823429854,0.29148459932808257,0.08921859848579579,0.253805201530648,3794.8035879777144,128239.94966842486,209.4328463662998,0.8654901001545654,1.1046733645328812,2.2371128722634848,-256.1218485493816,-100.48029719813049,-138.2952542362961,-0.25528928402364465,-1335.6757676897264,278.9757761092743,97.00804920663833,112.89664852859073,9.953348433618476,0.4233280116539553,2275350.136496152
1985-12,19375978058.30829,18512100277.786076,10.849693784435836,2.607334351251177,8.291067896835534,2.3218966050982752,1.394531210565122,0.4261034116187093,0.29796793164415813,0.08730640527630189,0.25698045169184325,3810.403614551349,125985.07068680676,206.82741448601342,0.8607999218573338,1.0989609717523556,2.2257422933908213,-252.47678423215527,-99.18561482267458,-136.52331893569584,-0.25434964841963853,-1322.9107620736713,284.42530929026077,97.23733610104387,112.58032713065799,9.66228608605217,0.4293781645323913,2133673.7441410967
1986-01,19255319086.126175,18396817664.443336,10.59707568851492,2.6245064377628817,8.156224835955987,2.2496405533350288,1.42151383303796,0.3965037684261177,0.2885588563793014,0.08017160613946832,0.2633285941861636,3712.75796551078,123756.75444674629,204.24336388017528,0.8561233252241055,1.0932652532773117,2.2144049939636994,-248.86588078868692,-97.90083799988403,-134.76556624808475,-0.25341269557344387,-1271.7349341570118,299.21077637844076,96.85761170397753,112.24923353859879,9.206711390670929,0.399463937787012,1997812.7610473142
1986-02,19135162374.568485,18282014945.241573,10.318726743790647,2.6368748512905302,8.020151657955715,2.174890740498056,1.4450979465923754,0.39834366808000177,0.2932319089095513,0.07831385747213404,0.2666940882554671,3511.862633691515,121554.83659528947,201.6806026695157,0.8514602903074768,1.087586184541453,2.203100924650379,-245.2889716869048,-96.62593339727603,-133.02194178279223,-0.2524784216446654,-1187.466249340598,314.5708871514495,95.9839932942985,111.97653161858754,8.772992823117685,0.39928666557256026,1867645.9493214905
1986-03,19015506770.16951,18167691018.062737,10.014549872135083,2.643459743766698,7.8866010087767995,2.098765254019839,1.461898970083578,0.40133396473609734,0.29841144654948965,0.07692515063736918,0.2697800984001762,3223.559633695631,119379.15260811965,199.13903885683663,0.8468107971332868,1.0819237409529365,2.191830036298879,-241.74589021369377,-95.36086762901053,-131.2923910485452,-0.25154682258942473,-1075.9486205255976,330.38952160261385,94.59828343135841,111.74092044801979,8.371956327636234,0.3993094809823769,1743051.9998786044
1986-04,18896351120.33535,18053844781.679905,9.747575996691022,2.653022917862248,7.739321787942472,2.0185838501988482,1.4837867952231532,0.40527899130450046,0.30402285908894944,0.07594945091695973,0.27255688149840906,2866.199666851766,117229.53803442323,196.61858049372037,0.8421748257925171,1.0762778978746836,2.1805922795435624,-238.23646973939302,-94.10560733120127,-129.5768596172665,-0.25061789454202543,-943.3787126430292,345.6345876345834,92.68540272447159,111.54834299406822,8.01236479188384,0.39953760678174055,1623909.648463649
1986-05,18777694276.584545,17940475138.604958,9.501909057460638,2.6605371702923755,7.588303013613302,1.9379732941939911,1.5065386172220763,0.40997426793692826,0.3099844967417948,0.07533339334108242,0.27500681800186644,2458.3643216041346,115105.82875106375,194.1191358521041,0.837552356392049,1.0706486307080156,2.1693876053474708,-234.76054398334054,-92.86011923003691,-127.87529316459768,-0.24969163359310534,-795.7644341694269,360.0489054943185,90.2923229051393,111.40316121668977,7.7008614659601715,0.39996602756771565,1510097.7794162794
1986-06,18659535097.111282,17827580997.76936,9.297181717619472,2.6652324181207185,7.44084290679865,1.8640533673338,1.5280412229744447,0.41521351694800546,0.3162108298171018,0.07502737889256038,0.27712372836492205,2018.207723134242,113007.8611225083,191.64061353608633,0.8329433692398661,1.0650359150967739,2.1582159650505646,-231.3179472683931,-91.62437020038787,-126.18763761825781,-0.24876803579128404,-639.0386505181019,372.4415465692505,87.52837124308606,111.30821310054847,7.441982628660065,0.4005805002080617,1401495.5140411586
1986-07,18541872449.12201,17715161276.90424,9.100870143233838,2.667666816312606,7.305727387551505,1.798015702569614,1.5452862756323429,0.4207950301795348,0.32261540833036506,0.07498644926211373,0.27891191404072446,1562.8768419178418,110935.47218613315,189.1829226185878,0.8283478447757056,1.0594397271337532,2.1470773106318317,-227.90851467288863,-90.39832731409211,-124.5138391820042,-0.24784709727590637,-478.7437607163664,383.4763924226118,84.56363385684557,111.26490962100485,7.232815529530168,0.40135873891813134,1297982.2833623153
1986-08,18424705210.438,17603214903.828503,8.934907801479753,2.6720922822159268,7.1798731537125295,1.7327046033847584,1.564127781285481,0.4265272625425251,0.32911355395239106,0.07517093401684834,0.28038498050772487,1108.0199860631462,108888.49979181153,186.7459727432815,0.8237657638646899,1.053860043043022,2.1359715946960174,-224.53208222674795,-89.18195787620317,-122.85384440191582,-0.24692881429378927,-320.17029707331346,392.8512646289587,81.62569592552376,111.27336488978544,7.078830674427355,0.40227172386965016,1199437.8842104867
1986-09,18308032270.84925,17491740817.605484,8.805508294996683,2.6757581616724377,7.070908083476075,1.6765976080368457,1.581173142404741,0.4322335613129407,0.3356247290536427,0.07554687458560402,0.2815644988027935,667.389404289426,106866.78265416772,184.32967413720738,0.819197107458835,1.0482968394500733,2.1248987705429037,-221.18848698041887,-87.975229454217,-121.2076002447788,-0.2460131830810702,-167.84907088236642,400.3745732878021,78.99498290986841,111.33255218499441,6.979129384602002,0.40328508101992755,1105742.5185975267
1986-10,18191852532.743904,17380737969.636604,8.684322815812019,2.672721223163124,6.991392428408984,1.6327443141026188,1.5883883706299327,0.4377559754669265,0.34207454482315997,0.07608623510991602,0.2824785613142715,252.54051039089495,104870.16045566325,181.9339376966244,0.8146418571098006,1.042750093282917,2.1138587922088146,-217.87756705331014,-86.77810989190294,-119.57505407401213,-0.24510019998719093,-25.671411850753103,406.4223658771271,76.99898244048255,111.44047856713266,6.931274342221125,0.4043604839945794,1016776.8170979365
1986-11,18076164911.656776,17270205323.715515,8.597551973071463,2.673235954969848,6.919732876036332,1.595087305778736,1.5991715899137073,0.44295812375150595,0.34839638437103065,0.07676691373849934,0.28316028740517357,-127.37290970210987,102898.47381833933,179.55867496520102,0.8100999943623757,1.037219782163989,2.10285161448187,-214.599161707313,-85.59056731806321,-117.95615366910174,-0.24418986135308388,103.01779029992149,410.7782054812058,76.0056321531208,111.59437105304312,6.926099907101704,0.40545703478192874,932421.8471653676
1986-12,17960968335.908657,17160141855.775068,8.562610556582818,2.672390383566804,6.8667424186698565,1.5642336754138797,1.6076060151116935,0.4477271279350823,0.35453262990298334,0.07757257507206934,0.28364632664483014,-465.7109627302509,100951.56431619765,177.20379816396397,0.8055715013588219,1.031705883792034,2.091877193023164,-211.35311129969614,-84.41257014126555,-116.35084723360936,-0.24328216363179503,215.78458852653097,413.41610040944045,76.4161552429016,111.79086756377123,6.963659918271174,0.40653258340708526,852559.1075410943
1987-01,17846261746.098087,17050546553.525414,8.611868723935554,2.6680868664270605,6.772057527619932,1.5193372655930926,1.63041263046653,0.4619645917722485,0.42656010179465126,0.10942231442012026,0.3091370182711761,-755.8308382157703,99029.27443778419,174.8692201419317,0.8010563603448589,1.0262083762735137,2.080935484219633,-208.1392572378501,-83.2440870400097,-114.75908339265794,-0.2423771033936812,310.88436094139354,419.4207396245684,78.83528695741727,112.05619344651339,7.01417913076556,0.3444631134675135,777070.5097930157
1987-02,17732044094.405632,16941418415.934963,8.640666448104948,2.65574714841848,6.688530020316403,1.4745375203965911,1.6471395045918873,0.4666337018925306,0.4388554230133129,0.1135670425307625,0.3118840907467523,-1005.1353928579647,97131.44751207855,172.55485433284468,0.7965545540119466,1.0207272382386399,2.0700264451298667,-204.95744192005316,-82.08508694477914,-113.18081111602191,-0.2414746770675683,387.177950286538,423.99946599144647,84.34161571275884,112.32937925958592,7.093596048077541,0.3390146159878735,705838.3499409545
1987-03,17618314343.39025,16832756451.70551,8.714905555034255,2.644182772458203,6.614405520903735,1.4374180662678424,1.664173147076952,0.4702477188140086,0.44800280009970894,0.11648539850441762,0.31346806399236826,-1218.3481094292006,95257.92764998111,170.26061471168106,0.792066065231967,1.0152624485700943,2.059150033415181,-201.80750865543433,-80.93553901432826,-111.61597974356886,-0.24057488143203967,444.13742552187193,426.7156596428934,91.9429100601835,112.63180117656361,7.1966383922059975,0.3361425672765614,638745.2709538707
1987-04,17505071464.954704,16724559678.397835,8.815730072119603,2.6349757077202076,6.555935908145221,1.4090818513539332,1.6809119288612016,0.4728159118889186,0.4541558993844741,0.11825949722557472,0.31399108488365157,-1386.707189329437,93408.55963069397,167.98641571628335,0.7875908771430263,1.0098139863513003,2.0483062073895084,-198.68930151561437,-79.79541260619261,-110.06453889505403,-0.23967771299710272,482.07683046801634,428.0503050009088,100.27429451506018,112.95899284354664,7.323269016855429,0.33564994638808365,575674.2188328791
1987-05,17392314438.54407,16616827120.948994,8.917785917432829,2.626972062524405,6.5211231055682015,1.390972139770797,1.6924908674811903,0.47437825171966996,0.45754137763922853,0.11900418001784885,0.3135767863492971,-1503.5256630507665,91583.18879831473,165.73217217293688,0.783128972988689,1.0043818309438466,2.037494925814718,-195.60266524730795,-78.66467724778477,-108.52643844653906,-0.2387831686057464,501.8621483387958,429.82714708609535,108.1263657739974,113.30638058952496,7.460455175244254,0.33728398605681115,516508.39387600037
1987-06,17280042249.98818,16509557810.216568,9.008769856851746,2.617036003862451,6.5001503154218385,1.3788045771028505,1.7003028718347444,0.4750011400657561,0.4584447890593307,0.11886005899036009,0.3123644295178991,-1564.67765090144,89781.66095272398,163.49779924373698,0.7786803362001247,0.9989659619488231,2.0267161478029645,-192.54744511741293,-77.54330260198415,-107.00162848147943,-0.23789124494535327,504.5943949723234,430.99246790018043,114.54214109682097,113.66938402521973,7.605109062546869,0.3407494047969616,461131.1992175295
1987-07,17168253889.578228,16402750781.620888,9.144685604743218,2.613452170260819,6.495418857067456,1.376752000128613,1.7091814650579007,0.47477277379526095,0.45719613531564274,0.11798648510590942,0.3105031630041039,-1568.959164994003,88003.8222321106,161.28321229714496,0.774244950364413,0.9935663590348373,2.0159698327182975,-189.52348680398504,-76.43125843180408,-105.49005922748137,-0.23700193864263888,491.90991009331856,431.49454545385163,118.89673914145756,114.0435067965884,7.757560955832817,0.34572159131918806,409426.18841537985
1987-08,17056948351.021927,16296405073.42615,9.280344644843247,2.607554443071525,6.497015166436489,1.378238515107941,1.7159134013770043,0.47379831881795753,0.45415552661685427,0.11655465589672653,0.30814655990156514,-1518.3251742947896,86249.51899779523,159.0883268902978,0.76982279906134,0.9881830020112048,2.005255940080549,-186.5306362267804,-75.3285145691879,-103.99168100505868,-0.23611524664091674,465.8586763994046,431.30014791154014,120.95912976018674,114.42441570592258,7.9082908311051865,0.3518593505296163,361277.0138159838
1987-09,16946124629.3506,16190519725.568098,9.385007568717976,2.5968065462990153,6.503411786515524,1.380210169456098,1.7185319165528874,0.4721950574538457,0.44969937386943903,0.11474105800156015,0.3054475677522333,-1418.0081944518538,84518.59772877753,156.91305864542642,0.7654138660767343,0.9828158707895994,1.9945744297341583,-183.56873944349275,-74.23504087895769,-102.5064442047265,-0.23523116558013932,428.3912307828899,429.6789900491136,120.93589322103743,114.80800707214567,8.052948993907163,0.3588168720831132,316567.37706304784
1987-10,16835781720.015884,16085093778.08881,9.492119950053693,2.5886800626847863,6.5179845685411895,1.3877293276157563,1.7208408762445955,0.47008765744252967,0.44420747188068216,0.11272140660586359,0.30255398284526763,-1276.526692231856,82810.90491639829,154.7573231896794,0.7610181349982872,0.9774649450864666,1.9839252612703824,-180.6376425452291,-73.15080723358177,-101.03429921828574,-0.23434969226803548,381.79440947124,426.69911196245624,119.49747521777194,115.19045952358206,8.187802870601725,0.36625464099876703,275180.9830965141
1987-11,16725918617.404167,15980126270.184788,9.605765982014228,2.5878244662514365,6.549999930368053,1.404319205520976,1.722114747719795,0.4676036928490694,0.43805127377438047,0.11066521359156078,0.29960453155364053,-1105.5940709909025,81126.28697346502,152.6210361168167,0.7566355895477361,0.9721302048810531,1.9733083943048721,-177.73719152543498,-72.07578348233599,-99.57519639694047,-0.23347082356910095,328.4362046733279,423.452319868591,117.7879004094998,115.56827308816737,8.309787273498781,0.3738490680228924,237001.49863973825
1987-12,16616534313.861498,15875616239.045624,9.692830831388283,2.5899307793538786,6.597527279821189,1.4261187028700448,1.7191845887758808,0.464869525229483,0.43158358719547757,0.10873108579094143,0.29672561501456696,-919.9409094914173,79464.59015642112,150.50411289473578,0.752266213315808,0.9668116297697492,1.9627237884267672,-174.86723218485722,-71.0099394272447,-98.12908602782153,-0.23259455614298682,270.54870088159714,420.8274464190545,117.41930723676991,115.93829469964912,8.416529617891166,0.3813006792839186,201912.51603344787
1988-01,16507627798.777246,15771562718.969007,9.805494572383283,2.59655684079546,6.614949078084374,1.4416808809081052,1.7282217371430817,0.5118517366149709,0.4228941462686006,0.11663708408665578,0.3137110254889637,-730.6605652322379,77825.660492789,148.40646884202087,0.7479099898575986,0.9615091995464833,1.9521714030236694,-172.0276100777915,-69.95324480544521,-96.69591830867985,-0.2317208868051945,210.30915310929157,412.8983504619001,119.91780729420991,116.28529678899322,8.641768506007578,0.3307962874403245,169797.5228617831
1988-02,16399198057.718105,15667964740.780983,9.905282107767283,2.6073462097690197,6.6366481071787105,1.4600201417651164,1.73721185728927,0.5139964125934607,0.4165201578563534,0.11632538682019901,0.3132743553012518,-537.7093603896094,76209.34373323641,146.32801907831683,0.7435669026794821,0.9562228936991495,1.9416511971001718,-169.21817042509863,-68.90566927196231,-95.27564329879192,-0.2308498121570256,149.90659385422782,405.18037361560414,123.62127901607961,116.5988424867331,8.860022116842122,0.3313932434278802,140539.87776543136
1988-03,16291244071.993336,15564821330.92833,9.991669470249866,2.6214292314721526,6.665082527328252,1.4815725508234727,1.7444212685121616,0.5140802791362978,0.41079895776964026,0.11609862595578196,0.31234307029327363,-345.92756293585546,74615.48530524198,144.26867850863366,0.7392369350987927,0.9509526917555746,1.9311631294860185,-166.43875807892206,-67.86718238766883,-93.86821092232904,-0.22998132907896285,91.0059843757436,397.3675347334696,127.98139544427994,116.78819461009702,9.067524703097948,0.33363236292384385,114022.79259075182
1988-04,16183764818.031242,15462131511.613094,10.058679741656695,2.633061431530808,6.684624585022991,1.4982329004512893,1.753419625747399,0.5123220720607623,0.4059329406685092,0.11606580381913315,0.31102638805729504,-160.4546753854013,73043.93028998974,142.2283617926598,0.7349200703532086,0.9456985729036901,1.9207071588287001,-163.6892174919955,-66.83775360867465,-92.47357094964258,-0.22911543411633747,35.359381313835485,389.50638444154447,132.82966622733184,116.78868530482164,9.259126289645256,0.33721285139249585,90129.32065881768
1988-05,16076759267.684423,15359894300.38099,10.115930064783141,2.6457995846176736,6.704560343437568,1.5152629772927857,1.7614097359366907,0.5089741599909574,0.402077207827436,0.11632296814157521,0.30943403790319546,14.14711754166953,71494.52340766304,140.20698334750355,0.7306162914715866,0.9404605163498833,1.9102832433322523,-160.96939268900172,-65.81735228711963,-91.09167299233548,-0.22825212395648453,-15.736509548006886,382.2364554755655,137.96910201225862,116.56543173792916,9.430668928858474,0.3418205814325077,68742.35100631244
1988-06,15970226387.721752,15258108709.960663,10.163094584773447,2.6592571178573223,6.722659348077559,1.5314984343113487,1.7688124073289526,0.5043116093684042,0.3993396495256471,0.11695138880752581,0.30767291751741005,173.9336326504832,69967.10901733913,138.20445733443782,0.7263255815239792,0.9352385009509605,1.8998913409954818,-158.27912728963727,-64.80594766840653,-89.72246650258901,-0.22739139519392232,-61.23893270381481,375.39170293791744,143.18149928432496,116.11836792058804,9.579012236294615,0.3471389250255432,49744.60813386834
1988-07,15864165140.183697,15156773748.623554,10.182993121671519,2.670612259667286,6.735264054751224,1.544030227718715,1.7755676268521197,0.4986216619270543,0.39778243552826764,0.1180163603626556,0.30584416949468085,315.59676357780097,68461.53112672744,136.22069767764555,0.7220479233854131,0.9300325057134013,1.889531409502524,-155.61826448252017,-63.803508891312546,-88.36590077733955,-0.2265332445817987,-100.4255705629175,369.36481863989667,148.23463318365492,115.4857288433634,9.702025845908304,0.35285857655850894,33018.65670565261
1988-08,15758574482.643934,15055888420.31145,10.186999949649639,2.6774062286562352,6.7374377863849855,1.551624246533783,1.7817997477274063,0.4921938990320277,0.39742472787477806,0.11956660327139274,0.3040407223093841,436.46166626485297,66977.6334075751,134.25561806520312,0.7177832997291412,0.924842509188196,1.8792034063637864,-152.98664708363916,-62.810004997188585,-87.02192496409482,-0.22567766866343347,-132.6022858526324,363.98503743348107,152.88915164754223,114.74603718156033,9.798552319193375,0.3586861744014228,18446.910535088875
1988-09,15653453368.57883,14955451724.98121,10.178630670880459,2.6888313390966023,6.748971819973821,1.562084298481331,1.7860794805433422,0.48531131962554297,0.3982464132103941,0.12163422286111439,0.30234532381333556,534.4652280124542,65515.259227810726,132.30913195404884,0.7135316932866224,0.9196684900898653,1.868907288558009,-150.3841175571371,-61.82540493686137,-85.69048807655173,-0.22482466387700176,-157.62825270438685,359.5762080147026,156.90499395161456,114.01868267649073,9.868344575584135,0.3643515819080026,5911.64528212884
1988-10,15548800747.562872,14855462659.03456,10.156401992131784,2.703536720840035,6.7700827513745585,1.5740008024996843,1.7879360458413844,0.47824250788094047,0.4001926397161367,0.12423517039603045,0.3008290769324918,608.1183376960216,64074.25168168847,130.38115264338853,0.7092930864897568,0.9145104268286717,1.858643013176069,-147.81051802857112,-60.84967758056103,-84.3715390070664,-0.22397422694290314,-175.41863362324426,355.84001440736097,160.0471886927312,113.46321756363338,9.9119822690783,0.36961374369668437,-4704.986052999055
1988-11,15444615566.021624,14755920215.941536,10.122436396474022,2.711857605853923,6.778840213733985,1.579414331391212,1.7892382319843807,0.47123501604436996,0.403178942339821,0.12737014250557396,0.2995504711717576,656.4547089000517,62654.453632027784,128.4715932534926,0.7050674619778851,0.9093682977587373,1.848410536847041,-145.26569037900458,-59.882791727973895,-83.06502654351762,-0.2231263542539273,-186.1085091081086,352.6760889525326,162.09091924795425,113.27751763215275,9.941605058450696,0.37426508363559735,-13520.935464624186
1988-12,15340896767.933853,14656823386.39957,10.086882021207815,2.7176950189608045,6.78328631416545,1.5819897486018502,1.789443156863546,0.4645100406401254,0.40709674449094224,0.1310258488989959,0.29855488875194414,678.9691360116773,61255.70774827233,126.58036676498149,0.7008548021278639,0.9042420812030343,1.8382098162555043,-142.74947624502457,-58.924716123006256,-81.77089939151818,-0.22228104248623123,-190.18303343794324,350.73890098261114,162.82577809021637,113.69497738985561,9.949392417132332,0.37813445888155117,-20654.24090444808
1989-01,15237643295.046844,14558171159.509811,10.000164011951995,2.7322309126681743,6.8230762107988046,1.599000066933369,1.7758269810588885,0.42933904145710156,0.3863574738922231,0.13442687028610578,0.29754323562155366,677.46544076889,59877.856552144265,124.70738607437204,0.696655089299009,0.8991317553468106,1.828040807815456,-140.2617170920918,-57.9754194641452,-80.48910618737315,-0.22143828799071785,-188.16386433165613,357.76479646220344,162.0711658765458,114.96859797109252,10.140419267431835,0.34110494313646306,-26223.00657095614
1989-02,15134854087.69713,14459962522.603735,9.913396643713199,2.7477423231647617,6.86472001435486,1.6152176598537349,1.76226876239293,0.42080438673866705,0.3891787150866091,0.1389606971459215,0.29716417822555563,659.1598723052145,58520.742459864676,122.85256398759238,0.6924683057240693,0.8940372985058048,1.8179034678149488,-137.80225427868956,-57.034870419745886,-79.21959552202142,-0.22059808740503425,-180.67352953933803,366.50393307597045,159.84110344194588,117.13522115107297,10.334380854678434,0.3390200888917898,-30345.383176584706
1989-03,15032528085.391474,14362196462.520155,9.817179408236887,2.7594064997767473,6.896374085674664,1.6284931354964522,1.7479760201617796,0.41427062107991597,0.3936149543289583,0.14394038835537798,0.2971413698523907,627.7500938164503,57184.20782431711,121.01581327286291,0.6882944337749015,0.8889586886437256,1.8077977525800442,-135.37092906826686,-56.10303763679413,-77.96231595734422,-0.219760437175768,-168.4639223400616,375.7584059980816,156.3561167305476,119.98917753052318,10.52516485756002,0.3375910355248302,-33139.548799652875
1989-04,14930664227.35464,14264871965.519327,9.727672183411098,2.774758680254232,6.936507242302247,1.6423112818700045,1.7333506473288907,0.40975172048464253,0.39945126184720386,0.14931216947322748,0.2974701424409706,584.542311299169,55868.09497489478,119.19704667642051,0.6841334558674035,0.8838959041285425,1.7977236185212286,-132.96758271183845,-55.17988975763372,-76.7172160463144,-0.2189253337941553,-152.43515819050097,386.2684141710393,151.88641025637273,123.29509626311267,10.707365514426646,0.33669253886882167,-34723.690824524645
1989-05,14829261452.900848,14167988018.243004,9.629064792605556,2.785690518246341,6.975698358298005,1.6557262688901013,1.7154377363394238,0.4072000527243572,0.40645087332820873,0.1550167982250952,0.2981356183274634,530.9936211900407,54572.24625536784,117.39617696032973,0.6799853540846331,0.8788489228910215,1.787681021912658,-130.59205646669773,-54.265395425960335,-75.48424434419815,-0.21809277380687925,-133.4367657101714,396.87116972956994,146.72490521492412,126.81520759154984,10.870958473073811,0.3361936861423494,-35215.9894105735
1989-06,14728318701.865412,14071543607.647022,9.5229952893324,2.7921652034518494,7.003629092825246,1.6654634842114855,1.6970601382187211,0.4065139661483697,0.4143644822612668,0.1609916513750233,0.299114177505483,468.732383257724,53296.50405523256,115.61311692603815,0.6758501109276007,0.8738177232905219,1.7776699190275647,-128.24419165907014,-53.35952330137549,-74.26334943036757,-0.21726275369412443,-112.26900950655961,407.90572465636046,141.17182332917267,130.32436043739682,11.017063381564045,0.33596246487425385,-34734.60283230026
1989-07,14627834915.237558,13975537721.851229,9.417770158786588,2.798149287253251,7.033328477075007,1.6742204363943867,1.678447180663527,0.40754624052552985,0.4229389796731811,0.1671727043387079,0.3003750404305362,399.5714183079073,52040.710838853825,113.84777939539458,0.6717277087284436,0.8688022834013566,1.7676902662901537,-125.92382967943318,-52.46224206280786,-73.05447991210902,-0.2164352699918214,-89.90075030481222,419.3170013527811,135.5205932361212,133.6231596585372,11.143045897658334,0.33586990769674024,-33397.65494085534
1989-08,14527809035.10536,13879969350.079477,9.32479202919176,2.8037837811269153,7.062868618607542,1.6821220991471661,1.6613891265739464,0.41011305988920804,0.4319254333737086,0.1734963546158628,0.301881907070168,325.5143522857351,50804.709165847344,112.10007728795352,0.6676181297573488,0.8638025814990672,1.7577420201777791,-123.63081204537693,-51.57352041891276,-71.85758444331306,-0.215610319169994,-67.0860445140952,430.46296447197625,130.04537008329123,136.5490169258074,11.247138785113446,0.33579373140607577,-31323.224911559253
1989-09,14428240005.263222,13784837483.132517,9.249173341620663,2.8103427263894054,7.088742570998597,1.6874371363402527,1.6490773539461057,0.4140031854798422,0.4410861446629721,0.17990105093682632,0.3035945981237315,248.755601812508,49588.3417124661,110.36992359861797,0.663521356480643,0.8588185958320347,1.7478251372313087,-121.364980398365,-50.693327110939784,-70.67261172509731,-0.2147878977552495,-44.52061963373704,440.07000393509264,124.99038133724551,138.98499228457638,11.328408220169644,0.33562141159229547,-28629.339357575995
1989-10,14329126771.0174,13690141113.306276,9.186276005298057,2.811548369923965,7.100015884160588,1.689398030693823,1.6383781259126657,0.4189870346370177,0.45020066180342005,0.18632869703758873,0.30547064842822674,171.6746374507284,48391.451279149,108.65723139225743,0.6594373713271885,0.8538503047467443,1.7379395741925459,-119.12617653010332,-49.821630917635915,-69.49951051615021,-0.213968002209322,-22.847868652412583,448.36975103584456,120.561235851687,140.86638211893114,11.392115132115132,0.3352526571721243,-25433.966809373782
1989-11,14230468279.785639,13595879234.73347,9.126449280618768,2.812482644797349,7.1169686248315625,1.6919601098112216,1.62674299243519,0.4248254020493651,0.4590706749357206,0.1927258121971472,0.3074668091094257,96.82526902340493,47213.88080278914,106.96191384576522,0.6553661568092639,0.8488976866975807,1.7280852877618829,-116.9142423917647,-48.95840065883336,-68.33822963501332,-0.21315062918170757,-2.63558170965819,455.673850664446,116.91826061313375,142.18508124228248,11.433937898902617,0.3346012702388066,-21855.014487913577
1989-12,14132263480.523485,13502050843.175943,9.076972101238844,2.8125200059094744,7.131603991090493,1.6938368505525436,1.6164769650124058,0.4312775970689968,0.46752375750671954,0.19904443656483545,0.30954042358922196,26.920772222311648,46055.473357081595,105.28388421354927,0.6513076955288538,0.8439607201224061,1.7182622349714298,-114.729020084507,-48.103605193846064,-67.18871795873972,-0.21233577527140335,15.592460656810509,461.48010718225385,114.1718621960418,142.99181081603024,11.454810252044275,0.33359639723165646,-18010.327240492985
1990-01,14034511324.181843,13408654936.37889,9.05123945087975,2.813111659303103,7.0963766662508165,1.6746595482531572,1.619707967481528,0.41336080497459543,0.453697348385417,0.2026825023888098,0.2977082988233619,-36.178117036441655,44916.07214943236,103.62305586314847,0.6472619700506191,0.8390393834310766,1.7084703726908792,-112.57035188243987,-47.257213422142115,-66.05092442583127,-0.21152343688398748,31.676824966928024,463.06939227981337,112.3799858347778,143.3979493789223,11.347867729410439,0.31884183051827164,-14017.879794061864
1990-02,13937210763.52891,13315690513.640175,9.029798756320172,2.8090556320782762,7.038375714817583,1.6496356816561148,1.6252053817392924,0.41785473471039636,0.45872609467468217,0.20846735041872244,0.29841218617938703,-93.14758014057637,43795.52051906507,101.97934223489327,0.6432289630186894,0.834133655255948,1.6987096581076575,-110.43808020210625,-46.4191942804443,-64.92479803143873,-0.21071361072879355,45.19875643031595,463.2422383982225,111.54821971459687,143.47896998015747,11.212433427257674,0.31563718493067716,-10003.5876668796
1990-03,13840360752.905403,13223156575.806126,9.019497377456947,2.808254853303583,6.987637455903145,1.6250721587590933,1.6337938011991016,0.4233671647313053,0.4639324078347804,0.21417856056308213,0.299681334924428,-142.9497204142703,42693.661925762564,100.3526568724168,0.6392086570293919,0.8292435142106537,1.688980048359528,-108.33204759074282,-45.589516743902934,-63.81028782594229,-0.2099062932072552,55.944807054445604,462.4591019688441,111.63736551799612,143.28419147986438,11.055419552602453,0.3125375457039218,-6090.044132971876
1990-04,13743960248.057083,13131052125.121298,9.022793328826337,2.807058487467252,6.932870555703056,1.598825906429001,1.6442112606769566,0.4296516962881842,0.4692064940438254,0.21978771732611335,0.30144986612723207,-183.47054145186675,41610.339938117424,98.74291337801547,0.6352010348781424,0.8243689388735692,1.6792815007654258,-106.25209673779344,-44.768149817798616,-62.707342904817224,-0.20910148102165305,63.925325071228926,460.92447810333823,112.56855943251557,142.85669108820468,10.883694478934682,0.3095004709687243,-2384.3353052065677
1990-05,13648008206.071884,13039376165.181316,9.027580813873998,2.7987919267405363,6.8429623963718855,1.563967905049048,1.6607585018667175,0.43646363382072967,0.47444625326065115,0.22527037940305808,0.30364337755593873,-213.16628450250758,40545.398219693285,97.1500254176138,0.6312060793156736,0.8195099080339862,1.669613972827771,-104.19807043500519,-43.955062537070766,-61.61591240866016,-0.20829917082396152,69.27593986748704,457.4775102752828,114.22768271960761,142.24094062906482,10.703881078365647,0.3064845044679848,1023.0135338166078
1990-06,13552503585.18305,12948127700.489893,9.04309265566067,2.7919128551542767,6.757426249212676,1.5301404682356188,1.6791169733115008,0.4435671542953987,0.4795595787079748,0.23060617842021658,0.30618202837509656,-231.16000279330905,39498.68051372075,95.57390672462391,0.6272237730299814,0.8146664003173417,1.6599774218390484,-102.16981157044562,-43.15022395940358,-60.53594551165899,-0.20749935907132028,71.94713165479473,452.25783853477435,116.47024231040221,141.48138333496698,10.522182585602547,0.3034503953632797,4059.7973521795675
1990-07,13457445344.557608,12857305736.492916,9.067531117288857,2.786886766802014,6.6811902689830065,1.4991004913864638,1.6974547154524606,0.45074149422373894,0.4844661269393268,0.23577878551305273,0.3089834779710857,-237.3084740584311,38470.03062823385,94.01447107349428,0.623254098891959,0.8098383945428415,1.6503718053540268,-100.16716311022863,-42.353603162921004,-59.46739141810816,-0.20670204239180356,72.24500698043782,445.84616835527356,119.12667452580529,140.62115374822994,10.344238464647681,0.3003621295381468,6671.8221250864435
1990-08,13362832443.817982,12766909279.120848,9.092820266645559,2.784669257390917,6.631475146156814,1.4768521587106307,1.7100336902757507,0.45778606576253295,0.48909855789936374,0.2407757599312137,0.3119656062183434,-232.24041008438803,37459.29241844862,92.47163227157277,0.6192970395809801,0.805025869479506,1.6407970809468866,-98.1899680667265,-41.56516923889905,-58.41019935276916,-0.20590721747848445,70.32226123069346,439.9179895940647,122.00787054989391,139.70096497171969,10.169594934848872,0.2971877612593828,8823.147445833238
1990-09,13268663843.187778,12676937334.95236,9.122679861807223,2.7785234893892032,6.565207145318536,1.4516917455710618,1.7253519408484392,0.46452445577457163,0.49340326074641616,0.24558829636962215,0.315048954874325,-217.3676872747176,36466.30977178846,90.94530414779625,0.6153525780736697,0.800228803828119,1.631253206062054,-96.23806950067278,-40.78489128811233,-57.36431855358099,-0.20511488083214272,66.46928888570272,433.6984912421547,124.91073574607684,138.75817978170886,10.007327909984477,0.29390003893071365,10495.279000663155
1990-10,13174938503.044962,12587388910.522152,9.154355560478503,2.774624746785985,6.50781898530453,1.4287199507383181,1.7420554078184058,0.4708073003321693,0.4973405954463708,0.25021088840310113,0.31815884520847865,-194.8719592240727,35490.92658984067,89.4354005431635,0.6114206971548802,0.7954471764670271,1.6217401383738428,-94.31131048250425,-40.0127384162609,-56.329698267304224,-0.20432502912547085,61.007535108639985,427.6608779711711,127.62361259625919,137.82607518524787,9.861067750306987,0.29047682787699003,11686.014488180586
1990-11,13081655383.845078,12498263012.619299,9.183226059898303,2.771413981189508,6.462462877552789,1.4103242617166991,1.7554376974168235,0.47651405986404205,0.500884690982939,0.2546409264811392,0.3212271402529626,-167.6695147119701,34532.986776292426,87.94183529819911,0.6075013795133233,0.7906809662080337,1.6122578355432378,-92.40953408597744,-39.2486797284068,-55.306287739436,-0.20353765896570203,54.27624732273432,422.12617689715074,129.93141823253552,136.93330306187553,9.733601574088036,0.2869013373723291,12407.701683948959
1990-12,12988813445.819828,12409558647.758152,9.21179029303917,2.7665049573069944,6.418170254439638,1.3949377757657413,1.7671573730728947,0.4815537521568063,0.504022850546362,0.2588782495769392,0.3241936348054093,-139.35761085341866,33592.33422271023,86.46452224628518,0.6035946081205223,0.7859301517786985,1.6028062550693958,-90.53258337332399,-38.4926843288859,-54.294036212071525,-0.20275276688293903,46.654142562327195,416.84445739061795,131.62037093720818,136.10354350498417,9.626873968268338,0.28316216441696435,12685.679914927823
1991-01,12896411648.94251,12321274822.140377,9.19488934945478,2.768483353773522,6.409784534004613,1.387525752986907,1.776255597521172,0.5114646339555899,0.46397794193705194,0.24318312047585108,0.31590026474844907,-111.78006386821981,32668.812798404953,85.0033752045741,0.5997003657433858,0.7811947119389359,1.5933853545208563,-88.68030137963616,-37.74472131305052,-53.29289291648135,-0.20197034958196416,38.43209066779097,420.24852369101984,132.5111259842973,135.34455274963244,9.363262903982562,0.3985776644246272,12555.358658895468
1991-02,12804448952.674648,12233410541.660168,9.170929922635185,2.774181766950191,6.425624836312953,1.3868867933663487,1.7810221111889863,0.5175931648358275,0.4620033367405613,0.24505258548059625,0.3173997406947314,-85.60063469291427,31762.26633837806,83.55830796859689,0.5958186351716614,0.7764746256149815,1.583995091411545,-86.85253110032805,-37.004759768007155,-52.302807070055756,-0.20119040357362786,29.82365624267464,425.314194457651,132.63940507914862,134.69024036532693,9.098448392295886,0.40652194966878497,12062.079842141886
1991-03,12712924316.113337,12145964811.688177,9.135448962828495,2.7790990845006873,6.4490181560410695,1.3892237915668557,1.78348759368435,0.5218492313629666,0.46149681348150295,0.247589589670449,0.31915139294554357,-62.03975223775185,30872.53863940251,82.12923430575951,0.5919493992219597,0.7717698713949731,1.5746354231908186,-85.0491154859409,-36.27276876792791,-51.323727871671046,-0.20041292553891638,21.210397239499702,431.1796830458895,132.15515022914033,134.13982107849213,8.844661879999,0.40915585684846334,11256.951869178905
1991-04,12621836697.544752,12058936636.862738,9.088817339977616,2.7811976378711134,6.448202335105142,1.3878041150603062,1.7910562046796465,0.5243158856965028,0.4623762826339053,0.250748024911203,0.3211046187429082,-39.72776723647311,29999.47344944244,80.71606795003308,0.5880926407405693,0.7670804280051164,1.5653063073664402,-83.26989743321423,-35.54871737481875,-50.355604500374675,-0.19963791196150854,12.810360552757265,439.61953704692746,131.22303109525868,133.69704569898605,8.602997495941834,0.40679481776472,10195.043835049655
1991-05,12531185054.756685,11972325021.28396,9.0431078930225,2.7848330664783636,6.467010406979654,1.392308683002603,1.7935589212050242,0.5251217742157902,0.4645251043020503,0.25446297558054554,0.3232076981682492,-17.479102972128064,29142.914470095104,79.31872260307831,0.5842483423451008,0.762406274204092,1.556007701253506,-81.51471978066381,-34.83257463497595,-49.398386113796704,-0.19886535949299622,4.899925051396355,449.7449562434538,130.00864433790744,133.36138591646102,8.383659625422128,0.39987208237640937,8934.00118803034
1991-06,12440968344.644724,11886128968.504543,8.99348364507222,2.7902418171005374,6.493490200807324,1.3998492466605919,1.7946241747917133,0.5244327176966752,0.46779904841431924,0.25865431006553746,0.32540945775600855,5.544068101946326,28302.70534867965,77.93711193062667,0.5804164869188262,0.7577473886570472,1.5467395623442606,-79.7834253063485,-34.12430957826815,-48.45202184606263,-0.19809526471654526,-2.363339651380354,460.428498105024,128.66660751415412,133.12852849269467,8.18557908649173,0.3889140141356376,7531.588183824845
1991-07,12351185523.574617,11800347481.14793,8.947001705474802,2.7954333236174778,6.5191742799680075,1.407659605252964,1.7956509428959821,0.5224430189585715,0.47203338670293177,0.26323036880006406,0.3276607507923117,29.694947875754885,27478.689682945354,76.57114956100139,0.5765970571276143,0.7531037500549954,1.537501847945612,-78.0758567302743,-33.42389122188308,-47.51646080892008,-0.19732762426624303,-8.787361027637981,468.6767861102864,127.33017296435149,132.9909335035241,8.01673922885962,0.3745150624148738,6044.184879429455
1991-08,12261835547.294281,11714979561.282541,8.90069379414288,2.7988090850342,6.5441375312235825,1.41587988974851,1.7951927460629447,0.5193667843655209,0.47704989069159504,0.26809162976713613,0.3299157291112152,54.73346251070994,26670.711017596128,75.22074908980862,0.5727900356516951,0.7484753371214989,1.5282945154184595,-76.39185671239927,-32.73128856718004,-46.591652092424184,-0.1965624347029837,-14.263342768730707,476.45368670471396,126.10252119459858,132.93843358716487,7.879281180124934,0.3573131948837402,4524.8454391348205
1991-09,12172917370.583153,11630024210.475216,8.853736168829865,2.805115128418224,6.589937985736892,1.4294185609520462,1.7893612369513225,0.5154295198608098,0.48266353456064415,0.27313424296448685,0.33213288852489187,79.74627565364818,25878.61285325394,73.88582407694086,0.568995405193817,0.743862128357707,1.5191175219314688,-74.73126785823976,-32.04647060033189,-45.677544763605155,-0.19579969250496082,-18.603176052642237,483.32186406055735,125.049827167983,132.95885212982662,7.774190500859968,0.3379664811992078,3022.506238791305
1991-10,12084429947.91564,11545480429.724365,8.811688699613256,2.8113037987012985,6.639625954806765,1.4438459578966674,1.7816393233523231,0.5108602248507454,0.488688731355969,0.2782533419831679,0.33427587949145415,103.09499820188317,25102.23864564835,72.56628805545164,0.5652131483559121,0.7392641024095632,1.5099708247052328,-73.09393272224902,-31.369406295958598,-44.77408787315988,-0.1950393943215914,-22.119014059993347,488.9175442249997,124.19613004098949,133.03861984132737,7.7013831744956995,0.3171314152671524,1580.3452089849022
1991-11,11996372233.177412,11461347219.38687,8.768034420629908,2.814237344235027,6.667023984035447,1.4535930786499263,1.777650909942654,0.5058841722261652,0.49494496349108236,0.2833460540004858,0.33631408220661657,122.39132867033814,24341.43181153387,71.2620545288478,0.5614432478911203,0.7346812379639469,1.5008543809004635,-71.4796938146899,-30.700064617443882,-43.881230451464326,-0.19428153673691118,-24.587739511399548,495.5362845662478,123.51998007946564,133.16337149643826,7.659815085532986,0.295443452680288,235.3949782051925
1991-12,11908743179.857681,11377623579.361519,8.728197334056,2.8169938861883317,6.696118050030198,1.4647475938983616,1.7720020079756722,0.500716522077258,0.5012616967379518,0.28831414962605734,0.3382229523240643,134.4971769016375,23596.03573548482,69.97303697973891,0.5576856864660741,0.7301135134939738,1.4917681477491573,-69.88839360684598,-30.03841451725732,-42.9989215170944,-0.19352611625859165,-26.091768565733144,503.0676949653836,122.95278550671021,133.3185068701449,7.647609352900555,0.27350012533170137,-981.7583514728021
1992-01,11821541740.874195,11294308509.427856,8.648802624777803,2.806894488460656,6.713364391954568,1.4752213202550024,1.765279038236118,0.5873856449709238,0.5243869929479957,0.27251851439029007,0.3325401803500453,138.79842431675777,22865.893773376134,68.69914887034874,0.5539404466495503,0.7255609076261788,1.4827120823105069,-68.31987453788108,-29.384424939871696,-42.127110075948636,-0.19277312957034634,-26.672724990961385,520.7850895966444,122.38539874702904,133.48927784137652,7.375112579654351,0.31723582004802237,-2047.4454142486134
1992-02,11734766869.022833,11211401008.834726,8.55397255566409,2.7878472216619286,6.7013873642878625,1.479214748318329,1.758738239503436,0.5916671327560954,0.5320762962185954,0.2749014750163908,0.3333913744829268,136.9900184834833,22150.84926227703,67.44030364918713,0.5502075111651925,0.7210233989063779,1.4736861417164064,-66.77397902457624,-28.738064824928486,-41.26574512253899,-0.19202257316381516,-26.395404023937957,539.5074160988797,121.7787731469051,133.6629535162437,7.091945439643136,0.3029445171312706,-2944.698002530885
1992-03,11648417516.82592,11128900076.865868,8.462493790291827,2.7628880359532157,6.673042651629193,1.4811695059257732,1.755740918748919,0.5923346513100669,0.5386828611655773,0.27779888687938964,0.3343972037980324,129.26839428153178,21450.745523019526,66.19641475416607,0.5464868626543146,0.7165009657913659,1.4646902831902238,-65.25054946486458,-28.099303105331742,-40.41477564769414,-0.19127444357302267,-25.286244699608734,558.7753807679252,121.2105218103864,133.82694970113684,6.811836650443748,0.28701891699225585,-3663.444944834903
1992-04,11562492636.86392,11046804712.557919,8.380180415458035,2.743616663316778,6.666678035407515,1.4869938336146997,1.7493529085673865,0.5897556139993392,0.5441525337128937,0.281096181969707,0.33553763095768646,116.95162207912946,20765.42586859719,64.96739561802212,0.542778483664895,0.7119935869041141,1.4557244636709528,-63.749428245878164,-27.468108713934722,-39.574150636402955,-0.19052873738411874,-23.58149730002417,578.2189851100284,120.75928519720799,133.97073968350657,6.542883640650987,0.2699627062073749,-4200.011012359672
1992-05,11476991181.352205,10965113914.884027,8.310960407103881,2.72918876812448,6.669165219235779,1.4934846347662925,1.7410434374169854,0.5843582976097041,0.5484695753740916,0.28467063119190145,0.33679045355264453,101.4090097391935,20094.733608659168,63.75315966975191,0.5390823569044707,0.707501240798464,1.4467886403034802,-62.27045775311405,-26.844450580359364,-38.74381907264879,-0.18978545124258164,-21.23718805468734,595.7738272596205,120.4877092934312,134.0857438251341,6.292039422617973,0.2522635287547609,-4556.258273710774
1992-06,11391912102.821095,10883826682.951002,8.238223577072027,2.708558940147678,6.644630459164144,1.4943893789397373,1.737187517409115,0.5766129068507414,0.5516532996779469,0.2883956050361194,0.33813218734152745,83.97439593157532,19438.512054655177,62.55362033931617,0.5353984648729546,0.703023906079425,1.4378827702136505,-60.81348037283293,-26.228297636130755,-37.92372994179058,-0.18904458159792079,-18.51158575894357,610.6716604144647,120.43691288922913,134.16549883384488,6.065018443709722,0.23438003550476538,-4739.645502058643
1992-07,11307254353.698462,10802942015.81275,8.175446605301198,2.693224576164126,6.623311540014749,1.4942712899676454,1.7347393469897578,0.5670132745421528,0.5537539938510783,0.29214452542483194,0.33953889824127625,65.8691781927717,18796.604525711926,61.36869106344451,0.5317267903584015,0.6985615611499071,1.4290068105063942,-59.37833850109493,-25.619618814941084,-37.113832232664485,-0.1883061250697884,-15.532929453295875,624.0220160103905,120.62215391877041,134.20574656566924,5.866249009381003,0.2167310986846265,-4761.978321810066
1992-08,11223016886.597137,10722458912.633942,8.119803376828415,2.678606860024005,6.59954524616985,1.4932478926637334,1.733592287712644,0.5560596831681583,0.5548483190513642,0.2957944207319283,0.3409869656038119,48.13641141383529,18168.854351391645,60.19828528605668,0.5280673159545516,0.6941141847088437,1.4201607182646716,-57.96487454469788,-25.018383052522154,-36.314074936771064,-0.18757007821237556,-12.37630089460407,634.0413367544121,121.02970503779444,134.20444789734108,5.6988690482037265,0.1996872980259627,-4638.759895979444
1992-09,11139198654.498032,10642376372.993996,8.069183222288059,2.6612360831171764,6.570614391564345,1.4902178241503004,1.729973188651862,0.5442432106865186,0.5550343790000806,0.2992290169763572,0.3424537594619797,31.586846756137465,17555.10487486164,59.042316459125935,0.5244200241624503,0.6896817552706213,1.4113444506791812,-56.5729309259996,-24.42455929006945,-35.52440705336385,-0.1868364376343328,-9.166996164933325,642.7744809523991,121.61491116878223,134.1617285389255,5.5647610116980655,0.1835647071723864,-4388.2284933049
1992-10,11055798610.283897,10562693396.558226,8.024614030913096,2.6415361743475154,6.532644580552461,1.484757754113702,1.7305991418976026,0.5320319178924473,0.554426638803923,0.3023413191970524,0.34391822033047126,16.757335789885296,16955.19945533879,57.900698046814476,0.5207848977746855,0.6852642513981024,1.4025579648018642,-55.202350088391164,-23.838116472559935,-34.744777589496444,-0.1861051998750643,-5.9943870232716545,649.8113028010155,122.30136914660778,134.0797653991837,5.464620948492028,0.16862093662899616,-4030.719363248965
1992-11,10972815707.372658,10483408983.079285,7.998117625058235,2.636710324314395,6.531935723225191,1.4850698816873524,1.729292373361841,0.5198591075610097,0.5531508606932635,0.30503565608976657,0.34536133378219946,3.8816112054617875,16368.98147110806,56.77334352552974,0.5171619193924567,0.6808616517108925,1.393801217788223,-53.85297449599184,-23.259023550424573,-33.97513555823088,-0.1853763615254707,-2.974123851778001,655.5024966907397,122.98114181925256,133.96262273544062,5.398056263151835,0.15505332631107502,-3587.6158932002536
1992-12,10890248899.251364,10404522132.78586,7.987357307057115,2.6403145011951543,6.549060369913892,1.488791313783017,1.7252386780088003,0.5081138001558856,0.5513392078628719,0.3072291809605163,0.34676649644528895,-7.126916980683225,15796.294319367162,55.66016638590758,0.513551071656677,0.6764739347610769,1.3850741669122995,-52.524646633452676,-22.68724947989001,-33.21542998274494,-0.1846499191050724,-0.13957994859037326,659.0249438407693,123.51589676805527,133.8160480520086,5.363706358451106,0.14299912708561374,-3080.586309317606
1993-01,10808097139.844658,10326031846.028202,7.884373364584393,2.636271185181983,6.618799050186308,1.4921625515556247,1.6979578535507995,0.4831921907965973,0.5460462254896334,0.28691067041537566,0.32969516533871085,-16.47455063169324,15236.98141651934,54.56108013057041,0.509952337254775,0.6721010790234104,1.3763767691865991,-51.21720901006386,-22.1227632231122,-32.46560989412525,-0.18392586931356172,2.4432886294362026,675.6851773225729,123.73872555893605,133.65786787535956,5.326880253466917,0.10568085318013021,-2531.837354660795
1993-02,10726359383.143286,10247937123.515465,7.784364825911411,2.6341241372146693,6.701425426315891,1.496536426314303,1.668140386642075,0.47185302300933996,0.5432520166790298,0.28569855102228775,0.3291288056926292,-24.722220976921456,14690.88619916072,53.47599827764984,0.5063656987954199,0.6677430632788083,1.367708981977871,-49.93050415711201,-21.56553374811881,-31.725624332443772,-0.18320420853179525,4.684080024067034,692.161581823519,123.46661010296069,133.4762850811146,5.313930351377139,0.0941299287597911,-1961.6488472755418
1993-03,10645034583.557749,10170236965.928537,7.694911896358385,2.638036159607647,6.788516415143041,1.5009251560176844,1.6397960319949607,0.46238243861052813,0.5404456760291155,0.28476687586784,0.32928529851037686,-30.887595814919205,14157.85212206314,52.40483435529184,0.5027911390581378,0.6633998660003021,1.3590707624006795,-48.664374626841976,-21.01553002858119,-30.99542234515713,-0.18248493343225158,6.648128211922772,707.5744227566648,122.55035866449404,133.28972197586072,5.322857528955025,0.08532828806869219,-1389.2532388677473
1993-04,10564121695.534037,10092930374.522446,7.622410544749911,2.644626087823098,6.873137849623185,1.5051644083101972,1.6115875671927093,0.45490618424328166,0.5377354973833194,0.2840322386428018,0.33011169513103844,-33.6913218851696,13637.722656813421,51.347501906910885,0.4992286406228397,0.6590714658296375,1.3504620676691867,-47.41866299219369,-20.472721042139895,-30.27495298904444,-0.18176804062969473,8.15143606793525,720.2176742027962,120.90849003693924,133.10819184685639,5.35120626290647,0.0791373547946424,-831.9908129836997
1993-05,10483619674.026672,10016016350.631292,7.560695163009787,2.6530552807523105,6.957211698786617,1.5095018497141526,1.5848082197149014,0.44947780110546137,0.5352150268106033,0.2834031946309834,0.3315401134957027,-32.245366423239865,13130.341290084274,50.303914483960696,0.49567818623238624,0.6547578414711502,1.3418828551107675,-46.19321184364443,-19.937075772378538,-29.564165325771686,-0.18105352666850272,9.245620056308425,731.3931322302305,118.53701102603175,132.9421229283468,5.3961839355755785,0.07535539133415832,-305.0482575877461
1993-06,10403527473.859247,9939493895.620314,7.511131375343381,2.666412742096033,7.043893446240109,1.5136641589862878,1.5630075046734273,0.4460842381782593,0.5329617367308407,0.2827835710414174,0.3334912681490295,-26.144326644705913,12635.551522925514,49.27398564808671,0.49213975855400655,0.6504589714343773,1.3333330819148674,-44.98786378814076,-19.40856320582196,-28.863008423353055,-0.18034138814337486,9.99570037744503,740.9068350970147,115.51534692643406,132.80211060083778,5.454778322910508,0.0737299419596979,178.7440751713446
1993-07,10323844050.172785,9863362011.101826,7.454703497593315,2.6762024626625016,7.118495386131048,1.515414045371621,1.5425240149958979,0.4446529021984297,0.5310363153971291,0.28207558758956536,0.3358779887525527,-15.533129378484176,12153.196868694864,48.25762896975752,0.4886133402968446,0.6461748343982502,1.3248127053711114,-43.802461445343226,-18.88715233244638,-28.171431356575695,-0.1796316215764585,10.35085165513462,748.1396809892099,112.00917632740311,132.69868942205454,5.523869921824629,0.07397055265389259,609.199243169986
1993-08,10244568358.289783,9787619698.92213,7.386160533070456,2.6774470791524485,7.185683993828962,1.5159624474772722,1.5194705288862445,0.4450597892906301,0.5294825308848747,0.2811827135752116,0.33860862398314706,-1.1514508592300876,11683.120846926431,47.25475802546852,0.4850989140864935,0.6419054091037885,1.3163216826205975,-42.63684744356516,-18.372812146334965,-27.4893832009788,-0.17892422366894006,10.382628922101217,753.9028933315093,108.27039485195316,132.642129759488,5.600336263192601,0.07576135897905104,978.7554762296634
1993-09,10165699353.426392,9712265960.752743,7.339730580607769,2.6824545786888274,7.252661817742216,1.51797721449804,1.499348686390969,0.4471383448048916,0.5283276157972996,0.28001220153503686,0.34159023878118755,15.644147952875493,11225.166985827049,46.265286394744365,0.4815964627145828,0.6376506740956591,1.3078599710265169,-41.49086442205794,-17.865511641244645,-26.816813037912237,-0.17821919093210525,10.139857927998115,758.8448239476335,104.63449603628962,132.64226267239349,5.6811458825279955,0.07877317783232211,1282.3266656840833
1993-10,10087235991.026548,9637299798.54771,7.304181476983119,2.6917589344809034,7.309984196501877,1.51965150194179,1.4840588099234922,0.4506887148435802,0.5275831101245629,0.2784772543928285,0.34473153094598835,32.87880612728426,10779.178817662794,45.289127662250294,0.47810596889842566,0.633410607955473,1.299427527941049,-40.3643550235397,-17.365219813526014,-26.153669950014958,-0.1775165199209908,9.56708496216538,762.1894740057162,101.51570616210374,132.70833552083658,5.7634401634540104,0.08267478925529641,1517.4767169540387
1993-11,10009177226.495892,9562720214.28675,7.289332362351439,2.712151342349345,7.355567047000516,1.5237947715429112,1.4758601737550583,0.4554870705930925,0.5272460905253631,0.27649879679305617,0.34794540701592946,47.97663802483362,10344.999876485082,44.32619541263813,0.4746274152669315,0.6291851894406413,1.2910243105658963,-39.2571618939671,-16.87190566167347,-25.49990302140696,-0.17681620711335805,8.791660077340959,763.2531635858193,99.40024363447333,132.84889947881027,5.8446018113838045,0.08714315126831439,1683.9663145233776
1993-12,9931522015.293423,9488526209.813284,7.275638606902385,2.7181865971904617,7.389427658159277,1.524958766877633,1.4661027961408162,0.46129472025986085,0.5273007100903223,0.27400683833946937,0.35115117380839855,57.794311792383034,9922.47369603059,43.376403231508036,0.4711607846105787,0.6249743971140735,1.2826502761912821,-38.169127677632744,-16.385538181955976,-24.85546133421755,-0.1761182492930878,7.851119545378751,763.2800413303376,98.83809265557176,133.07172920162228,5.922309240179105,0.09187234801198113,1783.6411967564813
1994-01,9854269312.782398,9414716787.052765,7.336220020791164,2.727439302741753,7.407741672307382,1.5131268217325535,1.4633106305637735,0.47001239136215656,0.505530985706076,0.27397637828105714,0.3345713961973688,62.79174410940602,9511.443809140628,42.43966470294571,0.46770605951154387,0.6207782097067405,1.2743053820783907,-37.100095018702845,-15.90608637015155,-24.22029397142056,-0.175422642936052,6.7603578135414,767.6142676674938,100.4077195448932,133.37306409710442,6.129993315599503,0.07175265045092177,1820.3174013590801
1994-02,9777418074.329002,9341290947.876715,7.406796138217331,2.740280606495663,7.416470907911456,1.5016125127200055,1.4654547213275222,0.477321868523358,0.504042708759072,0.27059398938005447,0.33556729701152094,67.72065635874452,9111.753745355443,41.515893408351246,0.4642632228370662,0.6165966057489385,1.2659895855844367,-36.04990655700485,-15.433519222423023,-23.594350013760653,-0.1747293845566382,5.572836520471543,770.8058441109096,103.6644287079357,133.71112392312523,6.344259184019875,0.0736885297724407,1799.120452784147
1994-03,9700967255.291079,9268247694.081968,7.476109924984361,2.7538695630893115,7.423770913287779,1.4910293596771123,1.4697813443350702,0.48482580974273864,0.5037957857039962,0.2664194112777504,0.33721638531391224,73.62423082378683,8723.247028898115,40.60500292676569,0.46083225712492437,0.6124295639344485,1.257702843912345,-35.018404926366514,-14.967805733794656,-22.97757854165392,-0.17403847084846666,4.378057261084525,773.3336136836565,106.70951287943589,133.9866819858502,6.558020690087614,0.0762082524886345,1726.5026018192825
1994-04,9624915810.878214,9195586027.244236,7.553089628615158,2.767284049590916,7.426008144447836,1.4803853701181948,1.4758996342718114,0.492310474577899,0.5046843762433082,0.2614325209573442,0.3394263253366471,80.36465632891131,8345.767178299575,39.70690683293573,0.457413145190249,0.608277062883374,1.2494451143500922,-34.005432753301015,-14.508914895215286,-22.36992863100824,-0.17334989831565825,3.174922543213673,774.353169746619,107.828079802403,134.12133744872716,6.764915424855951,0.07907069562854989,1609.865652295826
1994-05,9549262696.13029,9123304949.212952,7.649989631774421,2.7812365548446327,7.415984703778453,1.4703433858316233,1.485965468746724,0.49958426462220634,0.5065781980013898,0.2556262631202583,0.342097057807009,87.65153158635601,7979.157705631901,38.82151869670069,0.45400586964333367,0.6041390812609059,1.241216354153562,-33.01083265864303,-14.056815698237397,-21.77134935519688,-0.17266366363666094,1.9629369541334967,773.4123120978868,105.79204413270129,134.0627108668546,6.959423223411775,0.08205076402561724,1457.0528099401404
1994-06,9474006866.163246,9051403461.368408,7.746307908724524,2.788981701867639,7.396778782622655,1.4586834338387602,1.4964098765817437,0.5064812567334167,0.5093288852936215,0.2490053177632733,0.3451245737861245,95.05742475016557,7623.262115752039,37.948752082588136,0.4506104132518099,0.6000155976528573,1.2330165205420778,-32.03444725329156,-13.611477131310174,-21.181789784910748,-0.1719797632964635,0.8443534820473328,772.2706707240911,99.98507930718871,133.78981059916364,7.136947545419664,0.08494461494220935,1276.1934034235192
1994-07,9399147275.798012,8979880565.217266,7.828898306897881,2.7875236923423152,7.369980863463757,1.4434866792600207,1.5056397913858093,0.5128636122215036,0.5127762543878215,0.24158454929908857,0.3484044300737447,102.03598793738918,7277.923906297601,37.08852055090918,0.44722675857188426,0.5959065906860278,1.2248455706954797,-31.07611914157649,-13.17286817953637,-20.60119898680591,-0.17129819382139194,-0.17381058070163458,771.3173718179522,90.49672145881173,133.31692090926688,7.293861008874175,0.08757372278887596,1075.5766274585542
1994-08,9324682880.05536,8908735262.034721,7.914026956486966,2.7879994004492543,7.338535684846836,1.4302447048713545,1.5164656438978938,0.5186229029141367,0.5167542970109668,0.23338730477234967,0.35183492603039057,107.94182777006876,6942.986567309679,36.24073765657086,0.4438548884427946,0.5918120389053005,1.2167034620126773,-30.135690916285633,-12.740957828453853,-20.029526026007378,-0.17061895191918577,-1.100918919764656,769.5134498488887,78.1858870501081,132.69604302508182,7.427517295727009,0.08978777749720963,863.2459996959293
1994-09,9250612633.545313,8837966553.109388,7.993111132222533,2.790756130362022,7.305777471846203,1.420072222145414,1.5285955085818332,0.5236804222000824,0.5210967490114685,0.22444362810511415,0.3553198800804601,112.05136023577833,6618.293581811259,35.405316950469235,0.4404947853733301,0.5877319210254869,1.2085901516177748,-29.213005163735293,-12.315715059225973,-19.46671996250848,-0.16994203410962463,-1.8224555239184355,767.3490449682649,64.71495733877157,132.01796056356278,7.5362324350327485,0.09146644704979366,646.654598833089
1994-10,9176935490.949911,8767573439.633308,8.049411020497867,2.7990482826226524,7.282968969530247,1.4156005252177055,1.5409774413899238,0.5279865731914309,0.5256421100615761,0.21478845178144876,0.3587709630631089,113.5839257781436,6303.688426108343,34.582171975963696,0.43714643214961213,0.58366621569289,1.2005055968438294,-28.307904463227928,-11.897108851044102,-18.912729854984214,-0.16926743695773086,-2.4389898019292837,765.6310322166556,52.556350453105566,131.41203492828876,7.619239087366933,0.09252006408562546,432.67558571054
1994-11,9103650406.795553,8697554922.705837,8.098120733770733,2.80372873242854,7.257571601699979,1.4106337042662362,1.5514306307755075,0.5315194451379018,0.5302380183748255,0.20445982293670645,0.36210956329559957,111.72250514332804,5999.01457023247,33.77121627542981,0.43380981148377756,0.5796149014727662,1.1924497548719635,-27.420231383874462,-11.485108183949098,-18.36750475736285,-0.16859515708229458,-2.8938509580711687,763.0844127887075,44.974135152813,131.0448638436935,7.67661790185669,0.09288932400530532,227.5805366740298
1994-12,9030756335.582764,8627910003.339937,8.148584987063188,2.8034366863509828,7.2181809234617385,1.4038142934119273,1.5632522923092675,0.5342827010255886,0.5347449137955053,0.19349721329833716,0.3652681725559732,105.63345443249418,5704.115478887209,32.972363385986405,0.4304849060000132,0.5755779569704718,1.1844225829711255,-26.54982849154011,-11.079682032845119,-17.830993722782733,-0.16792519103193307,-3.24861046984673,759.528368312893,45.983733686965294,131.11795695924692,7.7092102978517705,0.09254410238285804,36.54613607474968
1995-01,8958252231.80377,8558637682.470429,8.147510681004503,2.793112544680652,7.121928257643469,1.3836981332706912,1.5778551428603735,0.5128780847037391,0.571103365250252,0.2626601838148547,0.3527884149236303,95.45916934586887,5418.834611999859,32.18552683980775,0.4271716984846249,0.5715553608392927,1.1764240382512372,-25.696538344992987,-10.680799373766183,-17.30314580287715,-0.16725753540564972,-3.4831023830493337,776.8641728182733,55.4861393380934,131.85170749346761,7.954142145321791,0.09262980666116975,-136.2809910524449
1995-02,8886137049.698565,8489736961.0937605,8.138361063471553,2.7868015837969344,7.029447257447723,1.366761916725458,1.5933091590405577,0.5118411316329622,0.5783096677820163,0.25871021007527484,0.35388091840681274,83.82093813673005,5143.015425691247,31.410620169752733,0.4238701715162366,0.5675470916560528,1.168454078035801,-24.860203499250787,-10.288429179282156,-16.783910045575812,-0.16659218672982523,-3.5678770334401966,796.7760435975673,66.2851716079659,133.29152038346223,8.201581543695156,0.09098736042181521,-287.31654184344666
1995-03,8814409743.632921,8421206840.031944,8.12695783403775,2.7682545252176807,6.91739861069812,1.3428872603129842,1.606849018151507,0.5111799580802742,0.5837284354571438,0.25089699825739475,0.3553283133394726,71.00946801090319,4876.501373162759,30.647556903910637,0.42058030782920014,0.5635531280414553,1.1605126595008342,-24.040666506705286,-9.902540423668066,-16.273235499137332,-0.16592914157968847,-3.5362295744987673,816.8610068930049,78.08146473661219,135.2927818119535,8.443854555930328,0.08864327528374165,-414.24298175454487
1995-04,8743069268.004856,8353046320.055353,8.096011808246196,2.765740819609822,6.8345531915125335,1.3304234048123684,1.620078939496816,0.5109098730904468,0.5873756185510443,0.23966507057358083,0.3570725623386823,57.548846985831936,4619.135905582238,29.896250571035427,0.4173020900759912,0.5595734485370739,1.152599739784339,-23.237769914313176,-9.523102079605342,-15.771071210168579,-0.1652683965871747,-3.3527349742265176,838.1375477501085,90.72729112829548,137.684684726237,8.674209630274072,0.0856621771009632,-515.621187996597
1995-05,8672114576.99945,8285254402.024759,8.041102096796411,2.7511640284244545,6.737695087430129,1.311863459757443,1.6301032856126898,0.5110331028868886,0.5893178319790234,0.22563265593094087,0.3590523940678105,43.94593710329285,4370.762472812301,29.15661469751668,0.4140355009458235,0.5556080318570183,1.1447152762459634,-22.45135627073088,-9.15008311865073,-15.277366223891647,-0.16460994831629708,-3.1021577847646977,858.7018942019986,104.05375153296157,140.2872200623051,8.886927908285221,0.0821244314434337,-591.0265856596459
1995-06,8601544624.964602,8217830086.786483,7.979672772927713,2.7256320273748904,6.633477638183062,1.288338654125287,1.6367563660085955,0.5115400316170797,0.5896652967048338,0.20957567613463668,0.3612054647419916,30.675588904508885,4131.224524464989,28.428562809024307,0.4107805230402978,0.5516568565192578,1.1368592259740464,-21.681268123784893,-8.78345251295206,-14.792069587025656,-0.1639537932530183,-2.797315247296119,880.7138671036397,117.85117316217222,142.92204093289723,9.077391521256699,0.07812223310835414,-640.8252591982006
1995-07,8531358366.1843,8150772375.178439,7.910304918068054,2.7040033199390363,6.53916787572521,1.2685069180125879,1.6424977736046527,0.5124106731557393,0.5885641783669182,0.19240860337392382,0.3634703355264949,18.16829480736805,3900.3655103984597,27.712008433610436,0.40753713899411576,0.5477199012096956,1.1290315461401,-20.927348019919954,-8.423179234534695,-14.315130345735495,-0.16329992805847682,-2.4479541728555145,903.3966456190075,131.8526911635966,145.42219047244322,9.239403693883327,0.07375573190353192,-666.0234910289539
1995-08,8461554755.006499,8084080268.035846,7.837311593682319,2.6892198024085965,6.466110164211386,1.255035640450781,1.6465624670829646,0.5136163071958608,0.5861886140317867,0.1751630750180645,0.365788225276753,6.800407885020256,3678.028881486629,27.00686509852964,0.40430533161272847,0.5437971444147988,1.1212321941453447,-20.18943850734391,-8.069232255853025,-13.846497547102285,-0.16264834933163522,-2.036365580673305,924.9222588342683,145.72118774297067,147.64051526586132,9.37303253842079,0.06912930733208597,-668.3903837476632
1995-09,8392132745.596285,8017752766.196438,7.779986708894688,2.6824642159889422,6.4165574752226044,1.2489045459116315,1.6498886027209565,0.5151212132960944,0.5827326968992148,0.1589651319472492,0.3681045081736826,-3.113037048443366,3464.058090181382,26.313046331701038,0.40108508350109806,0.5398885647869476,1.1134611269957049,-19.467382136805156,-7.721580549713932,-13.386120236819327,-0.1619990535975287,-1.5603698802891173,940.081048805975,159.03964495211824,149.4566432749618,9.477107522341887,0.06434808855782202,-650.0190737544717
1995-10,8323091292.439203,7951788870.505077,7.7276877235989785,2.666358465431586,6.362273432066022,1.238039786419048,1.6498153638835205,0.5168844418574217,0.5784026640829237,0.14501190104509798,0.37036993680570884,-11.322944917707325,3258.296590971219,25.630465663304264,0.3978763774255977,0.5359941410382731,1.1057183020311578,-18.761021460916123,-7.380193089527329,-12.933947464360084,-0.161352037428907,-1.121929320244675,953.3158067883318,171.30485921578747,150.78246056390333,9.551461782190616,0.05951480034424982,-613.6061158072652
1995-11,8254429349.864654,7886187581.9477005,7.661803800324871,2.6568893180270177,6.329438335663117,1.2333233202431515,1.6476961994233226,0.5188615646468936,0.5734095010657739,0.13454847712180895,0.3725415816903612,-17.648341522513668,3060.587840602935,24.95903662484804,0.3946791959448795,0.5321138516833179,1.0980036764521306,-18.07019903578851,-7.045038849283567,-12.489928278315967,-0.16070729745428022,-0.7025082698973366,965.164989360803,181.92436993861617,151.5660725860336,9.596836762578754,0.05472699633170734,-562.0688930387613
1995-12,8186145872.281619,7820947901.407631,7.595738352408429,2.649403587802096,6.309814263580609,1.2309249051175501,1.6445665037764445,0.5210063549880115,0.5679621436183658,0.12884567727719454,0.3745834875658375,-21.97629293376397,2870.775298573392,24.298672750591997,0.39149352177388674,0.5282476754033587,1.0903172074274423,-17.3947574188,-6.716086804005674,-12.05401172882678,-0.16006483023348772,-0.2351624097778121,973.2601957522029,190.21637298200352,151.7942827703699,9.614769142040716,0.05007472373046789,-498.51150640324505
1996-01,8118239814.058439,7756068829.779339,7.517397437221378,2.645585454365603,6.310314296368934,1.2346886205709824,1.6379931057809611,0.5459687584553773,0.5164317906071476,0.12668343909872573,0.36700814412679106,-24.712833513876316,2688.702427029601,23.649287575143802,0.38831933754677667,0.5243955906792946,1.0826588522223997,-16.734539172446347,-6.3933059293054,-11.626146867721708,-0.15942463224776984,0.15323706992309438,1009.8548043518967,195.45140466159202,151.4943400131615,9.534340209285258,0.04187905938743835,-425.4892227695831
1996-02,8050710129.775825,7691549368.230495,7.4355532630663905,2.643907587061791,6.321920292467358,1.2408622223419419,1.6311563958115969,0.5505977885723452,0.5060469991288368,0.13406369474514201,0.36775908216784553,-23.068598535361144,2514.212691059301,23.01079463588611,0.3851566260659743,0.5205575762872581,1.0750285680811893,-16.089386862054663,-6.076665201755993,-11.206282748595491,-0.15878670015319066,0.5164078228462173,1049.9677048510644,197.26380629837388,150.72540534427907,9.424048963516787,0.03735020440708861,-346.52419325829976
1996-03,7983555773.988196,7627388517.709621,7.37187443419491,2.6438876141665073,6.3452203741319195,1.2496752026855473,1.6237028247748213,0.554281683020446,0.4977415238144919,0.15008103146456242,0.36872447872975916,-16.57312902583665,2347.1495582742523,22.383107471777603,0.3820053699312729,0.5167336106858075,1.0674263122216643,-15.459143055640508,-5.766133598638845,-10.794368424224034,-0.15815103054347365,0.8254025992016414,1087.8115561547834,195.71466427452634,149.5663109139565,9.290190373409663,0.03332760280256119,-264.60935664039584
1996-04,7916775701.209684,7563585279.429546,7.305367782364731,2.6467256313257566,6.3749817441760674,1.2600511334742257,1.6168658152784787,0.5570396089831232,0.4915461051071468,0.17591586066810394,0.36987321180358873,-7.04788411118951,2187.356499049481,21.76613962452662,0.3788655517721035,0.5129236726239277,1.0598520418314417,-14.843650323698554,-5.461680098024248,-10.390352950163,-0.15751761993842417,1.0993191532454738,1124.0580534834871,191.0488304408278,148.10424115124746,9.13913693110096,0.02984746927440967,-182.37723103897042
1996-05,7850368865.902735,7500138654.374594,7.2458801534266275,2.6386829699993077,6.393785805800518,1.2643360899698095,1.607671945483416,0.5589167677600391,0.4874242925673218,0.21269047427124818,0.37117163857592766,3.7536476880286043,2034.6769863557024,21.159804635964935,0.375737154385688,0.509127740659518,1.052305714195298,-14.24275124023984,-5.163273678850382,-9.994185383603181,-0.1568864649057269,1.2969561439975588,1158.2397953848158,183.66820256427425,146.43073636727195,8.977139725080098,0.026930109840841016,-102.41342449781844
1996-06,7784334222.859398,7437047643.783898,7.199441339649535,2.642558882185525,6.433557988928509,1.2762163070367407,1.5999693297833573,0.5599804342064622,0.4852802641244596,0.2614610918559405,0.37258485719375484,14.285418829284048,1888.9544950106301,20.564016050280472,0.3726201603663434,0.5053457933917639,1.0447872864469099,-13.656288382619804,-4.8708833204783915,-9.605814780691247,-0.15625756206912758,1.4496457513645085,1190.9671774944673,174.11476455144785,144.6374113786758,8.81015304789892,0.024580977515403998,-26.826068512147096
1996-07,7718670726.714614,7374311248.788755,7.1615072794106664,2.6541907644275544,6.485663697935846,1.2914119704958766,1.5927616829498035,0.5603157308420492,0.4849676436621499,0.3232126856464855,0.3740778794639867,23.328122849535426,1750.0325019997463,19.97868741395604,0.3695145524679429,0.5015778094690322,1.0372967158099533,-13.084104328683178,-4.584478003099248,-9.22519019939977,-0.15563090798411436,1.584010358753828,1219.3168775583194,163.05112013136065,142.81210006957903,8.643685446988894,0.022792068897048563,42.40651865782152
1996-08,7653377332.042869,7311928470.649463,7.131665470583365,2.6558696230525545,6.5225675847243725,1.2992724731042227,1.584270902681111,0.560021288328816,0.48629895376620663,0.3988564599485813,0.37561668920327573,30.086762227475607,1617.7544858099584,19.40373227304537,0.3664203133653442,0.49782376746450274,1.0298339596123938,-12.526041660079718,-4.3040267071550415,-8.852260698775448,-0.15500649925807905,1.6235348613516007,1239.9005312090367,151.23935456834135,141.03549887930453,8.482679042750203,0.021543584493617214,103.93555201515863
1996-09,7588452993.607013,7249898310.504617,7.112510613531293,2.657340781413478,6.560599248082315,1.3072364726686074,1.5764886307588544,0.5592049349570417,0.48905535649687154,0.48922979601201017,0.37716916536253764,34.2657301889975,1491.9639263448507,18.83906417403441,0.363337425642045,0.4940836459964912,1.0223989750362183,-11.981942958234212,-4.029498413470605,-8.486975338050293,-0.15438433242690486,1.625742534439048,1259.096617448411,139.51902572157377,139.37836011067836,8.331417907642875,0.020805776635720485,156.6893778030073
1996-10,7523896666.11653,7188219769.609117,7.113504105428489,2.6647385399159047,6.607602675621995,1.3187958498164953,1.570239864086058,0.5579795413837335,0.4929963603095638,0.5950984169987359,0.3787058562149972,36.12140261277728,1372.5043042159084,18.28459666620351,0.3602658720418144,0.49035742373538604,1.014991719356574,-11.45165080762623,-3.760862103290493,-8.129283176956145,-0.15376440407604094,1.5747404975945791,1269.4306086803958,128.7850318538357,137.89926421159447,8.193465348806994,0.020540911634541813,200.04939990938087
1996-11,7459707304.2116,7126891849.084892,7.120359623793111,2.6731723755606116,6.650986687639046,1.3289431159250997,1.5651983944079595,0.5564591296562442,0.49786920645169985,0.7171604859368269,0.38020059581576093,36.492911262165755,1259.219100773383,17.740243297769595,0.3572056352303524,0.48664507927832984,1.0076121498241968,-10.93500779175026,-3.498086758069678,-7.779133275592729,-0.1531467107179822,1.51274644951672,1275.6749296587705,119.96603245025639,136.6429799320711,8.07162908538049,0.020705274484444754,233.60737249063564
1996-12,7395883862.710816,7065913550.2905445,7.124869947757478,2.6696399520840295,6.673406371805221,1.3314588507950909,1.559880689655432,0.5547553363018165,0.5034176846660714,0.8560523214030041,0.3816309606019755,36.81235702015042,1151.9517975519086,17.205917618045987,0.3541566979131261,0.4829465911386293,1.0002602236603315,-10.43185649380938,-3.2411413591188545,-7.436474694037872,-0.15253124904418988,1.429452746061145,1279.0193484895444,114.0040140825273,135.63940293453797,7.967952575725222,0.02125115332482406,257.2709362803459
1997-01,7332425296.238786,7005283874.456915,7.124127711112685,2.711544909812585,6.770286983270623,1.35977453753423,1.5639947365284945,0.5491689258937771,0.5845288172090236,0.9527259063904735,0.3828350034015093,37.8878647178321,1050.5458762260246,16.681533176053357,0.3511190428402286,0.47926193799874,0.9929358980530429,-9.942039498948308,-2.9899948880095475,-7.101256492327365,-0.15191801555645107,1.3802464972792932,1315.6363926925546,111.43786697009531,134.90498377972202,7.905396806463724,0.01592667698142071,271.96441713297475
1997-02,7269330559.456796,6945001822.792942,7.131720280258989,2.7476581606939074,6.860508504751365,1.3861792204534282,1.5700049840083958,0.5470251927697283,0.59825703176141,1.1209134931174818,0.38407119061904443,35.502197475010654,954.8448182359483,16.16700352027839,0.348092652679414,0.4755910986028774,0.9856391302848919,-9.465399391604892,-2.7446163261408847,-6.773427730598087,-0.15130700693079263,1.3855784784672478,1349.402290254487,110.34105096280366,134.437298946996,7.865059709934465,0.016460887322915077,277.7216591130515
1997-03,7206598607.199301,6885066396.481578,7.137948712032894,2.7810455592562806,6.935493907081493,1.4101520524971038,1.5779595817700551,0.5451539863649925,0.6087086115757153,1.3095433487282648,0.38520661258625477,29.65842162422103,864.692104297801,15.662242198472567,0.34507751000429854,0.47193405149851475,0.9783698774850091,-9.00177875449767,-2.5049746546548617,-6.452937468623794,-0.15069821964977625,1.3046599071923897,1386.1075112325918,110.41392506235707,134.2289972571327,7.845929531760097,0.017495182210572554,275.233237991529
1997-04,7144228394.101576,6825476596.676902,7.146376816128422,2.820099699054728,7.019464740896162,1.4363533057914988,1.5858080618724468,0.5436213703797805,0.6158778038413187,1.5175922985861217,0.3862349743991564,24.13501399408374,779.9312147045346,15.16716275879315,0.3420735976765656,0.4682907752696329,0.9711280970005643,-8.55102017047624,-2.271038854627796,-6.1397347659682175,-0.15009165036736824,1.1520850624192456,1423.9245074159082,111.8544840880844,134.26281810354178,7.846459485450365,0.018967445393147108,265.50928965021285
1997-05,7082218874.830577,6766231424.762386,7.154446218000543,2.8611114760216885,7.10114001614248,1.4614030261227093,1.594110977728426,0.5424768071216963,0.6198571604751223,1.743065907580609,0.3871536894887932,22.07777452383766,700.4056286504589,14.681678748517882,0.339080898231309,0.46466124854555024,0.963913746034547,-8.112966221182667,-2.042777906914602,-5.833768681669152,-0.14948729554218,0.9949134836608384,1461.4366708284158,114.7704846765965,134.51461299920368,7.864667659208093,0.020813514355669794,249.44828355182193
1997-06,7020569004.09176,6707329881.856451,7.162899870085437,2.8885545262713026,7.163130708549891,1.4831735245471174,1.6032179212069544,0.5417533327957696,0.6208249377412918,1.9829933624282297,0.38796358599480246,25.706146536401064,625.9588245932767,14.205703713914604,0.3360993943536388,0.46104544987750934,0.956726781884095,-7.687459487272971,-1.8201607919852902,-5.53498827455992,-0.14888515180324516,0.8502949915684469,1493.6716332548199,119.15899420295948,134.9548456113233,7.898239985813807,0.022969384631270115,228.10871636391548
1997-07,6959277736.504072,6648770969.035416,7.176294305809277,2.9050008187378165,7.213742252530065,1.5017882830426712,1.6127370851714213,0.5414682085085626,0.6190311837586057,2.233452157778241,0.38866854062036676,36.0766956816161,556.4342798870147,13.739151200154216,0.3331290687731264,0.4574433579899473,0.9495671616921654,-7.274342548086056,-1.6031564900193507,-5.2433426028748125,-0.14828521584410645,0.6642211656482412,1521.1785020109394,124.89130545459737,135.55010342089125,7.9446328801845345,0.0253731882203723,202.6950861105822
1997-08,6898344026.720032,6590553687.595421,7.187557105296455,2.931210472615544,7.26779561070632,1.5185846929673894,1.621133080774299,0.5416239790948194,0.6147830641614299,2.489618863779904,0.3892750573147636,52.90512730886115,491.67547083876843,13.28193475386524,0.3301699041374715,0.453854951411443,0.9424348426886637,-6.873457981845251,-1.3917339808994245,-4.958780724471972,-0.1476874840355584,0.48654475394060875,1545.4085318911186,131.70313308543354,136.26457443987567,8.001172498712654,0.0279669108639531,174.20614479776475
1997-09,6837766829.432794,6532677038.691565,7.198814517846022,2.9511710125470327,7.3064829326837595,1.5315650110706143,1.62969993298366,0.542209867389606,0.6084299415991289,2.7458418451880036,0.3897918096302778,74.44632792811586,431.52587272418367,12.833967918189204,0.32722188326125795,0.45028020883844583,0.9353297822048525,-6.484648365543167,-1.1858622443445084,-4.681251696715256,-0.14709195316679843,0.4552229741955214,1562.9850040765464,139.1898577816231,137.06144834576537,8.065147980426582,0.03069782167725723,144.03349561429613
1997-10,6777545099.251295,6475140023.317347,7.211709937765252,2.9625417350489616,7.324228683702942,1.5393866224413981,1.638017439252575,0.5432034293232256,0.6003486808850841,2.9957315542596534,0.3902291632953323,97.43022707460162,375.82895978333187,12.395164237635097,0.324284988624828,0.4467191088975951,0.9282519374232767,-6.1077562748449985,-0.9855102595447485,-4.410704576482753,-0.1464986195899105,0.4050933497890772,1575.824015111135,146.806455993745,137.90420735069316,8.13389647455632,0.03351960118891323,113.33209311804546
1997-11,6717677790.690409,6417941642.81103,7.220688852689602,2.9720957107992287,7.345957434409118,1.5470821528018617,1.6442866505270215,0.5445723930837866,0.5909295991258912,3.2322639323263487,0.39059869596502145,117.04982170120077,324.42820530406533,11.965437255807347,0.32135920311329624,0.44317163013390154,0.9212012654871602,-5.7426242845312965,-0.7906470055386221,-4.147088420319019,-0.14590748007301407,0.329132220739605,1583.6884981089306,153.87164886884239,138.75777926060735,8.204878225036392,0.036393164203736235,83.17126039397854
1997-12,6658163858.424898,6361080898.121015,7.219600949330828,2.987316322660492,7.357450195582402,1.551054307562223,1.6492429562582125,0.5462766090357778,0.5805634170688408,3.4478925059765837,0.390912728768791,126.99650610130398,277.16708169260346,11.544700514088149,0.3184445092895188,0.43963775113256026,0.9141777237600405,-5.389094968103025,-0.6012414609969498,-3.8903522842220877,-0.14531853107561685,0.21927657127289196,1588.095149363679,159.57572391536476,139.5895318897119,8.275740453717365,0.03928718384096486,54.29311213199894
1998-01,6599002256.923193,6304556790.40637,7.154473462658006,3.0782483822958144,7.392446367250886,1.5532095990796815,1.6560399470585383,0.5488147062114965,0.6680600584154304,3.661529941172498,0.41246400453911997,127.49845156725775,233.88906057350968,11.132867555418228,0.31554088986943346,0.43611745065737634,0.9071812693328316,-5.047010898384491,-0.4172626044995361,-3.6404452239281873,-0.14473176922569084,0.22891152290466338,1628.572581082042,163.02398488977394,140.36936946821467,8.33624424591872,0.040965897209241674,27.703983072457323
1998-02,6540191940.813962,6248368320.810999,7.069470745322729,3.20134279174873,7.435960399064995,1.5500752513430036,1.662332092867075,0.5511022883932986,0.666834960314898,3.8141887079736456,0.41484917141624233,118.3205945512984,194.43761292912,10.729851920752752,0.31264832748527366,0.4326107071499895,0.9002118595083587,-4.716214647296276,-0.23867941445687782,-3.397316294975831,-0.14414719108398671,0.3975739670961178,1666.9387312461074,163.862446397049,141.0733930698207,8.391860331522379,0.043716634634413554,3.600092621496156
1998-03,6481731864.651235,6192514490.330835,6.989186232601297,3.3235891846938928,7.473931822315744,1.5461037206397032,1.6666253008887462,0.5535536790151213,0.6614851661849719,3.9219048237254697,0.4162988346531652,99.66445195809604,158.6562091852957,10.33556715023124,0.30976680480497165,0.42911749933884163,0.8932694515710823,-4.396548786237994,-0.06546086888477903,-3.160914552509435,-0.14356479326393337,0.4972762811555433,1706.0851981263831,162.3892538996851,141.68145818317151,8.44140899862,0.04649374611803584,-17.37908419471378
1998-04,6423620983.035243,6136994300.188764,6.908373721583968,3.433636176313722,7.496220712891946,1.5395037550375423,1.6698166951215876,0.5561180366943081,0.6525552691024892,3.9793291036903464,0.41687914551680083,77.70486822477103,126.38831936129495,9.949926785854943,0.30689630453855066,0.42563780588864336,0.886354002650401,-4.0878558859884,0.10242405406665323,-2.931189051574396,-0.14298457230796738,0.6238817420843599,1744.2976823048402,159.023980967067,142.18095441569213,8.484010529049261,0.049293697139754816,-34.90384634426131
1998-05,6365858250.489794,6081806751.345236,6.827615215360853,3.544462610702157,7.508042682513769,1.5314106509944712,1.6717208383974975,0.5587463687047471,0.6406421370351801,3.982873739898025,0.4166755871185689,57.867525896835396,97.47741319685542,9.57284436794063,0.3040368094426153,0.4221716052568056,0.8794654699622758,-3.7899785170941143,0.26500637643094266,-2.7080888471856293,-0.14240652480835897,0.7083768712477639,1773.1331287863063,154.24532952469872,142.5664831374899,8.519081590564118,0.05211839729510926,-48.84305885892624
1998-06,6308442621.584196,6026950844.985703,6.745124588279224,3.660522849860684,7.522945358507997,1.5231074263258728,1.6727161265238915,0.5613928148829999,0.6263717854035467,3.9308240197979956,0.41578847657660306,44.36305961158826,71.76696024895419,9.20423343640953,0.30118830206299496,0.41871887619044745,0.8726038108240948,-3.5027592497664335,0.4223171204058749,-2.49156299400017,-0.14183064728446065,0.8623961813473949,1801.4694767060364,148.55774251582633,142.8398820019832,8.546323098210564,0.05497467327607498,-59.2594209275569
1998-07,6251373050.941631,5972425582.032553,6.665380613617381,3.7521926864975375,7.522745372677562,1.514420879414358,1.6721730927019292,0.5640157098869373,0.6103776878329701,3.823382679754029,0.4143284721715358,39.804210122018205,49.100430043374466,8.844007532029252,0.29835076522944687,0.4152795972450116,0.8657689824050092,-3.2260406543885276,0.5743873080711376,-2.2815605469832514,-0.14125693630441835,0.8909416749866408,1823.9942049126125,142.4605831193664,143.01002995896766,8.565700762146049,0.057873646680661875,-65.79272944679778
1998-08,6194648492.985075,5918229963.633741,6.591074384703201,3.8386801017457794,7.522241536099845,1.5036709802115642,1.671137316581105,0.5665784124638727,0.593281032314462,3.662652299561838,0.4124122194518291,44.9091997237446,29.32129214305148,8.492080195176126,0.29552418144237014,0.41185374701676913,0.858960941965682,-2.959665301276756,0.72124796146774,-2.078030560848527,-0.14068538849324772,0.9414210357123629,1839.9131563311528,136.42054845497145,143.09246050448465,8.577419636823603,0.06083004578437023,-68.86462411201063
1998-09,6138267902.304621,5864362990.935799,6.519869628169342,3.926755717206824,7.532177253566903,1.4919432683427025,1.6697655540749303,0.5690499017291984,0.5756733203483709,3.4525624626720117,0.4101582529805382,58.29160571558602,12.27301627746925,8.148364966483026,0.29270853348073,0.40844130415084784,0.852179646741317,-2.7034757608978595,0.8629301027006497,-1.8809220905818194,-0.14011600040839672,1.0194014960041418,1855.5535542779046,130.84782182736686,143.1088139793154,8.581894034928693,0.06386147724417664,-68.90523331454189
1998-10,6082230233.423074,5810823664.949576,6.457731487433791,3.989510378125559,7.535298522520249,1.4818651484004464,1.6672515101871255,0.5714051450061157,0.5581015961484378,3.1987493902110073,0.40768325133696026,76.33438584677572,-2.200927614878836,7.812775386784747,0.289903804050832,0.4050422472169932,0.845425053937149,-2.457314603959917,0.999464753799249,-1.690184191114328,-0.13954876865977892,1.0475018653966186,1869.835623201644,126.07630526570172,143.08616144528366,8.579714172175414,0.0669876848406771,-66.12874964798377
1998-11,6026534440.91699,5757610986.793489,6.409895465818781,4.020994845238653,7.522602513312653,1.4724384868904026,1.6636412180524873,0.5736252493651579,0.5410564876940449,2.9083964119797727,0.40509872242763134,93.14341979044319,-14.257069305045746,7.485224996902753,0.28710997577239883,0.40165655496001434,0.8386971207252832,-2.2210244016169707,1.130882936564011,-1.505765917590156,-0.13898368978622955,1.1299171418979492,1881.1515068969602,122.34811713223202,143.05623324229657,8.5716108705322,0.07022981790230721,-60.75194726294195
1998-12,5971179479.4240055,5704723957.579206,6.373595170480708,4.046511544143279,7.503087516456437,1.4651579265246508,1.6588356979697383,0.5756974133273411,0.52496313514427,2.590043977782269,0.40250817528640637,100.5740088530306,-24.051938213644593,7.165627337911875,0.284327031428637,0.39828420579993284,0.8319958043728456,-1.9944477252798103,1.2572156729253765,-1.3276163252706965,-0.1384207603764482,1.1839100430822083,1886.4607739458359,119.80239356914235,143.05458489833927,8.558419572937341,0.07360973069070509,-53.41296542261604
1999-01,5916164303.3876,5652161578.408976,6.39604418733202,4.054562297763143,7.519941457222148,1.462479346009735,1.651801053706172,0.5699785240934858,0.5601431717851444,2.2473157744810477,0.3934616183907117,97.17173352086837,-31.74206339227422,6.8538959513027296,0.2815549535963923,0.3949251784418616,0.8253210621244663,-1.7774271468979714,1.378493984442844,-1.155684469545062,-0.13785997707635156,1.2021696862655753,2003.740945701449,118.72025088528737,143.12917789282756,8.48958648462385,0.06483369837954203,-44.70335207884425
1999-02,5861487867.553206,5599922850.373498,6.431744633668241,4.049313610878127,7.538843269034626,1.4612442301760182,1.6441081112277773,0.5709699953302114,0.551973830098377,1.901835889935517,0.39046722588286514,87.30511086929631,-37.483973498372656,6.549944378755416,0.2787937250094803,0.39157945152634155,0.8186728511971909,-1.569805238867377,1.4947488927852797,-0.9899194060656393,-0.137301336333974,1.1426299411326382,2127.780648970457,119.76231495725928,143.2756889730822,8.41232411061299,0.06731332318810901,-34.5665487946843
1999-03,5807149126.355657,5548006774.550364,6.4730347292307915,4.025203562995269,7.551024132624816,1.461249635400393,1.6367250269703886,0.572137792213358,0.543436795637335,1.5582950706464738,0.3879910035693173,70.65754477500256,-41.43419679071007,6.2536861622601725,0.27604332832097506,0.3882470036165833,0.8120511287767274,-1.3714245740338211,1.606011419369913,-0.8302701906321897,-0.13674483476581503,1.1088819389790157,2260.788952443451,122.24622830531622,143.50010220511888,8.329793250694829,0.07052513850017603,-23.744953655099824
1999-04,5753147034.397191,5496412352.003033,6.510063183700164,3.9903133943108395,7.554598256297243,1.4598275793203184,1.6307228474596271,0.5734701213217894,0.5347889525632773,1.2258688707069407,0.38606990529004476,49.99059215818811,-43.74926113629243,5.965034843986648,0.2733037462216911,0.3849278134493034,0.8054558521450085,-1.182127725682606,1.712312585604986,-0.6766858790531192,-0.13619046905149748,1.026400612161385,2371.5324667158416,125.34955203840799,143.79413422779834,8.244996679257639,0.07445621843603108,-12.4740616103208
1999-05,5699480546.342657,5445138583.910343,6.545844764531595,3.9467747767155275,7.552824457143511,1.4585108996286416,1.625011716556153,0.5749515770497239,0.526264224949727,0.9127964108501526,0.38472040153999815,27.970264777109453,-44.58569402702779,5.683903966520877,0.2705749614456848,0.38162185956527234,0.7988869785621112,-1.0017572675160342,1.813683412778402,-0.5291155276403622,-0.1356382356770668,0.9187587330706757,2482.5182712595183,128.35447917103835,144.1461002963759,8.16070486459644,0.07908002230521968,-1.2530973989100573
1999-06,5646148616.663296,5394184471.3196125,6.5953206307139345,3.8897505594082804,7.540229156500845,1.4597104647172732,1.6191901353963418,0.5765639642433732,0.5180688611590399,0.6261736576735388,0.3839400338887562,6.967394718525384,-44.10002260957878,5.410207072606056,0.26785695664390863,0.37832912054268625,0.7923444652606403,-0.8301557737506386,1.9101549219311245,-0.38750819258967006,-0.13508813116976714,0.8515849464869171,2601.1119792510417,130.7082857322745,144.54184776220444,8.079396085473467,0.08435862698833285,9.405743379526912
1999-07,5593150200.001972,5343549015.388367,6.653094248256622,3.83472271117951,7.536921923997421,1.4626928138955235,1.6135094756406214,0.5782871220003565,0.5103780199226503,0.37180167048438023,0.3837093812359758,-11.113181263156038,-42.448773716687306,5.143857705104536,0.26514971450299285,0.3750495750060781,0.7858282694414972,-0.6671658188292635,2.001758134110641,-0.2518129301863571,-0.13454015223810445,0.7673059901569268,2710.7544485758817,132.0727843034188,144.96567017258397,8.003211301708587,0.0902450773234847,19.39238611773438
1999-08,5540484251.066721,5293231217.268595,6.714612811597341,3.7917198813082313,7.552317952904416,1.4660379815090832,1.6085605000112544,0.5800997247816306,0.5033336307322201,0.15408886988960618,0.3839943390113941,-24.972375980464633,-39.78847391129437,4.884769407220032,0.2624532177510788,0.37178320163294853,0.7793383482710236,-0.5126299774851482,2.0885240702688868,-0.12197879704778469,-0.13399429540246488,0.6534690831652278,2812.874613810961,132.36239614434615,145.40117661774804,7.933923657278938,0.09668577251541682,28.492479243789067
1999-09,5488149724.372994,5243230078.102742,6.77723952628607,3.743114151294834,7.564692827543579,1.4712273485660143,1.6036468096844867,0.5819800374313284,0.49704346496886637,-0.023995140882378696,0.3847486103989288,-34.02445814232843,-36.27564953034189,4.6328557222273785,0.25976744903182386,0.36852997889814343,0.7728746590094665,-0.3663908249508898,2.1704837512732413,0.0020451501283640094,-0.1334505572283153,0.5426784609677419,2907.0181616182035,131.77083776485037,145.83209466686327,7.872922067583884,0.10362281327269324,36.652179433424614
1999-10,5436145574.477449,5193544599.020392,6.832057300897343,3.6893623435439307,7.56396470291252,1.475848811020272,1.600544776309861,0.5839066077731168,0.491581324532782,-0.16091797211069372,0.38591631440574214,-38.47249736803599,-32.0668267315844,4.388030193557169,0.25709239089353964,0.3652898855698746,0.7664371588937813,-0.22829093641153067,2.2476681980489635,0.12030985472304692,-0.13290893420473127,0.4621115471509723,2982.7093569561757,130.78676007335864,146.24298945606108,7.821207974840821,0.1109962431860612,43.76799005239387
1999-11,5384470756.117137,5144173781.135665,6.861793065000568,3.6241286543218005,7.53588871715719,1.4777972534584958,1.5982404630134022,0.5858588808975327,0.4869882307943227,-0.2565398884128564,0.3874346207797019,-39.35260067833172,-27.318531541915124,4.150206364637265,0.25442802617227767,0.3620629002273364,0.760025805132851,-0.09817288730376145,2.3201084313456444,0.2328662598465701,-0.13236942299736368,0.41366297829135046,3027.9580479316655,130.19897548681533,146.61988575365726,7.779404052136838,0.11874612781251055,49.534047073094385
1999-12,5333124223.839342,5095116625.675341,6.893487062353455,3.581923864062229,7.533590151602678,1.4807957036791424,1.5965518800461869,0.5878177255625809,0.4832744783258796,-0.3120319250724171,0.38923632968287464,-38.54873420774793,-22.187289904255326,3.9192977791102344,0.2517743375079736,0.3588490013622319,0.7536405550340283,0.024120746852343666,2.387835471862288,0.3397653087223439,-0.13183202021081197,0.35705771037895034,3067.3300126316562,131.0921575633219,146.95078399388413,7.747773400149149,0.12681442496193965,53.91703156623202
2000-01,5282104932.234145,5046372133.600789,6.972614880440449,3.538838635316748,7.618915694735538,1.50224686221735,1.5864015674443075,0.7230921701042471,0.4488391526445044,-0.33121055680384925,0.3846404012152439,-36.497116860090074,-16.80332202438385,3.502412556582599,0.2527369724948607,0.3084340565327709,0.752167336194067,0.17864910989726795,2.475193694781398,0.47391453771887,-0.11855627062659106,0.2810762379564217,3238.9485885526983,133.82986304627818,147.1953030112718,7.8833309446557545,0.11620165824756765,56.75473859646893
2000-02,5231411835.942444,4997939306.225669,7.039975471475531,3.494718881846312,7.690380202253045,1.5228429237452163,1.577986111149287,0.7384497024886192,0.4436238498219316,-0.31469206443802267,0.3861356363479189,-29.527570331795303,-11.370168585678003,3.100849827660249,0.2516322360682133,0.2622822968502728,0.7510570367722798,0.3181045471007818,2.5454037947751558,0.5912428556941773,-0.10504364620199451,0.2638522922274533,3408.440505365055,135.93484232155043,147.4046918315825,8.044457806372025,0.12283862328720581,58.34081763828809
2000-03,5181043889.53164,4949817144.61129,7.130064408962837,3.470046382657531,7.79143616776121,1.5466149454979394,1.5698569581292898,0.7480224042198955,0.44052600015695814,-0.2677938657356381,0.38799497255688886,-15.545328560576149,-6.051248509292401,2.653742318520327,0.2455837495421842,0.2170548956605164,0.7453856679395029,0.45673933663092076,2.5964454720862826,0.7046072812111287,-0.08901602421379778,0.30885183900455815,3585.087752395224,137.08050101964895,147.5475910709147,8.22647158101551,0.13046066777426396,58.76277448987668
2000-04,5131000047.745966,4902004649.920011,7.184941632812527,3.439332387337902,7.8615135632757225,1.5659190321204524,1.5636207529874138,0.7521441334014473,0.4393840472337732,-0.19508891621142288,0.3901390909182551,6.405859951338373,-0.9681864896265884,2.277336262578787,0.2455792340224925,0.1758234562299201,0.7439617089018187,0.5758447265291182,2.6553077926137085,0.799787001880051,-0.0765373255480068,0.30853587593381576,3723.43296154052,137.74093952534818,147.62093443618625,8.41973983075418,0.13897882003938838,58.185422747910124
2000-05,5081279265.006481,4854500823.170259,7.246589123822874,3.421510960550099,7.953209011830512,1.5862538745471002,1.5553515004801028,0.7512790268828006,0.4399933905058937,-0.10145938741328647,0.39248792654593706,36.43318876152129,3.75894814313144,1.9414526907240377,0.2428085816440952,0.12961553053548586,0.7586373729308484,0.6784723855516224,2.719653707259981,0.8965073838756795,-0.05969853007235472,0.3733620996021332,3870.0751350750706,138.360786570717,147.62360607884506,8.617339060586357,0.14829160763681873,56.69585266010291
2000-06,5031880496.020752,4807304665.610374,7.3088772577375,3.4173935793545733,8.060187539924907,1.6079869291346705,1.5460906063991202,0.7459945472695344,0.4421168337156253,0.008078845137434898,0.39496314451447273,73.71198856284029,7.976737594069723,1.6275511535230422,0.24533926815421478,0.08341715075443046,0.7595119554390497,0.7566539288053276,2.7593834803438257,0.9765291261154748,-0.0421354539920972,0.3659881712155548,4008.5201962839137,139.31150578942746,147.55633365387263,8.812908195607726,0.15828910383540148,54.234132922873336
2000-07,4982802695.432973,4760415178.358168,7.375655213178537,3.427300943457963,8.174477170832116,1.6294437955694434,1.537826906624262,0.7369341259195088,0.445494966182915,0.1285381740789611,0.39749031731072065,116.43915856514218,11.598849337432085,1.3313991590764551,0.24080023273869597,0.0365929642588477,0.7566730748332593,0.8121917226195023,2.768829230188971,1.0364867485778264,-0.02673733699010251,0.3398469905311676,4136.303728483355,140.85426661158402,147.42153681378124,9.000783171248727,0.1688568236790639,50.966085271680505
2000-08,4934044817.810982,4713831362.510436,7.4075942722101145,3.4307031659572753,8.262777213423641,1.6477585964436556,1.5304885903381618,0.7247902625069006,0.44985617298798825,0.25510418662396583,0.40000076665802214,161.82060774325961,14.608050424575246,1.106644895612233,0.24158779638256814,-0.006335731934942225,0.7566922317630501,0.8552219903536745,2.7846372952339333,1.076884653926608,-0.013016108498604219,0.30855785148928416,4230.284150868353,143.10983689817743,147.22314007328558,9.176097154178166,0.17987936662798817,47.20785875825655
2000-09,4885605817.76686,4667552219.272165,7.401919788682231,3.425096282087938,8.289822485603304,1.6574499530071372,1.5280266894505266,0.7102788423503462,0.4549260098329146,0.3832609026957511,0.4024330490108529,206.08968163426752,16.966680584546836,0.9258012897460661,0.24375334268057608,-0.034986093701304885,0.7542993209569704,0.8854856508138194,2.7932517352573814,1.1035495874627133,-0.0029524340112976315,0.36998255750691056,4305.1706623988,146.0356983361662,146.96635921564092,9.334846824179317,0.19124372273318035,43.2018023530273
2000-10,4837484649.834146,4621576749.709557,7.430207346126669,3.4422893712528957,8.353523634046901,1.6694113344240562,1.5250533462481393,0.694115320278937,0.46043572526836085,0.5088945363994852,0.404734075228075,244.5529233941466,18.65382074181486,0.759103059474134,0.24430426663836594,-0.06184855931999213,0.7429623583427895,0.8967076313935352,2.7747585823707626,1.1057386018713267,0.006321509767617226,0.388548649487567,4351.978706184239,149.4103488892711,146.6574703662915,9.473926122444972,0.20284217624585793,39.05911242183015
2000-11,4789680268.589678,4575903954.861923,7.448251670982862,3.4638517247737712,8.417916171304732,1.679392425536562,1.5217618459085462,0.6769932996163005,0.4661297600122116,0.6283748152908615,0.4068598677467326,271.6590627742134,19.716430298491638,0.649803279495171,0.2456840351012258,-0.08935364993721087,0.741157625659743,0.8866968036834733,2.755744005461683,1.097511139682939,0.01430154680561208,0.4279016727755308,4366.361857615607,152.82454451538737,146.3035703028883,9.591129707200714,0.214574760269892,34.83921645589781
2000-12,4742191628.791966,4530532836.003194,7.442874082973951,3.4819873027393458,8.455462423247639,1.6844485781017204,1.5197477720056565,0.6595659083814385,0.4717721007013109,0.7386136625443743,0.40877596908112246,281.0868406155471,20.223550777335987,0.6008002525092493,0.24877311156476292,-0.10508594607459143,0.7518386777752089,0.8761380958239133,2.760282390399661,1.0940561905229018,0.021042276195639087,0.4384740102514323,4356.27064984537,155.6790489854304,145.91233618673874,9.685129042254859,0.22635123338342591,30.791223679181776
2001-01,4695017684.880267,4485462394.150242,7.3666189631167125,3.4949751703061827,8.470324217028825,1.6846873459773113,1.515140039602886,0.6175731038086196,0.44755292261046103,0.8370542402062047,0.4724483089196397,274.816972804281,20.212039152105824,0.6078267667766424,0.29412924201500346,-0.11584244687599618,0.7123655182958719,0.8773733155355921,2.7558883507618512,1.1198196394831812,0.02243119956079422,0.48135989367220067,4124.147658646795,157.2109610279062,145.523548425602,9.484591239235945,0.2969075561841037,27.14122626566189
2001-02,4648157391.45333,4440691630.418078,7.298565612031696,3.5215543849471507,8.516446458931027,1.6865575358960236,1.507639413852306,0.5987531183588239,0.44950380789038236,0.9218717115856658,0.480126609916716,261.4102256815131,19.7479974041755,0.6707041284639967,0.36536029724976987,-0.13876070271098057,0.6730933901355924,0.8753583532200351,2.776382879584967,1.1451275062529374,0.02696379806261001,0.6415663919407262,3848.763154408674,157.1312920012972,145.08504358781087,9.233319479341842,0.3144736766991906,23.814945437824136
2001-03,4601609703.165486,4396219545.9065895,7.203108895964232,3.5358443907856074,8.513984322815078,1.682499989105984,1.5031505679012147,0.5822763893432432,0.45213298967560006,0.9917007715396109,0.48487653445658324,243.14451529017663,18.866652065772943,0.7509439523486958,0.4180219994735665,-0.1412855912411371,0.6393826315372731,0.8781220375294329,2.7912746775782225,1.17280468511813,0.027849518752365923,0.7893635819141775,3536.7213920121044,155.86951823031023,144.63208271616452,8.938508644346896,0.32934885330179303,21.047377767335433
2001-04,4555373574.601463,4352045141.829052,7.098655690294588,3.54898229387665,8.499156033756272,1.676215235941769,1.499618219298196,0.5684470230889234,0.455245141492028,1.0457859084119732,0.48685967487876625,222.5666118513685,17.626609238037453,0.8511293765344641,0.47019096547077655,-0.13890657185104388,0.6020568484926676,0.8779120147020077,2.8040224929048057,1.1953127582932592,0.025960991180575266,0.8507084788428583,3207.239977444829,153.91167557451263,144.17256454619786,8.612106966931039,0.34164360955508144,18.76836571547554
2001-05,4509447960.395798,4308167419.264396,7.022144993843069,3.5806911124022895,8.540055266820659,1.6745977809757224,1.4918655664965332,0.5574594205673679,0.4586495304020523,1.0839046730147401,0.48630433255236793,201.81697990160012,16.08512078397439,0.9958527135756217,0.5390999408141423,-0.14947071905442866,0.5540390536477426,0.8645233609162648,2.8096636482215867,1.2106559365520777,0.027981582670546415,0.9330309650133853,2881.5129486909364,151.7098346470594,143.71400761884195,8.271232248258835,0.35153734451638863,16.777551736637367
2001-06,4463831815.108826,4264585379.268274,6.9384670952414105,3.6061059642232958,8.560593852503986,1.671686131517009,1.484852113490141,0.5494034153809468,0.4621652855990126,1.1063191715567882,0.4834919980020384,182.48607459866054,14.294788060068399,1.1249072272853948,0.598205651268747,-0.1473108140858421,0.5074031282678778,0.8374791241916083,2.7904189935800416,1.2161423560484523,0.025041121411404056,0.9283136069064581,2564.1622801417047,149.64495635893974,143.26341739765635,7.927558034016086,0.35926581548607345,15.19462420858389
2001-07,4418524093.217285,4221298023.003716,6.842399608312676,3.6235996227355027,8.548094805123863,1.6646659449986565,1.4807236058696835,0.5442720345117393,0.46562584437830645,1.113717871567928,0.47874358724668065,165.50150869005515,12.335207647600956,1.2409821007456288,0.639570482829829,-0.13660947884153896,0.4605411050679632,0.8083606372036692,2.75352829580525,1.2136648163137358,0.018965521265833816,0.9380269098130298,2271.2798877731457,147.99559518686385,142.8271820406596,7.58625783347713,0.36510818206420753,13.962653404578248
2001-08,4373523749.498381,4178304351.625502,6.741694457077434,3.631959811904424,8.505567902568036,1.6544255905921794,1.4792888924651817,0.5419713873941006,0.46888252465832175,1.1071504374109156,0.4724058714794583,151.04638803660865,10.33139220363223,1.3690069735174704,0.6828526819599079,-0.13099164478641995,0.4212631465060011,0.7814471010884141,2.7351746591037798,1.2078788481630789,0.013764174126845581,0.9564364084345535,1999.9907768282476,146.91280433038966,142.41099716014278,7.261499917987755,0.36937404363260196,13.29114601123582
2001-09,4328829738.416414,4135603366.146345,6.670234163973394,3.6501669910693204,8.497498689850751,1.6473425214785848,1.4758651675171746,0.5423321739964027,0.47180720288058586,1.087958245677277,0.4648384887145744,138.50814882340853,8.36141933266141,1.5114343436966038,0.7371239094481816,-0.13057681213322025,0.3868864860950552,0.756963208862032,2.7337653040593435,1.2032653970525953,0.010056677107950805,0.9375785316508881,1752.232215702992,146.40137538165115,142.01981884987336,6.9613727965076855,0.37239085976517894,13.165527618390563
2001-10,4284441014.6001525,4093194067.810713,6.599101108910555,3.6599092619156477,8.468652630749672,1.639072303301992,1.4743128932184528,0.5451223034285825,0.474294108384206,1.057703098006684,0.4564018678347417,126.45638110082618,6.4569896347978295,1.6278197927369258,0.7686309258441825,-0.11514559884134391,0.3548510048523523,0.7445422759724273,2.7224359929975703,1.205464466151582,0.00454446712770698,0.9241874198960627,1530.4803199291728,146.30734188933698,141.65784361813468,6.692417203280392,0.37449209289154284,13.558587814778114
2001-11,4240356532.6075125,4051075457.6043224,6.528042502576685,3.6602686948998726,8.41784792121621,1.629496355053999,1.4745872857130498,0.5500601355646868,0.4762607672259379,1.0180964495129499,0.44744633634785,112.64740538547727,4.658350429316673,1.7069078216511078,0.7830839241652577,-0.0940271717934149,0.3338181982383491,0.73210533895261,2.7104232791920477,1.1945640687461228,-0.001713274688343671,0.9905264634298381,1352.8887468948599,146.31149525857413,141.3285130790258,6.459584653277417,0.37600635686852407,14.296994243983567
2001-12,4196575247.0459113,4009246536.7404413,6.473845253928901,3.670390308288679,8.40273781441961,1.6230922377991852,1.4730597767567954,0.5568278840902401,0.47764815255671855,0.9709312253532005,0.438302620869212,94.05278968229894,3.0198734860941316,1.8063561833243384,0.8057256933192678,-0.08453786458647632,0.3191264795285957,0.7179153919861961,2.709002994531316,1.1811329844688259,-0.004100617932138947,0.9922241420073405,1213.9162637671327,145.92850639413035,141.03454086745708,6.263539485386416,0.3772477956917515,15.31092916654897
2002-01,4153096112.449093,3967706306.3007355,6.3844123858480275,3.672327039149944,8.29378844303008,1.6054931383758775,1.4783370564134628,0.5664801653405309,0.4618866284777196,0.9276787966588302,0.5028908891023615,71.73726808206946,1.5420295371110206,1.8481410631305157,0.7806553941382988,-0.014186566692637313,0.28723630973395975,0.713249263726838,2.659477524090718,1.1913932939451939,-0.007078788173590526,1.0090603284668727,1052.8651576091643,144.79388215430703,140.7614149600215,5.813359316312924,0.4778685335519036,16.49751098766136
2002-02,4109918083.528484,3926453767.475978,6.293593375739801,3.665354726770585,8.151535831378599,1.584482079283624,1.4870060644020593,0.5760155292255768,0.4603626403222889,0.8717622469841321,0.5016647249791251,49.92543780980085,0.28974221403289,1.84568482723216,0.7464657959912777,0.06264565489259691,0.2651565061467686,0.7248081786916105,2.622266744601458,1.2024785681455692,-0.012204825825689235,0.9708410864264454,920.5178489087178,143.9054275638368,140.54196734852886,5.375046384647392,0.4894217526594834,18.053127387332676
2002-03,4067040114.8040805,3885487921.3194165,6.215993333020203,3.662161966926044,8.011901981440909,1.5642269652720873,1.4951475705697346,0.5862784694953507,0.45892684806273265,0.8131417081673797,0.49788058407883856,30.99452613756507,-0.737250604338414,1.8300119633566752,0.7044883956992204,0.1461294445925298,0.24184751084389358,0.7363586484491574,2.5708405029230805,1.2149484214615398,-0.014566746267807393,0.9194185359972675,823.9719768810544,143.43747698749854,140.36290034372962,4.9605633545989924,0.4972006340765207,19.692032894116878
2002-04,4024461160.837995,3844807768.858929,6.150108913321958,3.663970887608176,7.901961894573762,1.5482477172635416,1.5015963194135502,0.5969339354832867,0.45755988518725005,0.7534148736072812,0.4919174154862156,16.903332593225926,-1.5234740827924351,1.8156862124980386,0.6585219144053923,0.2280547224746935,0.21607036897598922,0.753678715387475,2.5199015567248484,1.2245675277920671,-0.012922540527679513,0.8687390178210893,760.6232789897257,143.30399201316916,140.2245746670984,4.579961726907463,0.5016507751095587,21.396892721099153
2002-05,3982180176.2433786,3804412311.3587227,6.09734935299388,3.6651967313738494,7.785183662466117,1.532018044297944,1.5088282906505779,0.6076687228879305,0.4562418796736982,0.6940393301849742,0.4841815085382684,9.000949968223921,-2.063498080497281,1.7923446733903243,0.6111403862887852,0.31022320650440005,0.19409272908559563,0.7695387888303364,2.474678197224694,1.23615488711578,-0.011678304735734035,0.8276319476278962,721.7531603678382,143.40634110587763,140.12696149911736,4.2412714101678635,0.5032726204360061,23.247448943550225
2002-06,3940196115.6909227,3764300549.8277755,6.047741325368793,3.6593834229417403,7.664723721295252,1.516147606539968,1.5167946834443857,0.618198684875472,0.45495310699129055,0.6363050131393486,0.4750915700889679,7.913680134675401,-2.3697238765567237,1.7371146413616718,0.5587133467251751,0.388229947756004,0.17917394466167352,0.7851735688040017,2.4303092823578143,1.2438604940936482,-0.010835720490911084,0.8047316260251857,710.6565363171043,143.64250827013893,140.0697369619609,3.9504619827871874,0.5026007164967286,25.139438891149688
2002-07,3898507933.6529846,3724471485.5050893,6.010076330685151,3.6524397911745905,7.569419702732617,1.5037263376815904,1.523265502225481,0.6282743495279952,0.45367457304738495,0.5813144460241051,0.4650649215219284,13.464942030441472,-2.4662479647935207,1.6752390524950345,0.507742515996171,0.4542581359397673,0.16778754906029342,0.7986635111961804,2.3854536174468883,1.25175545442092,-0.009640802035843098,0.7162960545119905,729.7143953219305,143.91548241886994,140.05237599566127,3.706052972070964,0.5001840176564769,26.914964132554708
2002-08,3857114584.769251,3684924119.369519,5.994035237709319,3.651155956608917,7.503867488594267,1.495573815848603,1.5279573023317023,0.6376849359594262,0.45238851728644836,0.5299705783596629,0.454505117365935,24.627275264717692,-2.3705858600528322,1.6259541623202098,0.45367603905018217,0.5121644973369613,0.15614906952724253,0.8037262713632559,2.333711750343648,1.2552488335728371,-0.007126411275206615,0.6659318251047552,773.8926307466163,144.14065758916175,140.07424285612174,3.514903273274234,0.4965677289205561,28.39809046324259
2002-09,3816015023.740813,3645657452.6264205,5.9729833862297905,3.6435528047815438,7.414351734651923,1.484942743553456,1.5353149321473505,0.6462608078889313,0.45107882801301197,0.4829718269408749,0.44379121551456296,39.50466984662476,-2.0353431883846276,1.5584920219332614,0.41481255744728673,0.5665702315643271,0.15494703130167944,0.8212128065227261,2.3144614691904226,1.2699455613523771,-0.006032438232377583,0.6010843972951008,832.357179926435,144.25212103874952,140.1346759298525,3.3774214461689493,0.49227707755061073,29.850728147464405
2002-10,3775208205.0729947,3606670486.4788394,5.962186737211321,3.635491640043462,7.339566960614255,1.4769976665412201,1.5414969924570134,0.6538744475188178,0.44973136691652893,0.44081374912573956,0.4332688552528912,55.342719327942376,-1.6017040253817048,1.47141736293701,0.37332922245126227,0.6104756127920264,0.1578692079196223,0.8205923003005674,2.273709988516807,1.268643281063392,-0.004741515116860127,0.5542308469375588,910.9401165004789,144.20775169021607,140.23306482331466,3.292365158399125,0.48780330642114156,30.971786922540105
2002-11,3734693083.3097687,3567962221.861651,5.96844303677836,3.6337084907278845,7.306811378811927,1.4744117796039713,1.5447189361319995,0.6604400684701515,0.44833420220219833,0.40379663434834556,0.4232432295497999,68.56351059128995,-1.054372963197623,1.4276487495522736,0.3415722354413023,0.6506939441131951,0.15398930215818218,0.8223309149716076,2.2432478222550487,1.2716335768914038,0.0017896418206113894,0.5164523929076442,997.946758102104,143.99309502682945,140.36891816773115,3.2570435446643096,0.4835920874119851,31.883434719432035
2002-12,3694468613.1735716,3529531660.0603323,5.9806951003953435,3.632666633852028,7.2737835029954745,1.4719077321723284,1.5482202572255273,0.665912015352247,0.44687775162323484,0.3720381946182406,0.4139739740705237,74.82172984086408,-0.3937491094560207,1.3647232788594426,0.31318002873909934,0.682945720148851,0.15718321360814064,0.8228018082463956,2.2163655119818144,1.2710706284798718,0.007434094539717411,0.4847998792034917,1089.3017793505032,143.6240204689766,140.54192115467407,3.2675427859730464,0.48003446105138475,32.56240181485181
2003-01,3654533749.1957874,3491377802.1073356,5.915432485628768,3.6131030055681967,7.160617224400802,1.4539802484286797,1.5626757375429363,0.6401673297755656,0.4228921511634707,0.3367840323125989,0.44640847640705955,74.07361010635486,0.04061122012510199,1.0831974794501111,0.22753178992494366,0.7225961911264759,0.18592542924485903,0.7815143173963129,2.0792572698764493,1.1618068292350971,-0.005499543149278693,0.4948602870836497,1197.2260858535476,143.14815255283975,140.75425609728245,3.248549152871718,0.45081413188530284,32.45649421278406
2003-02,3614887445.949908,3453499649.1364183,5.848631003169987,3.6050959487557024,7.057948536383574,1.4345614771965356,1.5774132432523162,0.6404267613532855,0.4190344483747788,0.31437620351814344,0.4433392494277299,71.07717552910594,0.41862208666435935,0.7957911234282096,0.12841756882445526,0.780416519772544,0.2146069252605598,0.7328092473993493,1.921782929085327,1.035452080097747,-0.016257214244896828,0.4678271789732825,1306.1931140406812,142.63948843173137,140.91463533271153,3.2577484084943715,0.44680307908927,31.962392780039554
2003-03,3575528658.0601196,3415896202.2685,5.792581022731985,3.610651672421786,6.972717138606561,1.4139595467517099,1.5928605473631885,0.6409637349626347,0.41607115737371275,0.2970444257075892,0.43975267687350134,67.80378104700873,0.8320432426297601,0.5198021643856521,0.03137776346928202,0.855908527300829,0.2377733001468737,0.6874130180301015,1.7647614294707572,0.9013914012711995,-0.02193703218360624,0.46503756631475357,1416.8590070778807,142.1733148347819,140.80587334361635,3.292045286299928,0.4453865492201624,31.27162201956832
2003-04,3536456340.077507,3378566462.6093187,5.734921168895824,3.605650616938608,6.890680461269053,1.3957693527388155,1.6065454099920782,0.64178133862217,0.41394399080154193,0.28435078790686275,0.4358160863284906,65.59939346181096,1.2046236871097282,0.2349345770157807,-0.05324645197445235,0.9047208305372606,0.26834510787015003,0.6365542726968755,1.615318743073522,0.7612937897291707,-0.030198128472936528,0.4676757879426349,1525.282082689024,141.8116085064839,140.24039629612219,3.347901117735931,0.44662731959136065,30.425115965457156
2003-05,3497669446.60083,3341509431.377776,5.676635538826404,3.6011366360955894,6.814354411807225,1.377952923175046,1.6203322235683164,0.6428740406570868,0.41257510231254196,0.27577456845900306,0.4316904371081262,65.44632130827866,1.5438388710984077,-0.045333511647576985,-0.1337528378345797,0.9552068065939313,0.2992120536049942,0.5742492148360658,1.4647714210138048,0.6155537213594698,-0.03828024411914569,0.521261580359449,1625.8250799183825,141.5979868718212,139.10048951749377,3.4214843324962563,0.45049874541769824,29.388718212993393
2003-06,3459166932.283796,3304724109.658055,5.624847699089134,3.5972159018340055,6.7477172961673615,1.3625701638124021,1.6325100116498812,0.6442287169687991,0.41187138372306575,0.2707383102621593,0.42752612791655453,67.87338679685122,1.923751277975267,-0.2852103096151716,-0.19581913981365692,1.004596763517117,0.32863723802820416,0.5218319981962551,1.3412454700296448,0.4968627243059549,-0.04258076294715956,0.5900259461137983,1711.6019714972535,141.55392395347016,137.3518068452034,3.508814695805661,0.45689425406887113,28.333175514386202
2003-07,3420947751.709951,3268209498.510564,5.585685838552918,3.6002944509335597,6.703069587946465,1.3490622600916506,1.6421433546137933,0.6458258032502763,0.41172879050084515,0.2686329904471351,0.42345954111664336,72.888685157661,2.2375129840651824,-0.49258029547755156,-0.24655740315041672,1.0413719180424703,0.354855015908247,0.47532216617453793,1.2256851509130116,0.3851200808586128,-0.04763408444395726,0.6106380968992988,1785.7219209033199,141.6760089173501,135.05302801878597,3.6058975819099555,0.4656382875328607,27.222606938108147
2003-08,3383010859.5121922,3231964599.102505,5.545841146983736,3.598354590995152,6.665810000949263,1.3381944604902247,1.6500086973329007,0.6476405250560974,0.4120365629258213,0.26884161967019926,0.419610352863224,79.93468985265997,2.399533999144151,-0.706356166879367,-0.305741941188988,1.0497884841440144,0.3804582471430381,0.41288926696975625,1.0845269458306515,0.2461467672902466,-0.059115083817756466,0.6297948896892703,1851.32878774168,141.93422536232154,132.36175953244668,3.708845251946522,0.4764982200644654,25.86976107301465
2003-09,3345355210.2488437,3195988412.462177,5.504576677411959,3.59685529436073,6.637789531133303,1.3290793023842347,1.65663094525011,0.6496441615296535,0.4126812264905252,0.27076072142085106,0.41607961327924986,87.86481592257925,2.5284585002608972,-0.8916004888546198,-0.3577489821380325,1.0602657115410838,0.40238147536005897,0.3460829178563601,0.9516747155416078,0.1172311838700096,-0.06961369101964306,0.6450088232095665,1902.6659435539539,142.2712008769262,129.53687763576792,3.8139827974210365,0.4891967962009757,24.596293892340064
2003-10,3307979758.524365,3160279939.8520164,5.480708338705001,3.6084314708889287,6.632611410134941,1.3205412004173165,1.6628862435080949,0.6518053008199645,0.41355027357404295,0.2738192571238121,0.41294857762529563,94.93999876482921,2.6543185712781425,-1.021220837996709,-0.39028598435803163,1.0850889683022136,0.41684411875457594,0.3005584679086127,0.8596801616752202,0.019477602165695995,-0.0736512198307517,0.6487010986815461,1940.6793824983813,142.60235223876262,126.937598882684,3.9179371044254685,0.5034246641278057,23.474165359662738
2003-11,3270883458.866603,3124838182.277312,5.451786950117588,3.60910169290764,6.636314484132367,1.3163537150945708,1.6661743926150385,0.6540910505266454,0.4145354481719876,0.2774946857627627,0.41027824809797797,98.8433893817093,2.6971435198053193,-1.1277551116746878,-0.4112358047052899,1.084376319498164,0.430551902527004,0.24858502766838164,0.7724786503052147,-0.08335291638315712,-0.07899657247582693,0.6230214469358814,1966.8370320934148,142.81683249725248,125.01963348542795,4.017707867596693,0.5188526182681186,22.36714785096326
2003-12,3234065265.978619,3089662140.971758,5.427623771455391,3.6096516598772506,6.639296796646078,1.3132368585512622,1.6688180697328368,0.6564681721068589,0.4155355745049782,0.28132596297493534,0.40810956878045274,96.7109136947501,2.6934456316156186,-1.2059152805446283,-0.42018425344666366,1.0781273559695745,0.4431973338063791,0.1928550197221223,0.6938107589130532,-0.1700820644256302,-0.08403944960211983,0.6805357836567066,1982.4797138861427,142.7791711909758,124.32882848033468,4.110720318422894,0.5351432130663565,21.382121378704834
2004-01,3197524134.370075,3054750817.037607,5.409235701135752,3.6100841691135823,6.621510954619037,1.3036535433257468,1.6872091956868702,0.6944807544558452,0.3924571728795203,0.27902402958664263,0.3852168686212665,89.23135720964433,2.2388560220964195,-1.3670469864712358,-0.41058902059050006,0.9969407309047568,0.4203048969236253,0.045991382598825195,0.4934872749127164,-0.36263614732108707,-0.13645505962771987,0.7022659464857482,2030.1339855230135,143.24561683059756,125.4728772603407,4.216526581323788,0.47240089430277993,19.598554547211105
2004-02,3161259018.7212834,3020103211.555743,5.4060516850640035,3.6229636907628735,6.616987154176128,1.2917153184730106,1.7102358419448942,0.7005295814362577,0.3908045123402227,0.28148152717957997,0.3819574010793608,80.65164968205981,1.691954067896248,-1.5272500250110452,-0.41314213320223786,0.9134317828792781,0.3851185455314382,-0.09736021383010696,0.2788943532850318,-0.5633492253973656,-0.2011169515419283,0.7377967813373132,2073.2624476105066,146.01106130333918,128.56460900153587,4.314006420504879,0.4814065728364777,17.905986121750416
2004-03,3125268873.5157323,2985718325.585393,5.4032132351475095,3.6244639921443498,6.613301904132227,1.2849622556213578,1.728306210358769,0.7050443107955411,0.38996098290464815,0.2834180043678361,0.3801280182492649,71.94208092227196,1.0757590864092057,-1.6498046895865426,-0.39449007486673476,0.8073844211099688,0.3521902892825266,-0.23751588380124267,0.07640109148156471,-0.7472704156340952,-0.25941526512845803,0.7500156292636023,2107.521105950935,150.76651833070648,133.04867916856549,4.4010680831627145,0.49374328452171135,16.285628837383285
2004-04,3089552653.4052644,2951595160.294516,5.40226178089824,3.6190908151733474,6.615458797328748,1.2823314217862296,1.7419300231504935,0.7080911091650299,0.38980998390549165,0.2846710978762316,0.37964695151470057,63.84488749349472,0.43048112248859155,-1.733192835266894,-0.3667249485887799,0.6929484513742914,0.3221714925900304,-0.3744324678612275,-0.11022297507600261,-0.9208475233281291,-0.30929299873248106,0.7161371235193544,2135.556498788793,156.66244295641582,138.31654683683516,4.476141537069886,0.5089301201227703,14.831676433631369
2004-05,3054109312.9736853,2917732716.843892,5.40314552361695,3.6187652902042453,6.6210876006757555,1.2794280838010275,1.7561354195985306,0.7097736632626189,0.39022556779908607,0.2851537933875006,0.38040002294815173,56.91129632859036,-0.2125874851646188,-1.8053814116512032,-0.34865862382095714,0.594241770410953,0.2899805390190829,-0.502780071989377,-0.2824878112355331,-1.0858656907529158,-0.36409029583412733,0.6738540213539507,2153.6282766392014,162.87441279486177,143.7974760011728,4.5381733994842435,0.5264423625600403,13.579529506945702
2004-06,3018937806.8560534,2884129996.2530136,5.4106029401552815,3.618183215665926,6.62381509068779,1.2766012652303147,1.7702848278638081,0.7102263167325706,0.39107715900934836,0.2848516739560177,0.38224731141981316,51.467290836718725,-0.8250790647375696,-1.8503219586975457,-0.3179457710152879,0.50066321445162,0.25714082608465766,-0.6200086741350302,-0.4345105852020446,-1.2285441013126364,-0.41111711381058513,0.6763086087744689,2167.6548844953927,168.66801182161728,149.00024839004155,4.586606873682639,0.5457313612467821,12.501640778020233
2004-07,2984037089.614504,2850785999.7736325,5.42683626005512,3.617395273841461,6.6274428122679865,1.2752479618397636,1.7819094064266436,0.70960697352355,0.39223394028830405,0.28381826460900256,0.3850299246217141,47.58955770603269,-1.4290912411610983,-1.8748939937583275,-0.280340175529727,0.40269406557467163,0.21847124237113524,-0.7336402980020673,-0.5825041417558436,-1.3627871835770056,-0.45380507370507966,0.6336951457797012,2177.2188480111035,173.4545256010487,153.54831955132215,4.621348794260715,0.5662431376574463,11.595660972846703
2004-08,2949406115.858674,2817699728.5289803,5.437792415993323,3.622668778374199,6.633035998362124,1.2718386159130748,1.7950971038003964,0.7080900037597248,0.39356880749071504,0.2821688051184188,0.3885766629247735,45.09131793033429,-2.0066884173174415,-1.8966137785602812,-0.25038422854683035,0.323142626268178,0.17575458940783098,-0.8441022362323386,-0.7177606338515875,-1.4829341130276277,-0.5027382542989723,0.6444738414110192,2179.60555095491,176.83669599250553,157.20801901293504,4.642726058963162,0.5874352898473205,10.842333631405124
2004-09,2915043840.122667,2784870183.492924,5.449841224457906,3.6346694973524367,6.641516603835983,1.2670174710016624,1.8097086834927618,0.7058593653694903,0.3949618174781635,0.28007279375334093,0.3927103859397838,43.517478696695704,-2.510577605018627,-1.894446918405231,-0.2194458960758185,0.2573319496742884,0.1358885844686222,-0.9303207328326126,-0.8285742498122093,-1.5698896126623587,-0.5432763302045066,0.6415154522368749,2174.244892445689,178.64415664104152,159.9096442739986,4.651433815436469,0.6087918595827878,10.366831575665548
2004-10,2880949216.9865804,2752296365.865686,5.462859446502292,3.6351901168022778,6.650549065267378,1.2675874211813418,1.8163043669811079,0.7031021256871948,0.39630307614252225,0.2777456487721706,0.3972539208750996,42.1483195077201,-2.966526583059135,-1.8629605695035292,-0.17968286955963325,0.18241110406955907,0.10043372942927564,-0.9992894733378809,-0.9266814435224027,-1.643077372943746,-0.5719448072333523,0.5675241051230387,2162.516411744019,178.95851817249266,161.7615263247358,4.6538944483893525,0.6298359188572248,10.114657202429964
2004-11,2847121201.084505,2719977276.8452015,5.456593504367171,3.6163706088030665,6.6675941022876115,1.2770142156576128,1.8117457517111861,0.7000025379725128,0.3974950368761694,0.2754398263959522,0.4020353808006307,40.010748514210455,-3.3641147478438187,-1.7897131819968914,-0.13411805367827753,0.11870495936321596,0.08099095429098548,-1.0596306969924858,-1.0055871193259047,-1.705373352308682,-0.5821030842623128,0.524997836156895,2143.749354190196,178.12838560862392,163.0573476066572,4.6464921845852665,0.6501397275385014,10.13192049444504
2004-12,2813558747.110102,2687911917.491409,5.468125254514548,3.619721093359684,6.683396413487194,1.278901318546528,1.8147773770269209,0.6967367943701237,0.3984541978501668,0.2734357154854771,0.4068927927395899,35.89603436202547,-3.6725935202647193,-1.7318557738210107,-0.10813186711470905,0.08177051949661063,0.053889492537794764,-1.0919487545818558,-1.0528267209992792,-1.734805624017864,-0.5965255240505078,0.4896492589926589,2123.669802916049,176.77486413988333,164.27716768218676,4.630435381614031,0.6693323990554952,10.298886990625258
2005-01,2780260809.559837,2656099288.8382535,5.438788246621749,3.622514340559849,6.666668188072202,1.2812327865701563,1.8148821998302744,0.6476587419868699,0.3803284821012594,0.2840183740914852,0.3952099913124654,30.08727722619821,-4.1029743584655884,-1.6896562259480878,-0.08104449903405617,0.002343657581767522,0.0014093726137892892,-1.1976789749848331,-1.1489485931653378,-1.839083065135592,-0.6345742028283682,0.5256127284750666,2117.359455881835,175.3537658038203,166.15409381969778,4.837279530901498,0.5964259966391248,10.171684589968697
2005-02,2747226343.0978026,2624538392.1552663,5.406045023729579,3.619537811133202,6.645067652056542,1.2849752620943167,1.8119832319783844,0.6399192215423354,0.378739864514205,0.28472635165414795,0.39813211740867943,24.47694867306773,-4.477904060532403,-1.6284454952440146,-0.05599481790044687,-0.06333767812904428,-0.046657896706229315,-1.2901373316979676,-1.2402123213498306,-1.9263292887774794,-0.6609185793935913,0.5801031358649814,2113.6211895445877,176.45917919624893,169.44785881486675,5.064154212633174,0.6033970736152177,10.139039479878733
2005-03,2714454302.189038,2593228228.4559193,5.373834936034739,3.6165754495752243,6.617812912790753,1.2879489583832318,1.808423513122332,0.634427501555984,0.37757007098042994,0.28609951250092003,0.4014481940730117,20.31558940005827,-4.796915504716564,-1.5728583913130283,-0.029815767083185105,-0.11564412519490358,-0.09121444215305918,-1.3704954785288497,-1.3186998618353793,-2.0000839104018535,-0.6866984738904846,0.5907830750299554,2109.007273034727,179.9763008875473,173.66642136907285,5.302875133102686,0.6124339315952447,10.200957812501404
2005-04,2681943641.595479,2562167798.8528295,5.34403217789834,3.6135067567557875,6.5889804271478205,1.2906343502717583,1.8042086392082146,0.6311728904915884,0.3767489462606195,0.28840782636798723,0.40502405852872037,18.547836145148008,-5.0571322516708115,-1.5173931974057497,-0.007260851705153958,-0.15629193591832985,-0.1293028712406143,-1.443196860530778,-1.3816598860873115,-2.067082999611735,-0.7083483570409738,0.5610965280175334,2103.7197365148104,184.02943247208935,178.11774850278616,5.543012707522167,0.6231881025694118,10.370184044986765
2005-05,2649693315.7634115,2531356104.574464,5.312022936418631,3.6044395921556203,6.566675326334747,1.2971175826532797,1.7942276015392629,0.6300787426588847,0.3762027326049715,0.29188511346730805,0.40873103367299657,19.78397398497433,-5.255102744859511,-1.4359100330270267,0.014599892866228684,-0.19132363923186357,-0.15881892519219548,-1.50071966353659,-1.4362021546214312,-2.1244218280922764,-0.7135838598851849,0.5540124065658276,2097.7603636914414,186.97581737801457,182.17456398404454,5.777221143264034,0.6352850805090797,10.615934840573987
2005-06,2617702279.301648,2500792146.5867014,5.275092564164334,3.601128165930801,6.542602257862938,1.3014036670170503,1.7861304780210283,0.6310113522496849,0.3758566483667391,0.29672063672267757,0.41244923933265526,24.238947295668797,-5.383651550173555,-1.360601819905365,0.0282168111944862,-0.21944374031708805,-0.1912505443928527,-1.5485306671057233,-1.475331991533496,-2.168820217851995,-0.7171329843084193,0.5674329917723175,2091.757144739666,187.55714176900682,185.32603959165579,5.999067101123794,0.6483379128495086,10.899937299785266
2005-07,2585969486.877012,2470474926.080114,5.242724979710537,3.61024446594054,6.517131740182421,1.3016271614739325,1.7820395353339864,0.6337896697739144,0.37563724013132777,0.3030528710708298,0.41607030914636844,31.68932983832375,-5.470200368300988,-1.3333601832887088,0.025935145824083374,-0.24337830257427742,-0.2347158372116586,-1.5925666083047716,-1.5034298352083495,-2.209023103150182,-0.7361609165000778,0.5369801952949889,2088.8255417508785,185.02435216582964,187.2208238117562,6.2031314501538635,0.6619598062204092,11.17193037398186
2005-08,2554493893.0885286,2440403444.2417817,5.208143435390803,3.6147200602310896,6.494490760864485,1.3032937801509084,1.7759171985456292,0.6381954670325036,0.37547445958551773,0.31096541970204195,0.4194994900143192,41.44774895796349,-5.509189989096647,-1.2987787644250568,0.01908308016599833,-0.2585124892885195,-0.26295729361223413,-1.629961888014772,-1.527738584149467,-2.2409451568940453,-0.7469313826075681,0.5058132725965435,2088.006245368443,179.23471341599526,187.70098336349386,6.3850704207663105,0.6757754665676076,11.438241290739338
2005-09,2523274452.4562383,2410576702.120029,5.176339845571319,3.613582169555652,6.473630578112408,1.3060719839456596,1.7682942212797388,0.6439836013142588,0.3753034304167232,0.3204849844690716,0.42265712343504536,52.35378574790036,-5.493795667699842,-1.2503053480250181,0.010428689968741842,-0.25912621895268184,-0.2816418697143851,-1.6547967754233288,-1.5447575974719887,-2.2636612490467005,-0.7455734628460823,0.4878136439800463,2088.244898513198,170.7209713726645,186.826748025153,6.544346715104523,0.6894309608730578,11.701155932498889
2005-10,2492310119.6734896,2380993700.8668513,5.147275484476643,3.6068016953610877,6.453173399102165,1.3091681365525656,1.7596572719120451,0.6508920600184106,0.3750658835923064,0.33158124675532613,0.42547952577064757,62.77997660740653,-5.414238973911721,-1.2105518851342327,0.006813317792148746,-0.24818431279184744,-0.2911557991048894,-1.6639673940083304,-1.5487233939680989,-2.2638885534826896,-0.7411287755553627,0.45925456889579747,2085.5777233480812,160.7333348424869,184.8922360728916,6.67636497856578,0.7026019513117714,12.035345225907518
2005-11,2461599849.2388105,2351653441.6229854,5.123111613927137,3.6053453853551476,6.4312877231098815,1.3092534080322042,1.7539897478237594,0.6586515077315949,0.3747112507925621,0.3441684706702955,0.4279193009795701,70.65122594053989,-5.2907811697450615,-1.1939978743384991,-0.0019456324705495024,-0.2303917738433411,-0.30168434128319666,-1.6660350078145818,-1.536060040225555,-2.252356149940599,-0.741698459167054,0.4353820976630996,2083.148264909034,151.25573546005242,182.43259055666962,6.779890466333938,0.7150002184672605,12.334501655298059
2005-12,2431142595.8204355,2322554925.5148168,5.101423478444767,3.6034826987691466,6.41542451200353,1.3106489507329129,1.7472944833695898,0.6669940973615129,0.3741974173490154,0.358108608053659,0.4299451341682132,73.47570659134372,-5.135226357742717,-1.1556888928221838,-0.01271706696286144,-0.20872316239438515,-0.30783321793517726,-1.6572094354157707,-1.5221736151104988,-2.2382106926644996,-0.7281205794925647,0.41419374392377856,2081.16500375662,144.99844989005985,180.22317117236975,6.854666691345262,0.7263784485731829,12.649344144690604
2006-01,2400937314.0192847,2293697153.6520205,5.112094150517291,3.5913172988986717,6.397546152527708,1.3119227291715632,1.7445382997097492,0.6448804014175938,0.3459313710193529,0.36734380314707643,0.4086491099129457,71.62192577532684,-4.947227153668325,-1.1048251414328345,-0.02722138680705634,-0.16230703261849327,-0.33900074657390444,-1.6404730544143675,-1.5177020192536332,-2.201370769476075,-0.7046259050107473,0.4552400799506763,2102.4026983367494,143.70247112036472,180.22677753032877,7.131533626415095,0.6401432395213175,12.896260244903175
2006-02,2370982958.357671,2265079127.125943,5.125149357567043,3.574636032158284,6.387785130733636,1.3152007146412017,1.7388820365646003,0.6505282740055389,0.34223124184207604,0.38280646090673975,0.40750688777581645,69.23474809935185,-4.737640293631322,-1.0407306109194352,-0.03974730253262006,-0.11087546564163575,-0.35717490470154184,-1.6150947427206739,-1.5077154188048454,-2.161895025302211,-0.6709127094667892,0.4474829132763639,2124.808074088763,146.67097335502814,181.73087918658203,7.404892859185493,0.6392039155389991,13.121378293047394
2006-03,2341278483.401488,2236699847.008695,5.154623439214809,3.5679550837571865,6.384011373226963,1.3160346934646403,1.7364655698470284,0.6573647493145234,0.3394868419572646,0.39927871507323465,0.4069313164591257,67.6018682954938,-4.52516935241908,-1.0091803971497928,-0.06239544790964881,-0.062138623193214934,-0.39196347530536924,-1.5882531703847294,-1.489967921006791,-2.112419100526667,-0.6482804048232232,0.4351103091611919,2148.620356832913,153.99678658657442,183.3165164266125,7.666894382903285,0.6409269755787426,13.24452909158577
2006-04,2311822843.898879,2208558314.482911,5.166442761431354,3.5465388017134836,6.380145837554148,1.3203625628217959,1.7303033940758028,0.6651162391831736,0.33762006628221636,0.4166313661708829,0.40688606289033036,67.00430100875676,-4.296852370235489,-0.9319980004326208,-0.07548481578168521,-0.007186847013839745,-0.3848673420296528,-1.5595126382808375,-1.4704979716183382,-2.0574676962828775,-0.6040927933693173,0.4185383228827013,2176.18570854766,164.0959936793688,184.73077947084155,7.910813922762201,0.6449986998171494,13.309829303022735
2006-05,2282614994.279565,2180653530.595218,5.198493422753305,3.5321556464627464,6.370822450181991,1.3201783620685819,1.7299923074494257,0.6735091445994636,0.3365342062762064,0.43482169502364,0.40732237993170456,67.53153224463071,-4.073606851263193,-0.8885700972641873,-0.09096463548306742,0.04955115000801312,-0.4088436956606184,-1.5203838291489096,-1.4445128527401803,-1.9904355882049807,-0.5717208240497224,0.4149090522555788,2204.784002574503,175.4215969485027,185.78795791652243,8.131142090952359,0.651056566797201,13.36954087832532
2006-06,2253653889.263795,2152984496.628438,5.238713207030462,3.5298316889332,6.37106626860159,1.3172542803486318,1.7342930549522033,0.6822780642361408,0.3361187173725113,0.4539044545004121,0.4081818104009902,69.07447880847835,-3.8685197022202313,-0.8870586887346716,-0.11399565064981938,0.0963514543474403,-0.4463697818586689,-1.4831121444957072,-1.4146458118076328,-1.9204242660887243,-0.5558676711905953,0.39318710371350113,2231.2256470514267,186.58358543626815,186.38553911713956,8.323628179594929,0.6587051894153314,13.47102389744789
2006-07,2224938483.381688,2125550213.6094828,5.279626990338988,3.523840645098613,6.369994430891182,1.3150186589602177,1.7383204945761372,0.691172935612066,0.3362539254680104,0.4740388374944946,0.4093989114013176,71.32510887768686,-3.6651368458249585,-0.8781661004160674,-0.12560918488040157,0.14070406242250155,-0.4746143704511543,-1.436533031032954,-1.3769794783841112,-1.8377377510414314,-0.5376708095516631,0.36683340361422623,2254.3974632091144,196.45228579016901,186.51611074218079,8.485281813985395,0.6675316440991889,13.625971559234767
2006-08,2196467731.2063413,2098349682.6641386,5.311916005046492,3.514461110824526,6.37362468393508,1.314149404631839,1.7412170989703937,0.6999650027920368,0.3368155357299193,0.4954916150043341,0.4109039163495728,73.78206898164392,-3.4889200060844643,-0.8601999056368416,-0.1346354972815135,0.18125749301738164,-0.4879484469308565,-1.3921290379854876,-1.3361376677614185,-1.754938519057625,-0.5169534100600743,0.324401738126452,2275.6974352447605,204.24356798097472,186.2752201404525,8.614336630517252,0.677119792371685,13.729677229665912
2006-09,2168240587.362339,2071381904.9034047,5.333560336301852,3.5037623091931116,6.383391809356535,1.3157288981373425,1.7396006271961126,0.7084515472002493,0.3376788298037397,0.5186367330630596,0.4126252604425153,75.76154792395596,-3.3417682909054856,-0.844534198116433,-0.14656705440406884,0.21536705166225228,-0.4968720492946628,-1.3470118848232029,-1.2897292438881525,-1.6767970902204705,-0.4968068303358421,0.31425618705366165,2292.838325099499,209.5851641162706,185.86535893368344,8.710180866480405,0.6870632668757809,13.786296146463966
2006-10,2140256006.531867,2044645881.421642,5.369729125312619,3.5030109883690455,6.397082412795149,1.3146981766781753,1.7419860723033767,0.7164593650216331,0.3387224558060658,0.5439517345940208,0.41449190690288806,76.41252804951812,-3.22546261097724,-0.8526188652345723,-0.16323560248224658,0.24078189125276828,-0.5040272701432486,-1.3110560914224507,-1.2458397153055685,-1.6047904225604173,-0.4878270832239579,0.3167475054865405,2309.0654369457793,212.56399954454878,185.5963408195808,8.775968586142833,0.6969768662831939,13.701061858888295
2006-11,2112512943.1984863,2018140613.2954063,5.399282118852932,3.497879706396315,6.405771373216047,1.31339084820458,1.745340983390813,0.7238470108602295,0.3398317381939774,0.5720114314040652,0.4164354258101369,74.73552758023853,-3.1421157119825027,-0.8438110095638606,-0.16815031441813916,0.2646143597366496,-0.5119752230126783,-1.2809382372791003,-1.192836944892076,-1.542276754399557,-0.47532678219654334,0.32064560021153526,2323.823687949058,213.7550149926627,185.882421955301,8.810648476244731,0.7065061749413697,13.60611018390354
2006-12,2085010352.012489,1991865101.7129323,5.425103157413625,3.4937688743789677,6.4152160726383745,1.3120347277222069,1.748607855247781,0.7305058646091594,0.3409014567172784,0.6034792910709832,0.4183917858223568,69.60392263367973,-3.0740232417677635,-0.8354192209833041,-0.1670342909178983,0.28308020299004333,-0.5230996334447847,-1.2438007265317121,-1.1325404196331703,-1.482396337102796,-0.4638393609959739,0.3063345174576845,2334.063101343537,214.2324660711853,187.23657601879015,8.816290923039098,0.7153352974154868,13.523304482900155
2007-01,2057747187.5547168,1965818347.8573177,5.428076788275841,3.4696882544019862,6.386938819959317,1.3093294426864046,1.761452536931619,0.7076022173549217,0.328698143576731,0.6407395851490799,0.41872109006868397,62.88698305086643,-2.9045318461414653,-0.7592885662913043,-0.15896128462014456,0.2905689247983964,-0.46021971459033695,-1.215778093973111,-1.0081306972811601,-1.3966646277926271,-0.4333292200855822,0.3325728407454882,2382.457801958262,214.41223803872012,190.1543656953667,8.811880397452855,0.6447447673297276,13.942428053210104
2007-02,2030722404.3260803,1939999352.771545,5.436118628143559,3.450369195330644,6.343399623939386,1.3017963685435907,1.7837000509491245,0.70970991243546,0.3280973080829364,0.6814809493648947,0.42037632285831794,58.157802614608464,-2.717195216103553,-0.6916590659397653,-0.14693361423356185,0.2910595417019623,-0.39727177587362383,-1.195189265051177,-0.8764209937559162,-1.3223949029196962,-0.4075176558136623,0.354401813182147,2433.704209862766,213.19469350833984,194.1074214214246,8.786054512491651,0.6435018940226525,14.362838940292756
2007-03,2003934957.0005252,1914407117.601203,5.4279054452601985,3.428741547536516,6.2977076324932675,1.2954072618687504,1.803504002836406,0.7121943455748807,0.3277836290760332,0.727971851558181,0.42196005432323896,58.81228671423804,-2.459694619446325,-0.5888605042851874,-0.1289353113386306,0.28847379305411275,-0.29953249920237335,-1.1671764308799009,-0.6986171855505191,-1.2439637690264673,-0.37488684263452443,0.36269083397967544,2479.3002769709374,210.5053391907474,197.96035008623394,8.741729580641818,0.6442719500356053,14.85082886275836
2007-04,1977383800.1875098,1889040643.4798594,5.411677063017368,3.404992187665706,6.261254431326963,1.2913803224153315,1.818068674369867,0.7149945967431129,0.32767231494753934,0.7811198275753932,0.4234333314019707,66.97389561747751,-2.1463608463214303,-0.4791330776575117,-0.11160815923303352,0.2816216826094247,-0.1745972517021767,-1.134764023649355,-0.4980237020891462,-1.1651628783717678,-0.3432109094842647,0.3417952276780608,2523.9417433091635,205.3698966281918,200.73060878797537,8.682085254547713,0.6467301003061947,15.258497574794655
2007-05,1951067888.5501707,1863898931.5262542,5.416503397548301,3.388992605132006,6.20307422104748,1.2808454211947946,1.844303931908886,0.7180464351822285,0.3276809698934687,0.8418622144936226,0.4247642717207702,83.74941349586872,-1.8910578842293821,-0.4118371799428781,-0.09398986658100515,0.26906588664092274,-0.06159478583093442,-1.1109417217123836,-0.3167679637712362,-1.081603125981385,-0.327644863354503,0.3309769918862658,2567.8763801242917,197.15822374404604,201.6876742399034,8.610442803416587,0.6505258030205394,15.80117081348348
2007-06,1924986176.5500603,1838980982.8422222,5.41672760999969,3.3732119277077155,6.1499447936745195,1.2721121807004676,1.8667742917767365,0.7212845766519658,0.327731832398001,0.9111534078952204,0.4259283129660666,109.08722825654475,-1.6034011860796573,-0.3128212357914215,-0.07094302853674946,0.2546321537000433,0.05873789271811167,-1.0658519195277378,-0.10738699977198016,-1.0092812012205987,-0.3035619267070823,0.3405112699270623,2607.6118661541786,185.66447375299342,200.42114782044152,8.530151313286076,0.6552960772128334,16.44763969759892
2007-07,1899137618.8134594,1814285798.5113268,5.4033945148659495,3.356935718044622,6.10469323971862,1.2655949957045594,1.8838435049445,0.7246447465551702,0.32775365074014007,0.9899528823498017,0.4269082177178514,141.6845352934568,-1.3230474639725156,-0.21836381001136795,-0.04676949845081685,0.23979538472225048,0.16885218538070979,-1.0165704101557245,0.1022342205805097,-0.9504893369092732,-0.28180629072319124,0.3392601153659673,2640.761522586451,171.16650934445627,196.89244632931258,8.444484432760035,0.6606778164195131,17.172175499374845
2007-08,1873521170.0261145,1789812379.7281811,5.376192042919604,3.3436580066965,6.069839341376753,1.261084672507105,1.8978340507271518,0.7280655063313991,0.327683175525861,1.0792142570484309,0.4276938579229222,178.94135656787398,-1.2169885011069124,-0.16517316711897873,-0.031313591069952997,0.21741247803056948,0.23203595482562678,-0.9938155550762406,0.24830556605033527,-0.9413915346318021,-0.2729907811359935,0.34331460609000275,2668.6049464279035,154.46486416383914,191.47016927441712,8.356549707293796,0.6663188750629394,17.618963556291934
2007-09,1848135784.6767209,1765559727.5515046,5.366927102830306,3.334644547112295,6.033788138157769,1.255410759384183,1.913481242359724,0.7314898123600632,0.32746626312723404,1.1798756306357443,0.4282818078697982,216.9580730628132,-1.141317393294662,-0.14442960807225905,-0.01936430956507694,0.19259945453713948,0.28548320363128327,-0.9900340329324181,0.3718777070416682,-0.9429660969331239,-0.27522172685343577,0.31738920954893457,2691.026609022373,136.90212798166854,184.94971390577874,8.269211963145368,0.671887717140135,18.022143262628553
2007-10,1822980417.421965,1741526843.1459506,5.352817515675029,3.3256706307131423,6.003268553465952,1.2517030165720278,1.923664605108247,0.734866287025059,0.32705859537465276,1.292851348175254,0.42867477656589265,250.5721931783741,-1.0540184647747972,-0.08234207536804357,-0.0004328248737361859,0.17085886702693828,0.3815375869474356,-0.9465289947850053,0.5700967450526179,-0.8808873061663199,-0.26833667512353077,0.30067634307550517,2710.6079813467245,120.36413170256496,178.55812482383084,8.185031634507421,0.6770814821154068,18.249051254152654
2007-11,1798054022.8500257,1717712727.5365734,5.339310997845027,3.31878978123251,5.9800250494793366,1.2494519099739272,1.9306941710586707,0.7381501925628033,0.32642603287609,1.419025303895555,0.4288809129354009,273.4293304750277,-1.0232513701536747,-0.04034353376320833,0.009649942004682579,0.1473592562069491,0.4462782969435496,-0.9161510096987835,0.7241351174908941,-0.8006019246212067,-0.2684575327429103,0.33038947295715365,2721.966296958239,107.26471661129479,173.9455092063628,8.103510056398047,0.6816323834996892,18.46094302109977
2007-12,1773355555.4697797,1694116381.9820368,5.334949049212676,3.3175450366829655,5.9589487601270035,1.246514080226419,1.9385884912222917,0.7413041086898893,0.3255446271811009,1.5592458275469594,0.42891301755989636,278.08284048776517,-1.0002633163500543,-0.03511493886596038,0.01986983155511899,0.12640039987275034,0.4929582200517457,-0.8996176141002203,0.8229409634106158,-0.7179065586619686,-0.2784475995180646,0.3551362723719226,2727.391103349855,100.51618641881278,173.1646186224507,8.028910334407668,0.6853124155505527,18.74940959741918
2008-01,1748883969.9634647,1670736807.4834929,5.311660488917179,3.304420841937887,5.931999673646094,1.2386417251868689,1.9269983460128821,0.74873824654357,0.3115221597301776,2.1760148228968146,0.4061523495951453,266.73732826749585,0.725234121963706,0.35060070323754156,0.11565099974385819,0.12788186527578896,0.8283744286375698,-0.5789953154185069,1.4108411078260468,-0.020171205508795337,-0.17392588623016147,0.383662636974057,2679.6739843518135,100.9968764220146,177.51432200725628,7.591736607874097,0.7291620602298132,20.762404279584075
2008-02,1724638220.9488773,1647573005.2702985,5.295629444633716,3.2944270788891794,5.896884567243893,1.2280702015656677,1.9137064707740268,0.7519982803055755,0.3088125230524414,-2.47827104347522,0.40360817692901496,250.26632483692862,2.4760033142871785,0.776778801623567,0.21510657262140773,0.13036325832025006,1.2234420604056846,-0.2282898589524096,2.0483262594151537,0.7722848721443245,-0.05733444815414385,0.41397648600675624,2632.374396653022,99.40238887423578,176.63413307836362,7.12677815574766,0.7347433628442533,22.576825465144957
2008-03,1700617262.9672825,1624623976.4403148,5.296242112839589,3.2892362269686672,5.867887667254595,1.2148549059796168,1.8974156624458363,0.7548711803422131,0.3063941536309055,-14.806340486305796,0.40192325779162724,230.14173239011023,4.390336879749689,1.3015999416422832,0.3477314818125601,0.13669875847065754,1.6749797408648175,0.23363984207565025,2.7789507651428944,1.7200206547278027,0.09452679000889633,0.650681322265983,2575.3781583745185,95.97165894000779,168.5908065240093,6.6507622041514365,0.7372542349319218,24.4436981924954
2008-04,1676820050.6048288,1601888722.0701199,5.292515135009687,3.2838611505411466,5.835531854066589,1.2011297046627822,1.8810802659070898,0.7573615713949207,0.30424524264259606,-32.171663607264136,0.40106196095422947,206.3657808955704,6.254771201673458,1.7928734476498593,0.4803215431302204,0.15432596271190457,2.049389670732092,0.6696415395786346,3.4331704652635744,2.649615436311099,0.2337899491153656,0.6880285685313074,2512.07930728263,93.43412084800235,155.59214761987013,6.179074981580292,0.7367472988128659,26.271729490335936
2008-05,1653245538.5004756,1579366243.344841,5.286174286982484,3.2792879911201434,5.8252833195053855,1.1921737873777478,1.8588954830450053,0.75948515362051,0.30233813904383966,-51.86663967490872,0.4009673710119446,179.11199591121743,8.127065026454646,2.251530785657182,0.6001302156122081,0.16443967363766976,2.3810860932206768,1.1027484666939615,4.05775900661428,3.590646787716733,0.363623498407727,0.6997752331141602,2438.3391078314517,94.09960315575739,139.99345687014875,5.725434231808853,0.7333550679113296,28.286620410182344
2008-06,1629892681.2215436,1557055541.3117447,5.279116269088527,3.272598903177636,5.821228029425142,1.1867405112298843,1.8367336438077793,0.761267123524925,0.30064076941364376,-71.32632072354158,0.4015651238735299,148.78173723906323,9.989245784164076,2.6502063485940566,0.7009803140676308,0.17536220930172833,2.683306674063783,1.527709907026937,4.674999861651486,4.511245911090302,0.4768410820786204,0.7569456409553029,2365.8961855304474,99.62863655406423,124.10568171219509,5.301644530050292,0.727278162682607,30.42591540783864
2008-07,1606760433.3838584,1534955617.1226058,5.28939102455131,3.2668150555740505,5.7947057960301676,1.1755213430299107,1.8226862004400421,0.7627404673231507,0.2991180483540581,-88.31648329660491,0.40276738285275077,116.04824868845256,11.66214919557764,3.050000538069422,0.8142167340254822,0.19774110298032918,2.991375774140665,1.9176222069258066,5.232060023735426,5.322101594253804,0.5930328784000659,0.7793656387936722,2296.498002013631,110.84520976791845,110.02408363117094,4.917434462556079,0.7187726617062785,32.20493551809415
2008-08,1583847749.528426,1513065471.9187026,5.289419470611275,3.2663242033536024,5.779408567863785,1.166444104139037,1.8055792889358775,0.7639441919618594,0.2977332385698093,-101.09297121126374,0.40447682063846707,81.88814634018937,13.17000067018252,3.4166183448051686,0.913948093656784,0.21117428362166007,3.274156682795639,2.278536803607015,5.726860038638909,6.054942532753342,0.7009691095873648,0.7475960009843944,2225.094412378087,127.5933461953497,99.48050915331406,4.574955701344605,0.7081370540263945,34.01109176308128
2008-09,1561153584.2426841,1491384106.6976287,5.278048246146906,3.266835321454591,5.775381078238128,1.1610418397730795,1.7863444963240531,0.7649215519878414,0.29644922403689106,-108.53040206531878,0.4065904884764577,47.600656817436814,14.427856439821433,3.714869261663185,0.9909544677152522,0.22733429494020807,3.505061922371246,2.618756807921892,6.181962718162877,6.717275731560327,0.7893780557883129,0.7594087802165126,2162.6871771547544,148.63742178617733,93.72133617064345,4.28447614522394,0.6956992243337071,35.45871942087726
2008-10,1538676892.1682358,1469910522.6877332,5.292059928914566,3.2718213389718427,5.781029539297893,1.1543617851705257,1.7682656376136896,0.7657183261415899,0.2952296674161579,-110.21943986480876,0.4090034666463555,14.815253413936418,15.583363801301813,4.042609334285505,1.090342068826416,0.24154788232869503,3.7409883892881552,3.0107116417576245,6.631587774799562,7.364134009269803,0.8902913125355169,0.7847830181089236,2106.810719219113,171.60484058933687,93.4121897321206,4.049510260368623,0.6818038569402772,36.71023301246733
2008-11,1516416627.8761852,1448643720.9881952,5.291139178428024,3.2719610852782144,5.7656195050327455,1.1474141559931113,1.7584498939859519,0.7663811914157158,0.29404002836501336,-106.53285900411547,0.4116122088598729,-14.511378792222025,16.3559850188951,4.285471517707027,1.1700028376216711,0.26168655373847244,3.872611683664729,3.266493846537055,6.882093951888591,7.770845706920237,0.9637375969719348,0.7908846750788258,2057.4130280304616,192.96855189250036,98.56960877248642,3.87155565619778,0.666800596027982,37.625086634924365
2008-12,1494371745.9870543,1427582702.8089652,5.290322497547295,3.2766383957656022,5.78679390803313,1.147060607583645,1.7422087632714092,0.7669562313499576,0.29284842649803283,-98.66153853188804,0.41431751147624235,-38.107890687997966,16.95320745326221,4.433890678075185,1.2132491478587504,0.2692334327751179,3.9079808009937027,3.5000129721824313,7.05841626306206,8.08631757924802,1.0082182843955532,0.805774626109373,2012.9037701497618,208.06594926457248,108.51901882564106,3.7502498427680875,0.651033240876077,38.42716025168797
2009-01,1472541201.177225,1406726469.2233894,5.252654444598219,3.2931686315712834,5.856025151322483,1.150053145167616,1.7072610494101785,0.6884977129602765,0.28226768163280935,-88.39079696823671,0.3837434108966876,-56.715706532556375,16.88995083818474,4.376791466504272,1.1108848736763592,0.25139539526484533,3.6965357774799688,3.6163724176777965,6.904717471436321,8.080490979765584,0.9709815065449429,0.7550106765535843,1935.4030501526393,215.72130710150023,122.312957408711,3.4344004486983217,0.9955589922230801,38.96853169422458
2009-02,1450923947.9230618,1386074021.2796693,5.225213437096104,3.320974631549258,5.936869155933225,1.1442609997781614,1.6688144595127659,0.6810668004207553,0.28004739886512403,-76.65136790035342,0.38301987496818773,-72.78493887238224,16.48674463582947,4.3654368460953235,1.0190103129919166,0.23671982927765461,3.505006168523209,3.7596460373932916,6.673378330680065,8.028781739228425,0.9505832240830454,0.7294061349467669,1859.0726941506498,222.4408383346902,140.58407966621263,3.1446039805745833,1.0155755018786905,39.403155822980786
2009-03,1429518940.8666232,1365624360.131931,5.191241439151319,3.348310131672957,6.024600663234897,1.1426960864843074,1.633777527539711,0.6770749455225636,0.27815494257825346,-63.89568185774786,0.3835789674134922,-85.35003425439405,15.759883066934849,4.23885999482441,0.8993620565361606,0.21401726079085337,3.2298966077564284,3.8255385757554388,6.351461254299034,7.842436583928128,0.8945728786448465,0.7065881968622283,1794.4928216543397,227.5955880525205,162.3167228569777,2.8869490398459816,1.020188530862379,39.43255567767195
2009-04,1408325134.5798295,1345376486.9250088,5.161738213636472,3.372873200904098,6.113146153169354,1.1456837855053097,1.6005071248277707,0.6763507991885143,0.2765501993427224,-50.55075393635042,0.38527373092186146,-93.54321016095285,14.792996875611642,4.0509276433358545,0.7548899089498954,0.18556467557900666,2.9146066708836336,3.822541820408708,5.933380271197134,7.531850113800019,0.8179229599311221,0.6968960732702767,1737.4161460080304,230.5646109439921,186.05114615895693,2.66595112199486,1.0105682844218273,39.20402040266384
2009-05,1387341483.6843202,1325329402.7910285,5.127876921284016,3.397285279105002,6.212902715275285,1.1507626916390525,1.5675649219321912,0.6786421694222143,0.2751885694204627,-37.0150069921222,0.387937694411738,-96.77899824442719,13.814195060822408,3.8779544281260794,0.6207223080037598,0.1616638724809744,2.6022535491216088,3.8231979688343882,5.512303231549511,7.209810515460719,0.7481632325208363,0.685324613249412,1682.7698985161114,230.89853322099682,210.36188336196955,2.4845744622690056,0.9881917311526761,38.95334084017663
2009-06,1366566942.7278323,1305482108.8467155,5.102741836638286,3.423756698242665,6.310609598742364,1.1538712844602494,1.536785679098204,0.683631670809878,0.27402275898781514,-23.65351483728315,0.39139181848027466,-94.81052812332128,12.733750126217426,3.716446130373499,0.4897565654521251,0.13960092358831613,2.3000386759521385,3.7791215679124694,5.055326370060165,6.826301258451528,0.681529366895954,0.6597338941331514,1637.751204757901,228.36786564567117,233.9362320328218,2.3442982346476664,0.9547677976858597,38.536368068932845
2009-07,1346000466.3051584,1285833606.1914325,5.06325307188798,3.4402617403092823,6.396877358360464,1.1627915528255195,1.5128928445546694,0.690952764804479,0.2730044750087979,-10.794721589149507,0.39545112361754947,-87.77002485992632,11.437731592186418,3.4437734683249723,0.32940012917209,0.11291393425727422,1.9309674048810512,3.6539082442553683,4.512235401487948,6.298916421599709,0.5838736970766812,0.6862518968145225,1605.0834069327746,222.99988869550793,255.6415108376042,2.245220682749031,0.9121630858251493,37.895021256545455
2009-08,1325641009.0655968,1266382895.9059346,5.034334429866065,3.4572732873199588,6.47296899628594,1.1686579825994967,1.4932057456488481,0.7002056703454854,0.27208597983741833,1.2714120259852564,0.3999308333425703,-76.19388382337307,10.16243949970292,3.168976830301549,0.16638857474489577,0.08684800193161826,1.572814985510641,3.491712999326316,3.9372155761183145,5.719243696105081,0.4850157872170354,0.6627722089133206,1581.3726419321774,215.10414615649577,274.5801905217802,2.186194265557788,0.8623302875157552,37.230281826400436
2009-09,1305487525.5880237,1247128979.1818087,5.027804294390359,3.478560096859969,6.533406763900291,1.1679877300880912,1.4768404849141439,0.7109726805320268,0.27122147350805426,12.293922496836988,0.404651897134812,-61.033112963473954,8.930884360026683,2.953402292231422,0.0364483739680741,0.06536104662057934,1.281436330161953,3.3284473633703797,3.403311198282095,5.177805734676764,0.40824435827684313,0.6407573235248393,1569.4040836136746,205.28692141168995,290.1324572328852,2.1649846621189357,0.8072411756118281,36.3539352129779
2009-10,1285538970.5005672,1228070857.074641,5.011994063840513,3.4953686601101794,6.586198350306197,1.1703031651451836,1.4659846366754854,0.7228324859939531,0.27036828061638496,22.060136052828437,0.4094457892937851,-43.65029247546053,7.7344401363372715,2.663989996751364,-0.09745327076010762,0.03944639313202695,0.9800992204332747,3.1130351484489256,2.848056262051035,4.555895902050976,0.31088782352236477,0.590412873669461,1568.4460335886122,194.45536394601402,301.98618798689324,2.178446479160401,0.7488257231399387,35.355272387208295
2009-11,1265794298.3568394,1209207530.745951,4.9897763153004355,3.5040679552420633,6.637296106112327,1.1796477127422114,1.4588770224704282,0.7353731734398683,0.269487823885391,30.393883244535886,0.41415851255804736,-25.804491330584632,6.535606677266682,2.393309947006772,-0.22030068778266793,0.01663062157836898,0.7102811800444662,2.881279151296149,2.3194081032615492,3.9452405372862374,0.22027857736766332,0.6355988158795367,1577.5644095083974,183.81217719452528,310.15469797989357,2.222708720122907,0.68891856450104,34.2468468159994
2009-12,1246252463.7567792,1190538001.2177513,4.968015935545354,3.510306767743497,6.6890372996344745,1.19034008640727,1.454212297131764,0.7482036429279959,0.26854637773093476,37.152796936786515,0.418653764559142,-9.625797493978787,5.496415660615151,2.188963690726436,-0.30612679865949216,0.0033451343827257396,0.4936357462532046,2.683871274639766,1.875768253393166,3.4297626255093854,0.15460225569740213,0.6804315328022188,1590.933428990952,174.84197101034962,314.9829498851971,2.2933634753854757,0.6292136710710001,33.1993514373314
2010-01,1226912421.224022,1172061269.7458389,4.923327120019421,3.4888503445524823,6.688468752205373,1.1887072117536046,1.4525712773230133,0.6812197948794708,0.26638119816999606,42.22485968149848,0.4027860729133529,4.176302355685838,3.947854049690318,1.7632463569523402,-0.3778577840588492,-0.00037756813483494703,0.2203445072034731,2.2988187449098283,1.2717039061998263,2.682966085204937,0.052111066533244974,0.6443513653485661,1668.0388360455229,168.23574242528107,317.11454990441433,2.3856518508602234,0.6020124459618343,31.356380382710263
2010-02,1207773125.4578195,1153776337.3287427,4.883297305685497,3.462259993613995,6.674047887953021,1.1859964758726975,1.4540470957754472,0.6855504691594141,0.2651241394400514,45.533027350834296,0.40450069610474215,16.371103588113424,2.4926740889772594,1.3513759636070841,-0.429666904326505,-0.0003788634065945151,-0.019987655247389463,1.9136562988255892,0.7148266367798257,1.9793072025247858,-0.042925923120493814,0.5949653403898217,1762.2057610032707,163.64889456996093,316.93420072657744,2.4946418332616895,0.5501596038347301,29.314973369469932
2010-03,1188833530.9645028,1135682205.1934938,4.8432762601744015,3.4307065457009362,6.647392043187313,1.1858794562237005,1.4596056675393745,0.6926465168365807,0.26378718283989966,47.058795370751504,0.40657744214385017,28.37153826455485,1.084044797776189,0.9498253453881408,-0.4731965925776001,-0.00030153259898028917,-0.2337221357457441,1.5082983284350067,0.18285004884843037,1.300105717736906,-0.13281772189524393,0.5530106243052572,1868.5445897551458,159.80525039407402,314.44337167672694,2.6153935624251585,0.5010992215652943,27.077919583769535
2010-04,1170092592.4215827,1117777874.4359653,4.8060763712891825,3.399372507858155,6.608175552892557,1.1856666598428922,1.4682151937407277,0.7020719135609332,0.2623563265545661,46.85120887050444,0.4089142001347319,41.58018137291549,-0.19112713393806025,0.5783750931294476,-0.5019212205562578,0.002002629265841921,-0.4125059630918909,1.1196193266704322,-0.2884914225152783,0.6816108587957069,-0.2119009598656617,0.5133360610899913,1976.236055369179,155.74702184295353,309.70266704855965,2.743108311799526,0.4557654520458433,25.085580105026093
2010-05,1151549264.4403071,1100062346.1311104,4.77734613000381,3.3663859711139077,6.554114890360499,1.184050651804878,1.479579945239724,0.7133644017460226,0.26082199238112885,45.02501806944695,0.4114111299024835,56.965262879152604,-1.3499363637327426,0.23630158325274042,-0.5230904509503619,0.0038312485662066534,-0.5603416572306663,0.7279775876122022,-0.7197105861571578,0.11506190590475662,-0.2820551021230679,0.4516538723535523,2086.6835719207334,150.7519111886565,302.86590964675236,2.873258336882471,0.41488618636696206,23.073315225106214
2010-06,1133202501.55395,1082534621.4628077,4.73586021543686,3.330413967080668,6.508914204710832,1.1854733634265187,1.4921617684716288,0.7260519805402221,0.2591788770336015,41.756990464821804,0.4139734304263854,74.93620967089143,-2.2798332890659743,-0.05411107196387832,-0.5194816518665447,0.010021512579548714,-0.6576097821486442,0.38693639448142914,-1.0525978659301347,-0.3434058597342413,-0.3387387089910414,0.3847486197301506,2192.1950909695106,144.41142449112948,294.18664441872323,3.001695609350648,0.3789820237049601,21.18419735532514
2010-07,1115051258.3396099,1065193701.607451,4.7029915756835,3.295534565408332,6.465937517094807,1.1840223418131997,1.5034733170861942,0.7396680395287951,0.25742568973981883,37.280731282274516,0.41651367969510555,95.24839740132964,-2.959445847423903,-0.2993737407999188,-0.496916503705113,0.020141305154170112,-0.704037611720365,0.1002960702992905,-1.2957078139079097,-0.6954880578473123,-0.38023851116248636,0.3307331003671846,2288.9645707543245,136.69193960262132,284.0209999899353,3.1247382862914876,0.3483715629480095,19.60069054436242
2010-08,1097094489.4265153,1048038587.5994066,4.69218303273497,3.26284366513098,6.40082795539754,1.1732063710768166,1.5157124394367172,0.753764817252647,0.2555647955432198,31.88031675005372,0.4189537195361006,116.93704868868414,-3.4919069566333225,-0.5114058659583577,-0.471374249598671,0.031229959736704265,-0.7187301082733027,-0.18405176802361292,-1.4957232541906702,-0.9917616132036566,-0.41055743031191216,0.2727554733394997,2376.930501298027,127.97842118188531,272.82718659132814,3.2392345469494987,0.3231822255283137,18.242817718065094
2010-09,1079331149.371935,1031068280.5741844,4.6822938794192455,3.2314118751074337,6.345089055578074,1.1661685533417676,1.5277464797690865,0.7679249481465343,0.25360178505998415,25.88304991515339,0.4212260736869131,138.27934607464266,-3.8276199901527996,-0.6679826405522019,-0.4309007459149131,0.04410463700888388,-0.6986345736427477,-0.4254989715035176,-1.6185982450294345,-1.1949081605982568,-0.42722153925703804,0.20915127811439826,2456.2245619684195,119.10120663576635,261.1619817258419,3.342604145133224,0.3033657307047381,17.187364749155552
2010-10,1061760192.7816546,1014281781.6542588,4.673651380552515,3.2035022573730187,6.297358043103213,1.1632758295599703,1.5396473830651465,0.7817709436266368,0.2515449904232725,19.65164407347849,0.42327490432203696,156.78307490276606,-3.9727992924057456,-0.7696007272800957,-0.3838748109520837,0.05569060048357902,-0.6509569757559657,-0.6034823488403263,-1.6726680173034394,-1.2973937551454493,-0.43173452410994023,0.17053296406837504,2526.2094208827193,111.34675227418627,249.67461025012892,3.4328586591445798,0.2887172952023779,16.460053419562293
2010-11,1044380574.3169526,997678091.9466981,4.668966214645882,3.1851687879908552,6.265599225672742,1.1702861222995535,1.551437617159646,0.79497252796993,0.24940496689753386,13.576125549786727,0.4250565228539873,169.1994838199941,-3.971709833241224,-0.8209576347967972,-0.3357123118069747,0.06695076237629727,-0.5830428922451829,-0.7447162106582442,-1.6741810323309407,-1.326489921623559,-0.42616731401425395,0.1386188257949029,2581.862926879108,106.45362128253863,239.09846300148342,3.508601961980463,0.2788976069141824,15.935404423041495
2010-12,1027191248.4392122,981256212.5414923,4.678420795690536,3.1665455008371826,6.2128206992751345,1.164412312576192,1.5624789324299062,0.807251824519796,0.24719396019744308,8.06572680818054,0.42653948583712303,171.55755533149954,-3.8635065762059186,-0.8386621455279245,-0.28708522852216734,0.07645661394845478,-0.496981365388123,-0.8656185431346232,-1.6357168324257636,-1.306327251225151,-0.41292268945770866,0.10941253656493088,2626.9984564994843,106.5953097035796,230.24111864165798,3.569012875673344,0.27345663824738103,15.52619207678153
2011-01,1010191169.9060696,965015144.6145625,4.659044666840009,3.132842093633761,6.120865380589033,1.141802498477881,1.5781513215302434,0.7513498157890816,0.2509568284714381,3.5771255184995576,0.4177606029368315,165.79597354490946,-3.551567251217966,-0.8041673382401014,-0.2199796597101757,0.0799620289549429,-0.37853871124512534,-0.9147433089093253,-1.536756051118331,-1.1770948919998292,-0.38021840223308667,0.07614450015100815,2704.465674192839,112.28760748040908,223.49736294956534,3.6138123117267362,0.22149984929983832,15.559431598244117
2011-02,993379293.1590593,948953889.2558888,4.629228105329334,3.1032558860416692,6.040698895813873,1.1225306536050645,1.5934073918046392,0.754418777427766,0.24925250590389042,-0.4293357163583149,0.4175971475784641,158.73488860613108,-3.0531782144322697,-0.7249621953338576,-0.14974529000807793,0.08480187751213392,-0.24652275382907363,-0.9178715395292776,-1.3942177487380916,-0.9762631432670449,-0.3403921422839343,0.060668932363947436,2773.2518188010727,114.94463553814333,217.357805164195,3.6432174348229873,0.21807264985805475,15.917632364313125
2011-03,976754572.918978,933071447.6004058,4.606565275569848,3.078947436407536,5.969553524861812,1.1043561597313778,1.6066734063874564,0.7589567436197491,0.24725892571598085,-3.870111813639651,0.41753833575857957,152.92274762304663,-2.487901508122175,-0.6233444085382225,-0.08285424111594764,0.08533794260824183,-0.11659436255975492,-0.8862680305013564,-1.2300875547637335,-0.7429129923695276,-0.29644445396117913,0.05462085337467438,2832.618852244451,113.34435131795988,212.04720536943586,3.6578855225649236,0.2194275372147079,16.409820079545835
2011-04,960315963.7293357,917366820.769459,4.585902283629214,3.0583234117345905,5.910700054919103,1.0878765214831183,1.6180548303903683,0.7647345542539414,0.2450056005053828,-6.704262988813664,0.4175701905379261,148.45978626137924,-1.8681510809494242,-0.49933554134600416,-0.01881103297955193,0.08294866211649168,0.016268308369424556,-0.8256319178811865,-1.0427548861338993,-0.4807415744806761,-0.2494362708518641,0.03992229009308841,2880.247518596158,108.32516806885597,208.09259999406956,3.6588502358557187,0.22478657977925448,17.216212949368902
2011-05,944062420.1907775,901839009.8685231,4.561906545533768,3.044670481846902,5.871324055453091,1.0769645153851914,1.6269909085212781,0.7715088054070964,0.2425271632606831,-8.912972665925865,0.4176772721532002,145.1858378510372,-1.118259408735466,-0.34154171838262753,0.045458422422590766,0.0803852422104218,0.14841161544460335,-0.736384455056598,-0.8332451232230317,-0.18336712000628957,-0.19769949191792466,0.09450424773686839,2916.2359101448096,100.95823338039679,205.9006197504178,3.647452970741763,0.2333306325239688,18.043168401328593
2011-06,927992896.8923519,886487016.0376251,4.544206383901853,3.032292967942575,5.827297642590088,1.0627759989655015,1.6338588732434585,0.779030574962723,0.23986182262263284,-10.497791027429072,0.4178432876623509,142.70960235719826,-0.4128648163008398,-0.17065034263410975,0.10587812005184147,0.07763388399864625,0.27870683251892614,-0.6228199847027704,-0.6106678110565598,0.13077747767084696,-0.14390589863984143,0.11330954889416431,2943.3202206142514,92.45889249227162,205.72181402061867,3.62527184301695,0.2442282131884926,18.910759374652457
2011-07,912106348.4359982,871309840.377688,4.535717115236075,3.0197260706304037,5.769665921465683,1.0403044228188154,1.6394474711061169,0.7870534415739052,0.2370498651497086,-11.478443206509086,0.418051665020716,140.44192244902726,0.24527244494934905,-0.0037293748514204694,0.15752788588661185,0.07430544892808888,0.4150627269502489,-0.4917700676932425,-0.3792705187150382,0.44676815579014445,-0.09141911733037127,0.13933503347890572,2962.369628958322,84.1026793549908,207.6232252311809,3.5940506727741104,0.25666186124090923,19.78893403560436
2011-08,896401729.4122,856306484.023414,4.526436302839791,3.011288501770537,5.723873492149748,1.0215558405722336,1.644376494209326,0.795340626116752,0.23413224501958557,-11.890311411425827,0.4182860781226231,137.63166769220254,0.9301201824960386,0.16029451454854252,0.2046477402613068,0.07049166709674459,0.5301171751999318,-0.3472398953938701,-0.15653143414621773,0.750262820423808,-0.042703515461937,0.17804458519080582,2968.7222875492357,77.14790292118835,211.46921099575147,3.555630099372331,0.26985143983085697,20.902119457492947
2011-09,880877994.4244157,841475948.095865,4.507686134627942,3.0092337507635416,5.704548459360915,1.010100162613143,1.6470689607359346,0.8036711304218117,0.23114929460188727,-11.781699125398118,0.4185309118306608,133.4028895092942,1.622656107033178,0.32841632800205295,0.24602275472069307,0.06985330411563238,0.6350548707586486,-0.1893629403126189,0.06040132596010722,1.0540303151913908,0.004391607913511959,0.23960017758579175,2962.323145944581,72.76649155903048,216.91026464999246,3.51188268032956,0.28307398829688424,22.215836260067885
2011-10,865534098.0516772,826817233.713195,4.50428857165844,3.0130670443543393,5.713772162290136,1.0073603068415673,1.6477583007378043,0.8118447882737111,0.2281395828579022,-11.210981248281236,0.41877165927297494,126.79200517019788,2.219865537755608,0.4786132502601507,0.2751362870225199,0.06585491576916241,0.7150485756287343,-0.04221321441011425,0.24913820456699645,1.3108794119364735,0.04519517699401066,0.2489288720037053,2944.8745640820543,71.98434443431749,223.37936955630957,3.4646535227811794,0.2956798735474022,23.516506652983296
2011-11,850368994.8976623,812329341.990396,4.5162731505661355,3.0172036193754272,5.720606873817732,1.002780069261902,1.6467503854273529,0.8196861863222091,0.22513894057257858,-10.243737080957604,0.4189952464228684,116.78389244940527,2.6938379406231263,0.6046870832946342,0.2895845486334885,0.05762234811426458,0.7793773218629493,0.09928185747444337,0.40976214892618684,1.5263539061889535,0.07945759254663917,0.27739016422971635,2929.264844303319,75.63202865104628,230.09524337930569,3.4157076753042013,0.3071051271664464,24.404646781017664
2011-12,835381639.5551189,798011274.0521652,4.507124473396078,3.0253545153231434,5.735799274168036,0.9994837772923462,1.643780116035126,0.827047450546191,0.22217966543860998,-8.949953880307609,0.41919028064508645,102.34592096320975,3.245887450145199,0.7381264639168303,0.3087003470043555,0.057162654521428595,0.8397446173778542,0.24895128478631195,0.5708540769416726,1.750659153000517,0.11236616229760565,0.2826502888962348,2906.3016466233576,84.30626660957081,236.071685838623,3.3666851823157953,0.31687997843859267,25.106225224518067
2012-01,820570986.6301763,783862031.0081925,4.423577429971144,3.0392037542963934,5.784260419098269,1.0076756495409755,1.639036650591068,0.854719467221389,0.20848791534487993,-7.402824594703384,0.4074256157157301,84.47273726883749,3.454897823970709,0.8525181031693019,0.29262893799800516,0.05792019636223335,0.8555775790199331,0.2586422161534043,0.6439020772773596,1.820331659200909,0.13355916689454733,0.28677989241921437,2911.0405777226915,96.64427226395577,240.52272680584994,3.319064383156756,0.27580602284036654,25.136946080132883
2012-02,805935990.7048228,769880613.9903713,4.328793972989568,3.0519292604834267,5.82870588560253,1.0134673000785128,1.633390779523684,0.8629014001624257,0.20460276385017648,-5.6708158481484805,0.4063355564678375,66.39258124513732,3.4743600026745463,0.9425011316414472,0.2593931789523497,0.057472996088090623,0.8518000065072062,0.22074473602918532,0.672693393881157,1.8192749989652341,0.14672847989495844,0.27759313880731956,2919.8441520404112,111.32500498098355,244.03609797817867,3.2741337324189184,0.27634803164675203,24.767300521082234
2012-03,791475606.37286,756066024.116621,4.235755284986464,3.067136896647254,5.87997765710829,1.020853711189941,1.6268235611373276,0.8694352887644857,0.20129506502943806,-3.824151570664613,0.405708052520699,49.03888418115306,3.4237276588877634,1.0171328788571348,0.2225223580026893,0.057110513218719454,0.8418589042205357,0.16366293127651266,0.6810836758381401,1.7846048563841699,0.15539836257847967,0.26871393309239466,2934.3009425851474,128.21212491987905,246.72183987692915,3.232972134782297,0.2765315429630964,24.154670793304184
2012-04,777188788.2419076,742417262.5147473,4.146616965224076,3.086268684225281,5.945961749160226,1.034938727994528,1.6197084189854871,0.8743441760134054,0.19855083896989037,-1.9279526878591935,0.40550870950265344,32.87487772833262,3.3108252150730264,1.0704683310055394,0.18750930229791427,0.056580029989723814,0.8107701886959162,0.09871688886081188,0.6668367159342806,1.713249615259687,0.15901279111629438,0.2787028966661904,2938.3346745078547,146.5194479052886,248.63280763849676,3.196437532865869,0.2761531574889135,23.74898972030481
2012-05,763074490.8957933,728933330.2976184,4.043269755711203,3.102398561658747,5.993297584022161,1.0409012497188206,1.611592050039266,0.8776975768270309,0.19634095192720075,-0.04198017387854014,0.40569358685133283,18.263068441844258,3.097370952047572,1.0998127076489375,0.1441757445846793,0.05633475225393603,0.7713291303428812,0.007498968000856815,0.6256444557927786,1.5993270007798617,0.15785624051683878,0.26852354357262087,2944.128455073056,165.43278959199856,249.84976257975268,3.165163265155108,0.27504995753748146,23.119965226396236
2012-06,749131668.9304167,715613228.587274,3.9368429675382832,3.115673821539104,6.032559113307239,1.0420505248091192,1.6026461270164891,0.8796047451244827,0.19462351191096403,1.7805493537004042,0.40621147048960426,5.463802599249403,2.832222944533236,1.1168206892285275,0.09857537266522746,0.06027042361410894,0.7299257180748632,-0.09293172817312846,0.5697850882616435,1.472099160794623,0.1525093756518236,0.2746814194712297,2947.7030486695458,184.14266298827758,250.47196126849042,3.1395615262607697,0.2731005264850681,22.400515051186627
2012-07,735359276.9426652,702455958.5033457,3.8504611054965068,3.129728305165252,6.0825535330645915,1.0517216807361143,1.5953188455354952,0.8802074210984551,0.19334640722902208,3.493833268200442,0.4070061366693604,-5.362960660263448,2.4602622785043367,1.1054027994633027,0.048147396847763986,0.0598608168398413,0.6629923302314011,-0.21543405553452133,0.47684430136577266,1.2932985082740696,0.1384866271137552,0.28107473189584076,2954.5677176762997,201.87356530628037,250.60813085229967,3.119833115468042,0.2702246221633441,21.560624633662382
2012-08,721756269.5174088,689460521.16271,3.790904225164012,3.1467556350738275,6.15431644031427,1.0716895312783266,1.588016768666536,0.8796723298320765,0.19244989812840366,5.060043184914463,0.40801853949106015,-14.153041890817109,2.0730206799731965,1.0788754600507013,0.0009074159166139392,0.06004679513780518,0.5906188686153432,-0.33396944447373933,0.37283911268851566,1.1041122052673493,0.121302476316081,0.28157980441111546,2958.956036012089,217.90931660129448,250.368062727159,3.105982552290546,0.2663816466288922,20.694209414280692
2012-09,708321601.2651559,676625917.6922563,3.7232411509298466,3.157422449549331,6.193637794489554,1.077877867257968,1.5807894261644766,0.8781836804373736,0.19186917765399497,6.4495899598096464,0.4091888645658581,-20.93102124919089,1.7078748653059748,1.045509659417839,-0.044447016938919524,0.06356208527183851,0.5362247041724307,-0.45326623240482333,0.27405792214832886,0.9247318323032807,0.10478951166869178,0.29570364224252915,2960.816833033937,231.61408484876833,249.85501491171763,3.097837568862084,0.2615680807790187,19.86225642440875
2012-10,695054226.7731736,663951149.2170805,3.6610353207812025,3.1671634329208045,6.226638021842622,1.0829468976419063,1.5748196506876886,0.8759358903990196,0.19153682876740732,7.641115011271023,0.4104584001362005,-25.80125763005157,1.318056138286296,0.9980016206957277,-0.08602540371073206,0.06665142679431336,0.4757326355786367,-0.5810193437006543,0.1627346686677109,0.7311009834365205,0.08592119187598075,0.2916439870235257,2965.537292812582,242.44889812503175,249.15907017246886,3.095071956710605,0.25581406238076204,19.068888330491735
2012-11,681953100.6281942,651435216.8469098,3.6172712684139867,3.178077596717506,6.266745574805105,1.0917670141881934,1.569641010037949,0.8731267314325306,0.1913851138264562,8.621235592438131,0.4117711883654227,-28.937412518624633,0.9298039725699963,0.9417642556349558,-0.11812216492404137,0.06820936653071133,0.4120631334468629,-0.6924370753258826,0.052850970155123425,0.5408060988633409,0.0676056996962614,0.3299326444257168,2966.390204228985,249.98359969791787,248.35155361697088,3.097230747072956,0.24917929640090813,18.403137597751673
2012-12,669017177.429867,639077121.7133489,3.588930577921073,3.186687344903013,6.298818587957187,1.0995229139442062,1.5650082833720451,0.8699510603897145,0.19134804496480654,9.384076261595384,0.41307542829076,-30.570942385981652,0.5061586399682265,0.8739370957012124,-0.14908587194829853,0.06834114636754815,0.3468392469448606,-0.8065366419488116,-0.06506679821085902,0.3474067058115789,0.04759124701362613,0.37224445676491724,2966.6241468668786,253.90434319557784,247.4805712475136,3.1037567359868836,0.24174848836701238,17.688074747553067
2013-01,656245411.7794765,626875864.9337436,3.6125066335598186,3.1973732241228783,6.3254643661053445,1.1052245436762913,1.55905982074157,0.7888885574494885,0.18261596193037763,9.93171892067905,0.40548294747484076,-30.94509988392352,-0.15661145011241304,0.7408960889098068,-0.21004992146168103,0.02881991658967485,0.22257761591471276,-0.9299512840409833,-0.25924434601391744,0.03169389309064577,0.01758755027884561,0.4177827541772502,3033.813290464976,254.02713496660448,246.56802344757665,3.1140174239298117,0.19647691339549583,16.60157894284773
2013-02,643636758.2667408,614830447.6220866,3.654933185347895,3.2082822929570707,6.362596427985527,1.1148178494048793,1.5556634820318953,0.7776953622598005,0.18174453452148026,10.268918162133978,0.40574576720626826,-31.333226927443494,-0.8395640577716161,0.6046030516002477,-0.2639091777298748,-0.009913885268101368,0.1009896859801383,-1.0431624512227082,-0.4492544928962525,-0.2775996982409134,-0.010828535360822227,0.4226587392330323,3111.710355069314,250.43175138453032,245.6219076252061,3.127331520360553,0.18404089787926609,15.538588043827493
2013-03,631190171.4942764,602939870.9019327,3.710846331256727,3.215879397589132,6.383763707608125,1.1187575246184622,1.5530420580322313,0.7700004541212874,0.18119394471782824,10.408224678319392,0.406260674788365,-31.306425553068163,-1.5031004610217507,0.45804847982363717,-0.316632448589353,-0.05605907982205692,-0.021668416890382847,-1.1317812764095796,-0.6363470113734666,-0.5770281614420892,-0.03773664277569862,0.4116756969062453,3186.1723775911396,243.44721878212766,244.6460302743164,3.1429942615374036,0.17276761803828133,14.678758051994457
2013-04,618904606.0402302,591203135.8947363,3.777031578296974,3.2204296286203133,6.382183186920219,1.115877953042133,1.5512601543915667,0.7657393736029869,0.18089779146300658,10.364966161566684,0.406978357308601,-29.314828576208317,-2.147581415466219,0.30489979211997853,-0.3686150688052028,-0.10681580529595522,-0.1445208783171404,-1.223887698945476,-0.8275946356817554,-0.8745901311098848,-0.06642242472581641,0.38050735461494956,3267.4733999630485,233.53860353250147,243.6455237162862,3.160300900750447,0.16270020149024664,13.86699078218489
2013-05,606779016.5203816,579619243.7194173,3.8566094603042873,3.224995499449767,6.379983605453499,1.1116108415521726,1.5485549881032215,0.7647511097484269,0.1807891057997769,10.157186200212248,0.4078482082275554,-24.173168285848206,-2.725522295002254,0.15724586718308636,-0.4161351031453115,-0.16235683033358503,-0.25777846950170796,-1.285328593369419,-1.0042016285087625,-1.1402683819776043,-0.09089259685914794,0.36106562592433494,3353.071540408875,221.28280550086282,242.62819285857043,3.1785678490196725,0.153848679852308,13.107838245990735
2013-06,594812357.5149065,568187195.5050478,3.9409876906217405,3.228642232422782,6.379764588589845,1.110433444414643,1.5480226817706142,0.76679258454687,0.18080242337887686,9.804655642936886,0.40881997546778776,-15.188297443548663,-3.258396858604618,0.02033079758439088,-0.45670968204705,-0.21051912933744427,-0.35749802200276753,-1.3431059928898847,-1.1666673869478061,-1.3822440748892235,-0.11345610214337187,0.3721611013350517,3438.7013481678528,207.34646442036217,241.60612821886915,3.197151066991385,0.14619346308259398,12.405786126836272
2013-07,583003583.6155317,556905992.3659637,4.015990988688796,3.2275396251758126,6.3694027133548605,1.1086219076384274,1.5485882933981494,0.7715541516890627,0.18087560355870055,9.327931008040956,0.4098452331699632,-2.259194571372614,-3.718115491788607,-0.1034164733019668,-0.4889382683672031,-0.2524447889307943,-0.44214890705363813,-1.3963055217716078,-1.3081105821345111,-1.5950955315530042,-0.13472896609487225,0.3603155294646453,3508.0031706358973,192.46338349330068,240.5970289965719,3.2154614311561853,0.13968935628737353,11.873194847392167
2013-08,571351649.4276284,545774635.4258093,4.085904196678483,3.2236172649382655,6.34679008608273,1.1016078868906802,1.5485739185509866,0.7786755415763643,0.18095136754378083,8.747483482623387,0.4108786516568222,14.050795060327008,-4.095958724840538,-0.21675164873062971,-0.5188406810743249,-0.29500403965688543,-0.5157747381478125,-1.43770043249201,-1.43223519350851,-1.7801638835138167,-0.15242577981837643,0.34536171560734014,3569.20001261806,177.41219564614633,239.6252256426072,3.23297691596982,0.13426994223305394,11.436475364170708
2013-09,559855509.5456866,534792125.792896,4.163750178398846,3.2218134268163254,6.33911501476533,1.0985443809309876,1.5500933519320104,0.7877617313176448,0.18097853665403965,8.082917580858878,0.4118790481352907,32.46887355604686,-4.383559079512061,-0.3112147147945074,-0.5354552867385047,-0.3308365973506609,-0.5711000563381351,-1.4530590759656117,-1.527321074789854,-1.9201011801731334,-0.1638210240649789,0.3413090982575453,3623.2424355934654,162.99491837232307,238.7224012147608,3.249251544822996,0.1298521623471747,11.184318762546274
2013-10,548514118.5645685,523957464.5974871,4.237359934845208,3.2174152852120894,6.3289477191767105,1.0955967915193345,1.5522976450469714,0.798398269895268,0.18091296363365142,7.35229393755505,0.41281020700185356,50.99349666311332,-4.593537152961069,-0.38978998394816217,-0.5485433828341114,-0.363624132634539,-0.6118653691792814,-1.452215400312885,-1.6011906130493678,-2.0268361399213246,-0.17182125924497174,0.3150558031050036,3668.224395503526,150.01695143871243,237.9280200322562,3.263921164446165,0.12634093921946815,10.970713543407895
2013-11,537326431.0666251,513269652.96869457,4.300235801551578,3.2115292623619145,6.299583445621652,1.0869268810932669,1.5545931154390273,0.8101656534982709,0.18071816011629244,6.571566137944955,0.41364146963170456,66.89887183377974,-4.7268074439163446,-0.4589623770780066,-0.5631860591251341,-0.3980693324209931,-0.6470545065709347,-1.4496900911860446,-1.6644800030114493,-2.107467876607057,-0.17778585557961618,0.31804282996456595,3708.4861415574746,139.26897345530145,237.2894799910344,3.2767061871736325,0.12363369708794822,10.876988355081117
2013-12,526291401.6594773,502727692.0077204,4.363284588050764,3.2080653026058994,6.273741977753449,1.077855670957008,1.5564005966387067,0.8226524156260253,0.18036563160718058,5.7541370762875195,0.41434809876961937,76.76073390816613,-4.778147126608602,-0.5065080535625264,-0.5680022788433006,-0.42357805994617204,-0.6635110101562945,-1.428966982386307,-1.7014244445669795,-2.1450749370060045,-0.1791032210534077,0.3402732026492351,3743.6614173893045,131.51109034357256,236.86201166020373,3.2874115220131443,0.12162465519694182,10.881119369134582
2014-01,515407984.9402599,492330582.84961206,4.405310776198507,3.214596825547309,6.313582945079463,1.0832853273756646,1.5657353965292569,0.7599298564822234,0.1779860020907645,4.912171942407203,0.3855197891206541,80.75183866976889,-4.801182313823376,-0.5498064733417184,-0.5300382412043514,-0.40460420735044794,-0.6612223319684296,-1.447014937324954,-1.7122245693899472,-2.167291905884877,-0.1788393911382178,0.4916640085759603,3874.1763178862725,127.44234087170938,236.70938826365003,3.295923977708311,0.08753292003912783,11.013608226008666
2014-02,504675135.49375635,482077326.61582613,4.438817973595522,3.2212830636481584,6.339659975920492,1.0797794870111856,1.5768519149148745,0.7650972940583352,0.17707825823326712,4.051593409912702,0.38296540279296576,79.5504571437783,-4.785229202771972,-0.5981467777927396,-0.49112773020316647,-0.38083996871378273,-0.6575707979202982,-1.4776946803699873,-1.7230611438789198,-2.177498561749316,-0.1785975630804004,0.5437241470627341,4007.5668650769553,127.24322360688123,236.8939427498422,3.3022074685027114,0.08331677801592138,11.074441038215078
2014-03,494091807.9170906,471966924.4249441,4.460701187524969,3.2304352385294774,6.359826643329804,1.066740558632819,1.5886007297644842,0.7731601382550857,0.17605436355452145,3.1844653100902693,0.3815150117842573,73.98798763037342,-4.701746775892548,-0.6479298128048765,-0.4477190939360051,-0.35249275022937065,-0.6541346976093709,-1.5024865689594178,-1.7197067208826275,-2.1653271898748314,-0.1748828465659527,0.5616832138789485,4139.787941766261,130.44627575132947,237.4597422679199,3.3062963861625905,0.08090804010455795,11.2746948663544
2014-04,483656956.8085786,461998377.39240193,4.4734535347357225,3.2400849312667805,6.39983984913829,1.0632348944733043,1.5992913249561984,0.7836416430045084,0.1749113206070147,2.3244460942773726,0.38109137204289195,67.60589802529785,-4.568880901754291,-0.6698788200616534,-0.3957422457174798,-0.3142927203065186,-0.6315271243212554,-1.5135092436811226,-1.6920157112694856,-2.1189759404615507,-0.1682281595859712,0.556787544297173,4264.134894593648,136.43281170379296,238.41596753215222,3.308287520471604,0.08013891997119411,11.597821001189157
2014-05,473369536.75466055,452170686.64334196,4.477045093843328,3.24961020297235,6.44192394510178,1.060525353245542,1.6099138610400552,0.7960401852988538,0.17365050474604818,1.4885612086574442,0.3815940194343764,63.37400001097088,-4.40807099031723,-0.680353688070903,-0.34197262946928253,-0.2714201499667562,-0.6014437758023137,-1.5259120293102233,-1.6528571031795734,-2.0598793182557515,-0.1598277129364087,0.58125281534466,4382.003168050487,144.51123877389634,239.73441357899674,3.308330915735568,0.08082221040203084,11.967115868104763
2014-06,463228502.36749446,442482853.28788775,4.478694841074874,3.257584516818192,6.476289086855867,1.0580659221531898,1.6204893934243245,0.8098468006947989,0.17227719134879688,0.6974624611397853,0.38290460574368107,63.42299938954749,-4.23101257190436,-0.6807714693271006,-0.2851475662818265,-0.2300965655519673,-0.5687053217111967,-1.5372501735071071,-1.6098936274932651,-1.9877597822628597,-0.1513353929237102,0.5811756415370586,4478.900796420128,153.9599321137725,241.3477205247869,3.3066200440010687,0.08275930762772299,12.382089672585664
2014-07,453232808.2230202,432933878.4583423,4.471294186441019,3.265039120894904,6.49819069646887,1.050780999605477,1.631508105657437,0.8245611860003055,0.17080001361080677,-0.02444733887030115,0.38489223736974487,68.82896455558001,-4.039651916015645,-0.6795140119978654,-0.22913811345466137,-0.1881478558820983,-0.5389086896778554,-1.5558466781690896,-1.56686420593079,-1.9115776365713713,-0.14192056479457027,0.5764292491641055,4559.047347230201,164.06672306224786,243.1489558622544,3.3033816581199873,0.08574777593201423,12.819086915840904
2014-08,443381408.93430275,423522763.2730012,4.45048493452732,3.2711127754170977,6.534647331746506,1.0496346633843714,1.6402913497275151,0.8397058409052522,0.16923037382829148,-0.6490147350832699,0.3874186568721099,79.45098723034188,-3.8436316367153323,-0.6638345476016179,-0.17710095537657286,-0.1420120860127533,-0.4984315628375128,-1.5739047588398014,-1.5112220929466387,-1.8317480322818904,-0.13250376967450725,0.5625646185535246,4627.435837382361,174.16415503800826,244.99242570310753,3.298865661083415,0.0895882699679159,13.158704474895394
2014-09,433673259.0784279,414248508.8470041,4.42646912870917,3.2756611860545592,6.566538297693984,1.049295243463845,1.6478460945887603,0.8548381123825469,0.16758183086917902,-1.1444484620324435,0.3903431266880752,93.8215864677173,-3.6523698737435906,-0.6431452547969466,-0.130375193074996,-0.09864135634996019,-0.457601709396079,-1.5944415295782477,-1.4563965109425032,-1.754532461002901,-0.12415158630621528,0.577417845737396,4681.832837407834,183.65987241205235,246.69556776078213,3.2933352939179974,0.09409067256118996,13.506991116597574
2014-10,424107313.25678784,405110116.3051966,4.398195960441561,3.2815112202566383,6.581635449065894,1.039588162701456,1.654341011666218,0.8695599887006358,0.16586948324990242,-1.4755301345657266,0.3935268994418017,109.08786938232365,-3.435316248896716,-0.627024115778834,-0.08937361657132699,-0.060622985452947586,-0.4272141578269063,-1.6069884248355022,-1.4003231583805062,-1.6739360029617236,-0.11383782512556606,0.6068215482407584,4723.009739518525,192.0617175203305,248.04176108986582,3.2870579046515815,0.09907934191830088,13.885289486231608
2014-11,414682526.0726081,396106586.77041394,4.370729897467466,3.2853360553108097,6.606012705788636,1.0390463715442622,1.6598138275459435,0.8835255748958967,0.1641093688650564,-1.6039066809887095,0.3968371813169015,121.00013819999967,-3.220482632317627,-0.6022197212891677,-0.05408259334088506,-0.022973972712047812,-0.3934078843398436,-1.616978375891966,-1.3439406891132937,-1.5936698800158122,-0.10422009972921477,0.6300635673465618,4752.817888842592,198.9973120031709,248.78387657534515,3.28029651717226,0.1043973996221517,14.27903054061529
2014-12,405397852.1176681,387236921.36299706,4.340041345306757,3.2898630178502395,6.634537604355446,1.0403361064364598,1.662902707861318,0.8964462570647544,0.16231789554274328,-1.488447573659733,0.4001505203549843,123.94354073860809,-2.988541322776918,-0.5661824526097928,-0.023534335843260777,0.00990038325612342,-0.35624343946129183,-1.6146948238660244,-1.2850206329394036,-1.5111664433940177,-0.09333920578062216,0.620412810811388,4771.570193418973,204.2280866546321,248.64838766401618,3.273302372925703,0.10991002676695287,14.633412748442147
2015-01,396252245.9836921,378500121.20043206,4.292698641532915,3.3422020260602188,6.806780098394911,1.051564400026344,1.6545049608993159,0.8587225435047838,0.2301168700963792,-1.0934836581638618,0.39027402286860924,117.90232768509743,-2.5764849095469726,-0.48961192711006185,0.0103286930898989,0.036600323189793824,-0.30096168761675657,-1.5004819019266966,-1.1527542713747203,-1.363062235112582,-0.06632893364347016,0.6886647455953899,4836.312755135146,206.83778172230828,247.10713981289962,3.26630857191603,0.09133438039426535,15.511015790933053
2015-02,387244662.2626029,369895187.3971105,4.2224198516304705,3.417842970527394,7.010266208738581,1.0505604931564494,1.6420614740565345,0.8639541624556667,0.23532492217176018,-0.44281728394266207,0.3919554765848134,111.13682793448493,-2.132232380913613,-0.41359911595700205,0.03364356112704564,0.06046511599440337,-0.2567636944481721,-1.3510846059635007,-1.0002648361252637,-1.2039399752059126,-0.028506881930729255,0.6845648779431299,4901.587799565648,206.77656339854755,243.12766519150776,3.2595248938498442,0.09449465995701861,16.211946824746875
2015-03,378374055.5467445,361421121.07720786,4.162286566389356,3.48315973458203,7.205486287835727,1.058306716628851,1.6292480696363352,0.8697656007477913,0.23754812167445022,0.3922072553246976,0.39391399032185276,106.48595218889913,-1.7081275422761806,-0.3335331906505382,0.05028256236666634,0.07577157651871987,-0.2093717202730009,-1.2267405779577194,-0.8734377795469951,-1.0770707982437326,0.0026014979886594403,0.6727963840178021,4971.65413059613,204.82298126520647,237.06918284950984,3.253133836774781,0.098637539854786,16.72772411863691
2015-04,369639380.44206965,353076923.3759792,4.106386941160673,3.5464713377937414,7.3994982492580865,1.0667164678651466,1.6153755528890656,0.8759792623082697,0.23697931004663778,1.3378717133655804,0.3960510408855326,104.93326552200494,-1.3075603236042057,-0.25895652198520464,0.05859288717132498,0.08579753596504311,-0.16798986979715683,-1.0918622861737846,-0.7472725243501434,-0.9553646191404588,0.033595634086449486,0.7786375146744731,5032.23864490568,201.19752943224333,229.57412014022643,3.247287870303981,0.10366781350713306,17.223335678678836
2015-05,361039591.53060013,344861595.40159404,4.051918138890037,3.602567247400469,7.579258721090468,1.0758328989018582,1.6008362734598511,0.8824232429234523,0.23387637613020743,2.3228709705414072,0.3982724589362785,106.96594332314002,-0.9555083185913026,-0.18970844161684824,0.057439459510378,0.09163386245778274,-0.13091316000498246,-0.9661901433730297,-0.6326127844824726,-0.8511773359132985,0.06087090653186704,0.7775770734152427,5082.178630217105,196.18005784660917,221.31773192766454,3.2421078643711416,0.10949175875903143,17.543712767456203
2015-06,352573643.41935956,336774138.2705996,3.9943830399097635,3.65886133850451,7.7555037067268975,1.080203229147843,1.5851183721197626,0.888935917889413,0.2285480212115139,3.2824003960634096,0.40049081865386144,112.53033938346738,-0.6481277577119506,-0.12829598751682206,0.05037044890021439,0.09422017939751492,-0.10108756079187606,-0.8398123336811594,-0.5196389004070947,-0.7588140929114553,0.08772165338678682,0.7675120307794783,5116.801465080874,190.09685539514018,212.96379818452894,3.237682623100452,0.11602026751296902,17.862980972232148
2015-07,344240490.6916623,328813553.10958666,3.951478610150225,3.7010777300930116,7.911321965897877,1.0939074195647942,1.57080852079009,0.8953697617220953,0.22133942223834435,4.161639459491309,0.40262738613007026,121.00822179025799,-0.38812324045917546,-0.06554643538129383,0.0448944393240607,0.09111654793134843,-0.07269868995632403,-0.7434375421580414,-0.4336422849870418,-0.6853789551224527,0.10748353992461103,0.7513781314839058,5139.25932983584,183.3076315679639,205.12509608717102,3.234069427263818,0.1231715235861238,18.11401620146354
2015-08,336039087.9559849,320978841.04338735,3.9166123384321336,3.746610947969873,8.053289139314824,1.1027493351331064,1.5567238257396818,0.9015943632198465,0.2126182354653414,4.91858745830168,0.4046136119047561,131.2123228246618,-0.15803408855790246,-0.013167929497879607,0.039790278105800554,0.08261635571385814,-0.053298105765637475,-0.635120775222494,-0.35320918476938296,-0.6104667197286769,0.1269727937009145,0.7144912781733733,5152.107641190234,176.1927972684663,198.32935497193378,3.2312954681929327,0.13087319471437936,18.39039286002788
2015-09,327968389.7971956,313269003.1815064,3.878377450282888,3.800352864269952,8.19331253213063,1.102111637960594,1.5418836242721243,0.9074986258512273,0.2027613248256785,5.526231078021963,0.4063921693048307,141.39940493788538,0.028695505879980238,0.02824753707212957,0.028082659856192405,0.07137892424670113,-0.04493083743105046,-0.5194707819838265,-0.27122289149040846,-0.5464253558724183,0.14933458831856017,0.664308371848693,5157.625008303482,169.1413965428645,192.99116728006226,3.229360040983348,0.139064120538378,18.70621694733495
2015-10,320027350.8123694,305683040.6553683,3.8582917378000796,3.8438038174819247,8.310664584890937,1.1042924193765151,1.5295687791331587,0.912992168073933,0.19214254120521151,5.974045574119559,0.40791755170575283,149.29869921165005,0.15382154719767524,0.05879077055297394,0.0099696610458593,0.05453177779885878,-0.03912041170699063,-0.4308228848095109,-0.21566082528461925,-0.5093584131356129,0.1655038550148845,0.5977145050010199,5162.9659220463,162.53998614553691,189.39010245897603,3.2282373552652213,0.14769549624382544,18.824193862891267
2015-11,312214925.5866547,298219954.582183,3.85047810904155,3.862576188698242,8.385067093098485,1.1142648278995486,1.5209506046740948,0.9180059629921502,0.18112181428063492,6.268851179163809,0.40915625566541025,152.15332594968876,0.24529598483767046,0.08232598174914463,-0.007059054644816272,0.03605088355183492,-0.036353627774127054,-0.3635305393583416,-0.17742781150087034,-0.48961595222841986,0.17662898655112982,0.5331985896880833,5160.543913453449,156.762701743576,187.65506015722914,3.227879817460951,0.15673156799141338,18.865131660105213
2015-12,304530068.7309119,290878746.0758507,3.8470122427776268,3.8664720682919804,8.426119027622324,1.124374585903292,1.5144068947807148,0.9224922726187812,0.1700357530700969,6.43506351949872,0.41008658577913965,146.7721564939329,0.28617878584853607,0.09377240984322391,-0.0304802451870798,0.019225842552958384,-0.03978605526132603,-0.32392250717153903,-0.16254510317047022,-0.4909592484050935,0.18130820028721673,0.497021641505798,5149.403458946279,152.1626901305039,187.75470826594008,3.228221638913279,0.1661498664845001,18.68344262669461
2016-01,296971734.83281606,283658416.2598762,3.819967446486767,3.9038245642875853,8.50069898657511,1.1266959585595628,1.4904934292932512,1.2011740548041856,0.1884959775985098,6.510548545605177,0.4080273276181219,133.0414059360347,0.384766670502859,0.12544856157259857,-0.03787194110950458,0.02205553850738076,-0.02764023287196533,-0.28378724731827054,-0.134734257517996,-0.4252297737219469,0.18423089724107847,0.5115767388865674,5139.306067111437,149.06390820482392,189.49578663680168,3.261682629052976,0.15300957664374318,18.43928818392423
2016-02,289538878.4795453,276557966.2557028,3.80563330693039,3.930480013925002,8.546848808135364,1.1320779318834195,1.4704160012357363,1.232229656686924,0.1811118515261261,6.5312512798128335,0.4080509866046622,110.51319352824525,0.4642501112666638,0.1465925532818578,-0.04441993786640174,0.02330833009113947,-0.017012250765381744,-0.26247195152078073,-0.12347756875522933,-0.3759159944954566,0.1819871557523217,0.5138290243526629,5123.693172386736,147.46813980056717,192.5712336264731,3.298947041307114,0.16086361113774966,18.145875367413154
2016-03,282230454.2842153,269576397.1952757,3.8015222364517394,3.940049923700927,8.558931501225532,1.140576456718388,1.4548291434569007,1.250890940710781,0.173200152325197,6.49833091091534,0.4078804715344087,77.7840768474874,0.5466882954860883,0.16344577062173538,-0.043656756851617136,0.02967788295378813,-0.00778228700649506,-0.2623538982674165,-0.12531951842608247,-0.3311791980267516,0.1765670499198709,0.5145412105315688,5103.416337142902,146.7013518827191,196.6436485393832,3.3385166010966243,0.170086968878223,17.915626383530796
2016-04,275045416.82389176,262712710.183033,3.800845021587402,3.9517013472482323,8.568275995809918,1.144030444288308,1.439362930862242,1.257892169180929,0.1650192973246049,6.412348128480136,0.40752654190514825,38.835340617380695,0.6116403592889876,0.18036171653897312,-0.03418846052276248,0.036369308331558284,-0.0030139406833021957,-0.2644598228613662,-0.12517676199706781,-0.2821482404441146,0.17262194748306908,0.48467927518663706,5078.574771589167,146.0695658801743,201.37756320582082,3.3789737068742856,0.1806318908283023,17.67984502103075
2016-05,267982720.6998839,255965906.34452355,3.799946349081876,3.96059374321336,8.567417058421565,1.1468677167625867,1.4243445428511816,1.254243969828634,0.1568105809643339,6.273895132054047,0.4070042408316594,-2.3837774892367527,0.6379983747329274,0.18748386022831787,-0.02703839103111041,0.043146900071604675,0.00035349396807045005,-0.2823752576700799,-0.13828421065104257,-0.24544445923641786,0.16483541845545538,0.4593048217105994,5053.0932690131285,145.02532316347876,206.45917370444005,3.4190158908679518,0.19243122007852462,17.28544200154979
2016-06,261041320.51528028,249334986.80352938,3.7960261385944465,3.9653229138355743,8.5475637698494,1.14834907763656,1.411398965685692,1.2411753799167096,0.14879265457115992,6.083903089388947,0.40633201523056967,-42.23503577351535,0.6061770212104854,0.18151748574187865,-0.02744616076769024,0.05132701495549828,0.003070110345263717,-0.3270720426978199,-0.17210912338008863,-0.22770361176239826,0.1498860219369394,0.4275136689208475,5037.590302694301,143.2211102495484,211.61348772506415,3.4574833797362134,0.20540150867136894,16.777222159870426
2016-07,254220170.8486786,242818952.68152878,3.7883844604479266,3.9763838590505,8.52714843579897,1.144386737484039,1.3962201188361807,1.220075133188476,0.14115723686016857,5.843908679868688,0.4055308222326719,-77.63291264016063,0.5506235761839731,0.17291761613182696,-0.026540297477581378,0.06088930775233758,0.002895515924379745,-0.36522536115185134,-0.19928605905482738,-0.2084031733529087,0.1348570002821668,0.4188928880424454,5016.821978636527,140.5514431345246,216.61859287287388,3.493379618325562,0.21944630155478778,16.457639672062886
2016-08,247518226.30327672,236416805.09728235,3.776853593282621,3.992995897662418,8.513552497259615,1.1346654642922493,1.381764983026535,1.1924340275574117,0.1340660621844713,5.556275818604394,0.4046232490575837,-106.24557674743656,0.5023157897745928,0.16994877836882563,-0.017859305602155956,0.07482937983692282,0.0008836793478527783,-0.387573986245924,-0.21171655640044745,-0.1728288532837808,0.12497266950440647,0.43689239861061013,4994.718074605435,137.18348228596744,221.31690571171646,3.525884844506209,0.23445948314322113,16.24870319297421
2016-09,240934441.48431674,230127545.16654208,3.787706433305367,3.9890297128132715,8.473115398646408,1.1324462361408711,1.374323416057058,1.1597899940027316,0.12764903244080963,5.2243703905883985,0.4036326726882768,-126.6531494182618,0.4372373978429127,0.15324551301105968,-0.015712663286208406,0.08098258227794186,-0.0010644549314570758,-0.4279227275132117,-0.2435881377294921,-0.1660726937430523,0.10946924673928998,0.4502268528736401,4973.982858419289,133.576406811687,225.62336601832325,3.5543630027336053,0.25032857834851446,15.97587575350518
2016-10,234467770.97272328,223950174.0148796,3.814288424486678,3.9597629772846417,8.412432148915128,1.1387849948004043,1.376004892132817,1.1236772444534375,0.12200350977828985,4.85268745279635,0.4025824791952523,-138.46278222839666,0.4010934373391133,0.13390598166873852,-0.009063908043269356,0.08817467508652074,-0.005374127224892233,-0.47861585716837435,-0.28144152672374745,-0.16670143035410506,0.09346961190850644,0.4440043894241578,4953.718986039179,130.49009065248399,229.53063597371968,3.578362455056254,0.26693791498282304,15.759340174977899
2016-11,228117169.36110744,217883692.765937,3.8251923429152574,3.9421142022203353,8.364250085009521,1.1368328270299721,1.3759127428370155,1.0855806168154696,0.11719465569867332,4.446931840589616,0.4014953615456727,-142.38141593016616,0.3614666604355204,0.12363861663058731,0.00927350701667387,0.1001373088716461,-0.011997902942237107,-0.5026047321629695,-0.29876596268686484,-0.1406957597334294,0.08615089641354608,0.47869237392689906,4931.757553015905,128.98389031062678,233.11144770736487,3.5976110884949497,0.28417156527421605,15.640679099754006
2016-12,221881591.25581998,211927102.54091054,3.8303603106435213,3.93516553689585,8.32080667757419,1.130460609665684,1.3733695610856835,1.0468959662568345,0.11325670223605827,4.014054420095867,0.4003927078646809,-140.2482698084537,0.2587987229092212,0.10455442463733362,0.017520069330122557,0.10794257956210955,-0.017159237509580382,-0.5317427471832161,-0.32256319392306454,-0.13355326356281846,0.07681952005567537,0.5074591221715593,4915.416801844481,130.40656934163644,236.5183140214246,3.6120065259349277,0.3019160010982433,15.482951820859885
2017-01,215759991.2523867,206079404.4581594,3.852230512049653,3.9334857494469375,8.259708496175165,1.128034771517854,1.3697947964869144,1.0570115126563577,0.11269455974262298,3.567678628058617,0.39787929852584786,-134.25080727555888,-0.17407163145172477,0.021126157544285283,-0.014964866587677303,0.08268876062666336,-0.04491997390490192,-0.6874421591159415,-0.4463219486579524,-0.28600820485238404,0.03632444392192146,0.5064587552266067,5066.2732412048645,135.47703620029608,239.94600146243562,3.6947272238528597,0.27204975661692055,14.687117064229376
2017-02,209751323.93372512,200339599.6329386,3.8830750181636824,3.9228376543595083,8.195962476130788,1.1302527257092714,1.3698943563434147,1.0256729607462383,0.11074028130625253,3.106881089403333,0.39665950021512264,-122.47511354308678,-0.6713043922930244,-0.06593043082578677,-0.049490257826066864,0.05309158671596188,-0.07125732676354424,-0.845879640601916,-0.5713463969996129,-0.4515845381974215,-0.004306065666114699,0.4599979956093512,5235.734340023065,141.76915429808085,243.2832240674725,3.780209035263413,0.28565779548522247,13.823628205035039
2017-03,203854543.89491796,194706689.1902517,3.905044328651398,3.938039273970037,8.153361404796927,1.124788062730269,1.3635434159439623,0.9950314148447434,0.10949015864433155,2.6468300083614786,0.3955368965790163,-107.57059570176928,-1.1940558215914034,-0.16013585520407803,-0.09253563130583546,0.014473433674851698,-0.09954311550341599,-1.0072232436912358,-0.7008685267971189,-0.6359946419720326,-0.0473102732153638,0.45474170549554066,5405.239801178754,147.13238785414475,246.1670088209815,3.8656113944750086,0.3015410695421375,12.974026645009085
2017-04,198068605.74514398,189179674.253126,3.9433988656108,3.9176061368604116,8.101065904982546,1.132083003857259,1.3687308927861364,0.9659909209680557,0.10888772119927272,2.199084292822965,0.39451995523915007,-93.61820979892045,-1.7390453650922024,-0.2469686543084178,-0.12673513196845212,-0.018868794032393017,-0.1253211244641981,-1.1588725705808867,-0.8208284064509608,-0.8085235120800217,-0.08500541457322708,0.44906045981824494,5583.628868933511,150.48096833997792,248.28058837051015,3.9483801759311947,0.31949113391709694,12.146331023835454
2017-05,192392464.06999308,183757555.92911905,3.9656152843759376,3.916781560965936,8.064082124450126,1.130930331285832,1.369133512810509,0.9393170698999953,0.10886343217274158,1.7761140104036142,0.393612983576096,-83.85925334608889,-2.2651517942101553,-0.3363678924130711,-0.16494306235575357,-0.053572950407941466,-0.15669076467497606,-1.3139852510241457,-0.9451308884258895,-0.9910703648848112,-0.12237178590810721,0.41800052490413153,5754.761195924787,151.0982531610284,249.39377378397063,4.026295673963826,0.3392636802170475,11.397825838664122
2017-06,186825073.4672575,178439335.34763923,3.9727350248332836,3.9413077858619308,8.041105803127444,1.121108652272973,1.3624769019881289,0.915627874211741,0.10933808721368132,1.3911635455240896,0.39281641583206445,-80.41526444795782,-2.7492059088100085,-0.4271271984848669,-0.20818166985365227,-0.09133959667369684,-0.18908131371442694,-1.4627850631223545,-1.067091944510549,-1.1765762177125774,-0.16036386317225612,0.38210656772430546,5928.757602039192,148.702269749143,249.38378110756594,4.09750575197428,0.3605886040004916,10.716274940849999
2017-07,181365388.52277777,173224013.6368782,3.983028292709896,3.9564049303124675,8.019448565413207,1.1145134052832104,1.3593631433183433,0.8953899853159598,0.11022616349411665,1.0581052117067948,0.39212718713747413,-84.06952379920114,-3.203405509955576,-0.5097742247449372,-0.24693185016615152,-0.12512063172266577,-0.22082555317849994,-1.6034570352270716,-1.180776434591426,-1.3513677917161897,-0.19404111089482246,0.32233047593073283,6102.81126513098,143.49166518097186,248.25075306257474,4.16054464962446,0.3831798392555766,10.09263644069179
2017-08,176012363.83506262,168110591.91008693,3.9988026157275507,3.960113262268577,8.000611123787996,1.1123984054839278,1.3604395779759857,0.878919828830278,0.11143902307168495,0.7912886646700257,0.3915391754382186,-94.11055421334407,-3.6137639909579193,-0.5817999523566522,-0.28340458960241627,-0.15465110056505782,-0.24838149037081061,-1.7275150638945052,-1.2792308077964725,-1.5105815475679552,-0.2225866322482875,0.2798287457485955,6267.703867749661,136.17264220958867,246.1280407922054,4.214338318020888,0.40674468850748574,9.532111938228645
2017-09,170764954.00406712,163098071.2896722,4.017543468341613,3.956923620701018,7.994556128181668,1.1160108069900556,1.3637670406185847,0.866389133838256,0.11288789008934585,0.6053910539768328,0.391043690715742,-108.2361129236724,-3.952439035121291,-0.6420488346164962,-0.3172454266969821,-0.18526831329625895,-0.2681098424827659,-1.8203558543483602,-1.3546676373171203,-1.6465665459775054,-0.2455525768289574,0.253857326222214,6400.447722613983,127.96797504635613,243.2874611811069,4.258197470037047,0.43099241862897947,9.073729319464956
2017-10,165622113.63104916,158185452.89560875,4.038471729594021,3.9653886173391846,8.000042392940522,1.116184771355869,1.364324493238366,0.8578342499202886,0.11448653360256031,0.5152723343436543,0.3906299924240409,-122.51450762025773,-4.217356499764687,-0.6932174944918609,-0.3474282982311819,-0.21552099238545216,-0.2854652223690427,-1.887836432046379,-1.4130026457861897,-1.7620535589067754,-0.2646986490866916,0.26479232887180426,6510.4703324834545,120.60962640275618,240.139874496685,4.291799782750479,0.45564193849945445,8.842354213393689
2017-11,160582797.29240152,153371737.84508342,4.046370775993368,3.967407346223359,8.003946567645276,1.1159517600344253,1.3670916964190185,0.8531685938665092,0.11615360607637652,0.535839562123484,0.39028581695878867,-131.3986643865768,-4.428211996220803,-0.7335419970149332,-0.36672346100502623,-0.2357383305041625,-0.30132115650562064,-1.9421849084732044,-1.4572172171947662,-1.8536623331159152,-0.27714109619605165,0.24212339469028135,6602.228951371475,116.31682717743354,237.23153289280475,4.3151628707100524,0.48042841917789825,8.690377511527736
2017-12,155645959.6018466,148655927.2522581,4.051950724352978,3.9680054445424155,8.016314457070196,1.115902890294093,1.370086622399035,0.8521975395721126,0.1178146016605198,0.6819233486316263,0.38999789761129805,-127.78725025596665,-4.582918059014683,-0.7627292081552504,-0.38306994438133535,-0.25100910860587694,-0.3140725278833721,-1.9819694354831512,-1.4886735328566423,-1.9269139813806635,-0.28454320322859417,0.23480765208620233,6662.568465939549,117.76173015432016,235.23673241152838,4.328609763752367,0.5051087643931608,8.618094801602547
2018-01,150810555.13729176,144037022.25414756,4.079201173056039,3.936075625493294,8.01257817185052,1.1199724325089713,1.3810187107790788,0.9156372829099921,0.11877293083643316,0.9664026891300056,0.43070775538021755,-112.88598380473853,-4.640072505318734,-0.7767159739168782,-0.3696545237885735,-0.2597094453192436,-0.3230365672668472,-1.9864580069476088,-1.4907070874266315,-1.9533907151175174,-0.2800926764310246,0.20357925417994516,6874.801539712629,125.97325627888851,235.10150330503382,4.43835367457788,0.4584905752651022,9.0990719047218
2018-02,146075538.50107366,139514023.96122366,4.090041403117113,3.9153144199742855,8.012120599887293,1.1152709677170927,1.3877820903477458,0.927270819316784,0.1201694662796622,1.4164273253046467,0.4346180257608386,-75.94122032549103,-4.61864847557282,-0.7852070053248369,-0.34483817812143064,-0.2653988022416963,-0.33170561009396937,-1.9772997146371922,-1.4790378755968228,-1.9625052808671601,-0.27057301016028124,0.16319131843891535,7076.515739017023,134.47454734363336,236.2579785950377,4.550222584083505,0.4751843149118964,9.779590456487476
2018-03,141439864.29744518,135085933.4927554,4.112270456868566,3.8798328470879495,8.020038494703773,1.1200955071728889,1.3984727713591139,0.9389087994833933,0.12141816980017846,2.0535435053026845,0.43677835935057235,-7.372574811403574,-4.540404604814312,-0.7732230975822546,-0.31417931937735916,-0.26217417334465287,-0.3331146201755603,-1.9509664585387014,-1.4470823690920902,-1.943959053435824,-0.25122691258180374,0.14876310342882107,7269.497037990467,142.64610357059473,238.18158370119008,4.660647925116062,0.4942687697866543,10.41520117348196
2018-04,136902487.1062562,130751751.97835132,4.134739680918816,3.8425407038776083,8.031938407757492,1.1254211958079188,1.4092541451185716,0.9502558620388397,0.12248181248463774,2.885502671031838,0.4372817248608155,88.74515980061724,-4.408094464727227,-0.7521321963764631,-0.27988755680637406,-0.2545434385769742,-0.3315825603937253,-1.9088517188738987,-1.4039902088650682,-1.9044575401945465,-0.22844583498371993,0.13676481682687155,7452.878793826852,150.59010541774214,240.55500736369152,4.766461294291882,0.5154354824203367,11.074088158972536
2018-05,132462361.53199841,126510480.53303713,4.142488724306477,3.8202577777419733,8.039601513083115,1.1211472982152082,1.4156963104985265,0.9610548811175765,0.12333323045611197,3.9011992291171205,0.43626135918420994,206.3777861704175,-4.2244957046970315,-0.7324193679399568,-0.24078322245829623,-0.24720283090875417,-0.33399554465826203,-1.8507350922293595,-1.3565913684147966,-1.8521199202715606,-0.2064385236359329,0.15979674768031088,7612.399122604794,158.43263805264255,243.08126503103207,4.864949487721363,0.5383394911480407,12.29598985004488
2018-06,128118442.16820645,122361120.26826325,4.149203526226177,3.801545596927643,8.052309624673681,1.1161657731253125,1.42047682636553,0.9710908560649122,0.12395513901675542,5.069306308080362,0.4338827432797387,337.83548121212516,-3.969926718148946,-0.6986862931289023,-0.1898965537012773,-0.23486961394009354,-0.3340034482565972,-1.7685312504023936,-1.291391222197108,-1.7665936395527264,-0.17826123385384657,0.19741491630799696,7749.731833986797,166.29134838747362,245.50537611770758,4.953890377176255,0.5626124815785332,13.69299401060864
2018-07,123869683.60874751,118302672.31791885,4.163435764397122,3.777861451236916,8.06911133624498,1.1155342768306469,1.4264976378848675,0.980193147955567,0.12433966969083186,6.3376545776848685,0.4303354137673223,474.09586558929834,-3.7046427438312004,-0.6612186140450862,-0.14205857557892193,-0.22094352232009615,-0.33233580712740096,-1.681627271026052,-1.224294184365275,-1.6751655562091938,-0.1500064572243535,0.22191548728367452,7872.548199100996,174.24658957119738,247.6326134431843,5.031570466370369,0.5878753228086204,14.840155735797765
2018-08,119715040.43497205,114334137.80207133,4.172697180829059,3.7453322434681544,8.082479143291799,1.1196642708105284,1.4355970026657252,0.9882361618084894,0.12448767064677571,7.633298460698379,0.425824870773128,605.1347430170753,-3.4594526086202935,-0.6302917906282992,-0.10481760342143445,-0.2080764979424956,-0.3290913796473024,-1.6033328651165633,-1.1671378219456672,-1.594582751403739,-0.1263567674610791,0.24708353654327408,7974.3409728007455,182.31656983541285,249.34312007881783,5.096785432653961,0.6137496752014404,15.594399309194046
2018-09,115653467.25352496,110454517.83774643,4.17110616085293,3.7316625638622245,8.094439752535182,1.1153777882381062,1.4387572315185253,0.9951386095218647,0.1244078154177219,8.863199009289586,0.4205648167451592,720.2538200865622,-3.2068976102718683,-0.5996608047343419,-0.0667560710370527,-0.19493121149438022,-0.3241021097557946,-1.5293960661945265,-1.11059962075965,-1.5142223541667172,-0.10314829754029978,0.24431394149061544,8045.860717516497,190.43685080314435,250.60281842252348,5.148825339329575,0.6398684132189352,16.36738742497488
2018-10,111683918.66061684,106662813.5387216,4.1732869205788266,3.717013707481021,8.115316401068174,1.115648653585783,1.4415719862804897,1.0008615169782467,0.12411556657904181,9.915441298502984,0.4147699251176325,808.3958770275037,-2.94719412461013,-0.5580473189577501,-0.02925258526999753,-0.176741614676245,-0.3198411925707637,-1.4536275952788575,-1.0506712079494451,-1.4255321825183962,-0.07580676179538941,0.2620002209985042,8080.042636265179,198.44437535200845,251.47065499918284,5.18744649515774,0.6658846695181124,17.18364110972838
2018-11,107805349.25318103,102958026.04143761,4.172703971114768,3.705014713263507,8.132394550155821,1.1159960921211185,1.4440031800878428,1.005405160989643,0.12363203882685847,10.660896355099952,0.4086493027193295,858.4391892475259,-2.695844042706261,-0.5166563091800851,0.0058289978584520445,-0.15925691950963594,-0.3129697379271131,-1.38056577594639,-0.9919132251617775,-1.3378532624693553,-0.04986504476110839,0.2868828659256489,8091.375069171037,206.0660512764258,252.1023300342008,5.2128321405483575,0.6914793669918285,17.85976019331468
2018-12,104016713.61589336,99339156.45563892,4.161553950393673,3.703123366459839,8.142594107490028,1.1110013846792868,1.4439198047718254,1.0088051352502103,0.12298280638508771,10.955233318264227,0.4024007736592769,859.4644417701201,-2.4576269902915913,-0.48142446065478395,0.0397368855483031,-0.14568964595439876,-0.31266467631001404,-1.3144806722287774,-0.9434355363980232,-1.2581015220611378,-0.029172615867422213,0.2878374270923097,8090.449924971177,212.91177762610866,252.7507514686909,5.225544257183462,0.7163671640284182,18.478664143242913
2019-01,100316966.35885768,95805205.89975092,4.118331318112876,3.7059339086727427,8.211191078606115,1.1121246523412598,1.439861855054255,1.1319381261372146,0.13420535228594138,10.699216217254149,0.5207263409854513,818.262458280251,-2.253218841169641,-0.4273357270123694,0.054542971872719954,-0.1030019846760533,-0.3266632447453245,-1.2750912343260628,-0.9010609116087037,-1.1826204884419083,-0.011660049757082,0.29859474262953517,8119.30755025217,218.01193666304002,253.7255977356713,5.280635501149552,0.6507156990404964,18.865551425081033
2019-02,96705062.06875983,92355175.50245918,4.079788106416773,3.704293007114174,8.287037762742408,1.1180061221667976,1.4368032199168141,1.145449315321402,0.13452336263813147,10.372212496167451,0.5272950809394447,760.1723394540616,-2.0376333816647962,-0.3741308290138252,0.06829556071851352,-0.0597933357052608,-0.33494417436474416,-1.2151044773938375,-0.8472572468400551,-1.0949779890413445,0.006208150034936653,0.30379348433415204,8129.304696187498,219.49301549638705,255.13226102188352,5.3305485556945476,0.6644616424601518,19.32556101858291
2019-03,93179955.33550897,88988066.38042286,4.022467700387778,3.715551383248037,8.370655531552801,1.1203142771047778,1.429825863255613,1.1528804779175288,0.1342496537459586,8.4956744022444,0.5288516353498555,690.5678838254692,-1.8254629096404924,-0.31707336661472074,0.08135570432817232,-0.010803970730389703,-0.3505164141612796,-1.16116418015302,-0.7953027066130697,-1.0084222671595966,0.023187909926705337,0.3216002140482826,8112.199009613668,218.54237760550774,256.939979784818,5.374303848124207,0.6807454580640373,19.762649533077113
2019-04,89740600.75831793,85702879.65477748,3.956527715350049,3.738041126191072,8.46116268555557,1.1180340072558168,1.4194897316028634,1.154670517226517,0.13344694115062428,3.273972801846323,0.5258315809587295,612.2110395750719,-1.6503422627194042,-0.26012109285708507,0.09081952008702007,0.035008771308905964,-0.37021937019332307,-1.1324577542916934,-0.7562959902403907,-0.9399057882912357,0.03569248389149599,0.35400326437955165,8098.0930390988115,216.67385589355112,259.08263487291447,5.411204495877174,0.699216315295613,19.87007655002958
2019-05,86385952.93129647,82498616.4466533,3.8857799798955908,3.763192987734072,8.549045310231394,1.1152545210040772,1.407943179477303,1.1513836430278106,0.13218840187030467,-6.505074998767336,0.5187640906979543,527.6909167444624,-1.5415693598688427,-0.2154673721195004,0.08709054130737245,0.0801537689350049,-0.3961528362063625,-1.1282959237177488,-0.7405899287077679,-0.8974097918609738,0.0406507779730627,0.4050542450463073,8099.637045232475,215.18497496698362,261.46340200901386,5.440828943988529,0.7194795514151627,19.724301838985912
2019-06,83114966.45043826,79374277.87584195,3.830350145059711,3.7814926338907497,8.630928809002695,1.1167961593873894,1.3997212024699794,1.1436799135581408,0.1305544393619079,-21.33233905535661,0.5082466985923179,439.40336580857985,-1.4662973337372722,-0.17950271392208922,0.07871016853646841,0.11830774916044379,-0.41686072223190707,-1.1243579089296662,-0.7311501161571743,-0.8617522729079088,0.042416901827280855,0.44874850029499813,8094.402583595799,215.03952203006338,263.9590533022329,5.463016078979092,0.7411123185603027,19.494549514277036
2019-07,79926595.90995272,76328865.06323647,3.7887251260656276,3.799076785965037,8.703235845556787,1.1186340743107486,1.391405683649289,1.1322858481386937,0.12862955463349354,-40.87493659162626,0.49492053805947556,349.5383961460281,-1.3782983765767405,-0.14297389221675647,0.07945724346656072,0.15201182630852547,-0.43411164768793997,-1.103275400622502,-0.7088376146969247,-0.815641932142913,0.04650026894125877,0.45973587500996993,8054.159822304917,216.7718728709333,266.42462068106306,5.4778440181112265,0.7636785114541195,19.445658684410734
2019-08,76819795.90461716,73361379.12969446,3.742011188418984,3.8250781525629445,8.770976506318764,1.116341339952449,1.3798105600111885,1.1179659848370305,0.12649940777891583,-63.90874838452015,0.4794467473481332,260.0750279320507,-1.3388737818749596,-0.1137294278754543,0.07533554109964699,0.1829322896525432,-0.4565780664277314,-1.1083418176273792,-0.7071650182917926,-0.7898521306301295,0.046219832765601127,0.5074574360031454,8019.664016203975,220.41376753558822,268.69824522157825,5.485603842796811,0.7867425996749311,19.22885228789874
2019-09,73793521.02857664,70470821.1947158,3.6999365373144357,3.8434088795241728,8.827744773854981,1.1176470330114063,1.3714495127165627,1.1014961417004228,0.12424813799642839,-88.28442063858907,0.46248463543748114,172.78298848540956,-1.3245355757371085,-0.09661366856201874,0.061597685766435206,0.20914170089258288,-0.47246071729071176,-1.1038763298529473,-0.7085163857884198,-0.7701384093197204,0.043625427254541216,0.6134581178169091,7991.979943017008,225.44348752671,270.6060482843946,5.486769569739933,0.8098820602734136,19.024200323200986
2019-10,70846725.87788287,67656192.38019353,3.6708006920709084,3.8597681822035534,8.870958673241928,1.1193186623441256,1.3649829943299026,1.0836390134664633,0.12195599779229688,-110.92452370909342,0.4446720852047698,89.23051778967024,-1.3504036572009288,-0.08692108382306615,0.044279718973551555,0.22676173520184112,-0.48535233619867274,-1.11300310367037,-0.7225648724817318,-0.7653298502207606,0.038282671116951064,0.5956133212047892,7962.263181668229,230.75671905191825,271.96687605739754,5.481965636906545,0.8326981762438455,18.618323817276977
2019-11,67978365.04682198,64916493.80551769,3.642374455449607,3.882158925368889,8.906742209802923,1.1169112594132495,1.3568146982820113,1.0651226023019056,0.11969734029480959,-127.84883719227453,0.4266085595891865,10.797438069214763,-1.4258551993423392,-0.07937023633331686,0.02378902494074972,0.24069357572411826,-0.5051126549698775,-1.1583646873259397,-0.7530624271812608,-0.790568437195074,0.02985705754961139,0.6059596046077375,7943.455626264279,234.65780778304816,272.5967879783782,5.4719331282593,0.8548250410399187,18.020866671827058
2019-12,65187393.13026252,62250726.5924439,3.6128905312569475,3.9032934357466247,8.93521660830373,1.1138810626530633,1.3489186698104487,1.0466218462447465,0.11753898419822675,-134.2241902623693,0.4088409600274859,-61.30743105297161,-1.5537739535593384,-0.08453159320254298,-0.002709402916994421,0.24896689546244416,-0.5217238518648654,-1.2098174359061742,-0.793454107075399,-0.8297083872261037,0.016831489632517342,0.6059674715221588,7939.244133562797,234.86962836557367,272.31317987490945,5.457495876639,0.8759366786851872,17.325055467367317
2020-01,62472764.722451136,59657891.86020417,3.5438854398058455,3.9108695905041877,9.004789601155343,1.1152540367693038,1.349281397821729,1.1360623942059611,0.1089698889853554,-130.5769552475835,0.40253093273113083,-122.97367948235019,-1.3011544298578575,-0.03700169286877021,-0.018554795741454314,0.24368743190306413,-0.5060280869044085,-1.0745574255112,-0.7218888548478612,-0.7454628795872476,0.034370411528157174,3.1659788613994735,8172.10833836458,229.61956970787944,271.2623704955403,5.2228608071815605,1.343910508715373,19.193161225232533
2020-02,59833434.419547364,57136990.730382286,3.4336474539956785,3.932566047180869,9.074799254837137,1.107144491620841,1.3453247498272296,1.1301487521048752,0.10651465758421051,-123.5531424330288,0.38780897368247735,-170.4498843655204,-1.0935154227107888,0.0012321284276883872,-0.04836130063122459,0.2342406221325302,-0.5020682799928652,-0.9434986343003872,-0.6644022955976415,-0.6798370652346595,0.043886800848388315,6.100984746547073,8451.225148745247,225.54779259771817,271.46501255924187,4.963753420454418,1.4073582232010793,20.677846723654255
2020-03,57268356.81594755,54687024.323331125,3.323989315086658,3.9515595992244563,9.133827467605636,1.0983683543585996,1.343211889587363,1.1211999934007515,0.1045875826056538,-113.4673386918387,0.3741515964282149,-199.32119397840796,-0.9426870272971034,0.026656464161670477,-0.07821841981308109,0.22156568185507372,-0.49468140173269015,-0.8223310264516439,-0.6103789103845145,-0.6302624735302904,0.05043495795114469,9.3096605008835,8745.21039830549,222.58707947664152,272.610625006796,4.690394169786357,1.4497795557621826,22.32348979422418
2020-04,54776486.50532929,52306993.75928515,3.2349698651659398,3.9585967027169513,9.178260110559117,1.093704477391824,1.3454316647138622,1.1098414325750177,0.10319975165678316,-100.92996401906247,0.3618413826265322,-210.71640852765455,-0.8472389311258736,0.040765363047404246,-0.11470971331235952,0.2031474500197107,-0.4905051480065519,-0.7173656381142258,-0.5863738669811647,-0.5915200348704496,0.053161046545091094,12.292387197759778,9102.423115560543,219.6169438113733,273.75566994839085,4.406992352381512,1.47219829591431,23.64559827531038
2020-05,52356778.08451297,49995900.15836522,3.1803805665123153,3.952507525938688,9.209941108400477,1.0949229155499713,1.351750218206296,1.0967081004146069,0.10234590227309609,-86.56365501117196,0.3510920959562218,-206.5097120781468,-0.7628603964879905,0.048048934453142504,-0.1434481707223393,0.1812821689972927,-0.481787682372831,-0.6140954980871227,-0.5610397657887148,-0.5565578709004794,0.05670727920329012,15.474911276115636,9443.669865023274,215.6774619222907,274.0949352773745,4.127220946135706,1.4761157130537956,24.86482457862865
2020-06,50008186.1473429,47752744.64188632,3.094755699908684,3.9640800513300904,9.258460018405687,1.087518006095805,1.3521093085632974,1.082424720807799,0.10200622085958484,-70.98338167489536,0.3420491508442558,-189.17332623324543,-0.6125556467792561,0.07376648228471266,-0.15978335306965094,0.1634292923071977,-0.4650191842612973,-0.48675226454011616,-0.49762771061184863,-0.4981466828904918,0.06895427908957054,18.68544394135244,9740.659310459036,210.07269689344764,273.0385729161385,3.8591100521204105,1.4634171938877185,26.144293494356234
2020-07,47729665.28816954,45576528.32989874,3.0387439841381556,3.96355687428245,9.288656615778205,1.084993937884181,1.3560546433376999,1.067587998967438,0.10214839840163718,-54.77878255206954,0.33479208489815876,-161.62695732983684,-0.5111147499580174,0.08750195986458442,-0.1838182910901419,0.13909776020689626,-0.44593486953307804,-0.3896255726716068,-0.4585875201943136,-0.46725127863478827,0.0774100110945358,21.857010021824994,10048.848072137449,202.45586051468547,270.27497231354204,3.6095369459330313,1.4362766930616178,27.288178345980377
2020-08,45520170.10196843,43466252.34361295,2.994451311800535,3.9618947147311006,9.310998077430126,1.082831838357194,1.360499927584531,1.0527515213920897,0.10272985549743517,-38.49902627638423,0.3293387606597266,-127.08887433587401,-0.4200503700201622,0.10541456888053147,-0.20743725423587947,0.1124366703104181,-0.4246049323216884,-0.28887316705980015,-0.41893789149270266,-0.43049224950561144,0.08753137499616846,23.95494252649554,10295.183496883898,192.89548452235894,265.81899950279893,3.384135041976399,1.3970620814862784,28.44137653586269
2020-09,43378655.18442838,41420917.80294734,2.9345508323226603,3.9657583294529526,9.321629921533951,1.0752893758221898,1.3631173054591432,1.0384134593925138,0.10370005237873031,-22.640401071725925,0.32565099684534593,-88.93292211223125,-0.28798015238548763,0.11484518673846786,-0.23242111129996693,0.0892558474842752,-0.411127333801787,-0.18030653030738023,-0.3746235685564718,-0.39719173691418397,0.0921065947577528,26.223341839004167,10513.358987149186,181.9225151505943,260.0456179230462,3.187249277146138,1.3482441419538846,29.753669310380893
2020-10,41304075.12940948,39439525.828959875,2.8859311535228938,3.978766565419031,9.331484259821375,1.0630876963860203,1.36219847793252,1.02500716446112,0.10500280779053402,-7.636731712621675,0.32364131833704296,-50.55516607458581,-0.33946228099271586,0.10051688221845657,-0.2690731723886466,0.06634181328621834,-0.41854247224982216,-0.13592103780098086,-0.38997103079716977,-0.41047525102447374,0.08301279979044614,27.834734298091803,10709.071304673469,170.55882578248827,253.7093442465774,3.0219346104745193,1.2923115786561137,30.851471784135846
2020-11,39295384.53131019,37521077.54270236,2.898032622087417,3.9619727779759306,9.321863531525414,1.0657257236318871,1.3700173866305834,1.0128946494190318,0.10657855420744133,6.147371307420802,0.323180509789459,-15.253205736467358,-0.3131399407394398,0.09142311922389272,-0.2854756263867989,0.044623119579380616,-0.4198912297555591,-0.06474424822119203,-0.3808246644898829,-0.3983056261530003,0.08168197743615674,29.18284548232792,10886.65834190512,160.3281505087182,247.95037202635808,2.889993372145827,1.2316939874484365,31.77523169599123
2020-12,37351537.986481525,35664574.06388953,2.957127660712865,3.9332433116678627,9.308873181143289,1.0758650401342105,1.381255217199923,1.0023628608185815,0.1083664699064347,18.420511096306406,0.3241056660829496,13.879489082833278,-0.22626551907930814,0.08112725799206846,-0.2841967989835321,0.024093349345845245,-0.41471063433805555,0.01939348695725368,-0.35658911106862823,-0.3694104724440842,0.08346525927421158,30.291360183670587,11028.972226256454,153.25086853206363,244.28851268537,2.7920464564756293,1.1686943024080738,32.896487531581336
2021-01,35471490.08824128,33869016.51334129,2.972317230084383,3.924832428050566,9.229007281985078,1.0701963648922752,1.3922527874963309,0.9496413631436189,0.10536985272833568,28.981730559804262,0.2918392621646027,36.88657661471885,-0.5545226101028105,-0.0022973938663354045,-0.319554810661086,-0.02510408707471195,-0.44625559730216074,-0.014974344330862796,-0.46107022983744017,-0.47164219419273723,0.05568595242023459,30.314257609368873,11651.16790268496,153.35689301811257,247.66683113791962,2.684299505378182,1.0514893528995055,32.434338257265
2021-02,33654195.43297782,32133406.011847638,3.0134950634862174,3.9176308376834816,9.140933416143135,1.0639775680177652,1.403625016038208,0.938396531681844,0.1069067327861965,37.6578382149182,0.2914887190931524,59.4050157516743,-0.9511885361808783,-0.09212297525290883,-0.34908950627105195,-0.07007038869097207,-0.4760069052607906,-0.07361277102024175,-0.5778070472342477,-0.5797955048107428,0.025403598459048264,29.13712089711626,12308.606833790067,142.0043079050133,266.2640992950767,2.6042982642291346,0.9844181164448087,31.58322101776234
2021-03,31898608.61405137,30456743.680147924,3.0662539620532816,3.9005785289526016,9.046039458341092,1.0625181485401731,1.4171791246447512,0.9310391323157912,0.10869700508468533,44.3897945695032,0.29339746853605253,82.46650973718397,-1.367849236785713,-0.18678057809323764,-0.3799218056718897,-0.11507119923487702,-0.5071877966657337,-0.14485014992007558,-0.7020648935443471,-0.6982013502826255,-0.007215710429790873,27.94500922907542,12963.35967007096,106.66807866857351,296.8066753666657,2.551668199268118,0.9229248576622373,30.50870508157708
2021-04,30203684.226596028,28838030.638913743,3.122336029742041,3.8814976605662315,8.941616105239019,1.0614080990541355,1.4303896071912974,0.92745387925687,0.11067934724078472,49.1707122110946,0.2972598948285811,103.74776996042718,-1.8131217247664928,-0.28238922831673646,-0.41659967133248704,-0.15735956459734518,-0.5399041613902105,-0.23808621041232378,-0.836512476537106,-0.8285304031588413,-0.04525861186685237,26.915641785066406,13536.788846421638,50.730661950720496,333.8899171320959,2.525251094825159,0.8682097058980559,29.33409991526303
2021-05,28568376.866488338,27276268.00873557,3.1820353862696633,3.8630778135015116,8.837444134469983,1.0612061198250773,1.44266131136745,0.9274237955061349,0.11279381608405065,52.05300135970403,0.3027421880169994,121.22907755973324,-2.2669936824662,-0.3760445658783833,-0.45806447751705,-0.19701132343564615,-0.5706490011905333,-0.3393891935029774,-0.973761927194476,-0.9628592396626702,-0.08265931265420215,25.272650164906302,14092.225793044596,-20.910246809868827,372.3652584950202,2.523218167981742,0.821122300233351,27.866093511522497
2021-06,26991641.12779676,25770456.91011315,3.264798919476434,3.837968231438218,8.745455154443754,1.0670891874341728,1.4558248441749642,0.9306468908952891,0.11498351399046844,53.14085023156139,0.3094951776560659,133.3545170025167,-2.6899591604119504,-0.4643847379975139,-0.4753586632076451,-0.22956685918704764,-0.5923418930151078,-0.43257840980947637,-1.0937797853802746,-1.071984503246236,-0.11101853255319089,23.271244868915016,14579.23617781392,-102.14904963910315,407.74178949080147,2.5431919887832137,0.782170772838116,26.41123702671034
2021-07,25472431.605140444,24319598.46344957,3.3305409682282345,3.8224376433981075,8.651299800086834,1.0684177069793335,1.4659316121564778,0.9367537217686693,0.1171959974465304,52.58190402659617,0.31716634394154375,139.1622722011463,-3.1153813533607675,-0.5502593018148061,-0.49445661233295135,-0.2599179017376975,-0.6208677184967715,-0.5469546441210411,-1.2256386264360852,-1.1921855618740582,-0.13922144437568504,21.47294275655541,15030.055952471897,-185.98508561724094,436.5279485302806,2.5823726678410424,0.7515400796572611,24.659841792678087
2021-08,24009702.893795546,22922693.789048865,3.343224902628008,3.8278862108300644,8.563941349093001,1.059286791080598,1.4691769949151459,0.9453252193216515,0.11938441090359025,50.558472307789586,0.3254107279502276,138.38407004437857,-3.5096498554338798,-0.6301952702159248,-0.5248555833157384,-0.28778158052115155,-0.6628592934353659,-0.6717599032978182,-1.3636902044032322,-1.3267738076028766,-0.1682570181746592,19.5430659057351,15436.014849589918,-264.83103850504773,456.5090650239033,2.637664098957857,0.7291181929847739,22.96368207436872
2021-09,22602409.587171268,21578744.008416764,3.3700553704689638,3.829106484003924,8.492529490595762,1.0545728213993182,1.4733385391804927,0.9559102234596859,0.12150833996783642,47.278575711209974,0.33390052461953607,131.51387327524625,-3.863617238706664,-0.699904777510454,-0.5424503581307747,-0.30805286628062556,-0.6963803451370397,-0.788152323477983,-1.4817581446015675,-1.4414468336607267,-0.19137511204849617,17.474643095724776,15798.952877708438,-330.8081032009224,466.95884098044667,2.7057964639942544,0.7145285843899921,21.275913654659227
2021-10,21249506.281794284,20286750.241795372,3.4176068099217547,3.8222203970702795,8.429014094350373,1.054865884684187,1.47870623443389,0.9680422256201263,0.12353438557662286,42.96711665354202,0.3423332012533277,119.84683701516978,-4.16918944939097,-0.7569599715302167,-0.5501875967903841,-0.32157009453573343,-0.719109472414435,-0.8882364698757919,-1.574658889362022,-1.52964160194297,-0.21201730655349457,15.950839940843736,16061.677415983855,-376.020380238182,468.7850332649223,2.783441698607185,0.7071673943729889,19.78280300398091
2021-11,19949947.571201168,19045713.609282255,3.4879467889016142,3.794890331967891,8.374595410859014,1.0660498621000432,1.488158948218931,0.981254898455919,0.125436470497232,37.85742651501461,0.3504380462061404,105.49033385634587,-4.436392878245116,-0.8014260366020964,-0.563750696290321,-0.3314459092992585,-0.7378135197416577,-0.9836074560675461,-1.6570483235855704,-1.6079339272586997,-0.2340038073713883,14.47754190322549,16206.220924152216,-392.80234368567017,464.61154603400274,2.867319158800606,0.7062437051164964,18.428658855650998
2021-12,18702688.050731327,17854635.23214198,3.5125467381564395,3.7975824804467053,8.332305033791018,1.0634604023113123,1.4888054595188998,0.9950960664244546,0.12719589578086327,32.1834052352295,0.3579811083274876,91.34950992865396,-4.6207024796964955,-0.8360200221187254,-0.5804565038215547,-0.3395830559874533,-0.7587953946339083,-1.0731490902780985,-1.731727440789197,-1.6837207432250956,-0.251577697366351,12.689447412272303,16297.318866579171,-373.93465101183943,458.80082944015504,2.9542892982106674,0.7108213973521581,17.226759560984544
2022-01,17506682.315186534,16712516.230351476,3.644663681031089,3.827499480734237,8.397004723726093,1.0639695103221152,1.4747303527533047,0.910957436703403,0.12660119705270553,26.147100177566013,0.35493423119687545,78.27347371707162,-4.251047764791842,-0.7720000629701297,-0.5293742013450182,-0.34371467053720506,-0.6995013441979168,-0.9406837115392527,-1.6341081155687849,-1.506379050948099,-0.2216088991808269,11.277320615146266,16109.496597466057,-327.9061857050366,458.3619774014875,3.225600411443403,0.5975057197536889,16.7247533148552
2022-02,16360884.960040625,15618357.725029478,3.798967012377341,3.851167508750988,8.476005737855877,1.0697764055921744,1.4616960467216702,0.9149206528633547,0.1278259757457824,20.011285940871897,0.3598230945534182,65.28022345333537,-3.714873181573898,-0.7036906483072898,-0.46976816331578497,-0.3419856987058654,-0.6304491112395868,-0.7863228017381139,-1.5130442820933505,-1.306339696380359,-0.1900117114984304,10.047836879378446,15800.188576240273,-272.27221218076295,460.10146556164204,3.5130124010195627,0.5975763763524559,16.768429118993136
2022-03,15264250.580208087,14571160.835988794,3.9445238605176476,3.8765843343035344,8.570796185607005,1.0763637152174623,1.447469652001549,0.9225837817014105,0.1289884127971781,13.951048497631035,0.36411857948770415,54.10534750727269,-3.160979414060531,-0.6293652456515152,-0.4050185138200015,-0.3364916590164838,-0.5527872914799022,-0.6163789755749455,-1.3754889332026592,-1.0891085538679823,-0.15324255661932065,9.024091410906053,15462.237784449859,-206.94836862249375,463.5604997809319,3.8144178196175194,0.6051559890707726,17.007443569647485
2022-04,14215733.769952562,13569926.684172517,4.078174653368394,3.9014392432317204,8.66754165581481,1.0825170762636978,1.4330923675233933,0.9333989600746184,0.13009010383951888,8.14106681490533,0.36772698673393045,46.099672928898094,-2.502417376506685,-0.5365383745817726,-0.3366014402291963,-0.32903213181554586,-0.4632290151017891,-0.4120476353408457,-1.2092969755249572,-0.8334911121408038,-0.11054239183954223,8.403906079953718,15091.54671980499,-135.06228052637664,467.6674962198648,4.113125161777155,0.6188157592251344,17.393320175846974
2022-05,13214289.124124011,12613656.390512692,4.229458622123015,3.9143586538201363,8.77794127135739,1.0940404659073988,1.4201782435173518,0.946778485208267,0.13113538922244,2.730911223025034,0.37058445322351613,42.15481022659402,-1.7938094479030227,-0.436315926821551,-0.2647236461405958,-0.3190322979102353,-0.3803420476784336,-0.19585704647993046,-1.0352515954392767,-0.5689075130021191,-0.0687212036925554,7.646913766798006,14685.714177830458,-59.637163172079966,471.38814717730844,4.405859681457513,0.6370533136173061,17.862522670351105
2022-06,12258871.236954594,11701351.074603466,4.368146534928482,3.9393126618951064,8.90387253803499,1.1015241334495076,1.4030801144863936,0.9621164289623026,0.13213095565039581,-2.156950396827983,0.3726558842974378,42.62710748872253,-1.0852278682226362,-0.3368277023527051,-0.19256710287663742,-0.3069119218581488,-0.2960734730670606,0.02807466069929114,-0.851805568418986,-0.3027252269872392,-0.027382338979490585,7.278146604953926,14247.132244518467,16.505324994949437,473.8189104596885,4.680269958716109,0.6583445575017415,18.523749608094292
2022-07,11348434.703293482,10832011.85844706,4.465120966575548,3.9886414441757263,9.04466848338378,1.0981791880739202,1.3794839059339394,0.9788086378220656,0.1330854066760442,-6.428133970650858,0.37393312977504417,47.28526697997651,-0.3910991515436093,-0.2243269564801626,-0.12048425489277578,-0.2957702000255264,-0.2147647463948132,0.26743287061961185,-0.6587650747381548,-0.02197230019423016,0.019618147791652458,7.487470094045635,13770.34355040212,90.82646771942741,474.26722679203993,4.929956109477363,0.681190992622681,19.33120556292033
2022-08,10481934.118699677,10004639.861552883,4.560178219430641,4.026578925853013,9.16868028121618,1.097945948593674,1.3597784169687126,0.9962706788311905,0.13400881932884642,-10.01637993966192,0.3744325341116385,55.2808294067058,0.28032151269382316,-0.11501885674046948,-0.05301371612051703,-0.2822923189454005,-0.13800494812794606,0.4825097423893121,-0.4764472423932621,0.23466128026530486,0.06475973379193162,7.275570465506805,13291.789240685344,161.1352493758748,472.317386046395,5.1498999618681705,0.7041615368028462,20.060768675276158
2022-09,9658324.078204263,9218236.205801537,4.656425409677306,4.05110874081698,9.280649632038854,1.1019202063336424,1.344716478170947,1.013953399974467,0.13491230018650302,-12.88274616172202,0.37419199621122434,65.14012467756099,0.8885509643266977,-0.018804539332531595,0.007547484898131361,-0.2664497124449252,-0.07060855462392727,0.6712757963703629,-0.31253716878106075,0.45887787387092727,0.10449802205842493,7.194210351756652,12807.505383619688,225.6362066474012,467.8815013269227,5.336477430153852,0.7259281384609094,21.14069256903812
2022-10,8876559.176212262,8471802.01055128,4.727096265978985,4.056125819540041,9.354257851178094,1.1103059711196046,1.3380196998578298,1.0313558760241819,0.13580755577279888,-15.014062000574446,0.37326767705451486,74.77578382300383,1.4144017965564837,0.06100706011458845,0.057182901107970974,-0.24981837664114964,-0.014869241501592564,0.8331270694221977,-0.17573101725664775,0.6483073953198596,0.14057361308651617,7.241318272928817,12396.262475352005,282.9606283883529,461.23555099559,5.487427828696348,0.745294738469339,22.23924757675274
2022-11,8135594.007733094,7764338.396859509,4.765161018951128,4.066203649454595,9.424334898738069,1.1138301140833824,1.3298202155602894,1.0480356125081998,0.1367064869972812,-16.4207638606544,0.3717304889918409,81.51551076691229,1.8836374811565966,0.13784466446355884,0.09948420362358748,-0.23530219567851715,0.03384891370355646,0.9895934279161831,-0.04509754749697664,0.8241237765443029,0.17412176158920278,7.493917519695901,12009.244648350532,332.1818330045588,453.0409004785229,5.601785352513706,0.7612193767428457,23.38597803549331
2022-12,7434383.16677985,7094846.485261132,4.807471407687521,4.078479491764056,9.505882776439904,1.117132381038281,1.3206668049456942,1.06361597704857,0.1376208188493968,-17.134238957296724,0.369662492615679,82.14552469742252,2.283185119402,0.20446484566372541,0.13515758595893473,-0.22201601990179243,0.07007998511708388,1.1179162614132845,0.06322770409163667,0.9697562911999728,0.19860402213394468,7.567305983195399,11686.71607919869,372.8156571530074,444.35211036180675,5.679778563363916,0.7728294648967162,24.408869135495024
2023-01,6771881.248598535,6462327.396334758,4.898881193759649,4.0998412865496485,9.653210875538358,1.1149113321665411,1.3149497761041877,0.9745101512234461,0.12453478946081899,-17.184170788255916,0.348315841598663,77.57093903395905,2.457805609310803,0.24508157418396354,0.1623655943719792,-0.2041591209356864,0.09235864089574605,1.1086052640982773,0.10166903107863953,1.0209977758840765,0.20555375330019401,7.6902530875590855,11473.90774518607,404.01024809202084,436.5818515359081,6.161454096218188,0.7004730745882982,24.149514229831723
2023-02,6147042.848147394,5865782.250710979,4.989896020711775,4.103820228010194,9.776708934330816,1.117696954876979,1.3141456266337062,0.9766387713641312,0.12409931406727437,-16.671768812611507,0.3435610136753887,71.09261701342317,2.541518195879402,0.27556212639665895,0.18355589757255983,-0.18705898321812037,0.10600973524966961,1.0813594168018223,0.12816440639458293,1.0468906100732476,0.2060991728108126,7.6337145554496315,11314.373360519132,425.3428027603724,430.632552214522,6.657201786310487,0.6935944230430732,23.802744650139797
2023-03,5558822.560166947,5304212.169078249,5.059722833987336,4.130728953764378,9.919270877514103,1.1095277917300639,1.3075901605312616,0.9814190680498239,0.12431488514106599,-15.655244667623196,0.3393653221441802,63.163946471438166,2.532728146334759,0.299272673946185,0.19828435033590558,-0.17215340043576735,0.11002378695071074,1.0296670790809583,0.13772913884709448,1.048155575151304,0.201460601366045,7.362901773297634,11185.489356503313,437.66372294107765,426.4572523618388,7.14865865381424,0.6842589001610783,23.35642133271287
2023-04,5006174.979539535,4776618.271926444,5.13173509244572,4.115505769760212,9.98992177527364,1.1153283315259384,1.3151377930931238,0.9884936642354526,0.12515355038324646,-14.21725087111502,0.33577279651176717,54.25976338900852,2.429601921304538,0.30666931572237294,0.2020308460028396,-0.15840260601857664,0.10361180902312643,0.943689590479752,0.11639557271894205,1.0095666868470157,0.19168913179477273,7.574383216171906,11119.397026193976,441.75878692647996,423.85297639356884,7.624218408253191,0.6720951175524507,22.799953433747252
2023-05,4488054.70104868,4282001.679912026,5.182737526364894,4.125567967703656,10.097414645299015,1.1110282224564474,1.317354725586006,0.9974720180454548,0.1265726149897115,-12.444819955974209,0.3328048219872424,44.84825708694158,2.2579197966182023,0.3064659788092709,0.19894376547299508,-0.14675861031254767,0.08871686023760675,0.8346221798342738,0.0747326879020366,0.9466656843577457,0.17832794800678453,7.576360018283595,11104.294223129755,438.5548885015477,422.5517818513188,8.069120635000651,0.6568127089781123,22.118016626165772
2023-06,4003416.319495449,3819363.51362169,5.216199154301205,4.161981012411646,10.232630961962881,1.095484071120212,1.3119423403720198,1.0079454548630933,0.1285174024758387,-10.426280673718255,0.3304617622255528,35.37016861986309,2.022110408351954,0.2988004476332009,0.19566920350194514,-0.13972791040774515,0.06682738714351083,0.7095955778283151,0.0194975621297606,0.8696847880366703,0.1632497747673916,7.463606672935607,11172.510835978064,429.0572162510622,422.2495238647542,8.473084020023347,0.6382023624918644,21.23554447025747
2023-07,3551214.4298326774,3387704.893561737,5.248575795754848,4.186002969706488,10.335844783201473,1.083275674373994,1.3112485507082716,1.019501240223075,0.13092409955907802,-8.248443691116346,0.32872505041326555,26.220892782796547,1.7283763932117722,0.2742104955657419,0.18119599933294184,-0.13360518932119056,0.03907199080451918,0.5672539646581027,-0.05828244239918065,0.7673995787866024,0.14145096313891622,7.260520461934349,11309.6254223622,414.2903661280934,422.6328291839035,8.828083545943073,0.6161334185594853,20.220466832932274
2023-08,3130403.626791203,2986026.940410927,5.267903752480482,4.194465234900651,10.401138654260162,1.0760356980211776,1.3150121762796503,1.0317353668503664,0.13372259022722108,-5.99411426005114,0.32755963938980914,17.73573030275277,1.3989998984992553,0.23821489661805656,0.16064348027085062,-0.1288170807236557,0.006155687955291122,0.4149335727551687,-0.15014173796325234,0.6450228964679433,0.1170600427391209,7.329168924885186,11482.622357437054,395.24476052457874,423.4036496796206,9.128365612892534,0.5905493481335596,19.17253008675163
2023-09,2739938.50524014,2613330.7747828704,5.276588207259138,4.180894405678378,10.40947894180518,1.0754130621230076,1.3234218295155014,1.0442638013794174,0.1368391953217332,-3.739973782640921,0.3269167009370041,10.178417633730792,1.0669795611830124,0.20289275083659805,0.13815466842684299,-0.12563105400416466,-0.02981168536767287,0.2769658939298729,-0.2349792979320193,0.5238225715071118,0.09264920510713148,7.102002473804385,11615.602983481313,372.8294506026781,424.3009007663775,9.37039350476027,0.5614614590762197,18.378706654286503
2023-10,2378773.6599469795,2268617.5172141334,5.270251151852154,4.176391118167982,10.410127631041538,1.0704663767709646,1.3292466947423023,1.056732007444181,0.1401992456471421,-1.5548569349524954,0.3267364688013694,3.732950699399085,0.7327991548629035,0.17182339684818748,0.11541305083443083,-0.12508449135649777,-0.06762831480731027,0.1532548864992106,-0.313848312005949,0.41143089505715,0.07007109074512707,7.400425926917532,11778.414521416706,347.8320796118872,425.11882701746737,9.552731802298426,0.5289411971923272,17.63608656833929
2023-11,2045863.6858247253,1950888.288285846,5.259254118260304,4.174858918953585,10.404971579193015,1.0652902968409967,1.3364366378241541,1.0688226310891429,0.14372942691059584,0.5015635190556624,0.32695112532525716,-1.5013815205814227,0.36806698863891835,0.13021787807317234,0.08708017895622697,-0.12575812227290267,-0.10360935111876461,0.01885094757663819,-0.4077154316723073,0.28605187332046994,0.046522543236969305,7.1263859236218385,11981.76302571606,320.88649203281875,425.72187141292426,9.675879316013814,0.49311141269105424,16.868966267836623
2023-12,1740163.1776899553,1659144.2086318117,5.23774701752983,4.17204733766202,10.385551307593554,1.0608578313487957,1.3436802679330961,1.080261302496934,0.14735984985038636,2.3796855384113345,0.3274876411869984,-5.511925555546437,-0.0026914567918358,0.08979755475346353,0.05762209434715669,-0.12748482486948,-0.13966387492551058,-0.11125204346097613,-0.5014941406118605,0.16150799985784378,0.025113247212518224,7.10367500953706,12174.092245913997,292.4481958256726,426.0559516414477,9.74206069887725,0.45413695796917686,16.078681637849122
2024-01,1460626.7302479635,1392386.3988142265,5.234626565716508,4.170233327139752,10.370554391726232,1.055899866305351,1.353325030673151,1.1333443291990382,0.13086823930068622,4.031958570569099,0.29529032643695563,-8.331004528348556,-0.47385840446575944,-0.018453881806878306,0.014728861228578728,-0.1365917046903152,-0.17296322606381664,-0.25215334855099975,-0.6291868385591025,-0.004682940334255065,-0.014499898945863298,6.750333269984647,12873.801154114719,264.91905238547093,426.4052432478754,9.776653789198024,0.418356844280412,15.328671775224896
2024-02,1206208.938472732,1149615.9793139733,5.2252640102330234,4.166303524945518,10.345397718993857,1.0512732706970902,1.3626051798990058,1.1471308689249609,0.13248038446693552,5.446310281644014,0.2929206045088084,-11.125062163020006,-0.9297005888483179,-0.1314885160069796,-0.029182610654998796,-0.14746211455835742,-0.20190236535637762,-0.377049631585491,-0.7535179786948473,-0.16136864119711636,-0.05390774482003077,6.521815706297936,13668.562661771928,218.8937728390253,427.99506288722404,9.765112956820781,0.37432592108211116,14.573291628906347
2024-03,975864.3971208417,929834.0709143262,5.215908157490896,4.160832022682341,10.303220434774902,1.0474108656687429,1.3721662307353049,1.1578979096105424,0.13488837963255185,6.597694345642117,0.2920699118682117,-15.41346201673371,-1.372099739047171,-0.24742685556686142,-0.06793707499056861,-0.1580247652728447,-0.22759427533899115,-0.4927474986089684,-0.8718017948661722,-0.313937319957778,-0.09129706783218057,6.220528761090957,14460.41055171026,71.03953832205346,430.5341823160211,9.712397818986638,0.3275352727211771,13.932513857152465
2024-04,768547.7009605153,732041.7940872142,5.202049554548254,4.150143526795012,10.255502911244596,1.0435881891631678,1.3817440339559148,1.1656746580092499,0.13799827988262997,7.478405345591146,0.29258417777562823,-21.922766904274035,-1.7796877250947238,-0.36639279120374924,-0.10919540387286439,-0.1709868346976979,-0.2498233041631736,-0.586569742161829,-0.9816984756743795,-0.45440904526364023,-0.12887070149814994,6.073212980861948,15226.80206540345,-253.59931732288283,433.4395540154578,9.624207260376311,0.27823784134470114,13.461394307459395
2024-05,583213.444907406,555240.2694701968,5.1804903165134295,4.173264520402566,10.253209815329985,1.0288092544232552,1.3831167677557865,1.1705770265878088,0.14170570569122137,8.090045246987538,0.2942836429290343,-30.998347711732105,-2.1075779044346796,-0.4769806848908358,-0.14488429880074466,-0.1856774470691349,-0.2700807177000426,-0.6376540034045487,-1.0746513642615347,-0.5559009863810069,-0.1621670172825779,6.119165722639982,15991.658778765217,-801.519310253639,436.18503007748717,9.506734539825727,0.22668859858553173,13.296700016011851
2024-06,418816.2236523855,398430.6176307752,5.167724322546684,4.168693635787287,10.211509440346934,1.0253576485046363,1.3897956909329976,1.1727954844708774,0.145900023628217,8.442579419554665,0.2969708209692288,-42.5527065186924,-2.3968327452675995,-0.5767699857124886,-0.17751331241181456,-0.19720504001135408,-0.28479416130222346,-0.67220856192086,-1.1550384218721284,-0.6416703253552067,-0.1902970785600857,6.074139885151013,16732.593419527853,-1585.0736763337104,438.34525041098897,9.366432055145431,0.17313611719471333,13.180743649528706
2024-07,274310.6321532955,260613.95918637258,5.163859842650213,4.149308065899917,10.13402894526178,1.0292419232027403,1.3993549013444977,1.172581887151513,0.1504682966826665,8.553236154338439,0.30043819561632695,-56.0319534736959,-2.6349568609791993,-0.6615778678406015,-0.20595950150942305,-0.20636548303901076,-0.2968329371751195,-0.6871503009679143,-1.2198501723754989,-0.7079190362713303,-0.21316057050304016,5.74842576826641,17387.916915328384,-2578.3809527657636,439.63211850281084,9.209791857288803,0.11781517747713537,13.239882402808016
2024-08,148651.2651495157,140791.41468081906,5.152461383213883,4.159531044434287,10.100313472927288,1.0233207437049516,1.4012515441745126,1.1702357815695397,0.15529890928119108,8.445298341653682,0.30447544909022545,-70.39962773778817,-2.8188499757502634,-0.7382000945806849,-0.229182505591988,-0.21750019344273144,-0.30562345269547236,-0.6955016661212258,-1.2774256811772673,-0.7576894387877018,-0.232963550536608,5.610255290032275,17961.59802608901,-3714.7897426516383,439.9235117083662,9.040438590089172,0.06094052698700114,13.242963714475152
2024-09,40792.7174306284,37964.104731396306,5.138425212094769,4.167828373572191,10.074333328738426,1.0174351980757932,1.4017840239462906,1.1660906497086776,0.1602847893714275,8.146834343647791,0.3088760518640274,-84.13661346433756,-2.9455449442917128,-0.8018511600393396,-0.2479577571085368,-0.2279390841027981,-0.30755672509292575,-0.6887444885955694,-1.319161307453541,-0.787714231978805,-0.2480841305507208,5.1769608675105845,18503.361699290905,-4885.820100659377,439.2841412871151,8.86680749189683,0.0027018648762703046,13.252649768141323
2024-10,-50310.41615328903,-48866.850065026054,5.1351001152347235,4.16323992762914,10.030140735956298,1.018262905407277,1.4045874390925022,1.1605005096226413,0.16532617229149746,7.689412214633054,0.3134430796945283,-95.25554383110187,-3.0401526602302664,-0.8530133043609487,-0.2626405159701746,-0.23593493750377414,-0.3043276664478461,-0.6797792123146115,-1.3472015815285812,-0.8120573073614337,-0.25909881146690067,4.986470394625745,18916.21492699388,-5941.46563664656,437.9787214043757,8.694535278756819,-0.05673992040967556,13.335673935496635
2024-11,-125703.54077521601,-120700.32912285539,5.130477343593641,4.156898775881518,9.983706047293694,1.019994888313394,1.4069444941613176,1.153827240736529,0.17033286916081544,7.1068375094108,0.3179941606611433,-101.32781219965672,-3.0880256767580567,-0.8960419959995682,-0.27316965564654344,-0.2440797836295394,-0.29901636387383895,-0.6617218613223109,-1.3662231620102598,-0.8219143174249565,-0.2674568301574555,4.698509857200618,19256.543714216747,-6691.711202755628,436.4778211557789,8.528654228558102,-0.11725527272473657,13.404236609751518
2024-12,-186432.06162269381,-178535.21184321612,5.118208018478858,4.181895886142214,9.99084034497854,1.0111609328794977,1.4010505983684118,1.1464289408369326,0.1752260209283772,6.433950185318449,0.32236549116126245,-99.52111935106639,-3.0800572530003265,-0.925426604124339,-0.2771942632658791,-0.25234580063384193,-0.2907621008910173,-0.6353232783195711,-1.3727546632034626,-0.8146246262793783,-0.2708840632742313,4.634531744391985,19514.85941399082,-6909.099073971121,435.45695575436844,8.373501656512515,-0.17874729840654938,13.508601524288368
2025-01,-233071.79507874302,-222922.6757862443,5.150776951341186,4.123727040382573,9.858723557455546,1.0249937501626059,1.4132174755237443,1.0926279747421879,0.19146314367133146,5.707559994845778,0.3403892354865318,-89.17109315140307,-3.025506720278359,-0.9487259755529024,-0.28635584160530475,-0.25623082505869893,-0.2723358334097474,-0.5651916458475182,-1.3445777917712416,-0.7877491201999766,-0.2763011265611025,4.934986702722456,20002.744756567765,-6364.597245345931,435.707262007468,8.11546232233611,-0.19869346680798441,14.216901434742882
2025-02,-266331.386499825,-254540.73053338233,5.190425857157046,4.085195384047419,9.772647777281184,1.0279510058625252,1.4189552293278314,1.080123954914652,0.19706867820985033,4.954997671465001,0.3454220112646783,224.33029793483604,-2.9289257388302383,-0.9597791916420224,-0.2921953198026287,-0.25815434043930924,-0.25103383043431204,-0.4837773364672451,-1.3038153197191054,-0.7454157777725158,-0.2786488007124535,5.903237473438207,20418.504023889982,-4830.330130472881,438.0956847980336,7.862717597367265,-0.25673280332503645,14.931618394509657
2025-03,-287446.799964804,-274570.1940838051,5.225031375726609,4.073948318714359,9.755417072305823,1.0186038634265766,1.4162172356416745,1.0698132395024302,0.20187644314822184,4.209760859518352,0.3493306459170698,3065.4952720744063,-2.8110905209320216,-0.9827247860629698,-0.29932048562614144,-0.26352808880867923,-0.22531955703339085,-0.40265332936098186,-1.2578818564506093,-0.7087898679246255,-0.2865153116072958,6.902411497479236,20817.286568863277,-2044.5748662729513,443.64941334360157,7.6223203624342855,-0.3166947957306322,15.775518041264464
2025-04,-297679.14966934104,-284215.8126216714,5.265556793327418,4.038035568133174,9.698980657788825,1.0213537804114257,1.418996634694883,1.0618309883363575,0.20588829297830955,3.500303729920817,0.3520833649767101,13604.397306837787,-2.6383962182956666,-0.9857250049399332,-0.3011914766985187,-0.26556615091685193,-0.19979853590156008,-0.29547900005451555,-1.1919883610454447,-0.6471866342437856,-0.287845593544435,7.480250319511785,21165.993019073343,2266.8693673951752,453.5046014243047,7.400247785581574,-0.3784320200737494,17.009245677205858
2025-05,-298298.5083243442,-284690.80709010095,5.308531466568324,3.9981487410361125,9.638813893269862,1.024220576435447,1.4222176002319245,1.0562289145368011,0.20913086433603917,2.8518461759854112,0.35368612472108507,40166.345550919694,-2.465107865334077,-0.9742443711710023,-0.3006339970327026,-0.26429868478670177,-0.17647660349586558,-0.2040040465370604,-1.1315674942694334,-0.585325917793716,-0.28522664257152724,7.830261386035725,21491.212429290208,8386.703409374633,468.88737908820843,7.201329578306687,-0.44180430502034235,17.825779915536934
2025-06,-290569.0659431166,-277202.71080898447,5.3508649923380895,3.9744966246176734,9.616044319344699,1.0213650141240027,1.4209629084683042,1.0529820775510965,0.21165230336791468,2.285967464213984,0.35417866070938997,94304.67191806583,-2.2860717936586243,-0.9643275927838344,-0.29946653435248705,-0.2639422472159656,-0.15336977121586454,-0.11801686857523892,-1.0709598791729404,-0.526301535304842,-0.28454257176876446,8.4176180498762,21712.321276906674,16602.292970174905,491.0941009340756,7.029217849870089,-0.5066826557116658,18.642204376368795
2025-07,-275735.94929491833,-262940.7940083101,5.389822738740736,3.9689430256625484,9.63695050203171,1.011266473149983,1.4151162916769966,1.0519972959374295,0.2135186753355652,1.8203497378932796,0.35362991752758266,190769.39887495534,-2.0528041303509577,-0.9517464373418683,-0.2943062256897184,-0.26482091914582406,-0.1294489750573877,0.005043465477657563,-0.9925113197909085,-0.43848179847571017,-0.283635676343215,8.901646869486342,21839.541380554296,27202.077058889907,521.4714627573337,6.886395304241048,-0.5729524497125069,19.61374641372641
2025-08,-255013.93124919233,-243065.2937463539,5.435246288090895,3.940999027593059,9.600611511469069,1.0126605687888655,1.4165087971745098,1.0531227664270064,0.2148101948363837,1.4686640849478476,0.35213305974812864,347383.1396399073,-1.8305609693735292,-0.9162452359238428,-0.28518552337253517,-0.26110856486832196,-0.1095947558330369,0.11031427994093466,-0.9147747651433523,-0.35435332563522015,-0.27525299866992403,9.359750673720878,21814.895351620526,40472.30336156671,561.397096374546,6.788265220397679,-0.6405158824218887,20.998746792336473
2025-09,-229578.17982856315,-218698.5918757027,5.480940222043311,3.9149875839027275,9.564920095568622,1.0148940770301937,1.4180287014470365,1.0561584795048156,0.21561740980202884,1.240588329878523,0.34980025473417614,584837.2306491669,-1.6185210588726378,-0.8726522823299045,-0.2742349004858941,-0.25625685502252044,-0.09259675896613007,0.203499097789656,-0.8478378302062513,-0.2660685646797226,-0.2646569419738644,10.375578849820336,21822.35235133152,56694.155823128836,612.2611768548007,6.722172640286717,-0.7092936633076757,21.90980416661543
2025-10,-200557.12050314003,-190918.41084994553,5.516172666129187,3.9077033184043466,9.572724172911158,1.0122836030364835,1.4148179054688994,1.0608670397196993,0.21603745584704862,1.1419428448397753,0.3467574074095936,926422.1891780255,-1.4340836456556563,-0.849216247675463,-0.26535725025334034,-0.25507513415062344,-0.07739429692693003,0.28076402331981554,-0.7841028396166728,-0.20522225528938315,-0.26028665300819487,10.233793206645236,21760.30093273147,76141.32140384088,675.449492717386,6.686790886958249,-0.7792259870956538,22.782152183668032
2025-11,-169027.414181775,-160753.0295811357,5.5529203200526,3.889102876443674,9.545890179992108,1.0154624475710499,1.416030394764509,1.0669845258015036,0.21617048844215495,1.1749285030797094,0.34313900945518155,1397707.1495586573,-1.2655494881007034,-0.8063755639562017,-0.25291095950644177,-0.24862235241139743,-0.0669613270138421,0.3486036744773646,-0.726806322827552,-0.1370297428193961,-0.24934668164884644,10.67374505908829,21703.52066670948,99078.02501436649,752.3283407031911,6.679999324463881,-0.8502728231519644,23.35969604210533
2025-12,-135988.59068771324,-129157.31970684277,5.5851571122720935,3.8667851710257577,9.507715151555198,1.022763762285028,1.4187905901476223,1.0742222454310826,0.21610216391448597,1.3362910590432588,0.3390886794925552,2018686.6872644664,-1.1571088785482249,-0.7633393986901804,-0.2412692885290398,-0.2411395823837521,-0.06077579567164769,0.37533443717483783,-0.6911295893825167,-0.09392581288182587,-0.23844355274596749,11.12211119251439,21438.663138788404,125556.98817140856,843.46988390932,6.692066691785034,-0.922001000228085,23.41585557583574
