0	0	0	0	0	0	0	0	0	0	0	0	0	0	0	0	0	0	0	0	0	0	0	0	0	0	0	0	0	1	0	0	1	0	0	0	0	2	1	0	0	0	0	0	0	0	0	0	0	0	0	0	0	0	0	0	0	0	0	0	0	0	0	0	0	0	0	0	0	0	0	0	0	0	0	1	0	0	0	0	0	0	0	0	0	0	0	0	0	0	0	0	0	0	0	0	0	0	0	0	0	0	0	0	0	0	0	0	0	0	0	0	0	0	5	0	0	0	0	0	0	0	0	0	0	0	0	1	0	0	0	0	0	0	0	0	0	0	0	0	0	0	0	2	0	0	0	0	0	0	0	8	6	1	0	0	0	0	0	1	0	0	0	0	0	1	0	0	0	0	0	0	0	0	0	0	0	0	1	0	0	2	0	0	1	0	0	0	0	13	0	0	0	0	0	0	0	0	0	0	0	0	0	0	0	0	0	0	0	0	0	0	0	0	0	0	0	0	0	0	0	0	0	0	0	0	0	0	2	0	0	0	0	0	0	0	0	0	0	0	0	0	0	0	0	0	0	0	0	0	0	0	0	1	0	0	0	2	0	0	0	0	0	0	2	7	0	0	0	0	0	0	0	0	0	0	0	0	0	0	0	0	0	0	0	0	0	0	0	0	0	0	0	0	0	0	0	0	0	0	0	0	0	0	0	0	0	0	0	0	0	0	0	0	0	0	0	0	0	0	0	0	0	0	0	0	0	0	0	0	0	0	0	0	0	0	0	0	0	0	0	0	0	0	0	0	0	0	0	0	0	0	0	0	0	0	0	0	0	0	0	0	0	0	0	0	0	0	0	0	0	0	0	0	0	0	0	0	0	0	2	0	0	0	0	0	0	0	0	0	0	0	0	0	0	0	0	0	0	0	0	0	0	0	0	0	0	0	0	0	0	0	0	0	0	0	0	2	0	0	0	0	0	0	0	0	0	0	0	0	0	0	0	0	0	0	0	0	0	0	0	0	0	0	0	0	0	0	0	0	0	0	0	0	0	0	0	0	0	0	0	0	0	0	0	0	0	0	0	1	0	0	0	0	0	0	0	0	0	0	0	0	0	0	0	0	0	0	0	0	0	0	0	1	5	0	0	0	0	0	0	0	0	0	0	0	0	1	0	0	0	0	0	0	0	0	0	0	0	0	1	0	0	2	0	0	0	0	0	0	0	9	0	0	0	0	0	0	0	0	0	0	0	0	0	0	0	0	0	0	0	0	0	0	0	0	0	0	0	0	0	0	0	0	0	0	0	0	0	0	0	0	0	0	0	0	0	0	0	0	0	0	0	0	0	0	0	0	0	0	0	0	0	0	0	0	0	0	0	0	0	0	0	0	0	0	0	0	0	0	0	0	0	0	0	0	0	0	0	0	0	0	0	0	0	0	0	0	0	0	0	0	0	0	0	0	0	0	0	0	0	0	0	0	0	0	0	0	0	0	0	0	0	0	0	0	0	0	0	0	0	0	0	0	0	0	0	0	0	0	0	0	0	0	0	0	0	0	0	0	0	0	0	0	0	0	0	0	0	0	0	0	0	0	0	0	0	0	0	0	0	0	0	0	0	0	0	0	0	0	0	0	0	0	0	0	0	0	0	0	0	0	0	0	0	0	0	0	0	0	0	0	0	0	0	0	0	0	0	0	0	0	0	0	0	0	0	0	0	0	0	0	0	0	0	0	0	0	0	0	0	0	0	0	0	0	0	0	0	0	0	0	0	0	0	0	0	0	0	0	0	0	0	0	0	0	0	0	0	0	0	0	0	0	0	0	0	0	0	0	0	0	0	0	0	0	0	0	0	0	0	0	0	0	0	0	0	0	0	0	0	0	0	0	0	0	0	0	0	0	0	0	0	0	0	0	0	0	0	0	0	0	0	0	0	0	0	0	0	0	0	0	0	0	0	0	0	0	0	0	0	0	0	0	0	0	0	0	0	0	0	0	0	0	0	0	0	0	0	0	0	0	0	0	0	0	0	0	0	0	0	0	0	0	0	0	0	0	0	0	0	0	0	0	0	0	0	0	0	0	0	0	0	0	0	0	0	0	0	0	0	0	0	0	0	0	0	0	0	0	0	0	0	0	0	0	0	0	0	0	0	0	0	0	0	0	0	0	0	0	2	1	1	0	0	0	1	1	0	0	0	0	0	0	0	0	1	1	0	0	0	0	0	0	0	0	0	1	0	1	0	0	1	1	0	0	0	12	34	17	0	61	2	0	0	0	2512	0	0	2	233	11	1	3	0	3	0	0	0	0	34	2	12	0	0	0	0	0	0	0	0	0	0	0	0	9	0	0	0	0	0	0	2	0	0	0	0	0	1	318	269	80	36	0	36	88	55	2	147	36	150	0	4	57	3	6	19	3	0	141	83	8	302	0	7	0	38	1	16	4	58	39	0	36	3	2045	1	1	1	0	0	0	1	0	0	0	1	0	0	0	0	0	0	0	5	0	0	0	0	0	0	0	0	0	0	0	0	1	0	0	0	0	11	0	174	157	0	2	9	14	187	2	39	6	7	0	0	0	8	0	0	0	0	0	13	0	0	2	2	2	7	1	0	8	3	0	2	0	0	10	0	7	0	0	0	3	9	0	0	0	0	56	0	0	0	7	3	0	2	0	0	0	0	0	0	0	0	76	0	2	0	0	0	9	14	5	0	1	2	0	0	6	0	0	0	0	0	0	0	0	1	0	0	0	5	5	0	0	1	0	0	0	0	0	0	0	0	0	0	0	0	0	70	0	0	201	0	0	0	0	0	3	8	66	3134	0	0	0	0	0	0	0	24	55	0	54	0	7168	13	17	1	8	1	71	13	4	1	9	59	3	9	7	0	19	7	0	3	63	79	1	1	1	0	11	1	60	0	1	22	0	2	3	3	86	3	2	11	6	6	0	1	31
2	0	0	0	0	0	0	0	0	0	0	0	0	0	0	0	0	0	0	0	0	0	0	0	0	0	0	0	0	0	0	0	0	0	0	0	0	2	0	0	0	0	0	0	0	0	0	0	0	0	0	0	0	0	0	0	0	0	0	0	0	0	0	0	0	0	0	0	0	0	0	0	0	0	0	0	0	0	0	0	0	0	0	0	0	0	0	0	0	0	0	0	0	0	0	0	0	0	0	0	0	0	0	0	0	0	0	0	0	0	0	0	0	0	3	0	0	0	0	0	0	0	0	0	0	0	0	3	0	0	0	0	0	0	0	0	0	0	0	0	0	0	0	0	0	0	0	0	0	0	1	7	9	3	2	1	1	1	2	2	2	1	1	1	1	2	1	1	1	1	1	1	1	1	1	1	1	1	1	1	1	3	1	1	1	1	1	1	3	56	0	0	0	0	0	0	0	0	0	0	0	0	0	0	0	0	0	0	0	0	0	0	0	0	0	0	0	0	0	0	0	0	0	0	0	0	0	0	1	1	2	1	1	1	1	1	1	1	1	1	1	2	1	1	1	1	1	1	1	1	1	2	1	1	1	1	1	3	1	1	1	1	1	1	3	44	0	0	0	0	0	0	0	0	0	0	0	0	0	0	0	0	0	0	0	0	0	0	0	0	0	0	0	0	0	0	0	0	0	0	0	0	0	0	1	1	0	0	0	0	0	0	0	0	0	0	0	0	0	0	1	0	0	0	0	0	0	0	0	0	0	0	0	0	0	0	0	0	0	0	0	3	0	0	0	0	0	0	0	0	0	0	0	0	0	0	0	0	0	0	0	0	0	0	0	0	0	0	0	0	0	0	0	0	0	0	0	0	0	0	1	0	0	0	0	0	0	0	0	0	0	0	0	0	0	0	0	0	0	0	0	0	0	0	0	0	0	0	0	0	0	0	0	0	0	0	0	1	0	0	0	0	0	0	0	0	0	0	0	0	0	0	0	0	0	0	0	0	0	0	0	0	0	0	0	0	0	0	0	0	0	0	0	0	0	0	1	0	0	0	0	0	0	0	0	0	0	0	0	0	0	0	0	0	0	0	0	0	0	0	0	0	0	0	0	0	0	0	0	0	0	0	0	1	12	0	0	0	0	0	1	1	0	0	1	0	0	3	0	0	0	0	0	0	0	0	0	0	0	0	0	0	0	0	0	0	0	0	0	0	2	20	0	0	0	0	0	0	0	0	0	0	0	0	0	0	0	0	0	0	0	0	0	0	0	0	0	0	0	0	0	0	0	0	0	0	0	0	0	0	0	0	0	0	0	0	0	0	0	0	0	0	0	0	0	0	0	0	0	0	0	0	0	0	0	0	0	0	0	0	0	0	0	0	0	0	0	0	0	0	0	0	0	0	0	0	0	0	0	0	0	0	0	0	0	0	0	0	0	0	0	0	0	0	0	0	0	0	0	0	0	0	0	0	0	0	0	0	0	0	0	0	0	0	0	0	0	0	0	0	0	0	0	0	0	0	0	0	0	0	0	0	0	0	0	0	0	0	0	0	0	0	0	0	0	0	0	0	0	0	0	0	0	0	0	0	0	0	0	0	0	0	0	0	0	0	0	0	0	0	0	0	0	0	0	0	0	0	0	0	0	0	0	0	0	0	0	0	0	0	0	0	0	0	0	0	0	0	0	0	0	0	0	0	0	0	0	0	0	0	0	0	0	0	0	0	0	0	0	0	0	0	0	0	0	0	0	0	0	0	0	0	0	0	0	0	0	0	0	0	0	0	0	0	0	0	0	0	0	0	0	0	0	0	0	0	0	0	0	0	0	0	0	0	0	0	0	0	0	0	0	0	0	0	0	0	0	0	0	0	0	0	0	0	0	0	0	0	0	0	0	0	0	0	0	0	0	0	0	0	0	0	0	0	0	0	0	0	0	0	0	0	0	0	0	0	0	0	0	0	0	0	0	0	0	0	0	0	0	0	0	0	0	0	0	0	0	0	0	0	0	0	0	0	0	0	0	0	0	0	0	0	0	0	0	0	0	0	0	0	0	0	0	0	0	0	0	0	0	0	0	0	0	0	0	0	0	0	0	0	0	0	0	0	0	0	0	0	0	0	0	0	0	0	0	0	0	0	0	0	0	0	0	0	0	0	0	0	0	0	1	0	0	0	0	0	0	0	1	0	0	0	0	0	0	0	0	0	0	0	0	0	0	0	0	0	0	0	0	0	0	0	0	0	0	0	0	2	42	2	0	28	6	0	0	4	3528	0	2	0	227	10	0	4	0	5	0	0	35	0	2	1	1	0	0	0	0	0	0	0	0	0	0	0	0	0	7	3	0	0	0	0	0	0	0	0	0	0	0	435	254	87	16	0	149	61	42	0	435	36	363	93	63	13	8	1	17	3	0	397	412	10	683	1	9	6	2	0	8	0	212	141	0	483	1	4441	0	2	1	0	1	0	1	0	0	0	0	0	0	1	1	0	0	1	4	0	0	0	2	0	0	1	1	0	1	1	3	2	2	1	0	2	28	0	139	178	0	2	7	12	128	0	35	1	5	0	1	0	0	2	0	0	0	0	25	0	0	7	0	0	0	0	0	22	0	0	0	0	0	4	4	2	0	0	0	5	15	0	0	0	0	46	7	0	0	0	0	0	2	0	0	0	0	0	0	0	0	49	0	0	0	0	0	6	6	0	0	0	0	0	0	2	0	0	0	0	0	2	0	0	0	0	0	0	0	0	0	0	0	0	0	0	0	0	0	0	0	0	0	0	0	0	70	0	0	201	0	0	0	0	0	3	8	66	3134	0	0	0	0	0	0	0	24	55	0	54	0	7168	13	17	1	7	1	73	14	4	1	8	54	3	8	7	1	16	5	0	4	61	80	1	1	1	0	10	1	60	0	1	23	0	2	3	3	92	2	1	10	5	6	0	1	33
0	0	0	0	0	1	0	0	0	0	0	0	0	0	0	0	0	0	0	1	0	0	0	0	0	0	0	0	0	0	0	0	0	0	0	0	0	2	0	0	0	0	0	0	0	0	0	0	0	0	0	0	0	0	0	0	0	0	0	0	0	0	0	0	0	0	0	0	0	0	0	0	0	0	0	0	0	0	0	0	0	0	0	0	0	0	0	0	0	0	0	0	0	0	0	0	0	0	0	0	0	0	0	0	0	0	0	0	0	0	0	0	0	0	3	2	1	1	1	1	1	1	1	1	1	1	1	1	1	1	1	1	1	1	2	1	1	1	1	1	1	1	1	1	1	1	1	1	1	1	2	42	7	0	0	0	0	0	0	0	0	0	0	1	0	1	1	0	0	1	0	0	0	0	0	0	0	0	2	0	0	0	0	0	0	0	0	0	7	20	0	0	0	0	0	0	0	0	0	0	0	0	0	0	0	0	0	0	0	0	0	0	0	0	0	0	0	0	0	0	0	0	0	0	0	0	0	0	4	0	0	0	0	0	1	0	0	0	0	1	0	0	0	0	1	0	0	0	0	0	0	1	0	0	0	0	0	1	0	0	0	0	0	0	0	9	1	0	0	0	1	1	0	0	0	0	0	0	0	0	0	0	0	0	0	0	0	0	0	0	0	0	0	0	0	0	0	0	0	0	0	0	0	3	3	1	1	1	1	1	1	1	1	1	1	1	1	1	2	1	1	1	1	1	1	1	1	1	1	1	1	1	1	1	1	1	1	1	1	1	1	40	1	1	1	1	1	1	1	1	1	1	1	1	1	1	1	1	1	1	1	1	1	1	1	1	1	1	1	1	1	1	1	1	1	1	1	1	1	37	0	0	0	0	1	1	0	0	0	0	1	0	0	0	1	0	0	0	0	0	0	0	0	0	0	0	0	0	0	0	0	0	0	0	0	0	0	4	0	0	0	0	0	0	0	0	0	0	0	0	0	0	0	0	0	0	0	0	0	0	0	0	0	0	0	0	0	0	0	0	0	0	0	0	0	0	4	0	0	0	1	1	0	0	0	0	1	0	0	0	1	0	0	0	0	0	0	0	0	0	0	0	0	0	0	0	0	0	0	0	0	0	1	9	12	1	0	0	0	0	0	0	0	0	0	0	0	2	2	0	1	0	0	0	1	0	0	0	0	1	2	0	0	0	0	0	0	0	0	0	5	27	0	0	0	0	0	0	0	0	0	0	0	0	0	0	0	0	0	0	0	0	0	0	0	0	0	0	0	0	0	0	0	0	0	0	0	0	0	0	0	0	0	0	0	0	0	0	0	0	0	0	0	0	0	0	0	0	0	0	0	0	0	0	0	0	0	0	0	0	0	0	0	0	0	0	0	0	0	0	0	0	0	0	0	0	0	0	0	0	0	0	0	0	0	0	0	0	0	0	0	0	0	0	0	0	0	0	0	0	0	0	0	0	0	0	0	0	0	0	0	0	0	0	0	0	0	0	0	0	0	0	0	0	0	0	0	0	0	0	0	0	0	0	0	0	0	0	0	0	0	0	0	0	0	0	0	0	0	0	0	0	0	0	0	0	0	0	0	0	0	0	0	0	0	0	0	0	0	0	0	0	0	0	0	0	0	0	0	0	0	0	0	0	0	0	0	0	0	0	0	0	0	0	0	0	0	0	0	0	0	0	0	0	0	0	0	0	0	0	0	0	0	0	0	0	0	0	0	0	0	0	0	0	0	0	0	0	0	0	0	0	0	0	0	0	0	0	0	0	0	0	0	0	0	0	0	0	0	0	0	0	0	0	0	0	0	0	0	0	0	0	0	0	0	0	0	0	0	0	0	0	0	0	0	0	0	0	0	0	0	0	0	0	0	0	0	0	0	0	0	0	0	0	0	0	0	0	0	0	0	0	0	0	0	0	0	0	0	0	0	0	0	0	0	0	0	0	0	0	0	0	0	0	0	0	0	0	0	0	0	0	0	0	0	0	0	0	0	0	0	0	0	0	0	0	0	0	0	0	0	0	0	0	0	0	0	0	0	0	0	0	0	0	0	0	0	0	0	0	0	0	0	0	0	0	0	0	0	0	0	0	0	0	0	0	0	0	0	0	0	0	0	0	0	0	0	0	0	0	0	0	0	0	0	0	0	0	0	0	7	2	1	1	1	1	1	1	1	1	1	1	1	1	1	1	1	1	1	1	1	1	1	1	1	1	1	1	1	1	1	1	1	1	1	1	1	44	22	25	0	36	0	0	7	0	4423	1	1	4	243	31	0	6	0	6	0	3	17	0	25	1	9	0	0	0	0	0	0	0	0	0	0	0	0	1	2	2	1	0	0	0	1	0	0	0	0	0	1	541	862	216	31	1	86	92	21	2	126	101	1018	52	16	29	10	3	24	1	0	131	214	34	189	2	8	2	0	7	13	16	300	186	0	62	5	4401	1	0	1	0	0	0	0	0	1	1	2	0	0	3	0	1	0	0	4	1	0	3	6	0	0	0	0	0	0	0	1	1	1	0	0	1	28	0	111	179	0	1	17	20	169	8	56	5	5	0	0	0	3	1	0	0	0	0	15	0	0	0	1	4	7	0	0	20	0	0	0	0	0	11	2	5	0	0	0	6	17	0	0	0	0	38	1	0	0	5	0	0	0	0	0	0	0	4	0	0	0	71	0	4	0	0	0	3	25	0	4	0	0	0	0	0	0	0	0	0	0	0	0	0	2	0	6	0	0	0	0	4	0	0	1	0	0	0	0	0	0	0	0	0	0	0	70	0	0	201	0	0	0	0	0	3	8	66	3134	0	0	0	0	0	0	0	24	55	0	54	0	7168	11	20	1	7	1	74	13	4	1	8	50	3	8	7	0	16	5	0	4	61	84	1	1	1	0	11	1	58	1	1	24	0	2	3	3	86	3	2	11	6	6	0	1	34
2	1	1	1	1	1	1	1	1	1	1	1	1	1	1	1	1	1	1	1	1	1	1	1	1	1	1	1	1	1	1	1	1	1	1	1	1	38	1	1	1	1	1	1	1	1	1	1	1	1	1	1	1	1	1	1	1	1	1	1	1	1	1	1	1	1	1	1	1	1	1	1	1	1	2	38	0	0	0	0	0	0	0	0	0	0	0	0	0	0	0	0	0	0	0	0	0	0	0	0	0	0	0	0	0	0	0	0	0	0	0	0	0	0	6	2	1	1	1	1	1	2	0	0	2	0	0	0	2	0	1	1	3	1	0	0	0	0	1	1	1	1	1	1	0	0	0	1	0	0	6	38	9	4	2	3	2	2	3	2	1	1	2	1	1	1	3	1	3	2	4	3	1	1	1	1	2	2	2	2	2	2	1	1	1	2	1	1	11	84	0	1	0	0	0	0	0	0	0	0	0	0	0	0	0	0	0	0	0	0	0	0	0	0	0	0	0	0	0	0	0	0	0	0	0	0	0	1	4	4	3	4	3	3	4	3	3	5	3	4	3	3	5	3	4	3	3	3	3	3	3	3	3	3	3	3	3	3	3	3	4	3	3	3	6	125	0	0	0	0	0	0	0	1	0	0	1	0	0	0	0	0	0	0	0	0	0	0	0	0	0	0	0	0	0	0	0	0	0	0	0	0	0	2	1	1	1	1	1	1	1	1	1	1	1	1	1	1	1	1	1	1	1	1	1	1	1	1	1	1	2	1	1	1	1	1	1	1	1	1	1	38	0	0	0	0	0	0	0	0	0	0	0	0	0	0	0	0	0	0	0	0	0	0	0	0	0	0	0	0	0	0	0	0	0	0	0	0	0	0	3	2	3	1	2	1	3	2	1	2	4	1	1	2	2	1	3	2	2	1	1	1	1	1	2	2	2	2	2	2	1	1	1	2	1	1	1	63	0	0	0	0	0	0	0	0	0	0	0	0	0	0	0	0	0	0	0	0	0	0	0	0	0	0	0	0	0	0	0	0	0	0	0	0	0	0	2	1	1	0	1	0	2	2	0	1	2	0	0	1	0	0	2	1	1	0	0	0	0	0	1	1	1	1	1	1	0	0	0	1	0	0	0	24	13	4	3	2	3	4	4	4	2	2	2	2	2	2	3	2	4	3	5	3	2	3	2	2	3	3	4	3	4	3	2	2	2	3	2	2	12	123	0	0	0	0	0	0	0	0	0	0	0	0	0	0	0	0	0	0	0	0	0	0	0	0	0	0	0	0	0	0	0	0	0	0	0	0	0	0	0	0	0	0	0	0	0	0	0	0	0	0	0	0	0	0	0	0	0	0	0	0	0	0	0	0	0	0	0	0	0	0	0	0	0	0	0	0	0	0	0	0	0	0	0	0	0	0	0	0	0	0	0	0	0	0	0	0	0	0	0	0	0	0	0	0	0	0	0	0	0	0	0	0	0	0	0	0	0	0	0	0	0	0	0	0	0	0	0	0	0	0	0	0	0	0	0	0	0	0	0	0	0	0	0	0	0	0	0	0	0	0	0	0	0	0	0	0	0	0	0	0	0	0	0	0	0	0	0	0	0	0	0	0	0	0	0	0	0	0	0	0	0	0	0	0	0	0	0	0	0	0	0	0	0	0	0	0	0	1	0	0	0	0	0	0	0	0	0	0	0	0	0	0	0	0	0	0	0	0	0	0	0	0	0	0	0	0	0	1	0	0	0	0	0	0	0	0	0	0	0	0	0	0	0	0	0	0	0	0	0	0	0	0	0	0	0	0	0	0	0	0	0	0	0	0	0	0	0	0	0	0	0	0	0	0	0	0	0	0	0	0	0	0	0	0	0	0	0	0	0	0	0	0	0	0	0	0	0	0	0	0	0	0	0	0	0	0	0	0	0	0	0	0	0	0	0	0	0	0	0	0	0	0	0	0	0	0	0	0	0	0	0	0	0	0	0	0	0	0	0	0	0	0	0	0	0	0	0	0	0	0	0	0	0	0	0	0	0	0	0	0	0	0	0	0	0	0	0	0	0	0	0	0	0	0	0	0	0	0	0	0	0	0	0	0	0	0	0	0	0	0	0	0	0	0	0	0	0	0	0	0	0	0	0	0	0	0	0	0	0	0	0	0	0	0	0	0	0	0	7	0	0	0	0	0	0	0	0	0	0	0	0	0	0	0	0	0	0	0	0	0	0	1	0	0	0	0	0	0	0	0	0	0	0	0	0	8	35	33	0	12	0	0	1	13	3343	2	0	0	331	24	0	2	1	6	0	0	33	0	15	12	10	0	0	0	0	0	0	0	0	0	0	0	0	0	9	3	2	0	0	0	1	0	0	0	2	0	0	888	869	132	14	0	59	84	94	2	356	200	378	34	5	35	6	4	6	0	0	527	177	46	437	4	9	2	5	12	10	4	430	201	1	102	3	5136	1	0	1	0	0	0	0	1	1	3	1	0	0	2	2	2	0	1	5	0	0	11	0	0	0	1	1	0	0	0	1	1	1	1	0	0	37	0	142	147	0	10	6	5	121	0	64	5	3	0	5	0	0	0	0	0	4	0	13	0	9	13	0	6	8	0	0	34	0	0	0	0	0	1	4	2	0	3	0	0	29	0	0	0	0	75	0	0	0	7	0	0	2	0	0	0	2	7	0	0	0	88	0	0	0	0	0	6	14	0	0	0	0	0	0	7	0	0	0	0	0	0	0	0	0	0	5	0	3	0	0	3	0	0	1	0	0	0	0	0	0	0	0	0	0	0	70	0	0	201	0	0	0	0	0	3	8	66	3134	0	0	0	0	0	0	0	24	55	0	54	0	7168	11	18	1	7	1	78	14	4	1	8	52	3	8	7	0	14	5	0	4	61	78	1	1	1	0	11	1	60	0	1	24	0	2	3	3	92	2	2	10	5	6	0	1	35
1	0	0	0	0	0	0	0	0	0	0	0	0	0	0	0	1	0	0	0	0	1	0	0	0	0	0	0	0	0	0	1	0	0	1	0	2	7	2	1	1	1	1	1	1	1	1	1	1	1	1	1	1	1	1	1	1	1	1	1	1	1	1	1	1	1	1	1	1	1	1	1	1	1	1	38	0	0	0	0	0	0	0	0	0	0	0	0	0	0	0	0	0	0	0	0	0	0	0	0	0	0	0	0	0	0	0	0	0	0	0	0	0	0	11	2	1	2	0	0	0	1	1	0	1	0	0	1	0	0	0	1	0	1	0	0	0	0	1	0	0	1	0	1	0	0	0	0	0	0	7	32	17	2	2	2	0	0	2	2	1	0	0	1	0	0	1	0	0	1	1	3	0	0	0	0	2	0	0	0	0	3	0	0	0	1	0	0	8	49	0	0	0	0	0	0	0	0	0	0	0	0	0	0	0	0	0	0	0	0	0	0	0	0	0	0	0	0	0	0	0	0	0	0	0	0	0	0	4	1	0	2	0	0	0	1	0	0	0	0	0	0	1	0	0	0	0	0	0	0	0	0	0	0	0	0	0	0	0	0	0	2	0	0	0	11	0	0	0	0	0	0	0	0	0	0	0	0	0	0	0	0	0	0	0	0	0	0	0	0	0	0	0	0	0	0	0	0	0	0	0	0	0	0	2	1	1	1	1	1	1	1	1	1	1	1	1	1	1	1	1	1	1	1	1	1	1	1	1	1	1	1	1	1	1	1	1	1	1	1	3	40	0	0	0	0	0	0	0	0	0	0	0	0	0	0	0	0	0	0	0	0	0	0	0	0	0	0	0	0	0	0	0	0	0	0	0	0	2	2	0	0	0	0	0	0	0	1	0	0	2	0	0	0	0	0	0	0	0	0	0	0	0	0	0	0	0	1	0	0	0	0	0	0	0	0	1	5	1	1	1	1	1	1	1	1	1	1	1	1	1	1	1	1	1	1	1	1	1	1	1	1	1	1	1	1	1	1	1	1	1	1	1	1	1	37	2	2	2	2	2	2	2	2	3	2	2	3	2	2	2	2	2	2	2	2	2	2	2	2	2	2	2	3	2	2	3	2	2	2	2	2	3	79	21	1	2	1	0	0	2	2	2	0	1	1	0	1	1	0	1	1	1	2	0	0	0	0	4	0	0	0	0	0	0	0	0	1	0	0	7	52	0	0	0	0	0	0	0	0	0	0	0	0	0	0	0	0	0	0	0	0	0	0	0	0	0	0	0	0	0	0	0	0	0	0	0	0	0	0	0	0	0	0	0	0	0	0	0	0	0	0	0	0	0	0	0	0	0	0	0	0	0	0	0	0	0	0	0	0	0	0	0	0	0	0	0	0	0	0	0	0	0	0	0	0	0	0	0	0	0	0	0	0	0	0	0	0	0	0	0	0	0	0	0	0	0	0	0	0	0	0	0	0	0	0	0	0	0	0	0	0	0	0	0	0	0	0	0	0	0	0	0	0	0	0	0	0	0	0	0	0	0	0	0	0	0	0	0	0	0	0	0	0	0	0	0	0	0	0	0	0	0	0	0	0	0	0	0	0	0	0	0	0	0	0	0	0	0	0	0	0	0	0	0	0	0	0	0	0	0	0	0	0	0	0	0	0	0	0	0	0	0	0	0	0	0	0	0	0	0	0	0	0	0	0	0	0	0	0	0	0	0	0	0	0	0	0	0	0	0	0	0	0	0	0	0	0	0	0	0	0	0	0	0	0	0	0	0	0	0	0	0	0	0	0	0	0	0	0	0	0	0	0	0	0	0	0	0	0	0	0	0	0	0	0	0	0	0	0	0	0	0	0	0	0	0	0	0	0	0	0	0	0	0	0	0	0	0	0	0	0	0	0	0	0	0	0	0	0	0	0	0	0	0	0	0	0	0	0	0	0	0	0	0	0	0	0	0	0	0	0	0	0	0	0	0	0	0	0	0	0	0	0	0	0	0	0	0	0	0	0	0	0	0	0	0	0	0	0	0	0	0	0	0	0	0	0	0	0	0	0	0	0	0	0	0	0	0	0	0	0	0	0	0	0	0	0	0	0	0	0	0	0	0	0	0	0	0	0	0	0	0	0	0	0	0	0	0	0	0	0	0	0	0	0	0	0	0	0	7	1	0	0	0	0	0	0	0	0	0	0	0	0	0	0	0	0	0	0	0	0	0	0	0	0	0	0	0	0	1	0	0	0	0	0	1	10	24	28	0	42	4	0	0	5	4202	0	5	2	223	16	0	1	0	2	0	0	21	0	4	0	8	0	0	0	0	0	0	0	0	0	0	0	0	6	0	3	0	0	0	0	0	0	0	0	1	0	1	829	4233	148	96	2	537	83	57	16	798	58	1847	111	135	118	43	5	15	83	0	5561	2082	55	1440	7	17	3	5	10	37	2	287	131	4	123	7	18985	2	1	0	0	0	1	2	0	2	0	2	0	0	0	0	0	0	1	5	2	0	0	4	0	1	0	1	0	0	1	3	5	4	1	0	5	43	0	95	140	0	12	0	9	123	7	55	1	5	0	0	0	0	0	1	0	2	0	5	0	1	0	0	1	1	0	0	12	0	2	0	0	0	3	2	1	0	0	0	9	40	0	0	0	0	76	0	0	0	0	0	0	2	0	0	0	0	0	0	0	0	51	0	0	0	0	0	1	11	3	0	0	0	0	0	1	0	0	0	0	0	0	0	8	1	0	0	0	0	0	0	0	2	0	0	0	0	0	0	0	0	0	0	0	0	0	70	0	0	201	0	0	0	0	0	3	8	66	3134	0	0	0	0	0	0	0	24	55	0	54	0	7168	13	19	1	7	1	81	13	5	1	8	52	4	8	7	1	17	5	0	4	61	86	1	1	1	0	12	1	60	0	1	26	0	2	4	3	92	2	2	10	6	6	0	1	32
1	0	0	0	0	2	0	0	0	0	0	0	0	0	0	0	0	0	0	0	0	0	0	0	0	0	0	0	0	0	0	1	0	0	0	0	0	4	0	1	0	1	0	0	0	0	0	0	0	0	0	0	0	0	0	0	0	0	0	0	0	0	0	0	0	0	0	0	0	0	0	0	0	0	0	2	0	0	0	0	0	0	0	0	0	0	0	0	0	0	0	0	0	0	0	0	0	0	0	0	0	0	0	0	0	0	0	0	0	0	0	0	0	0	6	1	1	0	0	0	0	0	0	1	1	0	0	0	1	0	1	1	0	3	0	1	0	0	1	0	0	0	0	2	0	0	0	1	0	0	6	27	14	1	0	0	0	0	0	0	0	6	1	1	0	0	1	0	0	3	0	4	0	1	0	0	1	0	0	1	1	3	0	0	0	1	0	0	6	45	0	0	0	0	0	0	0	0	0	0	0	0	0	0	0	0	0	0	0	0	0	0	0	0	0	0	0	0	0	0	0	0	0	0	0	0	0	0	5	3	2	2	3	2	3	2	4	2	2	4	2	2	4	2	2	2	2	3	2	2	2	2	2	3	2	2	2	2	2	2	2	2	2	2	2	88	1	0	0	0	0	0	0	0	0	0	0	0	0	0	0	0	0	0	0	0	0	0	0	0	0	0	0	0	0	0	0	0	0	0	0	0	0	1	3	1	1	0	0	0	0	0	0	0	0	0	0	0	0	0	0	0	0	0	0	0	0	0	0	0	0	0	0	0	0	0	0	0	0	0	0	5	1	0	0	0	0	0	0	0	0	0	0	0	0	0	0	0	0	0	0	0	0	0	0	0	0	0	0	0	0	0	0	0	0	0	0	0	0	1	2	1	1	1	1	1	1	1	1	1	1	1	1	1	1	1	1	1	1	1	1	1	1	1	1	1	1	1	1	1	1	1	1	1	1	1	1	38	1	0	0	0	0	0	0	0	0	0	0	0	0	0	0	0	0	0	0	0	0	0	0	0	0	0	0	0	0	0	0	0	0	0	0	0	0	1	6	1	0	0	0	0	0	0	0	0	0	0	0	0	0	0	0	0	0	0	0	0	0	0	0	0	0	0	0	0	0	0	0	0	0	0	0	7	21	6	3	4	3	2	3	3	2	9	3	3	2	2	3	2	3	6	3	3	2	3	2	2	4	3	3	4	4	6	2	2	2	4	2	2	7	140	0	0	0	0	0	0	0	0	0	0	0	0	0	0	0	0	0	0	0	0	0	0	0	0	0	0	0	0	0	0	0	0	0	0	0	0	0	0	0	0	0	0	0	0	0	0	0	0	0	0	0	0	0	0	0	0	0	0	0	0	0	0	0	0	0	0	0	0	0	0	0	0	0	0	0	0	0	0	0	0	0	0	0	0	0	0	0	0	0	0	0	0	0	0	0	0	0	0	0	0	0	0	0	0	0	0	0	0	0	0	0	0	0	0	0	0	0	0	0	0	0	0	0	0	0	0	0	0	0	0	0	0	0	0	0	0	0	0	0	0	0	0	0	0	0	0	0	0	0	0	0	0	0	0	0	0	0	0	0	0	0	0	0	0	0	0	0	0	0	0	0	0	0	0	0	0	0	0	0	0	0	0	0	0	0	0	0	0	0	0	0	0	0	0	0	0	0	0	0	0	0	0	0	0	0	0	0	0	0	0	0	0	0	0	0	0	0	0	0	0	0	0	0	0	0	0	0	0	1	0	0	0	0	0	0	0	0	0	0	0	0	0	0	0	0	0	0	0	0	0	0	0	0	0	0	0	0	0	0	0	0	0	0	0	0	1	0	0	0	0	0	0	0	0	0	0	0	0	0	0	0	0	0	0	0	0	0	0	0	0	0	0	0	0	0	0	0	0	0	0	0	0	0	0	0	0	0	0	0	0	0	0	0	0	0	0	0	0	0	0	0	0	0	0	0	0	0	0	0	0	0	0	0	0	0	0	0	0	0	0	0	0	0	0	0	0	0	0	0	0	0	0	0	0	0	0	0	0	0	0	0	0	0	0	0	0	0	0	0	0	0	0	0	0	0	0	0	0	0	0	0	0	0	0	0	0	0	0	0	0	0	0	0	0	0	0	0	0	0	0	0	0	0	0	0	0	0	0	0	0	0	0	0	0	0	0	0	0	5	1	0	0	0	0	0	1	0	0	0	0	0	0	0	0	0	0	0	0	0	0	0	0	0	0	1	0	1	0	0	0	0	0	0	0	0	9	45	2	0	7	9	0	0	17	3163	2	1	0	308	17	1	6	0	6	0	0	0	0	19	1	5	0	0	0	0	0	0	0	0	0	0	0	0	0	0	8	0	0	0	0	0	0	0	0	0	0	0	1198	1436	109	35	1	551	65	179	5	737	46	1495	67	50	131	32	2	21	8	1	2068	679	142	473	38	54	3	0	6	15	3	2084	223	2	205	2	12166	2	3	3	3	0	1	1	2	1	0	1	0	0	1	1	0	2	3	7	2	0	8	0	0	4	3	3	2	1	3	2	0	0	3	0	2	64	0	129	195	0	3	8	17	152	0	82	7	4	0	0	0	0	6	3	4	0	0	8	0	0	10	0	0	6	1	0	44	0	1	0	0	0	1	0	0	0	0	0	0	28	0	0	0	0	74	0	0	0	9	0	0	0	0	0	0	0	0	0	0	0	71	0	0	0	0	0	9	13	0	0	0	2	0	0	2	1	0	0	0	0	0	0	0	0	0	0	0	0	2	0	0	0	0	0	0	0	0	0	0	0	0	0	0	0	0	70	0	0	201	0	0	0	0	0	3	8	66	3134	0	0	0	0	0	0	0	24	55	0	54	0	7168	12	18	1	6	1	83	12	4	1	8	59	3	8	6	1	14	4	0	4	65	86	1	1	1	0	19	1	63	0	1	23	0	2	3	2	95	2	2	10	6	5	0	1	29
6	1	0	1	1	0	1	1	3	0	0	0	0	0	1	0	1	1	1	1	0	2	0	0	2	2	1	1	1	4	0	0	0	1	0	0	3	36	2	0	0	0	0	0	0	0	0	0	0	0	0	0	0	0	0	0	0	0	0	0	1	1	0	0	0	0	0	0	0	1	0	0	1	1	0	7	0	0	0	0	0	0	0	0	0	0	0	0	0	0	0	0	0	0	0	0	0	0	0	0	0	0	0	0	0	0	0	0	0	0	0	0	0	0	16	5	2	0	0	0	1	2	1	0	0	1	0	0	0	1	2	1	0	0	0	2	1	1	0	0	0	1	0	1	0	1	1	1	1	1	3	46	16	7	4	3	3	3	4	5	4	3	3	3	3	3	4	3	4	3	3	3	3	6	3	3	3	3	3	3	3	3	3	3	3	4	3	3	7	143	1	0	0	0	0	0	0	0	0	0	0	0	0	0	0	0	0	0	0	0	0	0	0	0	0	0	0	0	0	0	0	0	0	0	0	0	1	2	6	3	3	2	2	2	3	3	3	3	2	3	2	2	3	3	3	3	2	2	2	2	2	2	2	2	2	3	2	4	2	2	3	3	2	2	4	96	2	0	0	0	0	0	0	0	0	0	0	0	0	0	0	0	0	0	0	0	0	0	0	0	0	0	0	0	0	0	0	0	0	0	0	0	1	3	1	0	0	0	0	0	0	0	0	0	0	0	0	0	0	0	0	0	0	0	0	0	0	0	0	0	0	0	0	0	0	0	0	0	0	0	1	2	0	0	0	0	0	0	0	0	0	0	0	0	0	0	0	0	0	0	0	0	0	0	0	0	0	0	0	0	0	0	0	0	0	0	0	0	1	1	1	0	0	0	0	0	0	0	0	0	1	0	0	0	0	0	0	0	0	0	0	0	0	0	0	0	0	0	0	0	0	0	0	0	0	0	2	4	1	1	1	1	1	1	1	1	1	1	1	1	1	1	1	1	1	1	1	1	1	1	1	1	1	1	1	1	1	1	1	1	1	1	1	1	1	37	7	1	0	0	0	0	1	0	0	0	1	0	0	0	1	0	0	0	0	0	0	1	0	0	0	0	0	0	0	0	0	0	0	0	0	0	1	13	31	6	4	1	1	1	3	5	3	1	2	2	1	1	3	2	3	2	1	1	1	3	2	2	1	1	1	2	1	2	1	2	2	3	2	2	5	107	1	0	0	0	0	0	0	0	0	0	0	0	0	0	0	0	0	0	0	0	0	0	0	0	0	0	0	0	0	0	0	0	0	0	0	0	0	1	0	0	0	0	0	0	0	0	0	0	0	0	0	0	0	0	0	0	0	0	0	0	0	0	0	0	0	0	0	0	0	0	0	0	0	0	0	0	0	0	0	0	0	0	0	0	0	0	0	0	0	0	0	0	0	0	0	0	0	0	0	0	0	0	0	0	0	0	0	0	0	0	0	0	0	0	0	0	0	0	0	0	0	0	0	0	0	0	0	0	0	0	0	0	0	0	0	0	0	0	0	0	0	0	0	0	0	0	0	0	0	0	0	0	0	0	0	0	0	0	0	0	0	0	0	0	0	0	0	0	0	0	0	0	0	0	0	0	0	0	0	0	0	0	0	0	0	0	0	0	0	0	1	0	0	0	0	0	0	0	0	0	0	0	0	0	1	0	0	0	0	0	0	0	0	0	0	0	0	0	0	0	0	0	0	0	0	0	0	2	0	0	0	0	0	0	0	0	0	0	0	0	0	0	0	0	0	0	0	0	0	0	0	0	0	0	0	0	0	0	0	0	0	0	0	0	0	0	0	0	0	0	0	0	0	0	0	0	0	0	0	0	0	0	0	0	0	0	0	0	0	0	0	0	0	0	0	0	0	0	0	0	0	0	0	0	0	1	0	0	0	0	1	0	0	0	0	0	0	0	0	0	0	0	0	0	0	0	0	0	0	0	0	0	0	0	0	0	0	0	0	0	0	2	0	0	0	0	0	0	0	0	0	0	0	0	0	0	0	0	0	0	0	0	0	0	0	0	0	0	0	0	0	0	0	0	0	0	0	0	0	0	0	0	0	0	0	0	0	0	0	0	0	0	0	0	0	0	0	0	0	0	0	0	0	0	0	0	0	0	0	0	0	0	0	0	0	0	0	0	8	1	1	1	1	1	1	1	1	1	1	1	1	1	3	1	1	1	1	1	1	2	3	1	1	1	1	1	1	1	1	1	1	1	1	1	2	50	58	28	0	76	6	0	1	2	10558	5	0	4	371	19	1	4	0	7	0	0	46	0	11	0	22	0	0	0	0	0	0	0	0	0	0	0	0	2	0	5	0	0	0	0	5	0	0	0	2	0	2	981	1246	85	22	0	474	390	56	13	513	39	928	122	122	91	2	19	54	10	0	2964	952	39	307	1	14	1	11	4	11	30	88	30	0	47	8	9674	3	3	2	3	2	8	1	1	1	4	3	0	0	4	2	5	1	2	6	2	0	0	0	0	2	2	2	1	1	2	4	3	1	1	0	1	73	0	115	240	0	11	12	13	232	0	47	3	13	3	0	1	0	2	0	0	15	0	23	0	0	21	0	0	19	3	0	16	0	0	0	0	0	7	0	0	0	0	0	15	37	0	0	9	0	79	0	0	1	8	0	0	0	0	0	0	0	8	0	0	0	92	0	2	0	0	0	4	21	0	0	0	0	0	0	7	5	0	0	0	0	0	0	0	0	0	0	0	0	0	0	0	0	0	1	0	0	0	0	0	0	0	0	0	0	0	70	0	0	201	0	0	0	0	0	3	8	66	3134	0	0	0	0	0	0	0	24	55	0	54	0	7168	18	20	1	7	1	85	12	4	1	8	54	3	8	7	1	15	5	0	4	60	80	1	1	1	0	12	1	58	0	1	23	0	3	3	2	94	3	2	10	5	5	0	1	30
6	0	0	0	0	0	0	0	0	0	0	0	0	0	0	0	0	0	1	0	0	0	0	0	0	1	0	0	0	0	0	0	0	0	0	0	0	8	1	0	0	0	0	0	0	0	0	0	0	0	0	0	0	0	0	0	0	0	0	0	0	0	0	0	0	0	0	0	0	0	0	0	0	0	0	1	0	0	0	0	0	0	0	0	0	0	0	0	0	0	0	0	0	0	0	0	0	0	0	0	0	0	0	0	0	0	0	0	0	0	0	0	0	0	10	2	2	0	0	0	1	0	0	2	1	0	0	0	3	1	2	0	0	0	0	0	0	2	0	1	0	0	0	0	0	0	1	1	0	0	1	30	20	1	1	0	0	0	1	0	0	1	1	0	0	0	1	0	1	0	0	2	0	0	0	1	0	0	0	0	0	0	0	0	1	1	0	0	0	32	1	0	0	0	0	0	0	0	0	0	0	0	0	0	0	0	0	0	0	0	0	0	0	0	0	0	0	0	0	0	0	0	0	0	0	0	0	1	7	1	0	0	0	0	0	0	0	0	0	0	0	0	3	0	1	0	0	1	0	0	0	0	0	0	0	0	0	0	0	0	0	0	0	0	0	13	0	0	0	0	0	0	0	0	0	0	0	0	0	0	0	0	0	0	0	0	0	0	0	0	0	0	0	0	0	0	0	0	0	0	0	0	0	0	4	0	0	0	0	0	0	0	0	0	0	0	0	0	0	0	0	0	0	0	0	0	0	0	0	0	0	0	0	0	0	0	0	0	0	0	0	4	0	0	0	0	0	0	0	0	0	0	0	0	0	0	0	0	0	0	0	0	0	0	0	0	0	0	0	0	0	0	0	0	0	0	0	0	0	0	0	0	0	0	0	0	0	0	0	0	0	0	0	0	0	0	0	0	0	0	0	0	0	0	0	0	0	0	0	0	0	0	0	0	0	0	0	0	1	0	0	0	0	0	0	0	0	0	0	0	0	0	0	0	0	0	0	0	0	0	0	0	0	0	0	0	0	0	0	1	0	0	0	0	0	2	3	0	0	0	0	0	0	0	0	0	0	0	0	0	0	0	0	0	0	0	0	0	0	1	0	0	0	0	0	0	0	0	0	0	0	0	0	4	28	2	3	0	0	0	1	0	0	2	1	0	0	0	2	1	3	0	1	1	0	0	0	2	0	1	0	0	0	0	0	0	1	1	0	0	1	51	0	0	0	0	0	0	0	0	0	0	0	0	0	0	0	0	0	0	0	0	0	0	0	0	0	0	0	0	0	0	0	0	0	0	0	0	0	0	0	0	0	0	0	0	0	0	0	0	0	0	0	0	0	0	0	0	0	0	0	0	0	0	0	0	0	0	0	0	0	0	0	0	0	0	0	0	0	0	0	0	0	0	0	0	0	0	0	0	0	0	0	0	0	0	0	0	0	0	0	0	0	0	0	0	0	0	0	0	0	0	0	0	0	0	0	0	0	0	0	0	0	0	0	0	0	0	0	0	0	0	0	0	0	0	0	0	0	0	0	0	0	0	0	0	0	0	0	0	0	0	0	0	0	0	0	0	0	0	0	0	0	0	0	0	0	0	0	0	0	0	0	0	0	0	0	0	0	0	0	0	0	0	0	0	0	0	0	0	0	0	0	0	0	0	0	0	0	0	0	0	0	0	0	0	0	0	0	0	0	0	0	0	0	0	0	0	0	0	0	0	0	0	0	0	0	0	0	0	0	0	0	0	0	0	0	0	0	0	0	0	0	0	0	0	0	0	0	0	0	0	0	0	0	0	0	0	0	0	0	0	0	0	0	0	0	0	0	0	0	0	0	0	0	0	0	0	0	0	0	0	0	0	0	0	0	0	0	0	0	0	0	0	0	0	0	0	0	0	0	0	0	0	0	0	0	0	0	0	0	0	0	0	0	0	0	0	0	0	0	0	0	0	0	0	0	0	0	0	0	0	0	0	0	0	0	0	0	0	0	0	0	0	0	0	0	0	0	0	0	0	0	0	0	0	0	0	0	0	0	0	0	0	0	0	0	0	0	0	0	0	0	0	0	0	0	0	0	0	0	0	0	0	0	0	0	0	0	0	0	0	0	0	0	0	0	0	0	0	0	0	0	0	0	0	0	0	0	0	0	0	0	0	0	0	0	0	0	0	4	0	0	1	0	0	0	1	0	0	0	0	0	0	1	0	0	1	0	0	0	0	0	1	0	0	0	0	0	0	0	0	0	0	0	0	0	9	28	12	0	20	0	0	0	0	1102	0	0	2	293	11	0	1	0	2	0	0	14	0	23	0	8	0	0	0	0	0	0	0	0	0	0	0	0	0	0	0	0	0	0	0	1	0	0	0	6	0	1	877	1495	59	35	0	515	88	54	4	278	36	237	853	848	124	3	1	28	5	0	4647	1677	25	1661	14	9	2	5	9	18	2	132	91	6	24	5	13867	1	0	1	0	0	1	0	0	2	0	1	0	0	0	0	1	0	0	4	2	0	0	0	0	0	0	0	0	0	0	1	1	0	0	0	1	16	0	49	210	2	6	3	6	124	0	55	0	1	3	0	0	11	0	0	3	5	0	22	3	0	2	0	2	0	0	0	20	0	0	0	0	0	16	0	4	0	0	0	0	13	0	0	0	0	49	0	0	0	0	0	0	3	0	0	0	0	0	0	0	0	58	0	0	0	0	0	9	16	0	0	0	0	0	0	1	0	0	0	0	0	0	0	0	0	0	0	0	6	0	0	0	0	0	0	0	0	0	0	0	0	0	0	0	0	0	70	0	0	201	0	0	0	0	0	3	8	66	3134	0	0	0	0	0	0	0	24	55	0	54	0	7168	17	22	1	7	1	77	14	4	1	8	51	3	7	7	1	15	6	0	4	51	75	1	1	1	0	11	1	50	0	1	24	0	3	3	2	91	3	2	11	7	6	0	1	34
0	1	1	0	0	1	0	0	0	0	0	0	0	0	0	0	1	0	0	1	0	0	0	0	0	0	0	0	0	0	0	0	0	0	0	0	1	6	0	0	0	0	0	0	0	0	0	1	0	0	0	0	0	0	0	0	0	0	0	0	0	0	0	0	0	0	0	0	0	0	0	0	0	0	1	2	0	0	0	0	0	0	0	0	0	0	0	0	0	0	0	0	0	0	0	0	0	0	0	0	0	0	0	0	0	0	0	0	0	0	0	0	0	0	9	1	1	1	1	0	0	0	0	0	1	1	0	0	0	0	1	0	0	1	0	0	1	0	0	0	0	0	0	1	0	0	2	0	0	0	5	26	14	5	1	2	2	0	1	2	0	0	2	1	0	0	1	0	2	1	1	3	0	0	1	0	1	1	1	1	1	2	0	0	2	1	0	0	4	53	1	1	0	0	1	0	1	1	0	0	0	0	0	0	0	0	1	1	1	0	0	0	0	0	1	1	1	1	1	1	0	0	0	1	0	0	0	15	3	1	0	0	1	0	1	1	0	2	0	0	0	0	0	0	1	2	1	1	0	0	0	0	1	1	1	1	1	1	0	0	1	1	0	0	1	23	2	0	0	0	0	0	0	0	0	1	0	0	0	0	0	0	0	0	0	0	0	0	0	0	0	0	0	0	0	0	0	0	0	0	0	0	0	3	2	0	0	0	0	0	0	0	0	0	0	0	0	0	0	0	0	0	0	0	0	0	0	0	0	0	0	0	0	0	0	0	0	0	0	0	0	2	0	0	0	0	0	0	0	0	0	0	0	0	0	0	0	0	0	0	0	0	0	0	0	0	0	0	0	0	0	0	0	0	0	0	0	0	0	0	0	1	0	0	0	0	0	0	0	0	0	0	0	0	0	0	0	0	0	0	0	0	0	0	0	0	0	0	0	0	0	0	0	0	0	0	0	1	0	0	0	0	0	0	0	0	0	0	0	0	0	0	0	0	0	0	0	0	0	0	0	0	0	0	0	0	0	0	0	0	0	0	0	0	0	0	3	0	0	0	0	0	0	0	0	2	0	0	0	0	0	0	1	0	0	0	0	0	0	0	0	0	0	0	0	0	0	0	0	0	0	0	0	6	18	4	3	2	2	0	1	1	0	0	3	1	0	0	1	0	2	2	1	1	0	0	1	0	1	1	1	1	1	2	0	0	0	1	0	0	6	57	0	0	0	0	0	0	0	0	0	0	0	0	0	0	0	0	0	0	0	0	0	0	0	0	0	0	0	0	0	0	0	0	0	0	0	0	0	0	0	0	0	0	0	0	0	0	0	0	0	0	0	0	0	0	0	0	0	0	0	0	0	0	0	0	0	0	0	0	0	0	0	0	0	0	0	0	0	0	0	0	0	0	0	0	0	0	0	0	0	0	0	0	0	0	0	0	0	0	0	0	0	0	0	0	0	0	0	0	0	0	0	0	0	0	0	0	0	0	0	0	0	0	0	0	0	0	0	0	0	0	0	0	0	0	0	0	0	0	0	0	0	0	0	0	0	0	0	0	0	0	0	0	0	0	0	0	0	0	0	0	0	0	0	0	0	0	0	0	0	0	0	0	0	0	0	0	0	0	0	0	0	0	0	0	0	0	0	0	0	0	0	0	0	0	0	0	0	0	0	0	0	0	0	0	0	0	0	0	0	0	0	0	0	0	0	0	0	0	0	0	0	0	0	0	0	0	0	0	0	0	0	0	0	0	0	0	0	0	0	0	0	0	0	0	0	0	0	0	0	0	0	0	0	0	0	0	0	0	0	0	0	0	0	0	0	0	0	0	0	0	0	0	0	0	0	0	0	0	0	0	0	0	0	0	0	0	0	0	0	0	0	0	0	0	0	0	0	0	0	0	0	0	0	0	0	0	0	0	0	0	0	0	0	0	0	0	0	0	0	0	1	0	0	0	0	0	0	0	0	0	0	0	0	0	0	0	0	0	0	0	0	1	0	0	0	0	0	0	0	0	0	0	0	0	0	0	0	0	0	0	0	0	0	0	0	0	0	0	0	0	0	0	0	0	0	0	0	0	0	0	0	0	0	0	0	0	0	0	0	0	0	0	0	0	0	0	0	0	0	0	0	0	0	0	0	0	0	0	0	0	0	0	0	0	0	0	0	0	3	1	0	1	0	0	0	0	0	0	0	0	0	0	0	0	0	0	1	0	0	0	0	1	0	0	0	0	0	0	0	0	2	0	0	0	1	10	45	21	0	29	10	0	0	0	1207	0	2	3	182	16	1	4	0	4	0	0	38	0	6	1	9	0	0	0	0	0	0	0	0	0	0	0	0	15	0	0	0	0	0	0	0	0	0	0	0	0	0	634	1864	181	18	18	97	106	75	144	335	45	138	112	32	127	5	6	32	125	0	2955	1416	37	704	19	3	3	14	17	87	0	94	39	4	107	0	9593	0	2	0	0	1	1	0	0	0	0	1	0	0	1	1	0	0	0	4	2	0	3	0	0	0	2	0	0	0	0	0	0	0	0	0	0	18	0	72	232	1	0	7	14	131	0	47	2	2	0	0	0	17	0	1	0	6	0	12	0	0	6	0	0	24	0	0	22	0	0	0	0	0	1	0	1	0	0	0	8	62	0	0	0	0	70	0	0	0	2	0	0	3	0	0	0	0	0	0	0	0	63	0	2	0	0	0	7	22	0	0	0	0	0	0	6	0	0	0	4	0	0	0	0	0	4	0	0	0	0	0	0	0	0	0	0	0	0	0	0	0	0	0	0	0	0	70	0	0	201	0	0	0	0	0	3	8	66	3134	0	0	0	0	0	0	0	24	55	0	54	0	7168	13	20	1	7	1	82	14	4	1	8	55	4	7	7	0	13	6	0	4	48	70	1	1	1	0	12	1	46	0	1	24	0	2	3	2	92	4	3	11	7	5	0	1	32
13	5	1	1	1	1	1	2	1	2	1	1	1	1	1	1	2	1	1	2	1	1	1	1	1	1	1	1	1	1	1	1	1	1	1	1	2	58	0	0	0	0	0	0	0	0	0	0	0	0	0	0	0	0	0	0	0	0	0	0	0	0	0	0	0	0	0	0	0	0	0	0	0	0	0	0	0	0	0	0	0	0	0	0	0	0	0	0	0	0	0	0	0	0	0	0	0	0	0	0	0	0	0	0	0	0	0	0	0	0	0	0	0	0	9	2	0	0	0	0	0	0	0	1	1	0	0	0	0	0	0	0	1	0	0	0	0	0	0	0	0	0	0	0	0	0	0	0	0	0	2	16	9	2	0	0	0	0	0	0	0	0	0	0	0	0	0	0	0	0	1	0	0	0	0	0	0	0	0	0	0	0	0	0	0	0	0	0	1	13	0	0	0	0	0	0	0	0	0	0	0	0	0	0	0	0	0	0	0	0	0	0	1	0	0	0	0	0	0	0	0	0	0	0	0	0	0	1	2	4	1	0	0	0	1	1	0	1	0	0	0	0	0	0	1	1	0	0	0	0	0	0	0	0	0	1	0	1	0	0	1	1	0	0	0	16	0	0	0	0	0	0	0	0	0	0	0	0	0	0	0	0	0	0	0	0	0	0	0	0	0	0	0	0	0	0	0	0	0	0	0	0	0	0	2	0	0	0	0	0	0	0	0	0	0	0	0	0	0	0	0	0	0	0	1	0	0	0	0	0	0	0	0	0	0	0	0	0	0	0	0	3	2	0	0	0	0	0	0	0	0	0	0	0	0	0	0	0	0	0	0	0	0	0	0	0	0	0	0	0	0	0	0	0	0	0	0	0	0	2	0	0	0	0	0	0	0	0	0	0	0	0	0	0	0	0	0	0	0	0	0	0	0	0	0	0	0	0	0	0	0	0	0	0	0	0	0	0	0	0	0	0	0	0	0	0	0	0	0	0	0	0	0	0	0	0	0	0	0	0	0	0	0	0	0	0	0	0	0	0	0	0	0	0	0	0	1	1	0	0	0	0	1	0	0	0	1	0	0	0	0	0	0	0	0	0	2	0	0	0	0	0	0	0	0	0	0	0	0	0	0	0	1	7	9	2	0	0	0	0	0	1	0	1	0	0	0	0	0	0	0	0	0	0	0	0	0	0	0	0	0	0	0	0	0	0	0	0	0	0	0	13	0	0	0	0	0	0	0	0	0	0	0	0	0	0	0	0	0	0	0	0	0	0	0	0	0	0	0	0	0	0	0	0	0	0	0	0	0	0	0	0	0	0	0	0	0	0	0	0	0	0	0	0	0	0	0	0	0	0	0	0	0	0	0	0	0	0	0	0	0	0	0	0	0	0	0	0	0	0	0	0	0	0	0	0	0	0	0	0	0	0	0	0	0	0	0	0	0	0	0	0	0	0	0	0	0	0	0	0	0	0	0	0	0	0	0	0	0	0	0	0	0	0	0	0	0	0	0	0	0	0	0	0	0	0	0	0	0	0	0	0	0	0	0	0	0	0	0	0	0	0	0	0	0	0	0	0	0	0	0	0	0	0	0	0	0	0	0	0	0	0	0	0	0	0	0	0	0	0	0	0	0	0	0	0	0	0	0	0	0	0	0	0	0	0	0	0	0	0	0	0	0	0	0	0	0	0	0	0	0	0	0	0	0	0	0	0	0	0	0	0	0	0	0	0	0	0	0	0	0	1	0	0	0	0	0	0	0	0	0	0	0	0	0	0	0	0	0	0	0	0	0	0	0	0	0	0	0	0	0	0	0	0	0	0	0	1	0	0	0	0	0	0	0	0	0	0	0	0	0	0	0	0	0	0	0	0	0	0	0	0	0	0	0	0	0	0	0	0	0	0	0	0	0	0	0	0	0	0	0	0	0	0	0	0	0	0	0	0	0	0	0	0	0	0	0	0	0	0	0	0	0	0	0	0	0	0	0	0	0	0	0	0	0	0	0	0	0	0	0	0	0	0	0	0	0	0	0	0	0	0	0	0	0	0	0	0	0	0	0	0	0	0	0	0	0	0	0	0	0	0	0	0	0	0	0	0	0	0	0	0	0	0	0	0	0	0	0	0	0	0	0	0	0	0	0	0	0	0	0	0	0	0	0	0	0	0	0	0	4	1	0	0	0	0	0	0	0	0	0	0	0	0	0	0	0	0	0	0	0	0	0	0	0	0	0	0	0	0	0	0	0	0	0	0	0	5	18	31	0	48	0	0	0	6	2385	5	1	2	242	22	2	2	0	3	0	0	46	0	3	0	9	0	0	0	0	0	0	0	0	0	0	0	0	12	0	0	0	0	0	0	1	0	2	0	0	0	3	810	970	184	22	1	299	168	79	12	607	73	259	221	194	110	51	9	21	3	0	1054	346	6	481	6	7	3	7	5	9	3	142	134	8	26	5	6335	0	2	2	3	1	0	1	2	3	1	2	0	0	0	0	1	4	2	7	0	0	11	0	0	3	1	1	4	3	3	0	3	1	3	0	0	64	0	139	198	0	0	2	17	130	0	54	2	3	0	0	0	11	1	0	0	3	0	8	0	0	2	0	0	0	0	0	34	0	2	0	0	0	15	0	4	0	0	0	2	33	0	0	0	0	58	0	0	0	4	0	0	3	0	0	0	2	3	0	0	0	68	0	0	0	0	0	4	24	2	0	0	0	0	0	8	0	0	0	0	0	0	0	0	0	0	0	0	0	0	0	0	0	0	0	0	0	0	0	0	0	0	0	0	0	0	70	0	0	201	0	0	0	0	0	3	8	66	3134	0	0	0	0	0	0	0	24	55	0	54	0	7168	13	19	1	6	1	100	14	4	1	8	56	4	7	7	1	16	6	0	4	46	75	1	1	1	0	12	1	45	0	1	22	0	2	3	3	83	3	2	10	8	5	0	1	31
10	8	2	0	0	0	1	2	0	0	0	0	0	0	3	0	1	1	1	1	0	0	0	0	0	0	0	1	1	1	0	0	1	1	0	0	0	35	0	0	0	0	0	0	0	0	0	0	0	0	0	0	0	0	0	0	0	0	0	0	0	0	0	0	0	0	0	0	0	0	0	0	0	0	1	1	0	0	0	0	0	0	0	0	0	0	0	0	0	0	0	0	0	0	0	0	0	0	0	0	0	0	0	0	0	0	0	0	0	0	0	0	0	0	6	2	2	2	0	0	0	1	0	0	1	0	0	1	1	0	2	0	0	0	0	0	1	1	0	0	0	0	2	0	0	1	0	0	1	1	4	29	10	5	3	2	1	0	2	1	0	1	2	0	0	0	1	0	3	1	1	0	0	0	1	1	2	1	2	1	2	1	0	1	0	1	1	1	5	53	2	1	0	0	0	0	0	0	0	0	0	0	0	0	0	0	0	0	0	0	0	0	0	0	0	0	0	0	0	0	0	0	0	0	0	0	0	3	2	0	0	0	0	0	0	0	0	0	0	0	0	0	1	0	0	1	0	0	0	0	0	0	0	0	0	0	0	0	0	0	1	0	0	0	1	6	0	0	0	0	0	0	0	0	0	0	0	0	0	0	0	0	0	0	0	0	0	0	0	0	0	0	0	0	0	0	0	0	0	0	0	0	0	0	1	0	0	0	0	0	0	0	0	0	0	0	0	0	0	0	0	0	0	0	0	0	0	0	0	0	0	0	0	0	0	0	0	0	0	0	0	1	0	0	0	0	0	0	0	0	0	0	0	0	0	0	0	0	0	0	0	0	0	0	0	0	0	0	0	0	0	0	0	0	0	0	0	0	0	0	1	1	0	0	0	0	0	0	0	0	0	0	0	0	0	0	0	0	0	0	1	0	0	0	0	0	0	0	0	0	0	0	0	0	0	0	0	3	0	0	0	0	0	0	0	0	0	0	0	0	0	0	0	0	0	0	0	0	0	0	0	0	0	0	0	0	0	0	0	0	0	0	0	0	0	0	1	1	0	0	0	0	0	0	0	0	0	0	0	0	0	0	0	0	0	0	1	1	0	0	0	0	0	0	0	0	0	0	0	0	0	0	0	4	13	5	3	1	1	0	2	2	0	0	1	0	0	0	0	0	3	1	1	0	0	0	0	0	1	1	1	1	2	1	0	0	0	1	1	0	0	42	0	0	0	0	0	0	0	0	0	0	0	0	0	0	0	0	0	0	0	0	0	0	0	0	0	0	0	0	0	0	0	0	0	0	0	0	0	0	0	0	0	0	0	0	0	0	0	0	0	0	0	0	0	0	0	0	0	0	0	0	0	0	0	0	0	0	0	0	0	0	0	0	0	0	0	0	0	0	0	0	0	0	0	0	0	0	0	0	0	0	0	0	0	0	0	0	0	0	0	0	0	0	0	0	0	0	0	0	0	0	0	0	0	0	0	0	0	0	0	0	0	0	0	0	0	0	0	0	0	0	0	0	0	0	0	0	0	0	0	0	0	0	0	0	0	0	0	0	0	0	0	0	0	0	0	0	0	0	0	0	0	0	0	0	0	0	0	0	0	0	0	0	0	0	0	0	0	0	0	0	0	0	0	0	0	0	0	0	0	0	0	0	0	0	0	0	0	0	0	0	0	0	0	0	0	0	0	0	0	0	0	0	0	0	0	0	0	0	0	0	0	0	0	0	0	0	0	0	0	0	0	0	0	0	0	0	0	0	0	0	0	0	0	0	0	0	0	0	0	0	0	0	0	0	0	0	0	0	0	0	0	0	0	0	0	0	0	0	0	0	0	0	0	0	0	0	0	0	0	0	0	0	0	0	0	0	0	0	0	0	0	0	0	0	0	0	0	0	0	0	0	0	0	0	0	0	0	0	0	0	0	0	0	0	0	0	0	0	0	0	0	0	0	0	0	0	0	0	0	0	0	0	0	0	0	0	0	0	0	0	0	0	0	0	0	0	0	0	0	0	0	0	0	0	0	0	0	0	0	0	0	0	0	0	0	0	0	0	0	0	0	0	0	0	0	0	0	0	0	0	0	0	0	0	0	0	0	0	0	0	0	0	0	0	0	0	0	0	0	0	0	0	0	0	0	0	0	0	0	0	0	0	0	0	0	0	0	0	11	1	0	0	0	0	0	0	1	0	0	0	0	0	1	0	0	0	0	0	1	0	0	0	0	0	0	0	0	0	0	0	0	0	0	0	2	17	35	7	0	50	0	0	0	2	3359	0	1	5	224	10	5	1	0	2	0	0	25	0	0	6	2	0	0	0	0	0	0	0	0	0	0	0	0	0	1	0	0	0	0	0	0	0	0	0	1	0	0	1527	3333	954	68	0	230	123	94	18	791	36	340	80	73	83	2	12	33	2	0	1243	950	16	1239	2	4	4	4	8	12	5	155	308	5	57	26	11837	1	1	1	0	3	2	4	3	1	1	3	0	0	3	1	0	3	1	6	1	0	3	0	0	3	1	3	4	3	1	2	1	2	1	0	0	59	0	66	203	0	0	6	17	108	0	30	2	3	0	1	0	0	1	0	0	0	0	9	0	0	0	9	0	0	0	0	12	0	3	0	0	0	1	4	3	0	0	0	0	29	0	0	0	0	74	0	0	0	0	0	0	0	0	0	0	0	1	0	0	0	65	0	0	0	0	6	12	14	4	0	0	0	0	0	0	0	0	0	0	0	0	0	0	0	0	0	0	2	0	0	0	3	0	1	0	0	0	0	0	0	0	0	0	0	0	70	0	0	201	0	0	0	0	0	3	8	66	3134	0	0	0	0	0	0	0	24	55	0	54	0	7168	13	19	1	6	1	70	14	3	1	7	50	3	7	7	1	15	6	0	5	47	69	1	1	1	0	9	1	43	0	1	24	0	2	3	2	80	3	2	10	9	6	0	1	31
3	0	0	0	1	0	0	1	0	0	1	0	0	0	2	0	0	0	0	0	1	1	0	0	0	0	0	0	1	0	0	0	0	0	0	0	1	12	1	0	0	0	0	0	0	0	0	0	0	0	0	0	0	0	0	0	0	0	0	0	0	0	0	0	0	0	0	0	0	0	0	0	0	0	0	1	0	0	0	0	0	0	0	0	0	0	0	0	0	0	0	0	0	0	0	0	0	0	0	0	0	0	0	0	0	0	0	0	0	0	0	0	0	0	13	4	0	1	0	0	0	0	0	0	0	0	0	0	3	0	2	1	0	2	1	0	0	0	0	0	0	0	0	0	0	0	0	0	0	0	2	29	19	2	1	0	1	0	0	0	0	1	0	0	0	0	3	0	2	0	0	1	0	0	0	0	0	0	0	0	0	0	0	0	0	0	0	0	3	33	4	0	0	0	0	0	0	0	0	0	0	0	0	0	0	0	0	0	0	0	0	0	0	0	0	0	0	0	0	0	0	0	0	0	0	0	0	4	2	0	0	0	0	0	0	0	0	0	0	0	0	0	0	0	0	0	0	0	0	0	0	0	0	0	0	0	0	0	0	0	0	0	0	0	0	2	0	0	0	0	0	0	0	0	0	0	0	0	0	0	0	0	0	0	0	0	0	0	0	0	0	0	0	0	0	0	0	0	0	0	0	0	0	0	2	2	1	1	2	1	2	2	1	2	1	1	1	1	1	1	2	2	2	1	1	1	1	1	2	2	2	2	2	2	1	1	1	2	1	1	1	53	1	2	1	1	2	1	2	2	1	1	1	1	1	1	1	1	2	2	2	1	1	1	1	1	2	2	2	2	2	2	1	1	1	2	1	1	1	51	0	0	0	0	0	0	0	0	0	1	0	0	0	0	0	0	0	0	0	0	0	0	0	0	0	0	0	0	0	0	0	0	0	0	0	0	0	1	0	0	0	0	0	0	0	0	0	0	0	0	0	0	0	0	0	0	0	0	0	0	0	0	0	0	0	0	0	0	0	0	0	0	0	0	0	0	2	0	0	0	0	0	0	0	0	1	0	0	0	0	0	0	0	0	0	0	0	1	0	0	0	0	0	0	0	0	0	0	0	0	0	0	0	4	18	2	4	0	0	0	0	1	0	0	0	0	0	0	2	0	2	0	0	0	0	0	0	0	0	0	0	0	0	0	0	0	1	0	0	1	4	35	0	0	0	0	0	0	0	0	0	0	0	0	0	0	0	0	0	0	0	0	0	0	0	0	0	0	0	0	0	0	0	0	0	0	0	0	0	0	0	0	0	0	0	0	0	0	0	0	0	0	0	0	0	0	0	0	0	0	0	0	0	0	0	0	0	0	0	0	0	0	0	0	0	0	0	0	0	0	0	0	0	0	0	0	0	0	0	0	0	0	0	0	0	0	0	0	0	0	0	0	0	0	0	0	0	0	0	0	0	0	0	0	0	0	0	0	0	0	0	0	0	0	0	0	0	0	0	0	0	0	0	0	0	0	0	0	0	0	0	0	0	0	0	0	0	0	0	0	0	0	0	0	0	0	0	0	0	0	0	0	0	0	0	0	0	0	0	0	0	0	0	0	0	0	0	0	0	0	0	0	0	0	0	0	0	0	0	0	0	0	0	0	0	0	0	0	0	0	0	1	0	0	0	0	0	0	0	0	0	0	0	0	0	0	0	0	0	0	0	0	0	0	0	0	0	0	0	1	0	0	0	0	0	0	0	0	0	0	0	0	0	0	0	0	0	0	0	0	0	0	0	0	0	0	0	0	0	0	0	0	0	0	0	0	0	0	0	0	0	0	0	0	0	0	0	0	0	0	0	0	0	0	0	0	0	0	0	0	0	0	0	0	0	0	0	0	0	0	0	0	0	0	0	0	1	0	0	0	0	0	0	0	0	0	0	0	0	0	0	0	0	0	0	0	0	0	0	0	0	0	0	0	0	0	0	0	0	0	0	0	0	1	0	0	0	0	0	0	0	0	0	0	0	0	0	0	0	0	0	0	0	0	0	0	0	0	0	0	0	0	0	0	0	0	0	0	0	0	0	0	7	2	1	1	1	1	1	1	1	1	1	1	1	1	1	1	1	2	1	1	1	1	1	1	1	1	1	1	1	2	1	1	1	1	1	2	2	48	13	2	1	1	1	1	1	1	1	1	1	1	1	1	1	1	1	1	1	1	2	1	1	1	1	1	1	1	1	1	1	1	1	1	1	1	2	52	47	23	0	22	16	0	0	2	1209	0	0	5	172	31	0	6	0	8	0	0	36	0	11	0	11	0	0	0	0	0	0	0	0	0	0	0	0	4	0	6	0	0	0	0	4	0	0	0	4	0	0	939	1115	144	57	8	549	158	96	2	972	140	434	198	283	223	15	4	16	6	2	682	613	46	2062	2	9	0	42	12	14	0	333	1184	2	34	33	10429	0	2	0	0	2	1	0	0	1	1	0	0	0	1	0	1	0	0	7	0	0	0	0	0	2	1	1	0	0	1	1	0	0	2	0	1	25	0	78	156	1	5	12	6	128	0	40	9	0	0	9	1	0	1	0	0	2	0	7	0	0	0	0	0	0	5	0	12	0	4	0	0	0	2	6	14	0	0	0	0	36	0	0	0	0	76	2	0	0	0	0	0	1	0	0	4	0	0	0	0	0	43	0	0	0	0	0	13	4	0	0	0	0	0	4	4	0	0	0	0	0	0	2	0	0	0	2	0	0	4	0	0	0	0	0	0	0	0	0	0	0	0	0	0	0	0	70	0	0	201	0	0	0	0	0	3	8	66	3134	0	0	0	0	0	0	0	24	55	0	54	0	7168	13	18	1	7	1	70	13	4	1	8	51	3	7	7	1	13	6	0	4	44	76	1	1	1	0	11	1	43	0	1	22	0	2	3	2	81	3	2	10	9	5	0	1	30
1	0	1	0	0	0	0	0	0	0	0	0	0	0	0	0	0	0	0	0	0	0	0	0	0	0	0	0	0	0	0	0	0	0	0	0	0	2	0	0	0	0	0	0	0	0	0	0	0	0	0	0	0	0	0	0	0	0	0	0	0	0	0	0	0	0	0	0	0	0	0	0	0	0	0	0	0	0	0	0	0	0	0	0	0	0	0	0	0	0	0	0	0	0	0	0	0	0	0	0	0	0	0	0	0	0	0	0	0	0	0	0	0	0	11	3	2	3	1	2	1	2	1	1	1	2	1	1	1	2	2	1	1	1	1	2	1	1	1	1	1	1	2	1	1	1	1	1	1	1	3	61	4	4	2	2	0	1	0	0	0	0	0	1	0	0	0	0	1	0	0	0	0	0	0	0	0	0	0	0	0	0	0	0	0	0	0	0	2	17	0	0	0	0	0	0	0	0	0	0	0	0	0	0	0	0	0	0	0	0	0	0	0	0	0	0	0	0	0	0	0	0	0	0	0	0	0	0	1	0	0	2	0	0	0	0	0	0	0	0	0	0	0	0	0	0	0	0	0	0	0	0	0	0	0	0	0	0	0	0	0	0	0	0	0	3	0	0	0	0	0	0	0	0	0	0	1	0	0	0	0	0	0	0	0	0	0	0	0	0	0	0	0	0	0	0	0	0	0	0	0	0	0	1	1	0	0	0	0	0	0	0	0	0	0	0	0	0	0	0	0	0	0	0	0	0	0	0	0	0	0	0	0	0	0	0	0	0	0	0	0	1	0	0	0	0	0	0	0	0	0	0	0	0	0	0	0	0	0	0	0	0	0	0	0	0	0	0	0	0	0	0	0	0	0	0	0	0	0	0	0	0	0	0	0	0	0	0	0	0	0	0	0	0	1	0	0	0	0	0	1	1	0	0	0	0	0	0	0	0	0	0	0	0	0	0	0	3	0	0	0	0	0	0	0	0	0	0	0	0	0	0	0	0	0	0	0	0	0	0	0	0	0	0	0	0	0	0	0	0	0	0	0	0	0	0	0	0	0	0	0	0	0	0	0	0	1	0	0	0	0	0	0	0	0	0	1	0	0	0	0	0	0	0	0	0	0	0	0	0	0	0	0	2	11	6	4	3	3	3	3	3	2	2	3	3	2	3	2	2	4	3	3	2	2	2	2	2	3	3	3	3	3	3	2	2	3	3	2	2	2	109	0	0	0	0	0	0	0	0	0	0	0	0	0	0	0	0	0	0	0	0	0	0	0	0	0	0	0	0	0	0	0	0	0	0	0	0	0	0	0	0	0	0	0	0	0	0	0	0	0	0	0	0	0	0	0	0	0	0	0	0	0	0	0	0	0	0	0	0	0	0	0	0	0	0	0	0	0	0	0	0	0	0	0	0	0	0	0	0	0	0	0	0	0	0	0	0	0	0	0	0	0	0	0	0	0	0	0	0	0	0	0	0	0	0	0	0	0	0	0	0	0	0	0	0	0	0	0	0	0	0	0	0	0	0	0	0	0	0	0	0	0	0	0	0	0	0	0	0	0	0	0	0	0	0	0	0	0	0	0	0	0	0	0	0	0	0	0	0	0	0	0	0	0	0	0	0	0	0	0	0	0	0	0	0	0	0	0	0	0	0	0	0	0	0	0	0	0	0	0	0	0	0	0	0	0	0	0	0	0	0	0	0	0	0	0	0	0	0	0	0	0	0	0	0	0	0	0	0	0	0	0	0	0	0	0	0	0	0	0	0	0	0	0	0	0	0	0	0	0	0	0	0	0	0	0	0	0	0	0	0	0	0	0	0	0	0	0	0	0	0	0	0	0	0	0	0	0	0	0	0	0	0	0	0	0	0	0	0	0	0	0	0	0	0	0	0	0	0	0	0	0	0	0	0	0	0	0	0	0	0	0	0	0	0	0	0	0	0	0	0	0	0	0	0	0	0	0	0	0	0	0	0	0	0	0	0	0	0	0	0	0	0	0	0	0	0	0	0	0	0	0	0	0	0	0	0	0	0	0	0	0	0	0	0	0	0	0	0	0	0	0	0	0	0	0	0	0	0	0	0	14	1	3	1	1	0	1	2	0	0	1	0	0	1	3	1	2	1	1	0	0	1	0	0	1	1	1	1	2	1	0	0	2	1	0	0	2	46	1	0	0	0	0	0	0	0	0	1	0	0	0	0	1	0	0	0	0	0	0	0	0	0	0	0	0	0	0	0	0	0	0	0	0	0	0	3	35	5	0	27	0	0	0	3	2659	2	1	1	175	30	0	1	1	8	2	1	5	0	2	3	7	0	0	0	0	0	0	0	0	0	0	0	0	4	0	0	0	0	0	0	4	0	0	0	0	0	0	683	1509	102	30	0	110	133	132	2	351	39	618	19	7	137	19	6	34	6	0	2015	934	33	1385	0	1	3	1	13	26	3	51	92	6	18	11	8529	1	1	2	0	0	0	1	0	0	0	1	0	0	0	0	0	0	0	5	0	0	0	0	0	0	0	0	0	0	0	0	1	0	0	0	0	12	0	98	231	0	21	3	28	156	0	80	0	2	0	1	1	0	2	0	0	4	0	14	0	0	2	0	0	0	0	0	14	0	2	0	0	0	3	0	17	0	0	0	1	16	0	0	7	0	45	0	0	0	0	0	0	1	0	0	1	0	0	0	0	0	69	0	0	0	0	0	5	23	0	0	0	11	0	0	0	0	0	0	0	0	0	0	0	0	0	0	0	0	0	0	0	0	0	4	0	0	0	0	0	0	0	0	0	0	0	70	0	0	201	0	0	0	0	0	3	8	66	3134	0	0	0	0	0	0	0	24	55	0	54	0	7168	14	17	1	7	1	89	13	4	1	7	100	3	9	7	1	13	6	0	4	44	86	1	1	1	0	12	1	44	0	1	21	0	2	3	2	89	3	1	11	10	5	0	1	29
2	2	0	1	4	3	1	0	0	0	0	0	0	0	0	0	0	0	1	0	0	0	0	0	0	0	0	0	0	0	0	0	0	0	0	0	1	15	0	0	0	0	0	0	0	0	0	0	0	0	0	0	0	0	0	0	0	0	0	0	0	0	0	0	0	0	0	0	0	0	0	0	0	0	0	0	0	0	0	0	0	0	0	0	0	0	0	0	0	0	0	0	0	0	0	0	0	0	0	0	0	0	0	0	0	0	0	0	0	0	0	0	0	0	3	4	0	1	1	1	0	1	0	0	0	2	0	0	0	0	2	0	1	1	1	2	0	0	1	0	0	1	0	1	0	0	0	0	0	0	3	26	6	7	1	3	3	2	2	3	2	1	1	3	1	1	1	1	3	1	1	3	1	2	1	1	1	1	1	1	2	1	1	1	1	1	1	1	4	68	1	1	0	0	0	0	0	0	0	0	0	0	0	0	0	0	0	0	0	0	0	0	0	0	0	0	0	0	0	0	0	0	0	0	0	0	0	2	2	1	0	0	0	2	0	0	0	0	0	0	0	0	0	0	1	0	0	0	0	0	0	0	0	0	0	0	0	0	0	0	0	0	0	0	0	6	0	0	0	0	0	0	0	0	0	0	0	0	0	0	0	0	0	0	0	0	0	0	0	0	0	0	0	0	0	0	0	0	0	0	0	0	1	1	0	1	0	0	0	0	0	0	0	0	0	0	0	0	0	0	0	0	0	0	0	0	0	0	0	0	0	0	0	0	0	0	0	0	0	0	0	1	0	0	0	0	0	0	0	0	0	0	0	0	0	0	0	0	0	0	0	0	0	0	0	0	0	0	0	0	0	0	0	0	0	0	0	0	0	0	0	0	0	0	0	0	0	0	0	0	0	0	0	0	0	0	0	0	0	0	0	1	0	0	0	0	0	0	0	0	0	0	0	0	1	0	0	2	0	0	0	0	0	0	0	0	0	0	0	0	0	0	0	0	0	0	0	0	0	0	0	0	0	0	0	0	0	0	0	0	0	0	0	0	0	0	3	1	0	0	0	0	0	0	0	0	0	0	0	0	0	0	1	0	0	0	0	1	1	0	0	0	0	0	0	0	0	0	0	0	1	0	1	9	5	7	0	2	0	3	0	0	1	0	0	0	0	0	1	0	2	0	1	1	1	0	0	0	0	0	0	0	1	0	0	0	0	0	0	0	1	26	0	0	0	0	0	0	0	0	0	0	0	0	0	0	0	0	0	0	0	0	0	0	0	0	0	0	0	0	0	0	0	0	0	0	0	0	0	0	0	0	0	0	0	0	0	0	0	0	0	0	0	0	0	0	0	0	0	0	0	0	0	0	0	0	0	0	0	0	0	0	0	0	0	0	0	0	0	0	0	0	0	0	0	0	0	0	0	0	0	0	0	0	0	0	0	0	0	0	0	0	0	0	0	0	0	0	0	0	0	0	0	0	0	0	0	0	0	0	0	0	0	0	0	0	0	0	0	0	0	0	0	0	0	0	0	0	0	0	0	0	0	0	0	0	0	0	0	0	0	0	0	0	0	0	0	0	0	0	0	0	0	0	0	0	0	0	0	0	0	0	0	0	0	0	0	0	0	0	0	0	0	0	0	0	0	0	0	0	0	0	0	0	0	0	0	0	0	0	0	0	0	0	0	0	0	0	0	0	0	0	0	0	0	0	0	0	0	0	0	0	0	0	0	0	0	0	0	0	0	0	0	0	0	0	0	0	0	0	0	0	0	0	0	0	1	0	0	0	0	0	0	0	0	0	0	0	0	0	0	0	0	0	0	0	0	1	0	0	0	0	0	0	0	0	0	0	0	0	0	0	0	0	0	0	0	0	0	0	0	0	0	0	0	0	0	0	0	0	0	0	0	0	0	0	0	0	0	0	0	0	0	0	0	0	0	0	0	0	0	0	0	0	0	0	0	0	0	0	0	0	0	0	0	0	0	0	0	0	0	0	0	0	0	0	0	0	0	0	0	0	0	0	0	0	0	0	0	0	0	0	0	0	0	0	0	0	0	0	0	0	0	0	0	0	0	0	0	0	0	0	6	4	0	0	0	1	0	0	0	0	0	0	0	0	1	0	2	0	1	0	1	1	0	0	1	0	0	1	0	1	0	0	0	0	0	0	0	20	2	0	0	1	0	0	0	0	0	0	0	0	0	0	0	0	0	0	0	0	0	0	0	0	0	0	0	0	0	0	0	0	0	0	0	0	0	3	37	9	0	47	8	0	0	1	1551	0	0	3	211	24	0	3	0	3	0	0	28	0	4	0	6	0	0	0	0	0	0	0	0	0	0	0	0	16	1	0	1	0	0	0	0	0	0	0	0	0	5	808	1382	193	77	2	195	118	278	1	298	63	1254	167	191	66	1	12	25	6	0	1417	1092	11	1008	1	10	3	0	4	11	5	1194	693	23	160	2	10771	0	2	1	0	1	0	1	0	0	0	0	0	0	1	1	0	0	1	4	0	0	0	4	0	0	1	1	0	1	1	5	3	4	1	0	3	36	0	39	111	0	10	7	5	106	3	30	2	5	0	0	0	5	2	0	0	4	0	4	0	5	6	0	1	0	1	0	8	0	0	0	0	0	0	0	0	0	0	1	0	12	0	0	0	0	52	2	0	2	3	0	0	2	0	0	0	0	0	0	0	0	52	0	0	0	0	0	0	13	0	0	0	0	0	0	5	4	0	0	1	0	0	0	0	0	0	0	0	0	4	0	0	0	0	1	0	0	0	0	0	0	0	0	0	0	0	70	0	0	201	0	0	0	0	0	3	8	66	3134	0	0	0	0	0	0	0	24	55	0	54	0	7168	15	17	1	6	1	74	14	5	1	8	54	3	8	7	1	13	5	0	4	44	69	1	1	1	0	11	1	43	0	1	21	0	2	8	2	79	3	2	9	9	5	0	1	31
7	0	0	1	0	0	1	0	0	0	1	0	0	0	0	0	2	1	1	0	0	1	0	0	0	0	0	0	0	0	0	0	0	0	0	0	0	15	1	0	0	0	0	0	0	0	0	0	0	0	0	0	0	0	0	0	0	0	0	0	0	0	0	0	0	0	0	0	0	0	0	0	0	0	0	1	0	0	0	0	0	0	0	0	0	0	0	0	0	0	0	0	0	0	0	0	0	0	0	0	0	0	0	0	0	0	0	0	0	0	0	0	0	0	5	1	1	0	0	0	2	0	2	0	1	3	0	0	1	1	2	0	1	2	0	1	0	3	0	1	0	0	0	2	2	0	0	0	0	0	2	33	6	4	2	0	0	0	2	0	2	0	0	4	0	0	1	1	2	0	1	3	0	2	0	3	0	1	0	0	0	3	1	0	0	0	0	0	2	40	3	0	0	0	0	0	0	0	0	0	0	0	0	0	0	0	0	0	0	0	0	0	0	0	0	0	0	0	0	0	0	0	0	0	0	0	0	3	1	0	0	0	0	0	0	0	0	0	1	0	0	0	0	1	0	0	0	2	0	0	0	0	0	0	0	0	0	0	0	0	0	0	0	0	0	5	1	1	1	1	1	1	1	1	1	1	1	1	1	1	1	1	1	1	1	1	1	1	1	1	1	1	1	1	1	1	1	1	1	1	1	1	1	37	1	0	0	0	0	0	0	0	0	0	0	0	0	0	0	0	0	0	0	0	0	0	0	0	0	0	0	0	0	0	0	0	0	0	0	0	0	1	0	0	0	0	0	0	0	0	0	0	0	0	0	0	0	0	0	0	0	0	0	0	0	0	0	0	0	0	0	0	0	0	0	0	0	0	0	0	0	0	0	0	0	0	0	0	0	0	0	0	0	0	0	0	0	0	0	0	0	0	0	0	0	0	0	0	0	0	0	0	0	0	0	0	0	0	0	0	0	0	0	0	0	0	0	0	0	0	0	0	0	0	0	0	0	0	0	0	0	0	0	0	0	0	0	0	0	0	0	0	0	0	0	0	6	1	2	1	1	1	1	1	1	1	1	2	1	1	1	1	1	2	1	1	1	1	1	1	1	1	1	1	1	1	1	1	1	1	1	1	1	45	7	1	0	0	0	0	1	0	1	0	0	2	0	0	1	1	0	1	0	2	0	0	0	0	0	0	0	0	0	1	1	0	0	0	0	0	0	19	0	0	0	0	0	0	0	0	0	0	0	0	0	0	0	0	0	0	0	0	0	0	0	0	0	0	0	0	0	0	0	0	0	0	0	0	0	0	4	1	2	1	1	1	1	1	1	1	1	1	1	1	1	1	1	2	1	1	1	1	1	1	1	1	1	1	1	1	1	1	1	1	1	1	2	43	0	0	0	0	0	0	0	0	0	0	0	0	0	0	0	0	0	0	0	0	0	0	0	0	0	0	0	0	0	0	0	0	0	0	0	0	0	0	0	0	0	0	0	0	0	0	0	0	0	0	0	0	0	0	0	0	0	0	0	0	0	0	0	0	0	0	0	0	0	0	0	0	0	0	0	0	0	0	0	0	0	0	0	0	0	0	0	0	0	0	0	0	0	0	0	0	0	0	0	0	0	0	0	0	0	0	0	0	0	0	0	0	0	0	1	0	0	0	0	0	0	0	0	0	0	0	0	0	0	0	0	0	0	0	0	0	0	0	0	0	0	0	0	0	0	0	0	0	0	0	0	1	0	0	0	0	0	0	0	0	0	0	0	0	0	0	0	0	0	0	0	0	0	0	0	0	0	0	0	0	0	0	0	0	0	0	0	0	0	0	0	0	0	0	0	0	0	0	0	0	0	0	0	0	0	0	0	0	0	0	0	0	0	0	0	0	0	0	0	0	0	0	0	0	0	0	0	0	0	0	0	0	0	0	0	0	0	0	0	0	0	0	0	0	0	0	0	0	0	0	0	0	0	0	0	0	0	0	0	0	0	0	0	0	0	0	0	0	0	0	0	0	0	0	0	0	0	0	0	0	0	0	0	0	0	0	0	0	0	0	0	0	0	0	0	0	0	0	0	0	0	0	0	0	11	0	1	1	0	0	0	0	0	0	0	1	0	0	0	0	0	1	0	0	0	1	0	0	0	0	0	0	0	2	1	0	0	0	0	0	0	19	0	1	0	0	0	0	0	0	0	0	0	0	0	0	0	0	0	0	0	0	0	0	0	0	0	0	0	0	0	0	0	0	0	0	0	0	0	1	42	17	0	24	0	0	0	0	3700	4	1	1	144	11	0	1	0	6	3	0	22	0	6	1	3	0	0	0	0	0	0	0	0	0	0	0	0	0	1	0	1	0	0	0	6	0	0	0	0	0	0	1195	1684	187	21	0	151	121	60	5	558	289	64	31	24	49	3	15	29	19	0	2815	1265	4	2443	2	14	3	1	1	7	2	363	844	2	25	2	12298	1	0	1	0	0	0	0	0	1	1	2	0	0	2	0	1	0	0	5	2	0	6	1	0	0	0	0	0	0	0	2	0	0	0	0	0	25	0	85	330	0	0	11	15	178	0	90	5	8	0	0	0	0	0	0	0	0	0	11	0	1	8	0	2	4	2	0	24	0	0	0	0	0	8	2	0	0	4	0	10	44	0	0	0	0	69	2	0	0	5	0	0	0	0	0	0	0	0	0	0	0	68	0	0	0	0	0	11	17	0	0	0	0	0	0	5	2	0	0	0	0	0	0	0	0	0	2	0	0	1	0	0	1	0	0	0	0	0	0	0	0	0	0	0	0	0	70	0	0	201	0	0	0	0	0	3	8	66	3134	0	0	0	0	0	0	0	24	55	0	54	0	7168	14	20	2	6	1	73	19	7	1	8	53	3	8	6	1	12	6	0	4	46	76	1	1	1	0	9	1	44	0	1	22	0	2	4	2	71	4	2	11	11	5	0	1	30
6	2	0	0	0	0	1	0	2	1	0	0	0	0	0	0	0	0	2	0	1	0	0	0	0	0	0	0	0	0	0	0	0	0	0	0	0	15	0	0	0	0	0	0	0	0	0	0	0	0	0	0	0	0	0	0	0	0	0	0	0	0	0	0	0	0	0	0	0	0	0	0	0	0	0	0	0	0	0	0	0	0	0	0	0	0	0	0	0	0	0	0	0	0	0	0	0	0	0	0	0	0	0	0	0	0	0	0	0	0	0	0	0	0	6	3	1	1	1	1	1	1	3	1	1	1	1	1	2	1	1	1	1	1	1	1	1	1	1	1	1	1	1	1	1	1	1	1	1	1	5	51	4	3	0	0	0	0	0	0	3	0	0	0	0	0	1	0	0	0	0	1	0	0	0	0	0	0	0	0	1	0	0	0	0	0	0	0	5	18	3	0	0	0	0	0	0	0	0	0	0	0	0	0	0	0	0	0	0	0	0	0	0	0	0	0	0	0	0	0	0	0	0	0	0	0	0	3	0	0	0	1	0	0	1	0	0	0	0	0	0	0	0	0	0	0	0	0	0	0	0	0	0	0	0	0	0	0	0	0	0	0	0	0	0	2	0	0	0	0	0	0	0	0	0	0	0	0	0	0	0	0	0	0	0	0	0	1	0	0	0	0	0	0	0	0	0	0	0	0	0	0	0	1	2	0	0	0	0	0	0	0	0	0	0	0	0	0	0	0	0	0	0	0	0	0	0	0	0	0	0	0	0	0	0	0	0	0	0	0	0	2	0	0	0	0	0	0	0	0	0	0	0	0	0	0	0	0	0	0	0	0	0	0	0	0	0	0	0	0	0	0	0	0	0	0	0	0	0	0	0	0	0	0	0	0	0	0	0	0	0	0	0	0	0	0	0	0	0	0	0	0	0	0	0	0	0	0	0	0	0	0	0	0	0	0	0	0	2	0	0	0	0	0	0	0	0	0	0	0	0	0	0	0	0	0	0	0	0	0	0	0	0	0	0	0	0	0	0	0	0	0	0	0	0	2	2	1	0	0	0	0	0	0	0	0	0	0	0	0	0	0	0	0	1	0	0	1	0	0	0	0	0	0	0	0	0	0	0	0	0	0	0	5	11	2	1	2	1	1	1	1	1	1	1	1	1	1	1	1	1	1	1	1	1	1	1	1	1	1	1	1	1	2	1	1	1	1	1	1	1	50	0	0	0	0	0	0	0	0	0	0	0	0	0	0	0	0	0	0	0	0	0	0	0	0	0	0	0	0	0	0	0	0	0	0	0	0	0	0	1	0	0	0	0	0	0	0	0	0	0	0	0	0	0	0	0	0	0	0	0	1	0	0	0	0	0	0	0	0	0	0	0	0	0	0	0	2	0	0	0	0	0	0	0	0	0	0	0	0	0	0	0	0	0	0	0	0	0	0	0	0	0	0	0	0	0	0	0	0	0	0	0	0	0	0	0	0	0	0	0	0	0	0	0	0	0	0	0	0	0	0	0	0	0	0	0	0	0	0	0	0	0	0	0	0	0	0	0	0	0	0	0	0	0	0	0	0	0	0	0	0	0	0	0	0	0	0	0	0	0	0	0	0	0	0	0	0	0	0	0	0	0	0	0	0	0	0	0	0	0	0	0	0	0	0	0	0	0	0	0	0	0	0	0	0	0	0	0	0	0	0	0	0	0	0	0	0	0	0	0	0	0	0	0	0	0	0	0	0	0	0	0	0	0	0	0	0	0	0	0	0	0	0	0	0	0	0	0	0	0	0	0	0	0	0	0	0	0	0	0	0	0	0	0	0	0	0	0	0	0	0	0	0	0	0	0	0	0	0	0	0	0	0	0	0	0	0	0	0	0	0	0	0	0	0	0	0	0	0	0	0	0	0	0	0	0	0	0	0	0	0	0	0	0	0	0	0	0	0	0	0	0	0	0	0	0	0	0	0	0	0	0	0	0	0	0	0	0	0	0	0	0	0	0	0	0	0	0	0	0	0	0	0	0	0	0	0	0	0	0	0	0	0	0	0	0	0	0	0	0	0	0	0	0	0	0	0	0	0	0	0	13	1	2	1	1	1	1	1	1	1	1	1	1	1	2	1	1	1	1	1	2	1	1	1	1	1	1	1	1	1	1	1	1	1	1	1	1	52	7	1	0	1	0	0	0	0	0	0	0	0	0	0	0	0	0	0	0	0	0	0	0	0	0	0	0	0	0	0	0	0	0	0	0	0	1	10	31	36	0	25	3	0	0	11	2830	0	0	2	165	15	0	3	0	12	0	0	13	0	5	1	23	0	0	0	0	0	0	0	0	0	0	0	0	0	0	0	0	0	0	0	4	1	0	0	0	0	0	1406	1645	77	27	2	101	566	93	77	1032	190	197	434	373	133	4	9	225	15	0	1341	596	11	3481	2	53	1	2	5	103	69	115	2489	5	148	5	15032	1	0	1	0	0	0	0	1	1	3	1	0	0	3	1	2	0	1	4	0	0	8	6	0	0	1	1	0	0	0	1	5	4	1	0	4	50	0	75	181	0	10	5	7	159	0	56	4	2	0	0	0	0	0	0	0	2	0	5	0	2	3	0	2	0	2	0	6	0	0	0	0	0	5	0	1	0	0	0	0	16	0	0	0	0	58	5	0	0	0	0	0	0	0	0	0	0	0	0	0	0	66	0	0	0	0	0	4	8	0	2	0	0	0	0	1	8	0	0	0	0	0	0	0	2	0	0	0	0	3	0	0	2	0	0	0	0	0	0	0	0	0	0	0	0	0	70	0	0	201	0	0	0	0	0	3	8	66	3134	0	0	0	0	0	0	0	24	55	0	54	0	7168	14	19	2	7	1	63	13	4	1	9	51	3	8	6	0	11	5	0	4	42	67	1	1	1	0	10	1	41	0	1	24	0	2	4	2	68	4	2	11	13	5	0	1	31
4	0	1	0	1	0	0	0	0	0	0	0	0	0	0	0	0	0	1	0	0	0	0	0	0	0	0	0	0	0	0	0	0	0	0	0	0	7	1	0	0	0	0	0	0	0	0	0	0	0	0	0	0	0	0	0	0	0	0	0	0	0	0	0	0	0	0	0	0	0	0	0	0	0	0	1	0	0	0	0	0	0	0	0	0	0	0	0	0	0	0	0	0	0	0	0	0	0	0	0	0	0	0	0	0	0	0	0	0	0	0	0	0	0	7	5	1	2	1	1	3	1	3	2	1	1	1	3	2	1	2	1	1	2	1	1	1	2	1	1	1	1	1	1	1	1	1	1	1	1	1	59	13	7	1	2	1	3	3	2	3	2	1	2	1	4	4	1	2	1	1	5	1	1	1	2	1	1	2	1	2	1	1	1	1	1	1	1	2	80	1	0	0	0	0	0	0	0	0	0	0	0	0	0	0	0	0	0	0	0	0	0	0	0	0	0	0	0	0	0	0	0	0	0	0	0	0	1	3	1	0	1	0	0	0	0	0	0	0	1	0	0	0	0	0	0	0	0	0	2	0	0	0	0	0	0	0	0	0	0	0	0	0	0	0	8	0	0	0	0	0	0	0	0	0	0	0	0	0	0	0	0	0	0	0	0	0	0	0	0	0	0	0	0	0	0	0	0	0	0	0	0	0	0	2	1	0	0	0	0	0	0	0	0	0	1	0	0	0	0	0	0	0	0	0	0	0	0	0	0	0	0	0	0	0	0	0	0	0	0	0	4	0	1	0	0	0	0	0	0	0	0	0	0	0	0	0	0	0	0	0	0	0	0	0	0	0	0	0	0	0	0	0	0	0	0	0	0	0	1	0	0	0	0	0	0	0	0	0	0	0	0	0	0	0	0	0	0	0	0	0	0	0	0	0	0	0	0	0	0	0	0	0	0	0	0	0	0	0	0	0	0	0	0	0	0	0	0	0	0	0	0	0	0	1	0	0	0	0	0	0	0	0	0	0	0	0	1	0	0	0	0	0	0	0	2	2	0	0	0	0	0	2	0	0	0	1	0	0	0	0	0	0	0	0	0	0	0	1	1	0	0	0	0	0	0	0	1	0	0	1	1	0	10	2	6	1	1	1	3	1	1	3	2	1	1	1	3	3	1	1	1	1	1	1	1	1	2	1	1	3	1	2	1	1	1	1	1	1	1	2	57	0	0	0	0	0	0	0	0	0	0	0	0	0	0	0	0	0	0	0	0	0	0	0	0	0	0	0	0	0	0	0	0	0	0	0	0	0	0	0	0	0	0	0	0	1	0	0	0	1	0	0	0	0	0	0	0	0	0	0	0	1	1	0	0	0	0	0	0	0	1	0	0	1	1	0	7	0	0	0	0	0	0	0	0	0	0	0	0	0	0	0	0	0	0	0	0	0	0	0	0	0	0	0	0	0	0	0	0	0	0	0	0	0	0	0	0	0	0	0	0	0	0	0	0	0	0	0	0	0	0	0	0	0	0	0	0	0	0	0	0	0	0	0	0	0	0	0	0	0	0	0	0	0	0	0	0	0	0	0	0	0	0	0	0	0	0	0	0	0	0	0	0	0	0	0	0	0	0	0	0	0	0	0	0	0	0	0	0	0	0	0	0	0	0	0	0	0	0	0	0	0	0	0	0	0	0	0	0	0	0	0	0	0	0	0	0	0	0	0	0	0	0	0	0	0	0	0	0	0	0	0	0	0	0	0	0	0	0	0	0	0	0	0	0	0	0	0	0	0	0	0	0	0	0	0	0	0	0	0	0	0	0	0	0	0	0	0	0	0	0	0	0	0	0	0	0	0	0	0	0	0	0	0	0	0	0	0	0	0	0	0	0	0	0	0	0	0	0	0	0	0	0	0	0	0	0	0	0	0	0	0	0	0	0	0	0	0	0	0	0	0	0	0	0	0	0	0	0	0	0	0	0	0	0	0	0	0	0	0	0	0	0	0	0	0	0	0	0	0	0	0	0	0	0	0	0	0	0	0	0	0	0	0	0	0	0	0	0	0	0	0	0	0	0	0	0	0	0	0	0	2	3	0	1	1	1	3	1	0	0	0	0	0	0	1	0	1	1	1	0	0	0	0	1	1	1	3	1	1	1	0	0	0	1	0	0	0	26	2	1	1	1	1	1	1	1	1	1	1	1	1	1	1	1	1	1	1	1	1	1	1	1	1	1	1	1	1	1	1	1	1	1	1	1	1	38	25	5	0	30	7	0	0	0	1480	1	1	3	193	19	0	3	0	2	0	0	16	0	12	0	4	0	0	0	0	0	0	0	0	0	0	0	5	2	0	0	0	0	0	0	0	0	0	0	0	0	0	580	1875	316	32	0	77	91	43	4	192	85	215	13	5	74	1	5	26	2	0	1483	5885	12	1245	4	18	5	2	6	17	4	227	155	5	5966	11	18681	3	1	0	0	0	1	2	0	2	0	2	0	0	0	1	0	0	1	5	3	0	0	0	0	1	0	1	0	0	1	2	1	0	1	0	1	29	0	67	180	0	0	4	5	157	0	40	2	0	0	1	0	0	0	0	1	2	0	7	0	0	2	0	0	5	1	0	20	0	3	0	0	0	5	0	0	0	0	0	3	17	0	0	0	0	43	0	0	0	0	0	0	0	0	0	0	0	0	0	0	0	63	0	0	0	0	0	5	22	0	0	0	0	0	0	4	0	0	0	0	0	0	0	0	3	0	0	0	0	0	0	1	0	0	4	0	0	0	0	0	0	0	0	0	0	0	70	0	0	201	0	0	0	0	0	3	8	66	3134	0	0	0	0	0	0	0	24	55	0	54	0	7168	12	18	1	6	1	59	14	4	1	8	50	3	8	6	1	11	4	0	4	39	63	1	1	1	0	8	1	39	1	1	23	0	2	4	2	71	4	2	10	12	5	0	1	29
6	0	0	0	0	0	0	0	0	0	0	0	0	0	1	0	0	0	0	0	0	0	1	0	0	0	0	0	0	0	0	1	0	0	0	0	0	9	0	0	0	0	0	0	0	0	0	0	0	0	0	0	0	0	0	0	0	0	0	0	0	0	0	0	0	0	0	0	0	0	0	0	0	0	0	0	0	0	0	1	0	0	0	0	0	0	0	0	0	0	0	0	0	0	0	0	0	0	0	0	0	0	0	0	0	0	0	0	0	0	0	0	0	1	4	0	0	1	0	0	0	1	0	1	0	0	0	0	1	0	0	0	0	1	0	0	0	0	0	0	0	0	1	0	0	0	0	0	0	0	2	12	7	1	0	0	0	0	0	2	3	2	0	0	0	0	2	0	0	0	0	1	1	0	0	0	0	0	0	0	2	1	0	0	0	0	0	0	3	25	3	0	0	0	0	0	0	0	0	0	0	0	0	0	0	0	0	0	0	0	0	0	0	0	0	0	0	0	0	0	0	0	0	0	0	0	0	3	0	1	0	2	0	0	0	0	0	0	0	0	0	0	0	0	0	0	0	1	0	0	0	0	0	0	0	0	0	0	0	0	0	0	0	0	0	4	0	0	0	0	0	0	0	0	0	0	0	0	0	0	0	0	0	0	0	0	0	0	0	0	0	0	0	0	0	0	0	0	0	0	0	0	0	0	5	1	0	1	0	0	0	0	0	1	0	0	0	0	0	0	0	0	0	0	0	0	0	0	0	0	0	0	0	0	0	0	0	0	0	0	0	8	1	0	0	0	0	0	0	0	0	0	0	0	0	0	0	0	0	0	0	0	0	0	0	0	0	0	0	0	0	0	0	0	0	0	0	0	0	1	0	0	0	0	0	0	0	0	0	0	0	0	0	0	0	0	0	0	0	0	0	0	0	0	0	0	0	0	0	0	0	0	0	0	0	0	0	0	1	1	0	0	0	0	0	0	0	0	0	0	0	0	0	0	0	0	0	0	0	0	0	0	0	0	0	0	0	0	0	0	0	0	0	0	0	2	3	0	0	3	0	0	0	0	0	1	0	0	0	0	0	0	0	0	0	0	2	0	0	0	0	0	0	0	0	0	0	0	0	0	0	0	1	10	12	3	1	3	1	1	1	2	1	1	1	1	1	1	2	1	1	1	1	1	1	1	2	2	1	1	2	1	3	2	1	2	2	1	2	2	1	64	0	0	0	0	0	0	0	0	0	0	0	0	0	0	0	0	0	0	0	0	0	0	0	0	0	0	0	0	0	0	0	0	0	0	0	0	0	0	2	0	0	0	0	1	0	0	0	1	0	0	0	0	0	0	0	0	0	0	2	0	0	0	0	0	0	0	0	0	0	0	0	0	0	0	0	6	0	0	0	0	0	0	0	0	0	0	0	0	0	0	0	0	0	0	0	0	0	0	0	0	0	0	0	0	0	0	0	0	0	0	0	0	0	0	0	0	0	0	0	0	0	0	0	0	0	0	0	0	0	0	0	0	0	0	0	0	0	0	0	0	0	0	0	0	0	0	0	0	0	0	0	0	0	0	0	0	0	0	0	0	0	0	0	0	0	0	0	0	0	0	0	0	0	0	0	0	0	0	0	0	0	0	0	0	0	0	0	0	0	0	1	0	0	0	0	0	0	0	0	0	0	0	0	0	0	0	0	0	0	0	0	0	0	0	0	0	0	0	0	0	0	0	0	0	0	0	0	1	1	0	0	0	0	0	0	0	0	0	0	0	0	0	0	0	0	0	0	0	0	0	0	0	0	0	0	0	0	0	0	0	0	0	0	0	0	1	0	0	0	0	0	0	0	0	0	0	0	0	0	0	0	0	0	0	0	0	0	0	0	0	0	0	0	0	0	0	0	0	0	0	0	0	0	0	0	0	0	0	0	0	0	0	0	0	0	0	0	0	0	0	0	0	0	0	0	0	0	0	0	0	0	0	0	0	0	0	0	0	0	0	0	0	0	0	0	0	0	0	0	0	0	0	0	0	0	0	0	0	0	0	0	0	0	0	0	0	0	0	0	0	0	0	0	0	0	0	0	0	0	0	6	2	1	1	1	1	1	1	1	1	1	1	1	1	2	1	1	1	1	1	2	1	2	2	1	1	2	1	2	1	1	3	2	1	2	2	1	54	0	0	0	0	0	0	0	0	0	0	0	0	0	0	0	0	0	0	0	0	0	0	0	0	0	0	0	0	0	0	0	0	0	0	0	0	0	0	48	20	0	36	10	0	0	0	4983	0	2	10	192	30	14	1	0	8	0	0	39	0	0	0	6	0	0	0	0	0	0	0	0	0	0	0	0	6	0	0	0	0	0	0	4	0	0	0	0	0	0	664	1233	44	59	0	151	61	92	0	171	125	384	21	18	80	22	5	76	56	0	563	235	13	2763	34	7	3	0	2	14	2	147	251	2	76	3	7377	1	2	2	2	0	1	1	2	1	0	2	0	0	1	1	0	2	3	9	2	0	8	0	0	4	2	3	2	1	3	1	0	0	3	0	2	61	0	101	200	3	11	3	8	169	0	46	5	6	0	1	0	0	1	0	3	0	0	10	0	0	9	0	0	0	2	0	20	0	0	0	0	0	15	0	11	0	2	0	0	33	0	0	0	0	56	2	0	0	0	0	0	2	0	0	0	0	0	0	0	0	69	0	0	0	1	0	9	25	0	0	0	0	0	0	0	0	0	0	0	0	0	0	0	2	0	0	0	0	5	0	0	2	0	0	0	0	0	0	0	0	0	0	0	0	0	70	0	0	201	0	0	0	0	0	3	8	66	3134	0	0	0	0	0	0	0	24	55	0	54	0	7168	12	17	2	6	1	57	12	4	1	7	50	2	7	6	1	11	5	0	4	39	64	1	1	1	0	8	1	37	0	1	20	0	2	5	2	62	5	1	8	12	5	0	1	25
12	4	0	1	1	0	1	2	0	0	0	0	0	0	0	0	2	1	1	0	0	0	0	0	1	1	1	1	1	1	0	2	0	1	0	0	0	34	0	0	0	0	0	0	0	0	0	0	0	0	0	0	0	0	0	0	0	0	0	0	0	0	0	0	0	0	0	0	0	0	0	0	0	0	0	0	0	0	0	0	0	0	0	0	0	0	0	0	0	0	0	0	0	0	0	0	0	0	0	0	0	0	0	0	0	0	0	0	0	0	0	0	0	0	4	0	0	0	0	0	0	0	0	1	1	0	0	0	3	0	0	0	0	0	0	0	0	0	0	0	0	0	0	0	0	0	1	0	0	0	0	10	12	5	4	2	2	1	5	2	1	2	1	3	1	1	5	1	2	3	2	1	1	1	1	2	2	3	2	2	2	3	1	1	2	2	1	2	1	85	0	0	0	0	0	0	0	0	0	0	0	0	0	0	0	0	0	0	0	0	0	0	0	0	0	0	0	0	0	0	0	0	0	0	0	0	0	0	4	0	0	0	0	0	1	0	0	0	0	0	0	0	0	0	0	0	0	2	0	0	1	0	0	0	0	0	0	0	0	0	0	0	0	0	0	8	0	0	0	0	0	0	0	0	0	0	0	0	0	0	0	0	0	0	0	0	0	0	0	0	0	0	0	0	0	0	0	0	0	0	0	0	0	0	4	1	0	0	1	0	2	1	0	0	0	0	0	0	0	0	1	1	1	0	0	0	0	0	1	1	1	1	1	1	0	0	0	1	0	0	0	19	0	0	0	0	0	0	0	0	0	0	0	0	0	0	0	0	0	0	0	0	0	0	0	0	0	0	0	0	0	0	0	0	0	0	0	0	0	0	0	0	0	0	0	0	0	0	0	0	0	0	0	0	0	0	0	0	0	0	0	0	0	0	0	0	0	0	0	0	0	0	0	0	0	0	0	0	2	0	0	0	0	0	0	0	0	0	0	0	0	0	0	0	0	0	0	0	0	0	0	0	0	0	0	0	0	0	0	0	0	0	0	0	0	2	2	0	0	0	0	0	0	0	0	0	0	0	0	0	0	0	0	0	0	0	0	0	0	0	0	0	0	0	0	0	0	0	0	0	0	0	0	2	9	3	5	3	1	1	4	2	1	1	1	2	1	1	2	1	1	1	1	1	1	1	1	1	1	1	1	1	1	1	1	1	3	1	1	2	1	62	0	0	0	0	0	0	0	0	0	0	0	0	0	0	0	0	0	0	0	0	0	0	0	0	0	0	0	0	0	0	0	0	0	0	0	0	0	0	5	1	1	1	1	1	1	1	1	1	2	1	1	1	1	1	1	1	1	1	1	1	1	1	1	1	1	1	1	1	1	1	1	1	1	1	1	42	0	0	0	0	0	0	0	0	0	0	0	0	0	0	0	0	0	0	0	0	0	0	0	0	0	0	0	0	0	0	0	0	0	0	0	0	0	0	0	0	0	0	0	0	0	0	0	0	0	0	0	0	0	0	0	0	0	0	0	0	0	0	0	0	0	0	0	0	0	0	0	0	0	0	0	0	0	0	0	0	0	0	0	0	0	0	0	0	0	0	0	0	0	0	0	0	0	0	0	0	0	0	0	0	0	0	0	0	0	0	0	0	0	0	0	0	0	0	0	0	0	0	0	0	0	0	0	0	0	0	0	0	0	0	0	0	0	0	0	0	0	0	0	0	0	0	0	0	0	0	0	0	0	0	0	0	0	0	0	0	0	0	0	0	0	0	0	0	0	0	0	0	0	0	0	0	0	0	0	0	0	0	0	0	0	0	0	0	0	0	0	0	0	0	0	0	0	0	0	0	0	0	0	0	0	0	0	0	0	0	0	0	0	0	0	0	0	0	0	0	0	0	0	0	0	0	0	0	0	0	0	0	0	0	0	0	0	0	0	0	0	0	0	0	0	0	0	0	0	0	0	0	0	0	0	0	0	0	0	0	0	0	0	0	0	0	0	0	0	0	0	0	0	0	0	0	0	0	0	0	0	0	0	0	0	0	0	0	0	0	0	0	0	0	0	0	0	0	0	0	0	0	0	0	11	1	3	3	1	1	2	2	1	1	1	1	1	1	1	1	1	1	1	1	1	1	1	1	1	1	1	1	1	1	1	2	3	1	1	1	1	56	2	0	0	0	0	0	1	0	0	0	0	0	0	0	0	0	0	0	0	0	0	0	0	0	0	0	0	0	0	0	0	0	0	0	0	0	0	3	44	41	0	42	4	0	0	12	6628	6	3	0	268	14	2	7	0	4	0	0	13	0	16	0	8	0	0	0	0	0	0	0	0	0	0	0	0	0	2	3	0	0	0	0	15	0	0	0	0	0	0	862	2271	191	25	1	431	1357	61	0	569	120	1274	54	10	1113	18	20	30	9	0	279	1051	31	3559	26	24	4	13	8	22	1	57	62	3	46	3	13605	2	2	1	3	2	8	1	1	1	1	2	0	0	1	2	1	1	2	5	1	0	0	0	0	2	1	2	1	1	2	2	4	1	1	0	2	56	0	122	290	10	14	23	18	248	3	83	2	6	0	0	0	10	0	0	0	4	0	15	0	7	0	0	0	0	1	0	8	0	0	0	0	0	1	0	4	0	4	0	0	22	0	0	1	0	340	0	0	0	3	0	0	0	0	0	0	0	3	1	0	0	98	0	2	0	0	0	11	20	3	0	0	0	0	0	21	40	0	0	0	0	0	0	1	0	0	0	0	0	0	0	3	1	0	8	0	0	0	0	0	0	0	0	0	0	0	70	0	0	201	0	0	0	0	0	3	8	66	3134	0	0	0	0	0	0	0	24	55	0	54	0	7168	13	18	2	5	1	56	19	8	1	8	50	3	9	6	0	11	4	0	4	40	64	1	1	1	0	8	1	40	0	1	20	0	2	5	2	65	6	2	9	12	5	0	1	28
2	0	0	0	0	0	0	0	0	0	0	0	0	0	0	0	0	1	0	0	1	0	0	0	0	0	0	0	0	0	0	1	0	0	0	0	0	5	0	0	0	0	0	0	0	0	0	0	0	0	0	0	0	0	0	0	0	0	0	0	0	0	0	0	0	0	0	0	0	0	0	0	0	0	0	0	0	0	0	0	0	0	0	0	0	0	0	0	0	0	0	0	0	0	0	0	0	0	0	0	0	0	0	0	0	0	0	0	0	0	0	0	0	0	4	0	1	0	0	0	1	1	0	0	0	0	0	0	0	1	0	0	0	0	0	1	0	0	0	0	0	0	0	0	0	0	0	0	0	0	0	9	8	4	2	2	1	1	4	1	1	2	1	1	1	1	1	3	1	2	1	2	1	1	1	2	1	1	1	1	1	1	1	1	2	1	1	1	3	61	4	2	1	1	1	1	2	1	1	1	1	1	1	1	1	1	1	1	1	1	1	1	1	1	1	1	1	1	1	1	1	1	1	1	1	2	1	43	3	1	1	1	1	1	1	1	1	1	1	1	1	1	3	1	1	1	1	1	1	1	1	1	1	1	1	1	1	1	2	1	1	1	1	1	1	42	0	0	0	0	0	0	0	0	0	0	0	0	0	0	0	0	0	0	0	0	0	0	0	0	0	0	0	0	0	0	0	0	0	0	0	0	0	0	2	0	0	0	0	0	0	0	0	0	0	0	0	0	0	0	0	0	0	0	0	0	0	0	0	0	0	0	0	0	0	0	0	0	0	0	0	2	0	0	0	0	0	0	0	0	0	0	0	0	0	0	0	0	0	0	0	0	0	0	0	0	0	0	0	0	0	0	0	0	0	0	0	0	0	0	0	0	0	0	0	0	0	0	0	0	0	0	0	0	0	0	0	0	0	0	0	0	0	0	0	0	0	0	0	0	0	0	0	0	0	0	0	0	0	0	0	0	0	0	0	0	0	0	0	0	0	0	0	0	0	0	0	0	0	0	0	0	0	0	0	0	0	0	0	0	0	0	0	0	0	0	6	1	0	0	1	0	1	1	0	0	0	0	0	0	0	0	1	1	1	0	0	0	0	0	1	1	1	1	1	1	0	0	0	1	0	0	0	20	8	4	2	1	1	1	3	1	1	1	2	2	1	1	1	3	1	2	1	1	1	2	1	2	1	1	1	1	1	1	2	1	2	1	1	1	3	61	0	0	0	0	0	0	0	0	0	0	0	0	0	0	0	0	0	0	0	0	0	0	0	0	0	0	0	0	0	0	0	0	0	0	0	0	0	0	7	1	0	0	1	0	1	2	0	1	1	0	0	0	0	0	2	1	1	0	0	2	0	0	1	1	1	1	1	1	0	0	0	1	0	0	0	27	0	0	0	0	0	0	0	0	0	0	0	0	0	0	0	0	0	0	0	0	0	0	0	0	0	0	0	0	0	0	0	0	0	0	0	0	0	0	0	0	0	0	0	0	0	0	0	0	0	0	0	0	0	0	0	0	0	0	0	0	0	0	0	0	0	0	0	0	0	0	0	0	0	0	0	0	0	0	0	0	0	0	0	0	0	0	0	0	0	0	0	0	0	0	0	0	0	0	0	0	0	0	0	0	0	0	0	0	0	0	0	0	0	0	0	0	0	0	0	0	0	0	0	0	0	0	0	0	0	0	0	0	0	0	0	0	0	0	0	0	0	0	0	0	0	0	0	0	0	0	0	0	0	0	0	0	0	0	0	0	0	0	0	0	0	0	0	0	0	0	0	0	0	0	0	0	0	0	0	0	0	0	0	0	0	0	0	0	0	0	0	0	0	0	0	0	0	0	0	0	0	0	0	0	0	0	0	0	0	0	0	0	0	0	0	0	0	0	0	0	0	0	0	0	0	0	0	0	0	0	0	0	0	0	0	0	0	0	0	0	0	0	0	0	0	0	0	0	0	0	0	0	0	0	0	0	0	0	0	0	0	0	0	0	0	0	0	0	0	0	0	0	0	0	0	0	0	0	0	0	0	0	0	0	0	0	0	0	0	0	0	0	0	0	0	0	0	0	0	0	0	0	0	0	13	0	1	0	0	0	0	1	0	0	0	0	0	0	1	0	0	0	0	0	0	1	0	0	0	0	0	0	0	0	0	0	0	0	0	0	0	17	6	1	1	1	1	1	1	1	1	1	1	1	1	1	2	1	1	1	1	1	1	1	1	1	1	1	1	1	1	1	1	1	1	1	1	1	2	44	40	2	0	16	0	0	0	6	531	2	2	0	302	14	1	0	0	5	0	0	93	0	5	0	6	0	0	0	0	0	0	0	0	0	0	0	0	3	0	0	0	0	0	0	0	0	0	0	0	0	1	1861	2378	275	96	1	93	571	61	6	860	152	430	162	93	157	10	4	27	13	0	366	276	11	838	4	12	2	29	16	17	35	32	39	2	72	10	9011	1	0	1	0	0	1	0	0	2	3	1	0	0	3	0	5	0	0	4	2	0	3	0	0	0	0	0	0	0	0	3	0	0	0	0	0	29	0	104	252	0	3	7	4	167	3	28	3	4	0	0	0	14	1	0	0	0	0	12	0	0	0	0	0	1	2	24	30	0	0	0	0	0	6	0	3	0	0	0	0	11	0	0	0	0	132	2	0	0	7	0	0	0	0	0	0	0	0	0	0	0	56	0	0	0	0	1	5	18	6	0	0	0	0	0	1	0	0	0	0	0	0	0	0	0	0	0	0	1	1	0	0	1	0	6	0	0	0	0	0	0	0	0	0	0	0	70	0	0	201	0	0	0	0	0	3	8	66	3134	0	0	0	0	0	0	0	24	55	0	54	0	7168	14	20	2	6	1	59	15	5	1	8	58	3	8	6	1	12	6	0	4	40	61	1	1	1	0	8	1	38	0	1	22	0	2	5	2	60	5	2	10	13	5	0	1	29
11	2	1	0	0	0	0	1	0	0	0	1	2	1	0	0	0	0	0	0	1	1	0	0	0	0	0	0	0	2	0	0	0	0	0	0	0	23	0	0	0	0	0	0	0	0	0	0	0	0	0	0	0	0	0	0	0	0	0	0	0	0	0	0	0	0	0	0	0	0	0	0	0	0	0	0	0	0	0	0	0	0	0	0	0	0	0	0	0	0	0	0	0	0	0	0	0	0	0	0	0	0	0	0	0	0	0	0	0	0	0	0	0	0	1	1	0	0	0	0	0	2	0	0	0	2	0	0	0	0	0	0	0	0	0	0	0	0	0	0	0	0	0	0	0	0	0	0	0	0	0	6	5	1	0	0	0	0	0	1	0	0	0	2	0	1	0	2	0	0	0	0	0	1	0	0	0	0	1	0	0	0	0	0	2	0	0	0	1	17	5	1	0	0	0	0	1	1	0	0	0	0	0	0	0	0	0	0	0	0	0	0	1	0	0	0	0	0	0	0	0	0	0	0	0	0	0	9	1	0	0	0	0	0	0	0	0	0	0	1	0	0	0	1	0	0	0	0	0	0	0	0	0	0	0	0	0	0	0	0	0	0	0	0	0	3	0	0	0	0	0	0	0	0	0	1	0	0	0	0	0	0	0	0	0	0	0	0	0	0	0	0	0	0	0	0	0	0	0	0	0	0	0	1	4	0	0	0	0	0	0	0	0	0	0	0	0	0	0	0	0	0	0	0	0	1	0	0	0	0	0	0	0	0	0	0	0	0	0	0	0	5	0	0	0	0	0	0	0	0	0	0	0	0	0	0	0	0	0	0	0	0	0	0	0	0	0	0	0	0	0	0	0	0	0	0	0	0	0	0	0	0	0	0	0	0	0	0	0	0	0	0	0	0	0	0	0	0	0	0	0	0	0	0	0	0	0	0	0	0	0	0	0	0	0	0	0	0	1	0	0	0	0	0	0	0	0	0	0	0	0	0	0	0	0	0	0	0	0	0	0	0	0	0	0	0	0	0	0	0	0	0	0	0	0	1	5	0	0	1	0	0	0	1	0	1	0	0	0	1	0	0	0	0	0	0	0	1	0	0	0	0	0	0	0	0	0	0	0	0	0	0	1	11	4	1	0	0	0	0	0	1	0	0	0	1	0	0	1	1	0	0	0	0	1	1	0	0	0	0	0	0	0	0	0	0	1	0	0	0	1	13	0	0	0	0	0	0	0	0	0	0	0	0	0	0	0	0	0	0	0	0	0	0	0	0	0	0	0	0	0	0	0	0	0	0	0	0	0	0	2	1	1	2	1	1	1	1	1	2	1	1	1	2	2	1	1	1	1	1	1	1	1	1	1	1	1	2	1	1	1	1	1	1	1	1	1	43	0	0	0	0	0	0	0	0	0	0	0	0	0	0	0	0	0	0	0	0	0	0	0	0	0	0	0	0	0	0	0	0	0	0	0	0	0	0	0	0	0	0	0	0	0	0	0	0	0	0	0	0	0	0	0	0	0	0	0	0	0	0	0	0	0	0	0	0	0	0	0	0	0	0	0	0	0	0	0	0	0	0	0	0	0	0	0	0	0	0	0	0	0	0	0	0	0	0	0	0	0	0	0	0	0	0	0	0	0	0	0	0	0	0	0	0	0	0	0	0	0	0	0	0	0	0	0	0	0	0	0	0	0	0	0	0	0	0	0	0	0	0	0	0	0	0	0	0	0	0	0	0	0	0	0	0	0	0	0	0	0	0	0	0	0	0	0	0	0	0	0	0	0	0	0	0	0	0	0	0	0	0	0	0	0	0	0	0	1	1	0	0	0	0	0	0	0	0	0	0	0	0	0	0	0	0	0	0	0	0	0	0	0	0	0	0	0	0	0	0	0	0	0	0	0	0	0	0	0	0	0	0	0	0	0	0	0	0	0	0	0	0	0	0	0	0	0	0	0	0	0	0	0	0	0	0	0	0	0	0	0	0	0	0	0	0	0	0	0	0	0	0	0	0	0	0	0	0	0	0	0	0	0	0	0	0	0	0	0	0	0	0	0	0	0	0	0	0	0	0	0	0	0	0	4	2	0	0	0	0	0	1	0	0	0	0	0	0	0	0	0	0	0	0	1	0	0	0	0	0	0	0	0	0	0	0	0	0	0	0	0	8	2	0	0	1	0	0	0	0	0	0	0	0	0	0	0	0	0	0	0	0	0	0	0	0	0	0	0	0	0	0	0	0	0	0	0	0	0	3	14	5	0	30	9	0	0	3	4246	0	0	1	220	38	0	2	0	2	0	0	9	0	12	0	8	0	0	0	0	0	0	0	0	0	0	0	0	8	0	0	0	0	0	0	8	0	0	0	0	0	0	1765	2732	173	27	102	250	113	104	5	573	183	825	6921	2758	122	7	132	27	8	1	616	395	114	1511	3	18	0	7	9	34	161	110	328	2	65	1	20202	0	3	1	1	1	1	0	1	2	0	1	0	0	1	1	0	2	2	6	2	0	7	0	0	2	2	0	3	2	1	0	0	0	2	0	0	44	0	97	237	17	0	5	12	142	0	53	11	0	3	0	0	0	0	0	0	0	0	6	0	2	0	0	0	0	0	0	22	2	5	0	0	0	2	0	6	0	0	0	2	40	0	0	0	0	75	0	0	0	3	0	0	0	0	0	0	0	0	0	0	0	41	0	0	0	0	0	4	22	0	0	0	0	0	1	1	0	0	0	1	0	1	1	0	0	4	0	0	0	0	0	0	0	0	0	0	0	0	0	0	0	0	0	0	0	0	70	0	0	201	0	0	0	0	0	3	8	66	3134	0	0	0	0	0	0	0	24	55	0	54	0	7168	18	19	1	6	1	57	14	4	1	8	53	3	8	7	1	11	5	0	4	39	62	1	1	1	0	8	1	38	0	1	22	0	2	5	2	63	3	2	10	13	5	0	1	29
13	0	0	0	0	0	1	0	0	0	2	0	1	0	0	0	2	0	0	0	0	0	0	0	0	0	0	0	0	0	0	0	0	0	0	0	0	19	0	0	0	1	0	0	0	0	0	0	0	0	0	0	0	0	0	0	0	0	0	0	0	0	0	0	0	0	0	0	0	0	0	0	0	0	0	1	0	0	0	0	0	0	0	0	0	0	0	0	0	0	0	0	0	0	0	0	0	0	0	0	0	0	0	0	0	0	0	0	0	0	0	0	0	0	5	1	1	0	0	1	0	0	1	0	0	0	0	1	1	0	0	0	0	0	0	0	0	0	0	0	0	0	0	0	0	0	0	1	0	0	0	12	3	2	1	0	0	0	0	1	1	0	1	0	1	0	1	0	0	0	0	0	0	0	0	0	0	0	0	0	0	0	0	0	0	0	0	1	0	12	3	1	0	0	0	0	0	0	0	0	0	0	1	0	0	0	0	0	0	0	0	0	0	0	0	0	0	0	1	0	0	0	0	0	0	0	0	6	2	0	0	0	0	0	0	0	0	0	0	0	0	0	0	0	0	0	0	0	0	0	0	0	0	0	1	0	0	1	0	0	0	0	0	0	0	4	0	0	0	0	0	0	0	0	0	0	0	0	0	0	0	0	0	0	0	0	0	0	0	0	0	0	0	0	0	0	0	0	0	0	0	0	0	0	1	0	0	0	0	0	0	0	0	0	0	0	0	0	0	0	0	0	0	0	0	0	0	0	0	0	0	0	0	0	0	0	0	0	0	0	0	1	1	0	0	0	0	0	0	0	0	0	0	0	0	0	0	0	0	0	0	0	0	0	0	0	0	0	0	0	0	0	0	0	0	0	0	0	0	1	0	0	0	0	0	0	0	0	0	0	0	0	0	0	0	0	0	0	0	0	0	0	0	0	0	0	0	0	0	0	0	0	0	0	0	0	0	0	0	0	0	0	0	0	0	0	0	0	0	0	0	0	0	0	0	0	0	0	0	0	0	0	0	0	0	0	0	0	0	0	0	0	0	0	0	0	3	1	1	1	1	1	1	1	1	1	1	1	1	1	1	1	2	1	1	1	1	1	1	1	1	1	1	1	1	1	1	1	1	1	1	1	1	40	7	3	2	1	1	1	1	1	1	1	2	1	2	1	1	1	1	1	1	1	1	2	1	1	1	1	1	1	2	1	1	1	1	1	2	2	1	52	0	0	0	0	0	0	0	0	0	0	0	0	0	0	0	0	0	0	0	0	0	0	0	0	0	0	0	0	0	0	0	0	0	0	0	0	0	0	1	0	0	0	0	0	0	0	0	0	0	0	0	0	0	0	0	0	0	0	0	0	0	0	0	0	0	0	0	0	0	0	0	0	0	0	1	2	0	0	0	0	0	0	0	0	0	0	0	0	0	0	0	0	0	0	0	0	0	0	0	0	0	0	0	0	0	0	0	0	0	0	0	0	0	0	1	0	0	1	0	0	0	0	0	0	1	0	0	0	0	0	0	0	0	0	0	0	0	0	0	0	0	0	0	0	0	0	0	0	0	0	0	3	0	0	0	0	0	0	0	0	0	0	0	0	0	0	0	0	0	0	0	0	0	0	0	0	0	0	0	0	0	0	0	0	0	0	0	0	0	0	1	0	0	0	0	0	0	0	0	0	0	0	0	0	0	0	0	0	0	0	0	0	0	0	0	0	0	0	0	0	0	0	0	0	0	0	0	1	0	0	0	0	0	0	0	0	0	0	0	0	0	0	0	0	0	0	0	0	0	0	0	0	0	0	0	0	0	0	0	0	0	0	0	0	0	0	0	0	0	0	0	0	0	0	0	0	0	0	0	0	0	0	0	0	0	0	0	0	0	0	0	0	0	0	0	0	0	0	0	0	0	0	0	0	0	0	0	0	0	0	0	0	0	0	0	0	0	0	0	0	0	0	0	0	0	0	0	0	0	0	0	0	0	0	0	0	0	0	0	0	0	0	0	0	0	0	0	0	0	0	0	0	0	0	0	0	0	0	0	0	0	0	0	0	0	0	0	0	0	0	0	0	0	0	0	0	0	0	0	0	9	1	0	0	0	1	0	0	0	0	0	0	0	1	0	1	0	0	0	0	0	0	0	0	0	0	1	0	0	0	0	0	0	1	1	0	0	16	6	0	0	0	0	0	0	0	0	0	0	0	0	0	0	0	0	0	0	0	0	0	0	0	0	0	0	0	0	0	0	0	0	0	0	0	0	6	38	2	0	10	0	0	0	2	3290	4	0	0	168	9	0	4	0	4	0	4	7	0	6	0	12	0	0	0	0	0	0	0	0	0	0	0	0	4	9	0	1	0	0	0	0	0	0	0	0	0	0	855	1954	182	53	6	162	180	71	720	637	164	179	6648	1575	133	15	13	28	36	0	292	271	16	2679	3	21	1	18	2	11	8	98	31	1	37	2	17102	0	1	1	2	0	0	1	1	1	1	1	0	0	0	0	1	2	0	5	0	0	5	0	0	1	1	1	1	1	2	0	1	1	1	0	0	32	0	54	199	0	8	8	11	114	3	39	2	2	0	0	0	9	0	0	0	12	0	10	0	0	3	0	2	0	0	0	16	0	0	0	0	0	3	0	11	0	0	0	0	23	4	0	0	0	12	7	0	0	0	0	0	0	0	0	0	0	0	0	0	0	61	0	0	0	0	0	7	17	5	0	0	0	0	1	3	0	0	0	0	0	0	0	0	0	0	0	4	1	4	0	0	0	0	1	0	0	0	0	0	0	0	0	0	0	0	70	0	0	201	0	0	0	0	0	3	8	66	3134	0	0	0	0	0	0	0	24	55	0	54	0	7168	22	18	1	6	1	54	13	3	1	9	51	3	9	8	1	11	6	0	4	39	62	1	1	1	0	8	1	39	0	1	22	0	2	5	2	74	3	2	10	14	5	0	1	28
3	0	0	0	0	0	0	0	0	0	0	0	0	0	0	1	1	0	0	0	1	0	2	0	0	0	0	0	0	0	0	0	0	0	0	0	0	8	0	0	0	0	0	0	0	0	0	0	0	0	0	0	0	0	0	0	0	0	0	0	0	0	0	0	0	0	0	0	0	0	0	0	0	0	0	0	0	0	0	0	0	0	0	0	0	0	0	0	0	0	0	0	0	0	0	0	0	0	0	0	0	0	0	0	0	0	0	0	0	0	0	0	0	0	5	1	1	1	1	2	1	1	2	1	2	1	1	1	1	2	1	1	1	1	1	1	1	1	1	1	1	1	1	1	1	1	1	1	1	1	1	45	13	5	1	0	0	1	0	0	1	1	1	0	0	0	1	0	0	0	0	0	0	0	0	0	0	0	0	0	1	0	0	0	0	0	0	1	0	26	6	3	0	1	0	0	0	0	0	0	0	0	0	0	0	0	0	0	0	0	0	0	0	0	0	0	0	0	0	0	0	0	0	0	0	0	0	10	0	1	0	0	0	0	1	0	0	0	0	0	0	0	0	0	0	0	0	0	0	0	0	0	0	0	0	0	0	0	0	0	1	0	0	0	0	3	0	0	0	0	0	0	0	0	0	0	0	0	0	0	0	0	0	0	0	0	0	0	0	0	0	0	0	0	0	0	0	0	0	0	0	0	0	0	2	2	1	1	1	1	1	1	1	1	1	1	1	1	2	1	1	1	1	1	1	1	1	1	1	1	1	1	1	1	1	1	1	1	1	2	1	41	0	0	0	0	0	0	0	0	0	0	0	0	0	0	0	0	0	0	0	0	0	0	0	0	0	0	0	0	0	0	0	0	0	0	0	0	0	0	0	0	0	0	0	0	0	0	0	0	0	0	0	0	0	0	0	0	0	0	0	0	0	0	0	0	0	0	0	0	0	0	0	0	0	0	0	0	0	1	0	0	0	0	0	0	0	0	0	0	0	0	0	0	0	0	0	0	0	0	0	0	0	0	0	0	0	0	0	0	0	0	0	0	0	1	2	0	0	0	0	0	1	0	0	0	0	0	0	0	0	0	0	0	0	0	0	0	0	0	0	0	0	1	0	0	0	0	0	0	0	0	0	4	10	4	1	0	0	1	0	0	0	0	0	1	0	0	1	0	0	0	0	0	0	0	1	0	0	0	0	0	0	2	0	0	0	0	0	1	0	22	0	0	0	0	0	0	0	0	0	0	0	0	0	0	0	0	0	0	0	0	0	0	0	0	0	0	0	0	0	0	0	0	0	0	0	0	0	0	3	1	0	1	0	0	0	0	0	0	1	1	0	0	1	0	0	0	0	0	0	0	0	0	0	0	0	1	0	0	0	0	0	0	0	1	0	10	0	0	0	0	0	0	0	0	0	0	0	0	0	0	0	0	0	0	0	0	0	0	0	0	0	0	0	0	0	0	0	0	0	0	0	0	0	0	0	0	0	0	0	0	0	0	0	0	0	0	0	0	0	0	0	0	0	0	0	0	0	0	0	0	0	0	0	0	0	0	0	0	0	0	0	0	0	0	0	0	0	0	0	0	0	0	0	0	0	0	0	0	0	0	0	0	0	0	0	0	0	0	0	0	0	0	0	0	0	0	0	0	0	0	1	0	0	0	0	0	0	0	0	0	0	0	0	0	0	0	0	0	0	0	0	0	0	0	0	0	0	0	0	0	0	0	0	0	0	0	0	1	0	0	0	0	0	0	0	0	0	0	0	0	0	0	0	0	0	0	0	0	0	0	0	0	0	0	0	0	0	0	0	0	0	0	0	0	0	0	0	0	0	0	0	0	0	0	0	0	0	0	0	0	0	0	0	0	0	0	0	0	0	0	0	0	0	0	0	0	0	0	0	0	0	0	0	0	0	0	0	0	0	0	0	0	0	0	0	0	0	0	0	0	0	0	0	0	0	0	0	0	0	0	0	0	0	0	0	0	0	0	0	0	0	0	0	0	0	0	0	0	0	0	0	0	0	0	0	0	0	0	0	0	0	0	0	0	0	0	0	0	0	1	0	0	0	0	0	0	0	0	0	1	7	2	0	0	0	0	0	0	0	0	0	1	0	0	0	2	0	0	0	0	0	1	2	0	0	0	0	0	0	2	0	0	0	0	0	0	0	17	2	1	0	0	0	0	0	0	0	0	0	0	0	0	0	0	0	0	0	0	0	0	0	0	0	0	0	0	0	0	0	0	0	0	0	0	0	3	11	20	0	21	6	0	1	3	777	2	1	0	151	9	0	8	0	2	0	0	3	0	12	0	3	2	0	0	0	0	0	0	0	0	0	0	0	0	1	0	2	0	0	0	0	0	0	1	0	0	2	1330	3487	145	31	1	140	101	85	24	635	93	200	34	23	163	19	7	14	14	0	485	2498	14	3729	43	13	3	7	7	11	2	36	107	0	27	3	13531	1	2	1	0	4	2	4	3	2	1	4	0	0	3	1	0	3	1	6	1	0	2	0	0	3	1	4	5	3	1	2	3	2	1	0	0	66	0	64	178	0	6	15	2	183	0	37	7	7	0	4	0	0	0	0	1	7	0	14	0	0	0	0	1	10	0	0	6	0	0	0	0	0	6	6	2	0	0	0	11	27	0	0	0	0	26	0	0	0	4	0	0	2	0	1	0	0	0	0	0	0	74	0	0	0	0	1	9	9	0	0	1	1	0	0	0	0	0	0	0	0	0	0	0	0	0	0	0	0	4	0	0	1	0	7	0	0	0	0	0	0	0	0	0	0	0	70	0	0	201	0	0	0	0	0	3	8	66	3134	0	0	0	0	0	0	0	24	55	0	54	0	7168	16	19	2	6	1	55	12	4	1	7	51	3	9	7	1	12	5	0	4	39	62	1	1	1	0	8	1	38	0	1	21	0	2	5	2	60	3	2	10	13	5	0	1	29
3	1	1	1	0	0	0	0	0	0	0	0	1	1	0	0	0	0	0	0	0	0	0	0	0	0	0	0	0	0	0	0	1	0	0	0	1	10	0	0	0	0	0	0	0	0	0	0	0	0	0	0	0	0	0	0	0	0	1	0	0	0	0	0	0	0	0	0	0	0	0	0	0	0	0	1	0	0	0	0	0	0	0	0	0	0	0	0	0	0	0	0	0	0	0	0	0	0	0	0	0	0	0	0	0	0	0	0	0	0	0	0	0	0	3	0	0	1	1	1	0	0	0	0	0	0	0	0	0	0	1	0	0	0	0	0	0	0	0	0	0	0	1	1	0	0	4	0	0	0	1	14	1	1	0	1	1	1	0	0	1	0	0	0	0	0	0	0	1	1	0	0	0	0	0	0	0	0	0	0	2	1	0	0	3	0	0	1	3	18	3	2	0	0	0	0	1	0	0	0	0	0	0	0	1	0	0	0	0	0	0	0	0	0	0	0	0	0	0	0	0	0	0	0	0	0	0	7	0	0	0	0	0	0	0	0	1	0	0	0	0	0	1	0	0	0	0	0	0	0	1	1	0	0	0	0	0	0	0	0	3	0	0	0	0	7	0	0	0	0	0	0	0	0	0	0	0	0	0	0	0	0	0	0	0	0	0	0	0	0	0	0	0	0	0	0	0	0	0	0	0	0	0	0	0	0	0	0	0	0	0	1	0	0	0	0	0	0	0	0	0	0	0	0	0	0	0	0	0	0	0	0	0	0	0	0	0	0	0	0	0	1	0	0	0	0	0	0	0	1	0	0	0	0	0	0	0	0	0	0	0	0	0	0	0	0	0	0	0	0	0	0	0	0	0	0	0	0	0	1	0	0	0	0	0	0	0	0	0	0	0	0	0	0	0	0	0	0	0	0	0	0	0	0	0	0	0	0	0	0	0	0	0	0	0	0	0	0	0	0	0	0	0	0	0	0	0	0	0	0	0	0	0	0	0	0	0	0	0	0	0	0	0	0	0	0	0	0	0	0	0	0	0	0	0	0	7	0	0	0	0	0	0	1	0	1	0	0	0	0	0	0	0	0	0	0	0	0	0	0	0	0	0	0	0	0	0	0	0	0	0	0	0	9	6	2	1	1	1	1	2	1	1	1	1	1	1	1	1	1	1	2	1	1	2	1	2	2	1	1	1	1	2	1	1	1	5	1	1	1	2	54	0	0	0	0	0	0	0	0	0	0	0	0	0	0	0	0	0	0	0	0	0	0	0	0	0	0	0	0	0	0	0	0	0	0	0	0	0	0	6	1	1	1	1	1	1	1	1	2	1	1	1	1	1	1	1	1	1	1	1	1	1	1	1	1	1	1	1	1	1	1	1	1	1	2	1	44	0	0	0	0	0	0	0	0	0	0	0	0	0	0	0	0	0	0	0	0	0	0	0	0	0	0	0	0	0	0	0	0	0	0	0	0	0	0	0	0	0	0	0	0	0	0	0	0	0	0	0	0	0	0	0	0	0	0	0	0	0	0	0	0	0	0	0	0	0	0	0	0	0	0	0	0	0	0	0	0	0	0	0	0	0	0	0	0	0	0	0	0	0	0	0	0	0	0	0	0	0	0	0	0	0	0	0	0	0	0	0	0	0	0	0	0	0	0	0	0	0	1	0	0	0	0	0	0	0	0	0	0	0	0	0	0	0	0	0	0	0	0	0	0	0	0	0	0	0	0	0	1	0	0	0	0	0	0	0	0	0	0	0	0	0	0	0	0	0	0	0	0	0	0	0	0	0	0	0	0	0	0	0	0	0	0	0	0	0	0	0	0	0	0	0	0	0	0	0	0	0	0	0	0	0	0	0	0	0	0	0	0	0	0	0	0	0	0	0	0	0	0	0	0	0	0	0	0	0	0	0	0	0	0	0	0	0	0	0	0	0	0	0	0	0	0	0	0	0	0	0	0	0	0	0	0	0	0	0	0	0	0	0	0	0	0	0	0	0	0	0	0	0	0	0	0	0	0	0	0	0	0	0	0	0	0	0	0	0	0	0	0	0	0	0	0	0	0	0	0	0	0	0	0	8	2	1	1	1	1	1	1	1	1	1	1	1	2	1	1	1	1	1	1	2	1	1	1	1	1	1	1	1	1	1	1	2	1	1	1	1	48	1	1	0	1	0	0	0	0	0	0	1	0	0	0	0	0	0	0	0	0	0	0	0	0	0	0	0	0	0	0	0	0	0	0	0	0	0	4	35	26	0	51	7	0	0	4	0	2	0	0	147	31	0	4	0	6	0	0	5	0	15	0	7	0	0	0	0	0	0	0	0	0	0	0	0	4	0	5	7	0	0	0	8	0	1	0	0	0	1	676	935	93	28	3	491	185	73	15	419	128	222	90	22	58	3	11	18	3	1	371	440	63	1751	30	7	3	16	4	10	11	160	62	4	22	1	6429	0	0	0	0	2	1	0	0	0	1	0	0	0	1	0	1	0	0	8	0	0	0	0	0	2	1	0	0	0	1	1	0	0	1	0	1	21	0	80	248	0	2	4	0	176	3	36	12	3	0	0	0	0	0	0	0	0	0	11	0	0	2	0	0	8	3	0	12	0	6	0	0	0	2	0	9	0	0	0	9	32	0	0	0	0	32	3	0	1	5	0	0	2	0	0	0	0	0	0	0	0	78	0	0	0	0	0	3	17	1	0	0	0	0	0	6	0	0	0	0	0	1	0	2	0	0	0	0	0	0	0	0	0	0	0	0	0	0	0	0	0	0	0	0	0	0	70	0	0	201	0	0	0	0	0	3	8	66	3134	0	0	0	0	0	0	0	24	55	0	54	0	7168	15	18	1	6	1	52	12	3	1	9	55	3	10	6	1	13	6	0	4	42	61	1	1	1	0	8	1	39	0	1	21	0	2	5	2	59	3	2	9	15	4	0	1	28
2	0	0	0	0	0	0	0	0	0	0	0	0	0	0	0	0	0	0	0	0	0	0	0	0	0	0	0	0	0	0	0	1	0	0	0	0	3	0	1	0	0	0	0	0	0	0	0	0	0	0	0	0	0	0	0	0	0	0	0	0	0	0	0	0	0	0	0	0	0	0	0	0	0	0	1	0	0	0	0	0	0	0	0	0	0	0	0	0	0	0	0	0	0	0	0	0	0	0	0	0	0	0	0	0	0	0	0	0	0	0	0	0	0	7	0	0	1	0	0	2	0	0	0	1	1	0	0	0	1	0	0	0	0	0	0	0	0	0	0	0	0	0	1	0	0	0	0	0	0	0	14	4	1	0	1	0	0	0	0	0	0	0	2	0	0	0	1	0	1	0	0	0	0	0	0	0	0	0	0	0	2	0	0	0	0	0	0	0	12	13	2	0	0	0	0	1	0	0	0	1	0	0	0	1	0	0	0	0	0	0	0	0	0	0	0	0	0	0	0	0	0	0	0	0	1	0	19	0	0	0	0	0	0	0	0	0	0	0	4	0	0	0	0	0	1	0	0	0	1	0	0	0	0	0	0	0	0	1	1	0	0	0	1	0	9	1	0	0	0	0	0	0	0	0	0	0	0	0	0	0	0	0	0	0	0	0	0	0	0	0	0	0	0	0	0	0	0	0	0	0	0	0	1	0	1	0	0	0	0	0	0	0	0	0	0	0	0	0	0	0	0	0	0	0	0	0	0	0	0	0	0	0	0	0	0	0	0	0	0	0	1	0	0	0	0	0	0	0	0	0	0	0	0	0	0	0	0	0	0	0	0	0	0	0	0	0	0	0	0	0	0	0	0	0	0	0	0	0	0	0	0	0	0	0	0	0	0	0	0	0	0	0	0	0	0	0	0	0	0	0	0	0	0	0	0	0	0	0	0	0	0	0	0	0	0	0	0	1	0	0	0	0	0	0	0	0	0	0	0	0	0	0	0	0	0	0	0	0	0	0	0	0	0	0	0	0	0	0	0	0	0	0	0	0	1	5	0	1	0	0	0	0	0	0	0	0	0	0	0	0	1	1	0	0	0	0	0	0	0	0	0	0	0	0	0	0	0	1	0	0	0	0	9	12	0	1	0	0	0	1	0	0	0	1	1	0	0	1	0	0	1	1	0	0	0	0	0	0	1	0	0	0	1	0	0	2	0	0	0	0	23	0	0	0	0	0	0	0	0	0	0	0	0	0	0	0	0	0	0	0	0	0	0	0	0	0	0	0	0	0	0	0	0	0	0	0	0	0	0	0	1	0	0	0	0	0	0	0	2	0	0	0	0	0	0	0	0	0	0	0	0	0	0	0	0	0	0	0	0	0	0	0	0	0	0	1	4	0	0	0	0	0	0	0	0	0	0	0	0	0	0	0	0	0	0	0	0	0	0	0	0	0	0	0	0	0	0	0	0	0	0	0	0	0	0	0	0	0	0	0	0	0	0	0	0	1	0	0	0	0	0	0	0	0	0	0	0	0	0	0	0	0	0	0	0	0	0	0	0	0	0	0	1	0	0	0	0	0	0	0	0	0	0	0	0	0	0	0	0	0	0	0	0	0	0	0	0	0	0	0	0	0	0	0	0	0	0	0	0	0	0	0	0	0	0	0	0	0	0	0	0	0	0	0	0	0	0	0	0	0	0	0	0	0	0	0	0	0	0	0	0	0	0	0	0	0	0	0	0	0	0	0	0	0	0	0	0	0	0	0	0	0	0	0	0	0	0	0	0	0	0	0	0	0	0	0	0	0	0	0	0	0	0	0	0	0	0	0	0	0	0	0	0	0	0	0	0	0	0	0	0	0	0	0	0	0	0	0	0	0	0	0	0	0	0	0	0	0	0	0	0	0	0	0	0	0	0	0	0	0	0	0	0	0	0	0	0	0	0	0	0	0	0	0	0	0	0	0	0	0	0	0	0	0	0	0	0	0	0	0	0	0	0	0	0	0	0	0	0	0	0	0	0	0	0	0	0	0	0	0	0	0	0	0	0	0	0	0	0	0	0	0	0	0	0	0	0	0	0	0	0	9	2	1	0	0	0	1	0	0	0	0	0	0	0	0	0	0	0	1	0	0	1	0	0	0	1	0	0	0	0	0	0	2	0	0	0	0	18	1	1	0	0	0	0	0	0	0	1	0	1	0	0	1	0	0	0	0	0	0	0	0	0	0	0	0	0	0	0	0	0	0	0	0	0	0	5	28	13	0	46	0	0	0	4	2031	0	2	0	185	24	8	0	0	0	0	1	25	0	8	0	3	0	0	0	0	0	0	0	0	0	0	0	0	0	0	4	0	0	0	0	0	0	0	0	0	0	0	877	2750	88	42	2	930	74	81	8	585	78	226	437	38	79	84	4	161	7	0	200	517	43	1390	44	46	6	0	4	79	1	4979	425	1	72	12	14370	1	1	1	0	0	0	1	0	0	0	1	0	0	0	0	0	0	0	4	0	0	0	0	0	0	0	0	0	0	0	1	1	0	0	0	0	11	0	67	116	0	0	4	10	125	17	33	5	2	0	0	3	0	0	0	0	27	0	13	0	0	0	0	0	4	0	0	6	0	1	0	0	0	4	0	4	0	0	0	0	9	0	1	0	0	68	0	0	0	0	0	0	0	0	0	0	0	0	0	0	0	60	0	0	0	0	0	6	8	3	0	0	0	0	0	7	0	0	1	1	0	0	0	0	0	0	0	0	0	1	0	0	3	0	3	0	0	0	0	0	0	0	0	0	0	0	70	0	0	201	0	0	0	0	0	3	8	66	3134	0	0	0	0	0	0	0	24	55	0	54	0	7168	15	18	2	6	1	54	14	3	1	9	50	3	11	7	1	13	5	0	4	44	62	1	1	1	0	7	1	38	0	1	20	0	2	5	2	60	3	1	9	14	5	0	1	31
4	1	0	0	0	0	0	1	0	1	0	1	0	0	0	0	1	0	0	0	0	0	0	1	0	0	0	0	0	1	0	1	0	0	0	0	1	13	0	0	0	0	0	0	0	0	0	0	0	0	0	0	0	0	0	0	0	0	0	0	0	0	0	0	0	0	0	0	0	0	0	0	0	0	0	0	0	0	0	0	0	0	0	0	0	0	0	0	0	0	0	0	0	0	0	0	0	0	0	0	0	0	0	0	0	0	0	0	0	0	0	0	0	0	5	1	0	0	0	0	0	0	0	0	0	0	0	0	0	0	0	0	0	0	0	0	0	0	0	0	0	0	0	0	0	0	0	0	0	0	0	6	5	0	0	0	0	0	1	0	0	0	0	0	0	0	2	0	0	0	0	0	1	0	0	0	0	0	0	0	0	0	0	0	0	0	0	0	0	9	6	3	0	3	0	1	0	1	1	0	0	0	0	0	0	0	0	0	0	0	0	0	0	0	0	0	0	0	0	0	0	1	0	0	1	0	1	18	2	2	1	1	1	1	3	1	1	1	1	1	1	1	1	1	1	2	1	1	2	1	1	1	1	1	1	1	1	1	1	1	1	1	2	1	1	44	0	0	0	0	0	0	0	0	0	0	0	0	0	0	0	0	0	0	0	0	0	0	0	0	0	0	0	0	0	0	0	0	0	0	0	0	0	0	1	0	0	0	0	0	0	0	0	0	0	0	0	0	0	0	0	0	0	0	0	0	0	0	0	0	0	0	0	0	0	0	0	0	0	0	1	2	0	0	0	0	0	0	0	0	0	0	0	0	0	0	0	0	0	0	0	0	0	0	0	0	0	0	0	0	0	0	0	0	0	0	0	0	0	0	0	0	0	0	0	0	0	0	0	0	0	0	0	0	0	0	0	0	0	0	0	0	0	0	0	0	0	0	0	0	0	0	0	0	0	0	0	0	0	0	0	0	0	0	0	0	0	0	0	0	0	0	0	0	0	0	0	0	0	0	0	0	0	0	0	0	0	0	0	0	0	0	0	0	0	0	2	0	0	0	0	0	0	0	0	0	0	0	0	0	1	0	1	0	0	0	0	0	0	0	0	0	0	0	0	0	0	0	0	0	0	0	0	4	21	10	7	8	7	7	8	7	7	7	7	7	7	7	8	7	7	8	7	7	8	7	7	8	7	7	7	7	7	8	7	7	8	7	7	7	7	284	0	0	0	0	0	0	0	0	0	0	0	0	0	0	0	0	0	0	0	0	0	0	0	0	0	0	0	0	0	0	0	1	0	0	0	0	0	1	0	0	0	0	0	0	0	0	0	0	0	0	0	0	1	0	0	0	0	0	0	0	0	0	0	0	0	0	0	0	0	0	0	0	0	0	1	2	0	0	0	0	0	0	0	0	0	0	0	0	0	0	0	0	0	0	0	0	0	0	0	0	0	0	0	0	0	0	0	0	0	0	0	0	0	0	0	0	0	0	0	0	0	0	0	0	0	0	0	0	0	0	0	0	0	0	0	0	0	0	0	0	0	0	0	0	0	0	0	0	0	0	0	0	0	0	0	0	0	0	0	0	0	0	0	0	0	0	0	0	0	0	0	0	0	0	0	0	0	0	0	0	0	0	0	0	0	0	0	0	0	0	1	0	0	0	0	0	0	0	0	0	0	0	0	0	0	0	0	0	0	0	0	0	0	0	0	0	0	0	0	0	0	0	0	0	0	0	0	1	0	0	0	0	0	0	0	0	0	0	0	0	0	0	0	0	0	0	0	0	0	0	0	0	0	0	0	0	0	0	0	0	0	0	0	0	0	0	0	0	0	0	0	0	0	0	0	0	0	0	0	0	0	0	0	0	0	0	0	0	0	0	0	0	0	0	0	0	0	0	0	0	0	0	0	0	0	0	0	0	0	0	0	0	0	0	0	0	0	0	0	0	0	0	0	0	0	0	0	0	0	0	0	0	0	0	0	0	0	0	0	0	0	0	0	0	0	0	0	0	0	0	0	0	0	0	0	0	1	0	0	0	0	0	0	0	0	0	0	0	0	0	0	0	0	0	0	0	0	0	0	1	9	2	0	0	0	0	0	0	0	0	0	0	0	0	1	0	0	0	0	0	0	0	0	1	0	0	1	0	0	0	0	0	2	0	0	0	0	16	5	0	0	0	0	0	0	1	0	1	0	0	0	0	0	0	0	0	0	0	0	0	0	1	0	0	0	0	0	0	0	0	1	0	0	0	1	10	18	11	0	43	0	0	0	0	3026	3	0	1	279	20	0	1	0	1	0	0	30	0	11	1	1	0	0	0	0	0	0	0	0	0	0	0	0	18	0	0	2	0	0	0	0	0	0	3	0	0	0	1424	7706	415	67	3	1262	553	115	0	518	251	222	93	68	417	0	11	31	8	0	1299	1462	105	27823	4	13	2	11	14	101	3	3032	415	1	44	5	47498	0	2	1	0	1	0	1	0	0	0	0	0	0	1	1	0	0	1	4	0	0	0	6	0	0	1	1	0	1	1	3	3	4	1	0	3	36	0	65	145	0	3	11	6	108	0	28	10	3	0	0	0	0	0	0	0	2	0	9	0	0	0	0	0	0	1	0	0	0	0	2	0	0	0	0	2	0	0	0	2	25	0	0	0	0	23	3	0	0	0	0	0	2	0	0	0	0	0	0	0	0	27	0	0	0	0	0	0	13	0	0	0	0	0	0	5	0	0	0	1	0	0	0	0	2	0	0	0	0	0	0	0	2	0	0	0	0	0	0	0	0	0	0	0	0	0	70	0	0	201	0	0	0	0	0	3	8	66	3134	0	0	0	0	0	0	0	24	55	0	54	0	7168	14	18	2	5	1	50	12	3	1	8	59	3	11	7	1	13	4	0	4	41	62	1	1	1	0	10	1	40	0	1	19	0	2	5	2	59	3	1	9	13	5	0	1	25
2	0	0	0	0	0	0	0	1	0	0	0	0	0	0	0	0	0	1	2	0	0	0	1	0	0	0	0	0	0	0	0	1	0	0	0	0	8	0	0	0	0	0	0	0	0	0	0	0	0	0	0	0	0	0	0	0	0	0	0	0	0	0	0	0	0	0	0	0	0	0	0	0	0	0	0	0	0	0	0	0	0	0	0	0	0	0	0	0	0	0	0	0	0	0	0	0	0	0	0	0	0	0	0	0	0	0	0	0	0	0	0	0	0	0	0	0	0	0	0	0	0	0	0	0	0	0	0	0	0	0	0	0	0	0	0	0	0	0	0	0	0	0	0	0	0	0	0	0	0	0	0	2	1	0	0	0	0	0	1	0	0	0	0	0	0	1	0	0	0	0	0	0	0	0	0	0	0	0	0	0	0	0	0	0	0	0	0	0	5	4	0	0	1	0	0	0	0	0	0	0	0	0	0	0	0	0	0	0	0	1	0	0	1	0	0	0	0	0	1	0	0	0	0	0	0	0	8	3	1	0	1	0	0	0	0	2	0	0	2	0	0	2	0	0	1	0	0	0	0	0	0	0	0	0	0	0	0	0	0	0	0	1	0	0	13	0	0	0	0	0	0	0	0	0	0	0	0	0	0	0	0	0	0	0	0	0	0	0	0	0	0	0	0	0	0	0	0	0	0	0	0	1	1	0	0	0	0	0	0	0	0	0	0	0	0	0	0	0	0	0	0	0	0	0	0	0	0	0	0	0	0	0	0	0	0	0	0	0	0	0	0	0	0	0	0	0	0	0	0	0	0	0	0	0	0	0	0	0	0	0	0	0	0	0	0	0	0	0	0	0	0	0	0	0	0	0	0	0	0	0	0	0	0	0	0	0	0	0	0	0	0	0	0	0	0	0	0	0	0	0	0	0	0	0	0	0	0	0	0	0	0	0	0	0	0	0	0	0	0	0	0	0	0	0	0	0	0	0	0	0	0	0	0	0	0	0	0	0	0	0	0	0	0	0	0	0	0	0	0	0	0	0	0	0	0	5	0	0	0	0	0	0	0	0	0	0	0	0	0	0	0	0	0	0	0	0	0	0	1	0	0	0	0	0	1	0	0	0	0	0	0	1	8	9	1	0	0	0	0	1	1	0	0	0	0	0	0	1	0	0	0	0	0	0	0	0	0	0	1	0	0	0	0	0	0	1	0	0	0	0	15	0	0	0	0	0	0	0	0	0	0	0	0	0	0	0	0	0	0	0	0	0	0	0	0	0	0	0	0	0	0	0	0	0	0	0	0	0	0	1	0	0	0	0	0	0	0	0	0	2	0	0	2	0	0	0	0	0	0	0	0	0	0	0	0	0	0	0	0	0	0	0	0	0	0	1	6	0	0	0	0	0	0	0	0	0	0	0	0	0	0	0	0	0	0	0	0	0	0	0	0	0	0	0	0	0	0	0	0	0	0	0	0	0	0	0	0	0	0	0	0	0	0	0	0	0	0	0	0	0	0	0	0	0	0	0	0	0	0	0	0	0	0	0	0	0	0	0	0	0	0	0	0	0	0	0	0	0	0	0	0	0	0	0	0	0	0	0	0	0	0	0	0	0	0	0	0	0	0	0	0	0	0	0	0	0	0	0	0	0	0	0	0	0	0	0	0	0	0	0	0	0	0	0	0	0	0	0	0	0	0	0	0	0	0	0	0	0	0	0	0	0	0	0	0	0	0	0	0	1	0	0	0	0	0	0	0	0	0	0	0	0	0	0	0	0	0	0	0	0	0	0	0	0	0	0	0	0	0	0	0	0	0	0	0	0	1	0	0	0	0	0	0	0	0	0	0	0	0	0	0	0	0	0	0	0	0	0	0	0	0	0	0	0	0	0	0	0	0	0	0	0	0	0	0	0	0	0	0	0	0	0	0	0	0	0	0	0	0	0	0	0	0	0	0	0	0	0	0	0	0	0	0	0	0	0	0	0	0	0	0	0	0	0	0	0	0	0	0	0	0	0	0	0	0	0	0	0	0	0	0	0	0	0	0	0	0	0	0	0	0	0	0	0	0	0	0	0	0	0	0	5	1	0	0	0	0	1	0	0	0	0	0	0	0	1	0	0	0	0	0	0	0	0	0	0	1	0	0	0	0	0	0	1	0	0	0	0	10	4	1	1	1	1	1	1	2	1	1	1	1	1	1	1	1	1	2	1	1	1	1	1	1	1	1	1	1	1	1	1	1	1	1	1	1	1	42	18	16	0	45	0	0	0	0	2584	5	1	2	234	24	1	3	0	5	0	0	11	0	11	0	7	0	0	0	0	0	0	0	0	0	0	0	0	1	0	1	0	0	0	0	7	0	0	0	0	0	0	2115	1960	112	54	2	1189	589	118	6	365	193	287	33	100	138	1	3	40	15	0	966	475	359	31677	3	30	3	3	132	45	7	900	426	3	55	77	42481	1	0	1	0	0	0	0	0	1	1	2	0	0	3	0	1	0	0	5	1	0	14	1	0	0	0	0	0	0	0	1	0	0	0	0	0	32	0	93	175	0	8	2	0	135	3	43	2	0	1	0	0	7	0	0	0	4	0	15	0	0	3	0	1	0	0	0	4	0	3	0	0	0	3	0	9	0	0	0	0	16	2	0	0	0	73	0	0	0	0	0	0	0	0	0	0	0	0	1	0	0	86	0	0	0	0	0	6	26	6	0	0	1	0	0	6	1	0	0	0	0	0	0	0	0	0	0	0	0	0	0	0	1	0	4	0	0	0	0	0	0	0	0	0	0	0	70	0	0	201	0	0	0	0	0	3	8	66	3134	0	0	0	0	0	0	0	24	55	0	54	0	7168	13	18	1	5	1	53	13	3	1	8	58	3	13	7	1	13	5	0	4	41	65	1	1	1	0	10	1	42	2	1	22	0	2	5	2	57	3	2	10	16	5	0	1	28
3	1	0	0	0	1	0	1	0	0	0	0	0	0	0	0	0	0	0	0	0	0	0	0	0	0	0	0	0	0	0	0	0	0	0	0	0	6	2	0	0	0	0	0	0	0	0	0	0	0	0	0	0	0	0	0	0	0	0	0	0	0	0	0	0	0	0	0	0	0	0	0	0	0	0	2	0	0	0	0	0	0	0	0	0	0	0	0	0	0	0	0	0	0	0	0	0	0	0	0	0	0	0	0	0	0	0	0	0	0	0	0	0	0	6	0	0	1	0	0	0	0	0	0	0	0	0	0	0	0	0	0	0	0	0	0	0	0	0	0	0	0	0	0	0	0	0	0	0	0	0	7	2	0	0	1	1	0	0	0	0	0	0	0	0	0	1	0	0	1	0	0	0	0	0	0	0	0	0	0	0	0	0	0	0	0	0	0	0	6	4	1	0	0	0	0	0	0	0	0	0	0	0	0	0	0	0	0	0	0	0	0	0	0	0	0	0	0	0	0	0	0	0	0	0	0	0	5	5	1	1	0	0	1	0	0	0	0	0	2	0	0	4	0	0	0	0	0	0	0	1	0	0	0	0	0	0	0	0	0	1	0	1	0	1	18	1	1	1	1	1	1	1	1	1	1	1	1	1	1	1	1	1	1	1	1	1	2	1	1	1	1	1	1	1	1	1	1	1	1	1	1	1	38	1	0	0	0	0	0	0	0	0	0	0	0	0	0	0	0	0	0	0	0	0	0	0	0	0	0	0	0	0	0	0	0	0	0	0	0	0	1	0	0	0	0	0	0	0	0	0	0	0	0	0	0	0	0	0	0	0	0	0	0	0	0	0	0	0	0	0	0	0	0	0	0	0	0	0	0	0	0	0	0	0	0	0	0	0	0	0	0	0	0	0	0	0	0	0	0	0	0	0	0	0	0	0	0	0	0	0	0	0	0	0	0	0	0	0	0	0	0	0	0	0	0	0	0	0	0	0	0	0	0	0	0	0	0	0	0	0	0	0	0	0	0	0	0	0	0	0	0	0	0	0	0	5	1	1	1	1	1	1	1	1	1	1	1	1	1	1	1	1	1	1	1	1	2	1	1	2	1	2	1	1	1	1	1	1	1	1	1	2	45	8	0	1	1	1	0	0	0	0	0	0	1	0	0	1	0	0	1	0	0	0	1	0	2	0	0	0	0	0	0	0	0	1	0	0	0	0	18	0	0	0	0	0	0	0	0	0	0	0	0	0	0	0	0	0	0	0	0	0	0	0	0	0	0	0	0	0	0	0	0	0	0	0	0	0	0	0	0	0	0	0	0	0	0	0	0	0	0	0	0	0	0	0	0	0	0	0	1	0	0	1	0	1	0	0	0	0	0	0	0	0	0	0	3	0	0	0	0	0	0	0	0	0	0	0	0	0	0	0	0	0	0	0	0	0	0	0	0	0	0	0	0	0	0	0	0	0	0	0	0	0	0	0	0	0	0	0	0	0	0	0	0	0	0	0	0	0	0	0	0	0	0	0	0	0	0	0	0	0	0	0	0	0	0	0	0	0	0	0	0	0	0	0	0	0	0	0	0	0	0	0	0	0	0	0	0	0	0	0	0	0	0	0	0	0	0	0	0	0	0	0	0	0	0	0	0	0	0	0	0	0	0	0	0	0	0	0	0	0	0	0	0	0	0	0	0	0	0	0	0	0	0	0	0	0	0	0	0	0	0	0	0	0	0	0	0	2	0	0	0	0	0	0	0	0	0	0	0	0	0	0	0	0	0	0	0	0	0	0	0	0	0	0	0	0	0	0	0	0	0	0	0	0	2	0	0	0	0	0	0	0	0	0	0	0	0	0	0	0	0	0	0	0	0	0	0	0	0	0	0	0	0	0	0	0	0	0	0	0	0	0	0	0	0	0	0	0	0	0	0	0	0	0	0	0	0	0	0	0	0	0	0	0	0	0	0	0	0	0	0	0	0	0	0	0	0	0	0	0	0	0	0	0	0	0	0	0	0	0	0	0	0	0	0	0	0	0	0	0	0	0	0	0	0	0	0	0	0	0	0	0	0	0	0	0	0	0	0	10	0	1	0	1	0	0	0	0	0	0	0	0	0	0	0	0	0	0	0	0	1	0	2	0	0	0	0	0	0	1	0	1	0	0	0	0	17	6	0	0	0	0	0	0	0	0	0	0	0	0	0	0	0	1	0	0	0	0	0	0	0	0	0	0	0	0	0	1	0	0	0	0	0	0	8	24	7	0	27	13	0	0	5	982	0	6	3	123	31	0	7	0	3	0	0	16	0	2	0	0	0	0	0	0	0	0	0	0	0	0	0	0	8	0	0	1	0	0	0	4	0	1	0	0	0	0	873	2197	123	45	2	136	198	81	30	255	214	172	150	40	84	13	10	20	104	0	606	763	65	1873	5	18	0	3	98	149	14	498	33	0	254	0	9126	1	0	1	0	0	0	0	1	1	3	1	0	0	2	1	2	0	1	4	0	0	0	4	0	0	1	1	0	0	0	1	5	5	0	0	4	39	0	53	168	0	3	11	3	109	3	29	2	2	0	3	0	0	0	0	0	0	0	4	0	0	4	2	3	0	0	0	30	0	0	0	0	0	4	0	0	0	0	0	0	27	0	0	0	0	99	3	0	0	3	0	0	0	0	0	0	0	2	2	0	0	40	0	2	0	0	0	1	14	4	0	0	0	0	0	0	0	0	0	1	0	0	0	0	1	0	0	0	0	0	0	0	0	0	0	0	0	0	0	0	0	0	0	0	0	0	70	0	0	201	0	0	0	0	0	3	8	66	3134	0	0	0	0	0	0	0	24	55	0	54	0	7168	14	18	2	6	1	53	13	3	1	9	61	3	12	7	1	12	5	0	4	43	66	1	1	1	0	10	1	41	15	1	22	0	2	5	2	56	3	2	11	15	5	0	1	28
3	1	1	2	0	1	1	2	1	0	3	0	0	0	0	0	1	1	0	0	0	0	0	0	0	0	0	1	0	1	0	0	1	1	0	0	0	21	0	0	0	0	0	0	0	0	0	0	0	0	0	0	0	0	0	0	0	0	0	0	0	0	0	0	0	0	0	0	0	0	0	0	0	0	0	0	0	0	0	0	0	0	0	0	0	0	0	0	0	0	0	0	0	0	0	0	0	0	0	0	0	0	0	0	0	0	0	0	0	0	0	0	0	0	6	2	0	1	1	0	1	1	0	0	0	0	0	0	0	0	1	1	1	0	0	0	0	0	1	1	1	1	1	1	0	0	0	1	0	0	0	22	1	0	0	0	0	0	0	0	0	1	0	0	0	0	0	0	0	0	0	0	0	1	0	1	0	0	0	0	0	0	0	0	0	0	0	0	0	4	6	1	0	1	1	0	1	1	0	0	0	0	0	0	0	0	1	1	1	0	0	1	0	0	1	1	2	1	1	1	0	0	0	1	0	0	0	23	2	0	0	2	1	0	0	0	1	1	0	2	0	0	7	0	0	0	0	0	0	2	0	2	0	0	0	0	0	0	0	0	1	0	0	0	0	21	0	1	0	0	0	0	0	0	0	0	0	0	0	0	0	0	0	0	0	0	0	0	0	0	0	0	0	0	0	0	0	0	0	0	0	0	0	1	1	0	0	0	0	0	0	0	0	0	0	0	0	0	0	0	0	0	0	0	0	0	0	0	0	0	0	0	0	0	0	0	0	0	0	0	0	1	1	0	0	0	0	0	0	0	0	0	0	0	0	0	0	0	0	0	0	0	0	0	0	0	0	0	0	0	0	0	0	0	0	0	0	0	0	1	0	0	0	0	0	0	0	0	0	0	0	0	0	0	0	0	0	0	0	0	0	0	0	0	0	0	0	0	0	0	0	0	0	0	0	0	0	0	0	0	0	0	0	0	0	0	0	0	0	0	0	0	0	0	0	0	0	0	0	0	0	0	0	0	0	0	0	0	0	0	0	0	0	0	0	0	5	3	2	2	2	3	2	2	2	2	2	2	2	2	2	2	2	2	2	2	2	2	2	2	2	2	2	2	2	2	2	2	2	2	2	2	2	79	5	1	0	1	1	0	0	0	0	1	1	0	0	0	0	0	0	0	0	0	0	3	0	1	0	1	0	0	0	2	0	0	0	0	0	0	0	17	0	0	0	0	0	0	0	0	0	0	0	0	0	0	0	0	0	0	0	0	0	0	0	0	0	0	0	0	0	0	0	0	0	0	0	0	0	0	1	1	0	0	0	0	0	0	0	0	0	0	0	0	0	0	0	0	0	0	0	0	0	0	0	1	0	0	0	0	0	0	0	0	0	0	0	3	0	0	0	0	0	0	0	0	0	0	0	0	0	0	0	0	0	0	0	0	0	0	0	0	0	0	0	0	0	0	0	0	0	0	0	0	0	0	1	0	0	0	0	0	0	0	0	0	0	0	0	0	0	0	0	0	0	0	0	0	0	0	0	0	0	0	0	0	0	0	0	0	0	0	0	1	0	0	0	0	0	0	0	0	0	0	0	0	0	0	0	0	0	0	0	0	0	0	0	0	0	0	0	0	0	0	0	0	0	0	0	0	0	0	1	1	1	1	1	1	1	1	1	1	1	1	1	1	1	1	1	1	1	1	1	1	1	1	1	1	1	1	1	1	1	1	1	1	1	1	1	37	1	0	0	0	0	0	0	0	0	0	0	0	0	0	0	0	0	0	0	0	0	0	0	0	0	0	0	0	0	0	0	0	0	0	0	0	0	1	0	0	0	0	0	0	0	0	0	0	0	0	0	0	0	0	0	0	0	0	0	0	0	0	0	0	0	0	0	0	0	0	0	0	0	0	0	0	2	2	2	2	2	2	2	2	2	2	2	2	2	2	2	2	2	2	2	2	2	2	2	2	2	2	2	2	2	2	2	2	2	2	2	2	2	74	0	0	0	0	0	0	0	0	0	0	0	0	0	0	0	0	0	0	0	0	0	0	0	0	0	0	0	0	0	0	0	0	0	0	0	0	0	0	8	2	0	2	2	0	1	1	0	0	0	0	0	0	0	0	1	1	1	0	0	2	0	0	1	1	1	1	1	3	0	0	0	1	0	0	0	30	3	2	1	1	1	1	1	1	1	1	1	1	1	1	1	1	1	1	1	1	1	1	1	1	1	1	1	1	1	1	1	1	1	1	1	1	1	40	52	21	0	18	1	0	0	3	2282	0	0	0	238	26	0	1	7	1	0	0	13	0	56	0	6	0	0	0	0	0	0	0	0	0	0	0	0	3	0	0	0	0	0	0	14	0	0	0	3	0	0	898	1166	172	80	2	236	140	117	7	1308	182	224	43	12	78	8	7	26	9	0	612	442	110	1104	10	25	0	75	6	9	4	253	133	2	162	1	7663	2	1	0	0	0	1	2	0	2	0	3	0	0	0	1	0	0	1	5	2	0	3	0	0	1	0	1	0	0	1	2	1	0	0	0	1	30	0	92	264	0	0	5	6	209	3	80	0	1	4	0	2	0	0	0	0	11	0	20	0	1	4	0	1	13	2	8	22	0	2	0	0	0	5	0	8	0	0	0	0	30	0	0	0	0	55	0	0	0	3	0	0	2	0	0	0	0	0	0	0	0	72	0	2	0	0	0	1	26	0	0	0	0	0	0	4	7	0	0	0	0	2	0	0	1	0	0	0	0	0	0	2	0	0	3	0	0	0	0	0	0	0	0	0	0	0	70	0	0	201	0	0	0	0	0	3	8	66	3134	0	0	0	0	0	0	0	24	55	0	54	0	7168	17	18	2	6	2	57	13	4	1	9	62	4	13	7	1	11	8	0	5	42	65	1	1	1	0	10	1	42	15	1	23	0	2	5	2	55	3	2	9	15	5	0	1	28
1	3	0	0	2	0	1	1	0	1	0	0	0	0	0	0	1	1	1	0	0	1	0	0	1	1	1	1	1	3	0	0	0	1	0	0	0	22	0	0	0	0	0	0	0	0	0	0	0	0	0	0	0	0	0	0	0	0	0	0	0	0	0	0	0	0	0	0	0	0	0	0	0	0	0	0	0	0	0	0	0	0	0	0	0	0	0	0	0	0	0	0	0	0	0	0	0	0	0	0	0	0	0	0	0	0	0	0	0	0	0	0	0	0	3	3	1	2	2	1	2	2	2	1	2	1	1	1	1	1	3	2	2	1	1	1	1	1	2	2	2	2	2	3	2	1	1	2	1	1	1	60	2	2	0	0	1	0	1	1	1	0	0	0	0	0	0	0	2	1	1	0	0	0	0	0	1	1	1	1	1	2	1	0	0	1	0	0	0	21	3	1	0	0	1	0	0	0	0	0	0	0	0	0	0	0	0	0	0	0	0	0	0	0	0	0	0	0	0	0	0	0	1	0	0	0	0	6	2	0	0	0	1	0	0	0	1	1	0	0	0	0	2	0	0	0	0	0	0	0	0	0	0	0	0	0	0	0	0	0	1	0	0	0	0	8	0	0	0	0	0	0	0	0	0	0	0	0	0	0	0	0	0	0	0	0	0	0	0	0	0	0	0	0	0	0	0	0	0	0	0	0	0	0	0	0	0	0	0	0	0	0	0	0	0	0	0	0	0	0	0	0	0	0	0	0	0	0	0	0	0	0	0	0	0	0	0	0	0	0	0	0	0	0	0	0	0	0	0	0	0	0	0	0	0	0	0	0	0	0	0	0	0	0	0	0	0	0	0	0	0	0	0	0	0	0	0	0	0	0	0	0	0	0	0	0	0	0	0	0	0	0	0	0	0	0	0	0	0	0	0	0	0	0	0	0	0	0	0	0	0	0	0	0	0	0	0	0	0	0	0	0	0	0	0	0	0	0	0	0	0	0	0	0	0	0	0	0	0	0	0	0	0	0	0	0	0	0	0	0	0	0	0	0	0	0	4	0	0	0	0	0	0	0	0	0	0	0	0	0	0	0	0	0	0	0	0	0	0	1	0	0	0	0	0	0	0	0	0	0	0	0	0	5	13	2	1	1	2	1	1	1	1	2	1	1	1	1	1	1	1	1	1	1	1	2	2	1	1	1	1	1	1	1	1	1	1	1	1	1	1	54	0	0	0	0	0	0	0	0	0	0	0	0	0	0	0	0	0	0	0	0	0	0	0	0	0	0	0	0	0	0	0	0	0	0	0	0	0	0	2	1	0	0	1	0	1	1	0	0	0	0	0	0	0	0	2	1	1	0	0	0	0	1	1	1	1	1	1	1	0	0	0	1	0	0	0	18	0	0	0	0	0	0	0	0	0	0	0	0	0	0	0	0	0	0	0	0	0	0	0	0	0	0	0	0	0	0	0	0	0	0	0	0	0	0	0	0	0	0	0	0	0	0	0	0	0	0	0	0	0	0	0	0	0	0	0	0	0	0	0	0	0	0	0	0	0	0	0	0	0	0	0	0	0	0	0	0	0	0	0	0	0	0	0	0	0	0	0	0	0	0	0	0	0	0	0	0	0	0	0	0	0	0	0	0	0	0	0	0	0	0	0	0	0	0	0	0	0	0	0	0	0	0	0	0	0	0	0	0	0	0	0	0	0	0	0	0	0	0	0	0	0	0	0	0	0	0	0	0	0	0	0	0	0	0	0	0	0	0	0	0	0	0	0	0	0	0	0	0	0	0	0	0	0	0	0	0	0	0	0	0	0	0	0	0	0	0	0	0	0	0	0	0	0	0	0	0	0	0	0	0	0	0	0	0	0	0	0	0	0	0	0	0	0	0	0	0	0	0	0	0	0	0	0	0	0	0	0	0	0	0	0	0	0	0	0	0	0	0	0	0	0	0	0	0	0	0	0	0	0	0	0	0	0	0	0	0	0	0	0	0	0	0	0	0	0	0	0	0	0	0	0	0	0	0	0	0	0	0	0	0	0	0	0	0	0	0	0	0	0	0	0	0	0	0	0	0	0	0	0	0	15	2	1	1	0	0	0	0	0	1	1	0	0	0	0	0	0	0	0	0	0	1	1	0	0	0	0	0	0	0	0	0	1	0	0	0	0	24	4	2	1	1	1	1	1	1	1	1	1	1	1	1	1	1	1	1	1	1	1	1	1	1	1	1	1	1	1	1	1	1	1	1	1	1	1	41	20	20	0	26	1	0	1	2	976	0	1	5	203	13	0	3	0	7	0	1	3	0	2	1	12	0	0	0	0	0	0	0	0	0	0	0	0	1	0	8	0	0	0	0	10	0	1	0	0	0	1	760	965	79	20	14	116	125	52	2	442	320	239	116	43	114	3	3	16	7	0	215	167	29	407	4	17	6	11	2	15	0	328	23	1	35	6	4702	1	2	2	2	0	1	1	2	1	0	1	0	0	1	1	0	2	3	9	1	0	5	0	0	4	2	3	2	1	3	1	0	0	2	0	2	55	0	83	237	0	3	11	25	117	2	74	7	2	0	0	0	0	0	0	0	9	2	10	0	2	0	2	3	3	0	0	6	0	2	0	0	0	7	0	3	0	0	3	0	57	3	0	0	0	46	8	0	0	3	0	0	0	0	0	0	0	0	0	0	0	89	0	0	0	0	1	11	22	0	0	0	3	0	0	9	2	0	0	2	0	0	0	0	0	0	0	0	9	0	0	0	0	0	1	0	0	0	0	0	0	0	0	0	0	0	70	0	0	201	0	0	0	0	0	3	8	66	3134	0	0	0	0	0	0	0	24	55	0	54	0	7168	14	17	2	5	1	48	11	3	1	8	61	26	13	6	1	12	6	0	4	40	63	1	1	1	0	8	1	41	6	1	21	0	2	5	2	52	3	2	9	13	4	0	1	22
4	1	0	0	0	0	0	0	0	0	0	0	0	0	0	0	0	0	0	0	0	0	0	0	0	0	0	0	0	0	0	0	1	0	0	0	1	7	1	1	0	0	0	0	0	0	0	0	0	0	0	0	0	0	0	0	0	0	0	0	0	0	0	0	0	0	0	0	0	0	0	0	0	0	0	2	0	0	0	0	0	0	0	0	0	0	0	0	0	0	0	0	0	0	0	0	0	0	0	0	0	0	0	0	0	0	0	0	0	0	0	0	0	0	2	1	1	0	0	0	0	1	0	1	0	0	0	0	1	0	0	0	0	0	0	0	0	0	0	0	0	0	0	0	0	0	0	0	0	0	0	7	1	0	1	0	0	0	0	1	0	1	0	0	0	1	2	0	0	0	0	0	0	0	0	0	0	0	0	0	0	0	0	0	0	0	0	0	1	8	6	0	0	0	0	0	0	0	1	0	0	0	0	0	0	0	0	0	0	0	0	0	0	0	0	0	0	0	0	0	0	0	0	0	0	0	0	7	1	1	0	0	1	0	0	1	0	0	0	1	0	1	3	0	0	0	0	0	0	0	2	1	1	0	0	0	0	0	1	0	0	0	0	0	0	14	1	0	0	0	0	0	0	0	0	0	0	0	0	0	0	0	0	0	0	0	0	0	0	0	0	0	0	0	0	0	0	0	0	0	0	0	0	1	1	0	0	0	0	0	0	1	0	0	0	0	0	0	0	0	0	0	0	0	0	0	0	0	0	0	0	0	0	0	0	0	0	0	0	0	0	2	1	0	0	0	0	0	0	1	0	0	0	0	0	0	0	0	0	0	0	0	0	0	0	0	0	0	0	0	0	0	0	0	0	0	0	0	0	2	0	0	0	0	0	0	0	0	0	0	0	0	0	0	0	0	0	0	0	0	0	0	0	0	0	0	0	0	0	0	0	0	0	0	0	0	0	0	0	0	0	0	0	0	0	0	0	0	0	0	0	0	0	0	0	0	0	0	0	0	0	0	0	0	0	0	0	0	0	0	2	0	0	0	0	2	11	1	1	1	1	1	1	2	1	1	1	1	1	1	1	1	1	1	1	1	1	2	1	1	1	1	1	1	1	1	1	1	1	1	1	1	1	49	8	0	1	1	0	0	0	0	0	0	0	0	0	1	0	0	0	0	0	0	0	0	1	0	1	0	0	0	0	0	0	0	2	0	0	0	0	15	0	0	0	0	0	0	0	0	0	0	0	0	0	0	0	0	0	0	0	0	0	0	0	0	0	0	0	0	0	0	0	0	0	0	0	0	0	0	2	1	1	1	1	1	1	1	1	1	2	1	1	1	1	1	1	1	1	1	1	2	1	1	1	1	1	1	1	1	1	1	1	1	1	1	1	40	0	0	0	0	0	0	0	0	0	0	0	0	0	0	0	0	0	0	0	0	0	0	0	0	0	0	0	0	0	0	0	0	0	0	0	0	0	0	1	0	0	0	0	0	0	0	0	0	0	0	0	0	0	0	0	0	0	0	0	0	0	0	0	0	0	0	0	0	0	0	0	0	0	0	0	1	0	0	0	0	0	0	0	0	0	0	0	0	0	0	0	0	0	0	0	0	0	0	0	0	0	0	0	0	0	0	0	0	0	0	0	0	0	0	0	0	0	0	0	0	0	0	0	0	0	0	0	0	0	0	0	0	0	0	0	0	0	0	0	0	0	0	0	0	0	0	0	0	0	0	0	0	0	0	0	0	0	0	0	1	0	0	0	0	0	0	0	0	0	0	0	0	0	0	0	0	0	0	0	0	0	0	0	0	0	0	0	0	0	1	0	0	0	0	0	0	0	0	0	0	0	0	0	0	0	0	0	0	0	0	0	0	0	0	0	0	0	0	0	0	0	0	0	0	0	0	0	0	0	0	0	0	0	0	0	0	0	0	0	0	0	0	0	0	0	0	0	0	0	0	0	0	0	0	0	0	0	0	0	0	0	0	0	0	0	0	0	0	0	0	0	0	0	0	0	0	0	0	0	0	0	0	0	0	0	0	0	0	0	0	0	0	0	0	0	0	0	0	0	0	0	0	0	0	6	2	0	2	0	0	0	0	0	1	0	0	0	0	0	0	0	0	0	0	0	0	0	0	0	0	0	0	0	0	0	0	1	0	0	0	0	12	0	0	0	0	0	0	0	0	0	0	0	0	0	0	0	0	0	0	0	0	0	0	0	0	0	0	0	0	0	0	0	0	0	0	0	0	0	0	75	63	2	37	17	0	0	10	8593	9	20	5	604	69	6	9	2	7	0	1	68	0	20	3	25	4	0	0	0	0	0	0	0	0	0	0	0	7	10	10	4	0	0	0	10	0	0	0	1	0	0	739	1740	323	117	15	108	188	335	3	488	329	366	117	236	296	5	3	12	3	0	338	266	99	444	3	37	1	3	4	15	0	227	60	3	75	6	7004	2	2	1	3	2	8	1	1	1	2	2	0	0	3	2	3	1	2	6	1	0	0	0	0	2	1	2	1	1	2	3	4	1	1	0	2	63	1	170	558	3	9	49	31	409	10	106	14	1	0	8	2	0	1	0	3	6	3	24	0	2	9	1	5	46	7	4	26	0	3	2	2	0	16	10	12	0	0	0	11	99	0	0	0	0	165	0	4	2	5	0	0	6	0	0	0	0	0	6	0	0	177	3	0	0	0	0	23	43	0	0	0	8	0	0	1	15	0	4	5	0	0	0	2	0	2	1	0	0	3	0	2	0	0	0	0	0	0	0	0	0	0	0	0	0	0	70	0	0	201	0	0	0	0	0	3	8	66	3134	0	0	0	0	0	0	0	24	55	0	54	0	7168	18	19	1	5	1	53	13	3	1	8	68	14	15	7	1	13	6	0	4	42	64	1	1	1	0	9	1	40	6	1	22	0	2	5	2	56	3	2	9	14	4	0	1	27
2	3	0	0	1	0	0	0	0	0	0	0	0	0	0	0	0	0	1	0	0	0	0	0	0	0	0	0	0	1	0	0	0	0	0	0	1	9	0	0	0	0	0	0	0	0	0	0	0	0	0	0	0	0	0	0	0	0	0	0	0	0	0	0	0	0	0	0	0	0	0	0	0	0	0	0	0	0	0	0	0	0	0	0	0	0	0	0	0	0	0	0	0	0	0	0	0	0	0	0	0	0	0	0	0	0	0	0	0	0	0	0	0	0	4	1	0	1	0	0	0	0	0	0	0	0	0	0	0	0	0	0	0	0	0	0	0	0	0	0	0	0	0	0	0	0	0	0	0	0	0	6	4	3	2	1	0	0	0	0	0	0	0	0	0	0	0	0	0	0	0	0	0	0	0	0	0	0	0	0	0	0	0	0	0	0	0	0	0	10	2	1	0	0	0	0	0	0	0	0	0	0	0	0	0	0	0	1	0	0	0	0	0	0	1	0	0	0	0	1	0	0	0	0	0	1	0	7	2	0	0	0	0	1	0	0	0	0	0	0	0	0	3	0	0	0	0	0	0	0	0	0	0	0	0	0	0	1	0	0	1	0	0	0	0	8	0	0	0	0	0	0	0	0	0	0	0	0	0	0	0	0	0	0	0	0	0	0	0	0	0	0	0	0	0	0	0	0	0	0	0	0	0	0	1	0	0	0	0	0	1	0	0	0	0	0	0	0	0	0	0	0	0	0	0	0	0	0	0	0	0	0	0	0	0	0	0	0	0	0	0	2	0	0	0	0	0	0	0	0	0	0	0	0	0	0	0	0	0	0	0	0	0	0	0	0	0	0	0	0	0	0	0	0	0	0	0	0	0	0	0	0	0	0	0	0	0	0	0	0	0	0	0	0	0	0	0	0	0	0	0	0	0	0	0	0	0	0	0	0	0	0	0	0	0	0	0	0	0	0	0	0	0	0	0	0	0	0	0	0	0	0	0	0	0	0	0	0	0	0	0	0	0	0	0	0	0	0	0	0	0	0	0	0	0	0	3	3	3	2	2	2	2	2	2	2	2	2	2	2	2	2	2	2	2	2	2	2	2	2	2	2	2	2	2	2	2	2	2	2	2	2	2	77	13	1	3	0	1	0	0	0	0	0	0	0	0	0	0	0	0	0	0	0	0	0	0	0	0	0	0	0	0	0	0	0	2	0	0	0	0	20	0	0	0	0	0	0	0	0	0	0	0	0	0	0	0	0	0	0	0	0	0	0	0	0	0	0	0	0	0	0	0	0	0	0	0	0	0	0	0	0	0	0	0	0	1	0	0	0	0	0	0	0	0	0	0	0	0	0	0	0	0	0	0	0	0	0	0	0	0	0	0	0	0	0	0	1	0	0	0	0	0	0	0	0	0	0	0	0	0	0	0	0	0	0	0	0	0	0	0	0	0	0	0	0	0	0	0	0	0	0	0	0	0	0	0	0	0	0	0	0	0	0	0	0	0	0	0	0	0	0	0	0	0	0	0	0	0	0	0	0	0	0	0	0	0	0	0	0	0	0	0	0	0	0	0	0	0	0	0	0	0	0	0	0	0	0	0	0	0	0	0	0	0	0	0	0	0	0	0	0	0	0	0	0	0	0	0	0	0	0	0	0	0	0	0	0	0	0	0	0	0	0	0	0	0	0	0	0	0	0	0	0	0	0	0	0	0	0	0	0	0	0	0	0	0	0	0	0	1	1	1	1	1	1	1	1	1	1	1	1	1	1	1	1	1	1	1	1	1	1	1	1	1	1	1	1	1	1	1	1	1	1	1	1	1	37	0	0	0	0	0	0	0	0	0	0	0	0	0	0	0	0	0	0	0	0	0	0	0	0	0	0	0	0	0	0	0	0	0	0	0	0	0	0	0	0	0	0	0	0	0	0	0	0	0	0	0	0	0	0	0	0	0	0	0	0	0	0	0	0	0	0	0	0	0	0	0	0	0	0	0	0	0	0	0	0	0	0	0	0	0	0	0	0	0	0	0	0	0	0	0	0	0	0	0	0	0	0	0	0	0	0	0	0	0	0	0	0	0	0	10	0	1	0	1	0	1	0	0	0	0	0	0	0	0	0	0	0	0	0	0	0	0	0	0	0	1	0	0	0	0	0	2	0	0	0	0	16	5	1	1	1	1	1	1	1	1	1	1	1	1	1	2	1	1	1	1	1	1	1	1	1	1	1	1	1	1	1	1	1	1	1	1	1	1	42	93	37	0	49	6	0	0	6	7419	6	6	7	409	28	4	6	0	27	0	0	31	0	15	2	23	1	0	0	0	0	0	0	0	0	0	0	0	6	14	0	1	0	0	0	0	0	0	1	2	0	0	619	1550	145	43	779	822	120	65	3	1176	950	99	120	49	232	48	5	15	2	0	511	547	35	881	7	67	1	4	5	14	1	80	32	3	45	0	9075	1	0	1	0	0	1	0	0	0	2	1	0	0	1	0	3	0	0	4	2	0	0	0	0	0	0	0	0	0	0	1	0	0	0	0	0	17	1	166	424	0	5	11	26	288	13	113	13	2	8	0	4	9	0	0	0	12	10	48	0	7	17	0	3	4	1	0	16	0	5	8	0	0	12	6	2	0	2	0	12	72	0	0	0	0	83	2	0	2	2	0	0	6	0	0	0	1	0	0	0	0	69	0	0	0	5	0	12	24	0	0	0	14	0	0	15	2	0	0	1	0	0	0	0	0	0	0	0	5	5	0	0	0	0	3	0	0	0	0	0	0	0	0	0	0	0	70	0	0	201	0	0	0	0	0	3	8	66	3134	0	0	0	0	0	0	0	24	55	0	54	0	7168	19	20	1	6	1	51	19	4	1	8	67	9	15	7	1	12	5	0	5	38	64	1	1	1	0	9	1	39	4	1	22	0	2	6	2	57	3	2	10	18	4	0	1	28
6	1	2	0	0	2	1	1	0	0	0	0	0	0	0	0	1	1	0	0	0	0	0	0	0	0	0	1	0	1	0	0	2	1	0	0	0	20	1	0	0	1	0	0	0	0	0	0	0	0	0	0	0	0	0	0	0	0	0	0	0	0	0	0	0	0	0	0	0	0	0	0	0	0	0	2	0	0	0	0	0	0	0	0	0	0	0	0	0	0	0	0	0	0	0	0	0	0	0	0	0	0	0	0	0	0	0	0	0	0	0	0	0	0	4	1	2	1	1	1	1	1	2	1	1	1	1	1	1	1	1	2	1	1	1	1	1	1	1	1	1	1	1	2	1	1	1	1	1	1	1	44	4	1	1	1	1	1	1	1	2	1	1	1	1	1	2	1	1	2	1	1	1	1	1	1	1	1	1	1	1	1	1	1	1	1	1	1	1	43	3	0	1	1	0	0	0	0	0	1	1	0	0	1	0	0	0	0	0	0	0	0	0	0	0	0	0	0	0	0	0	0	1	0	0	0	1	10	1	1	1	1	1	2	1	1	1	1	1	2	1	1	1	1	1	1	1	1	1	2	1	2	1	1	1	1	1	1	1	1	1	1	1	1	2	42	0	0	0	0	0	0	0	0	0	0	0	0	0	0	0	0	0	0	0	0	0	0	0	0	0	0	0	0	0	0	0	0	0	0	0	0	0	0	4	2	2	2	2	2	4	2	2	2	2	2	2	2	2	2	2	2	2	2	2	2	2	2	2	2	2	2	2	2	2	2	2	2	2	2	2	78	0	0	0	0	0	0	0	0	0	0	0	0	0	0	0	0	0	0	0	0	0	0	0	0	0	0	0	0	0	0	0	0	0	0	0	0	0	0	0	0	0	0	0	0	0	0	0	0	0	0	0	0	0	0	0	0	0	0	0	0	0	0	0	0	0	0	0	0	0	0	0	0	0	0	0	0	0	0	0	0	0	0	0	0	0	0	0	0	0	0	0	0	0	0	0	0	0	0	0	0	0	0	0	0	0	0	0	0	0	0	0	0	0	0	7	1	1	1	2	1	2	1	1	1	1	1	1	1	1	1	1	1	1	1	1	1	1	1	1	1	1	1	1	1	1	1	1	1	1	1	1	45	12	0	0	0	0	4	0	0	0	1	1	0	0	1	2	0	0	0	0	0	0	0	0	1	0	0	0	0	0	1	0	0	0	0	0	0	1	24	0	0	0	0	0	0	0	0	0	0	0	0	0	0	0	0	0	0	0	0	0	0	0	0	0	0	0	0	0	0	0	0	0	0	0	0	0	0	0	0	0	0	1	0	0	0	0	0	0	0	0	0	0	0	0	0	0	0	0	0	0	0	0	0	0	0	0	0	0	0	0	0	0	0	0	1	0	0	0	0	0	0	0	0	0	0	0	0	0	0	0	0	0	0	0	0	0	0	0	0	0	0	0	0	0	0	0	0	0	0	0	0	0	0	0	0	0	0	0	0	0	0	0	0	0	0	0	0	0	0	0	0	0	0	0	0	0	0	0	0	0	0	0	0	0	0	0	0	0	0	0	0	0	0	0	0	0	0	0	0	0	0	0	0	0	0	0	0	0	0	0	0	0	0	0	0	0	0	0	0	0	0	0	0	0	0	0	0	0	0	0	0	0	0	0	0	1	0	0	0	0	0	0	0	0	0	0	0	0	0	0	0	0	0	0	0	0	0	0	0	0	0	0	0	0	0	0	1	0	0	0	0	0	0	0	0	0	0	0	0	0	0	0	0	0	0	0	0	0	0	0	0	0	0	0	0	0	0	0	0	0	0	0	0	0	0	0	0	0	0	0	0	0	0	0	0	0	0	0	0	0	0	0	0	0	0	0	0	0	0	0	0	0	0	0	0	0	0	0	0	0	0	0	0	0	0	0	0	0	0	0	0	0	0	0	0	0	0	0	0	0	0	0	0	0	0	0	0	0	0	0	0	0	0	0	0	0	0	0	0	0	0	0	0	0	0	0	0	0	0	0	0	0	0	0	0	0	0	0	0	0	0	0	0	0	0	0	0	0	0	0	0	0	0	0	0	0	0	0	0	14	0	1	0	0	4	0	0	0	0	0	0	0	0	0	0	0	0	0	0	0	0	0	0	0	0	0	0	0	1	0	0	0	0	0	0	0	20	5	2	2	2	3	2	2	2	2	2	2	2	2	2	2	2	2	2	2	2	2	3	2	2	2	2	2	2	2	2	2	2	2	2	2	2	2	79	54	14	2	18	21	0	0	23	13564	1	0	6	254	59	1	0	0	11	0	0	17	0	14	4	23	0	0	0	0	0	0	0	0	1	0	0	0	0	0	2	0	0	0	0	3	0	0	0	1	0	0	824	2510	119	40	13311	10074	232	79	3	684	275	241	39	120	298	11	8	12	15	0	189	721	50	1108	13	29	5	184	4	18	171	196	524	1	36	5	32149	0	1	0	0	1	1	0	0	2	0	1	0	0	1	1	0	0	0	5	2	0	3	0	0	0	1	0	0	0	0	0	0	0	0	0	0	19	0	188	379	0	27	31	17	279	2	168	7	5	0	1	0	41	1	1	1	1	4	17	4	4	4	1	0	2	3	0	16	0	0	0	0	0	5	0	10	0	0	0	13	43	0	0	1	0	92	8	0	0	0	0	0	2	0	0	0	0	11	0	0	0	107	0	0	0	0	0	8	27	2	1	0	0	0	0	2	0	0	0	2	0	0	1	0	0	4	1	7	0	10	0	0	3	0	6	0	0	0	0	0	0	0	0	0	0	0	70	0	0	201	0	0	0	0	0	3	8	66	3134	0	0	0	0	0	0	0	24	55	0	54	0	7168	17	19	1	6	1	48	15	3	1	8	70	6	15	7	1	12	4	0	4	37	64	1	1	1	0	8	1	37	4	1	22	0	2	6	2	54	3	2	9	16	4	0	1	27
5	0	0	0	0	0	0	0	0	0	0	0	0	0	0	0	0	0	0	0	0	0	0	0	0	0	0	0	0	0	0	0	0	0	0	0	0	5	1	0	0	0	0	0	0	0	0	0	0	0	0	0	0	0	0	0	0	0	0	0	0	0	0	0	0	0	0	0	0	0	0	0	0	0	0	1	0	0	0	0	0	0	0	0	0	0	0	0	0	0	0	0	0	0	0	0	0	0	0	0	0	0	0	0	0	0	0	0	0	0	0	0	0	0	5	0	0	2	0	0	0	1	0	0	0	0	0	0	1	0	0	0	0	0	0	0	1	0	0	0	0	0	0	1	0	0	0	0	0	0	0	11	8	0	0	2	0	0	0	0	0	0	0	0	0	0	2	0	0	0	0	0	0	0	1	1	0	0	0	0	0	1	0	0	0	0	0	1	0	16	6	2	0	0	0	0	0	0	0	0	0	0	0	0	0	0	0	0	0	0	0	0	0	0	0	0	0	0	0	0	0	0	0	0	0	0	0	8	2	0	0	0	0	0	0	0	0	0	0	1	0	0	3	0	0	0	0	0	0	0	1	0	0	0	0	0	0	0	0	2	0	0	0	0	0	9	1	0	0	0	0	0	0	0	0	0	0	0	0	0	0	0	0	0	0	0	0	0	0	0	0	0	0	0	0	0	0	0	0	0	0	0	0	1	2	1	1	0	1	0	0	0	0	0	0	0	0	0	0	0	0	0	0	0	0	0	0	0	0	0	0	0	0	0	0	0	0	0	0	1	0	6	0	0	0	0	0	0	0	0	0	0	0	0	0	0	0	0	0	0	0	0	0	0	0	0	0	0	0	0	0	0	0	0	0	0	0	0	0	0	0	0	0	0	0	0	0	0	0	0	0	0	0	0	0	0	0	0	0	0	0	0	0	0	0	0	0	0	0	0	0	0	0	0	0	0	0	0	0	0	0	0	0	0	0	0	0	0	0	0	0	0	0	0	0	0	0	0	0	0	0	0	0	0	0	0	0	0	0	0	0	0	0	0	0	0	4	0	0	0	0	0	1	1	0	0	0	0	0	0	0	0	0	0	0	0	0	0	0	0	0	0	0	0	0	0	0	0	0	0	0	0	0	6	8	0	0	0	0	0	0	0	0	0	0	0	0	0	0	0	0	0	0	0	0	1	0	0	0	0	0	0	0	0	0	0	1	0	0	0	0	10	0	0	0	0	0	0	0	0	0	0	0	0	0	0	0	0	0	0	0	0	0	0	0	0	0	0	0	0	0	0	0	0	0	0	0	0	0	0	0	0	0	0	0	0	0	1	0	0	0	0	0	0	0	0	0	0	0	0	0	0	0	0	0	0	0	0	0	0	0	0	0	0	0	0	0	1	0	0	0	0	0	0	0	0	0	0	0	0	0	0	0	0	0	0	0	0	0	0	0	0	0	0	0	0	0	0	0	0	0	0	0	0	0	0	0	0	0	0	0	0	0	0	0	0	0	0	0	0	0	0	0	0	0	0	0	0	0	0	0	0	0	0	0	0	0	0	0	0	0	0	0	0	0	0	0	0	0	0	0	0	0	0	0	0	0	0	0	0	0	0	0	0	0	0	0	0	0	0	0	0	0	0	0	0	0	0	0	0	0	0	1	0	0	0	0	0	0	0	0	0	0	0	0	0	0	0	0	0	0	0	0	0	0	0	0	0	0	0	0	0	0	0	0	0	0	0	0	1	0	0	0	0	0	0	0	1	0	0	0	0	0	0	0	0	0	0	0	0	0	0	0	0	0	0	0	0	0	0	0	0	0	0	0	0	0	1	0	0	0	0	0	0	0	0	0	0	0	0	0	0	0	0	0	0	0	0	0	0	0	0	0	0	0	0	0	0	0	0	0	0	0	0	0	0	0	0	0	0	0	0	0	0	0	0	0	0	0	0	0	0	0	0	0	0	0	0	0	0	0	0	0	0	0	0	0	0	0	0	0	0	0	0	0	0	0	0	0	0	0	0	0	0	0	0	0	0	0	0	0	0	0	0	0	0	0	0	0	0	0	0	0	0	0	0	0	0	0	0	0	0	12	1	0	0	1	0	0	0	0	0	0	1	0	1	1	0	0	0	0	0	0	0	0	0	0	1	0	0	0	0	0	0	1	0	0	0	1	20	1	0	0	0	0	0	0	0	0	0	0	0	0	0	0	0	0	0	0	0	0	0	0	0	0	0	0	0	0	0	0	0	0	0	0	0	0	1	55	35	0	34	3	0	0	12	8243	13	3	2	327	40	2	9	0	5	0	13	30	0	2	1	11	0	0	0	0	0	0	0	0	0	0	0	0	0	0	0	0	0	0	0	2	0	0	0	1	0	2	643	1910	156	416	8335	3844	98	223	73	704	483	300	44	114	109	10	12	23	38	0	130	278	27	492	9	20	7	10	22	10	12	295	373	0	70	2	19292	0	2	2	3	1	0	1	2	3	1	1	0	0	0	0	1	4	2	6	0	0	8	0	0	3	1	1	4	3	3	0	3	1	3	0	0	59	0	145	308	0	9	19	10	203	0	104	2	0	0	0	3	16	0	0	2	0	4	14	0	0	2	0	0	8	8	0	22	0	2	0	0	0	4	0	0	0	0	0	0	55	0	0	0	0	74	0	0	0	6	1	0	0	0	0	0	0	2	0	0	0	114	0	0	0	0	0	6	17	0	0	0	3	0	0	0	0	0	0	3	0	0	0	0	1	0	0	7	8	10	0	3	1	0	6	0	0	0	0	0	0	0	0	0	0	0	70	0	0	201	0	0	0	0	0	3	8	66	3134	0	0	0	0	0	0	0	24	55	0	54	0	7168	16	18	1	6	1	46	29	6	1	8	67	7	17	7	1	11	4	0	4	35	60	1	1	1	0	9	1	35	5	1	22	0	2	8	2	61	4	2	10	15	5	0	1	28
4	0	0	0	0	0	0	0	0	0	0	0	0	0	0	0	0	0	0	0	0	0	0	0	0	0	0	0	0	0	0	0	0	0	0	0	0	4	0	0	0	0	0	0	0	0	1	0	0	0	0	0	0	0	0	0	0	0	0	0	0	0	0	0	0	0	0	0	0	0	0	0	0	0	0	1	0	0	0	0	0	0	0	0	0	0	0	0	0	0	0	0	0	0	0	0	0	0	0	0	0	0	0	0	0	0	0	0	0	0	0	0	0	0	3	1	0	0	0	0	0	0	0	0	0	0	0	0	0	0	0	0	0	0	0	0	0	0	0	0	0	0	0	0	0	0	0	0	0	0	0	4	1	0	0	0	0	0	0	0	0	0	0	0	0	0	0	0	0	0	0	0	0	0	0	0	0	0	0	0	0	0	0	0	0	0	0	0	0	1	3	3	0	1	0	0	0	0	1	0	0	1	0	0	0	0	0	0	0	0	0	0	0	0	0	0	0	0	0	0	0	0	0	0	0	0	0	9	1	0	0	0	0	0	0	0	0	1	0	2	0	0	4	0	0	0	0	0	0	0	0	0	0	0	0	0	0	0	0	0	1	0	0	0	0	9	0	0	0	0	0	0	0	0	0	0	0	0	0	0	0	0	0	0	0	0	0	0	0	0	0	0	0	0	0	0	0	0	0	0	0	0	0	0	1	0	0	0	0	0	0	0	0	0	0	0	0	0	0	0	0	0	0	0	0	0	0	0	0	0	0	0	0	0	0	0	0	0	0	0	0	1	0	0	0	0	0	0	0	0	0	0	0	0	0	0	0	0	0	0	0	0	0	0	0	0	0	0	0	0	0	0	0	0	0	0	0	0	0	0	0	0	0	0	0	0	0	0	0	0	0	0	0	0	0	0	0	0	0	0	0	0	0	0	0	0	0	0	0	0	0	0	0	0	0	0	0	0	0	0	0	0	0	0	0	0	0	0	0	0	0	0	0	0	0	0	0	0	0	0	0	0	0	0	0	0	0	0	0	0	0	0	0	0	0	0	3	0	0	0	0	0	0	0	0	0	0	0	0	0	0	0	0	0	0	0	0	0	0	0	0	0	0	0	0	0	0	0	0	0	0	0	0	3	2	1	0	0	0	0	1	0	0	0	0	0	0	0	0	0	0	0	0	0	0	0	0	0	0	0	0	0	0	0	0	0	1	0	0	0	0	5	0	0	0	0	0	0	0	0	0	0	0	0	0	0	0	0	0	0	0	0	0	0	0	0	0	0	0	0	0	0	0	0	0	0	0	0	0	0	2	0	0	1	0	0	0	0	0	0	0	0	0	0	0	0	0	0	0	0	0	0	0	0	0	0	0	0	0	0	0	0	0	0	0	0	0	3	0	0	0	0	0	0	0	0	0	0	0	0	0	0	0	0	0	0	0	0	0	0	0	0	0	0	0	0	0	0	0	0	0	0	0	0	0	0	0	0	0	0	0	0	0	0	0	0	0	0	0	0	0	0	0	0	0	0	0	0	0	0	0	0	0	0	0	0	0	0	0	0	0	0	0	0	0	0	0	0	0	0	0	0	0	0	0	0	0	0	0	0	0	0	0	0	0	0	0	0	0	0	0	0	0	0	0	0	0	0	0	0	0	0	0	0	0	0	0	0	0	0	0	0	0	0	0	0	0	0	0	0	0	0	0	0	0	0	0	0	0	0	0	0	0	0	0	0	0	0	0	0	0	0	0	0	0	0	0	0	0	0	0	0	0	0	0	0	0	0	0	0	0	0	0	0	0	0	0	0	0	0	0	0	0	0	0	0	0	0	0	0	0	0	0	0	0	0	0	0	0	0	0	0	0	0	0	0	0	0	0	0	0	0	0	0	0	0	0	0	0	0	0	0	0	0	0	0	0	0	0	0	0	0	0	0	0	0	0	0	0	0	0	0	0	0	0	0	0	0	0	0	0	0	0	0	0	0	0	0	0	0	0	0	0	0	0	0	0	0	0	0	0	0	0	0	0	0	0	0	0	0	0	0	0	0	0	0	0	0	0	0	0	0	0	0	0	0	0	0	0	0	0	0	6	1	0	0	0	0	1	0	0	1	0	0	0	0	0	0	0	0	1	0	0	0	0	0	0	0	0	0	0	0	0	0	1	0	0	0	0	11	7	1	0	1	0	0	0	0	0	0	0	0	0	0	0	0	0	0	0	0	0	1	0	0	0	0	0	0	0	0	0	0	0	0	0	0	0	10	27	19	0	38	3	0	0	1	3294	1	4	1	208	35	2	2	0	6	0	0	9	0	4	0	2	1	0	0	0	0	0	0	0	0	0	0	0	1	0	9	0	0	0	0	3	0	0	0	1	0	1	1462	3097	122	39	2997	1721	196	125	5	1111	732	258	5	3	112	4	9	69	14	2	477	176	52	1326	40	45	2	26	6	20	115	438	56	0	21	0	14883	1	2	1	0	3	2	3	2	1	1	4	0	0	3	1	0	1	1	6	1	0	4	0	0	2	1	2	3	1	1	2	1	2	1	0	1	54	0	73	328	0	6	14	9	180	0	69	0	1	0	3	0	0	0	0	0	0	0	14	0	0	0	0	0	2	2	0	12	1	0	0	0	0	9	0	5	0	0	0	1	17	0	0	2	0	30	0	0	0	3	0	0	0	0	0	0	0	0	0	0	0	61	0	0	0	0	0	11	16	0	0	0	9	0	0	2	3	0	1	5	0	0	0	0	0	0	0	2	0	1	0	0	5	0	0	0	0	0	0	0	0	0	0	0	0	0	70	0	0	201	0	0	0	0	0	3	8	66	3134	0	0	0	0	0	0	0	24	55	0	54	0	7168	14	18	1	5	1	46	16	5	1	8	72	6	18	6	1	11	4	0	4	36	64	1	1	1	0	8	1	35	5	1	22	0	2	6	2	55	3	2	10	15	4	0	1	27
7	0	0	0	0	0	1	0	2	0	0	0	0	0	0	0	0	0	0	0	0	0	0	0	0	0	0	0	0	0	0	0	0	0	0	0	0	10	1	1	1	1	1	1	1	1	1	1	1	1	1	1	1	1	1	1	1	1	1	1	1	1	1	1	1	1	1	1	1	1	1	1	1	1	1	37	0	0	0	0	0	0	0	0	0	0	0	0	0	0	0	0	0	0	0	0	0	0	0	0	0	0	0	0	0	0	0	0	0	0	0	0	0	0	2	0	0	0	0	0	0	1	0	0	0	0	0	0	0	0	0	0	0	0	0	0	0	0	0	0	0	0	0	0	0	0	0	0	0	0	0	3	1	0	0	0	0	0	0	1	8	0	0	0	0	0	0	0	0	0	0	0	0	0	0	0	0	0	0	0	0	0	0	0	0	0	0	0	0	10	3	1	0	0	0	0	0	0	0	0	0	0	0	0	0	0	0	0	0	0	0	0	0	0	0	0	0	0	0	0	0	0	0	0	0	0	0	4	2	0	0	0	0	0	0	0	7	0	0	2	0	0	0	0	0	0	0	0	0	1	0	0	0	0	0	0	0	0	0	1	1	0	0	0	1	15	0	0	0	0	0	0	0	0	0	0	0	0	0	0	0	0	0	0	0	0	0	0	0	0	0	0	0	0	0	0	0	0	0	0	0	0	0	0	1	0	0	0	0	0	0	0	0	0	0	0	0	0	0	0	0	0	0	0	0	1	0	0	0	0	0	0	0	0	0	0	0	0	0	0	0	2	0	0	0	0	0	0	0	0	0	0	0	0	0	0	0	0	0	0	0	0	0	0	0	0	0	0	0	0	0	0	0	0	0	0	0	0	0	0	0	0	0	0	0	0	0	0	0	0	0	0	0	0	0	0	0	0	0	0	0	0	0	0	0	0	0	0	0	0	0	0	0	0	0	0	0	0	1	0	0	0	0	0	0	0	0	0	0	0	0	0	0	0	0	0	0	0	0	0	0	0	0	0	0	0	0	0	0	0	0	0	0	0	0	1	5	0	0	0	0	0	0	0	0	0	0	0	0	1	0	0	0	0	0	0	0	0	0	0	0	0	0	0	0	1	0	0	1	0	0	0	0	8	3	0	0	0	0	0	1	0	1	0	0	0	0	0	0	0	0	0	0	0	0	0	0	0	0	0	0	0	0	0	0	0	0	0	0	0	0	5	0	0	0	0	0	0	0	0	0	0	0	0	0	0	0	0	0	0	0	0	0	0	0	0	0	0	0	0	0	0	0	0	0	0	0	0	0	0	4	4	1	1	3	1	3	3	1	1	1	1	1	1	1	2	3	3	3	1	1	1	1	1	3	3	3	3	3	3	1	1	1	3	1	1	1	70	0	0	0	0	0	0	0	0	0	0	0	0	0	0	0	0	0	0	0	0	0	0	0	0	0	0	0	0	0	0	0	0	0	0	0	0	0	0	0	0	0	0	0	0	0	0	0	0	0	0	0	0	0	0	0	0	0	0	0	0	0	0	0	0	0	0	0	0	0	0	0	0	0	0	0	0	0	0	0	0	0	0	0	0	0	0	0	0	0	0	0	0	0	0	0	0	0	0	0	0	0	0	0	0	0	0	0	0	0	0	0	0	0	0	0	0	0	0	0	0	0	0	0	0	0	0	0	0	0	0	0	0	0	0	0	0	0	0	0	0	0	0	0	0	0	0	0	0	0	0	0	0	0	0	0	0	0	0	0	0	0	0	0	0	0	0	0	0	0	0	0	0	0	0	0	0	0	0	0	0	0	0	0	0	0	0	0	0	0	0	0	0	0	0	0	0	0	0	0	0	0	0	0	0	0	0	0	0	0	0	0	0	0	0	0	0	0	0	0	0	0	0	0	0	0	0	0	0	1	0	0	0	0	0	0	0	0	0	0	0	0	0	0	0	0	0	0	0	0	0	0	0	0	0	0	0	0	0	0	0	0	0	0	0	0	1	0	0	0	0	0	0	0	0	0	0	0	0	0	0	0	0	0	0	0	0	0	0	0	0	0	0	0	0	0	0	0	0	0	0	0	0	0	0	14	0	0	0	1	0	1	0	7	0	0	0	0	0	0	0	0	0	0	0	0	0	0	0	0	0	0	0	0	1	0	0	0	0	0	0	0	24	0	0	0	0	0	0	0	0	0	0	0	0	0	0	0	1	0	0	0	0	0	0	0	0	0	0	0	0	0	0	0	0	0	0	0	0	0	1	41	19	0	56	7	0	0	2	7170	0	0	4	289	35	0	0	0	8	0	0	12	0	1	1	3	0	0	0	0	0	0	0	0	0	0	0	0	27	1	0	1	0	0	0	0	0	0	0	0	0	1	2141	2726	190	48	2199	838	162	161	14	299	544	2488	22	57	186	22	1	12	2	0	569	495	24	1447	70	37	2	78	6	18	6	330	272	48	104	1	15619	0	0	0	0	2	1	1	1	1	1	0	0	0	1	0	1	2	0	8	0	0	2	0	0	3	1	2	2	2	1	1	1	0	1	0	0	35	0	139	317	0	27	26	16	197	3	55	14	11	0	3	0	14	0	0	0	0	2	22	0	0	0	0	2	9	2	5	0	0	0	2	0	0	4	0	0	0	2	0	1	54	0	0	0	0	113	3	2	1	4	0	0	0	0	3	0	0	4	0	0	0	90	0	0	0	0	0	5	12	0	0	0	0	0	0	6	0	0	6	2	1	5	0	0	0	0	0	0	0	0	0	0	0	0	6	0	0	0	0	0	0	0	0	0	0	0	70	0	0	201	0	0	0	0	0	3	8	66	3134	0	0	0	0	0	0	0	24	55	0	54	0	7168	18	18	1	5	1	45	13	3	1	9	69	4	18	6	1	10	5	0	4	35	59	1	1	1	0	8	1	34	6	1	20	0	2	6	2	50	3	1	9	15	4	0	1	26
0	0	0	1	0	0	0	0	0	0	0	0	0	0	0	0	0	0	0	0	0	1	0	0	0	0	0	1	0	0	0	0	0	0	0	0	0	3	1	0	0	0	0	0	0	0	0	0	0	0	0	0	0	0	0	0	0	0	0	0	0	0	0	0	0	0	0	0	0	0	0	0	0	0	0	1	0	0	0	0	0	0	0	0	0	0	0	0	0	0	0	0	0	0	0	0	0	0	0	0	0	0	0	0	0	0	0	0	0	0	0	0	0	0	2	0	0	1	0	0	0	0	0	0	0	0	0	0	0	0	0	0	0	0	0	0	0	0	0	0	0	0	0	0	0	0	0	0	0	0	1	4	1	1	0	0	0	0	0	0	0	0	0	0	0	0	0	0	0	0	0	0	0	0	0	0	0	0	0	0	0	0	0	0	0	0	0	0	0	2	3	0	2	0	0	0	0	0	0	0	0	0	0	0	0	0	0	0	0	0	0	1	0	0	0	0	0	0	0	0	0	0	0	0	0	0	0	6	2	0	0	0	0	0	0	0	0	0	0	1	0	0	1	0	0	0	0	0	0	3	0	0	0	0	0	0	0	0	0	0	0	0	0	0	1	8	0	0	0	0	0	0	0	0	0	0	0	0	0	0	0	0	0	0	0	0	0	0	0	0	0	0	0	0	1	0	0	0	0	0	0	0	0	1	5	1	1	1	1	1	1	1	1	1	1	1	1	1	1	1	1	1	1	1	1	1	1	1	1	1	1	1	1	1	1	1	1	1	1	1	1	41	1	0	0	0	0	0	0	0	0	0	0	0	0	0	0	0	0	0	0	0	0	0	0	0	0	0	0	0	0	0	0	0	0	0	0	0	0	1	0	0	0	0	0	0	0	0	0	0	0	0	0	0	0	0	0	0	0	0	0	0	0	0	0	0	0	0	0	0	0	0	0	0	0	0	0	0	0	0	0	0	0	0	0	0	0	0	0	0	0	0	0	0	0	0	0	0	0	0	0	0	0	0	0	0	0	0	0	0	0	0	0	0	0	0	9	0	0	0	0	0	0	0	1	0	1	0	0	0	0	0	0	0	0	0	0	0	0	0	0	0	0	0	1	0	0	0	0	0	0	0	0	12	6	1	1	0	1	0	0	0	0	0	0	0	0	0	0	0	0	0	0	0	0	1	0	0	0	0	0	0	0	0	0	0	0	0	0	0	0	10	0	0	0	0	0	0	0	0	0	0	0	0	0	0	0	0	0	0	0	0	0	0	0	0	0	0	0	0	0	0	0	0	0	0	0	0	0	0	9	4	5	4	4	4	4	4	4	4	4	4	4	4	4	4	4	4	4	4	4	5	4	4	5	4	4	4	4	4	4	4	4	4	4	4	4	156	0	0	0	0	0	0	0	0	0	0	0	0	0	0	0	0	0	0	0	0	0	0	0	0	0	0	0	0	0	0	0	0	0	0	0	0	0	0	0	0	0	0	0	0	0	0	0	0	0	0	0	0	0	0	0	0	0	0	0	0	0	0	0	0	0	0	0	0	0	0	0	0	0	0	0	0	0	0	0	0	0	0	0	0	0	0	0	0	0	0	0	0	0	0	0	0	0	0	0	0	0	0	0	0	0	0	0	0	0	0	0	0	0	0	0	0	0	0	0	0	0	0	0	0	0	0	0	0	0	0	0	0	0	0	0	0	0	0	0	0	0	0	0	0	0	0	0	0	0	0	0	0	0	0	0	0	0	0	0	0	1	0	0	0	0	0	0	0	0	0	0	0	0	0	0	0	0	0	0	0	0	0	0	0	0	0	0	0	0	1	0	0	0	0	0	0	0	0	0	0	0	0	0	0	0	0	0	0	0	0	0	0	0	0	0	0	0	0	0	0	0	0	0	0	0	0	0	0	0	0	0	0	0	0	0	0	0	0	0	0	0	0	0	0	0	0	0	0	0	0	0	0	0	0	0	0	0	0	0	0	0	0	0	0	0	0	0	0	0	0	0	0	0	0	0	0	0	0	0	0	0	0	0	0	0	0	0	0	0	0	0	0	0	0	0	0	0	0	0	0	0	0	0	0	6	1	1	2	2	0	1	1	0	0	0	0	0	0	1	0	1	1	1	0	0	0	0	0	1	1	1	1	1	1	0	0	0	1	0	0	1	26	0	0	0	0	0	0	1	0	0	0	0	0	0	0	0	0	0	0	0	0	0	8	0	0	0	0	0	0	0	0	0	0	0	0	0	0	1	10	84	19	0	60	16	0	0	0	4181	2	6	5	262	24	1	7	0	1	0	0	44	0	2	7	13	0	0	0	0	0	0	0	0	0	0	0	0	7	0	11	0	0	0	0	19	0	0	0	0	0	0	1162	2629	586	49	3705	2628	299	165	12	692	1394	228	70	12	157	0	32	103	5	0	225	8675	84	621	20	36	41	28	6	13	127	982	390	4	11835	27	37042	1	1	1	0	0	0	1	0	0	0	1	0	0	0	0	0	0	0	4	0	0	0	4	0	0	0	0	0	0	0	3	4	3	0	0	3	26	0	113	313	11	2	7	23	242	2	50	16	2	4	1	0	0	0	0	3	0	0	11	0	4	0	1	0	2	0	0	12	0	1	0	0	0	10	0	2	0	0	3	0	50	0	0	0	0	46	0	0	0	0	0	0	0	0	0	0	0	2	0	0	0	123	0	0	0	0	0	7	19	0	0	0	0	0	0	3	10	0	0	6	0	0	0	0	0	0	0	2	2	0	0	2	2	0	9	0	0	0	0	0	0	0	0	0	0	0	70	0	0	201	0	0	0	0	0	3	8	66	3134	0	0	0	0	0	0	0	24	55	0	54	0	7168	16	18	1	5	1	40	13	3	1	8	70	4	18	6	1	11	4	0	4	32	60	1	1	1	0	8	1	31	2	1	19	0	2	6	2	52	3	1	9	15	4	0	1	25
1	0	0	0	0	0	0	0	0	1	1	1	0	0	0	0	0	0	0	0	0	1	0	0	0	0	0	0	0	0	0	0	0	0	0	0	0	5	1	0	0	0	0	0	0	0	0	0	0	0	0	0	0	0	0	0	0	0	0	0	0	0	0	0	0	0	0	0	0	0	0	0	0	0	0	1	0	0	0	0	0	0	0	0	0	0	0	0	0	0	0	0	0	0	0	0	0	0	0	0	0	0	0	0	0	0	0	0	0	0	0	0	0	0	5	1	1	1	1	1	3	1	1	1	1	1	1	1	1	1	1	1	1	1	1	1	1	1	1	1	1	1	1	1	1	1	1	1	1	2	1	44	3	1	1	1	1	1	3	1	1	1	2	1	1	1	1	1	1	1	1	1	1	1	1	1	1	1	1	1	1	1	1	1	1	1	1	2	1	43	3	1	0	0	0	1	0	0	0	0	0	0	0	0	0	0	0	0	0	0	0	0	0	0	0	0	0	0	0	0	0	0	0	0	0	0	0	5	9	0	0	0	0	0	0	0	0	0	0	0	0	0	1	0	0	0	0	0	0	1	1	0	0	0	0	0	0	0	0	0	1	0	0	0	0	13	0	0	0	0	0	0	0	0	0	0	0	0	0	0	0	0	0	0	0	0	0	0	0	0	0	0	0	0	0	0	0	0	0	0	0	0	0	0	1	0	0	0	0	0	0	0	0	0	0	0	0	0	0	0	0	0	0	0	0	0	0	0	0	0	0	0	0	0	0	0	0	0	0	0	0	1	0	0	0	0	0	0	0	0	0	0	0	0	0	0	0	0	0	0	0	0	0	0	0	0	0	0	0	0	0	0	0	0	0	0	0	0	0	0	0	0	0	0	0	0	0	0	0	0	0	0	0	0	0	0	0	0	0	0	0	0	0	0	0	0	0	0	0	0	0	0	0	0	0	0	0	0	0	0	0	0	0	0	0	0	0	0	0	0	0	0	0	0	0	0	0	0	0	0	0	0	0	0	0	0	0	0	0	0	0	0	0	0	0	0	12	4	2	2	2	2	2	2	2	2	2	2	2	2	2	2	2	2	2	2	2	2	2	2	2	2	2	2	2	2	2	2	2	2	2	2	2	86	7	0	0	0	1	0	0	0	0	0	1	0	0	1	0	0	0	0	0	0	0	1	0	0	0	0	0	1	0	0	0	0	0	0	0	0	0	12	0	0	0	0	0	0	0	0	0	0	0	0	0	0	0	0	0	0	0	0	0	0	0	0	0	0	0	0	0	0	0	0	0	0	0	0	0	0	5	2	2	2	3	2	2	2	3	2	2	2	2	2	2	2	2	2	2	3	2	2	2	2	2	2	2	3	2	2	3	2	2	2	2	2	2	82	0	0	0	0	0	0	0	0	0	0	0	0	0	0	0	0	0	0	0	0	0	0	0	0	0	0	0	0	0	0	0	0	0	0	0	0	0	0	0	0	0	0	0	0	0	0	0	0	0	0	0	0	0	0	0	0	0	0	0	0	0	0	0	0	0	0	0	0	0	0	0	0	0	0	0	0	1	1	1	1	1	1	1	1	1	1	1	1	1	1	1	1	1	1	1	1	1	1	1	1	1	1	1	1	1	1	1	1	1	1	1	1	1	37	0	0	0	0	0	0	0	0	0	0	0	0	0	0	0	0	0	0	0	0	0	0	0	0	0	0	0	0	0	0	0	0	0	0	0	0	0	0	0	0	0	0	0	0	0	0	0	0	0	0	0	0	0	0	0	0	0	0	0	0	0	0	0	0	0	0	0	0	0	0	0	0	0	0	0	0	0	0	0	0	0	0	0	0	0	0	0	0	0	0	0	0	0	0	0	0	0	0	0	0	0	0	0	0	0	0	0	0	0	0	0	0	0	0	0	0	0	0	0	0	0	0	0	0	0	0	0	0	0	0	0	0	0	0	0	0	0	0	0	0	0	0	0	0	0	0	0	0	0	0	0	0	0	1	0	0	0	0	0	0	0	0	0	0	0	0	0	0	0	0	0	0	0	0	0	0	0	0	0	0	0	0	0	0	0	0	0	0	0	1	10	1	0	1	1	0	0	0	0	0	0	0	0	1	0	0	0	0	0	0	0	2	0	0	0	0	0	0	0	1	0	0	0	0	0	0	0	17	1	0	0	1	0	0	0	0	0	0	0	0	0	0	0	0	0	0	0	0	0	0	0	0	0	0	0	0	0	0	0	0	0	0	0	0	1	3	25	19	0	34	0	0	0	10	5098	0	0	0	282	28	0	1	0	1	0	0	5	0	3	0	13	0	0	0	0	0	0	0	0	0	0	0	0	2	3	4	1	0	0	0	4	0	0	0	1	0	0	3103	4600	433	140	6391	3198	188	926	123	890	154	167	84	100	509	2	8	56	13	0	200	5357	23	1199	250	80	13	49	20	41	10	147	75	2	5577	4	34132	0	2	1	0	1	0	1	0	0	0	0	0	0	1	1	0	0	1	5	0	0	0	0	0	0	1	1	0	1	1	1	0	1	1	0	0	20	0	114	318	1	2	18	9	171	6	44	8	2	4	0	0	13	0	0	2	0	0	7	0	0	0	0	0	0	15	0	18	0	0	0	0	0	1	0	7	1	0	0	0	73	0	0	0	0	22	0	0	0	7	0	0	0	0	0	0	0	2	0	0	0	63	0	0	0	0	0	7	14	0	0	0	0	0	0	4	3	0	1	0	0	0	0	0	0	0	0	0	0	1	0	2	0	0	8	0	0	0	0	0	0	0	0	0	0	0	70	0	0	201	0	0	0	0	0	3	8	66	3134	0	0	0	0	0	0	0	24	55	0	54	0	7168	25	18	1	5	1	41	11	3	1	7	71	6	18	6	1	10	4	0	4	33	61	1	1	1	0	8	1	33	2	1	19	0	2	7	2	52	3	1	11	16	4	0	1	24
2	0	0	0	0	1	0	0	0	0	0	1	0	0	0	0	0	0	0	0	0	0	0	0	0	0	0	0	0	0	0	0	0	0	0	0	0	4	0	0	0	0	0	0	0	0	0	0	0	0	0	0	0	0	0	0	0	0	0	0	0	0	0	0	0	0	0	0	0	0	0	0	0	0	0	0	0	0	0	0	0	0	0	0	0	0	0	0	0	0	0	0	0	0	0	0	0	0	0	0	0	0	0	0	0	0	0	0	0	0	0	0	0	0	4	4	0	0	0	0	1	0	0	0	0	0	0	0	0	0	0	0	0	1	0	0	0	0	0	0	0	0	0	0	0	0	0	0	0	0	0	10	2	3	0	0	0	0	1	0	0	0	0	2	0	0	0	0	0	0	0	1	0	0	0	0	0	0	0	0	0	0	0	0	0	0	0	0	0	9	9	0	0	0	0	0	0	0	0	0	1	0	0	0	0	0	0	0	0	0	0	0	0	0	0	0	0	0	0	0	0	0	0	0	0	0	0	10	1	0	0	0	0	0	0	0	0	0	0	4	0	0	0	0	0	0	0	0	0	2	0	0	0	0	0	0	0	0	0	1	0	0	0	0	0	8	0	0	0	0	0	0	0	0	0	0	0	0	0	0	0	0	0	0	0	0	0	0	1	1	0	0	0	0	0	0	0	1	0	0	1	1	0	5	1	1	1	1	1	1	1	1	1	1	1	1	1	1	1	1	1	1	1	1	1	1	1	1	1	1	1	1	1	1	1	1	1	1	1	1	1	37	0	0	0	0	0	0	0	0	0	0	0	0	0	0	0	0	0	0	0	0	0	0	0	0	0	0	0	0	0	0	0	0	0	0	0	0	0	0	0	0	0	0	0	0	0	0	0	0	0	0	0	0	0	0	0	0	0	0	0	0	0	0	0	0	0	0	0	0	0	0	0	0	0	0	0	0	1	0	0	0	0	0	0	0	0	0	0	0	0	0	0	0	0	0	0	0	0	0	0	0	0	0	0	0	0	0	0	0	0	0	0	0	0	1	7	0	0	0	0	0	0	0	0	0	0	0	0	0	0	0	0	0	1	0	0	2	2	2	0	0	0	0	0	0	1	2	0	0	2	2	1	22	15	2	0	0	0	0	0	0	0	0	1	0	0	0	1	0	0	0	0	0	0	0	0	0	0	0	0	0	0	0	0	0	0	0	0	0	0	19	0	0	0	0	0	0	0	0	0	0	0	0	0	0	0	0	0	0	0	0	0	0	0	0	0	0	0	0	0	0	0	0	0	0	0	0	0	0	1	0	0	0	1	0	0	1	0	0	0	0	0	0	0	0	0	0	0	0	0	0	2	2	0	0	1	0	1	0	0	2	0	0	2	2	0	15	0	0	0	0	0	0	0	0	0	0	0	0	0	0	0	0	0	0	0	0	0	0	0	0	0	0	0	0	0	0	0	0	0	0	0	0	0	0	1	0	0	0	0	0	0	0	0	0	0	0	0	0	0	0	0	0	0	0	0	0	0	0	0	0	0	0	0	0	0	0	0	0	0	0	0	1	0	0	0	0	0	0	0	0	0	0	0	0	0	0	0	0	0	0	1	0	0	1	0	0	0	0	0	0	0	0	0	0	0	0	0	0	0	2	0	0	0	0	0	0	0	0	0	0	0	0	0	0	0	0	0	0	0	0	0	0	0	0	0	0	0	0	0	0	0	0	0	0	0	0	0	0	0	0	0	0	0	0	0	0	0	0	0	0	0	0	0	0	0	0	0	0	0	0	0	0	0	0	0	0	0	0	0	0	0	0	0	0	0	0	0	0	0	0	0	0	0	0	0	0	0	0	0	0	0	0	0	0	0	0	0	0	0	0	0	0	0	0	0	0	0	0	0	0	0	0	0	0	0	0	0	0	0	0	0	0	0	0	0	0	0	0	0	0	0	0	0	0	0	0	0	0	0	0	0	0	0	0	0	0	0	0	0	0	0	0	0	0	0	0	0	0	0	0	0	0	0	0	0	0	0	0	0	0	0	0	0	0	0	0	0	0	0	0	0	0	0	0	0	0	0	0	0	0	13	2	0	1	0	0	0	0	0	0	2	0	0	0	1	0	0	0	0	0	0	0	0	0	0	0	0	0	0	0	0	0	0	0	0	0	0	19	0	0	0	0	0	0	0	0	1	0	0	0	0	0	0	0	0	0	0	0	0	0	0	0	0	0	0	0	0	0	0	0	0	0	0	0	1	2	122	79	0	66	68	1	0	0	18361	3	3	9	487	76	0	17	1	6	0	0	98	0	23	2	8	1	0	0	0	0	0	0	0	1	0	0	0	8	3	8	1	0	0	0	14	0	1	0	4	0	2	2071	2439	512	269	3121	1526	184	87	15	695	627	371	61	43	654	58	9	11	6	0	274	1803	144	3477	4	68	3	8	1	30	8	55	296	2	2639	113	21684	1	0	1	0	0	0	0	0	1	1	2	0	0	4	0	1	0	0	4	1	0	3	1	0	0	0	0	0	0	0	2	0	0	0	0	0	22	0	221	566	3	22	49	39	354	5	206	30	19	4	1	4	55	7	0	6	12	4	21	0	0	27	2	7	29	14	0	20	0	0	0	0	0	6	0	14	0	0	0	24	116	0	0	3	5	145	0	0	6	0	0	0	3	0	0	0	0	1	0	0	0	129	0	0	0	0	0	5	34	4	0	0	0	0	0	4	9	0	0	2	0	0	0	0	1	0	0	9	7	2	0	0	3	0	10	0	0	0	0	0	0	0	0	0	0	0	70	0	0	201	0	0	0	0	0	3	8	66	3134	0	0	0	0	0	0	0	24	55	0	54	0	7168	19	20	1	5	1	42	19	3	1	8	77	15	21	7	1	10	4	0	4	35	61	1	1	1	0	8	1	36	3	1	21	0	2	12	2	53	3	2	11	18	4	0	1	26
1	0	0	0	1	0	0	0	0	0	0	0	0	0	0	0	0	0	0	0	0	1	0	0	0	0	0	0	0	0	0	0	0	0	0	0	0	3	3	0	0	0	0	0	0	0	0	0	0	0	0	0	0	0	0	0	0	0	0	0	0	0	0	0	0	0	0	0	0	0	0	0	0	0	0	3	0	0	0	1	0	0	0	0	0	0	0	0	0	0	0	0	0	0	0	0	0	0	0	0	0	0	0	0	0	0	0	0	0	0	0	0	0	1	2	0	0	0	0	0	0	0	0	0	0	1	0	0	2	0	0	0	0	0	0	0	0	0	0	0	0	0	0	0	0	0	0	0	0	1	0	6	4	1	1	1	1	1	1	1	1	1	1	4	1	1	7	1	1	1	1	1	1	1	1	1	1	1	1	1	1	1	1	1	1	1	1	2	1	50	7	1	0	0	0	0	0	0	0	0	0	0	0	0	0	0	0	0	0	0	0	0	0	0	0	0	0	0	0	0	0	0	0	0	0	0	2	10	2	0	0	0	0	0	0	0	0	1	0	4	0	0	5	0	0	0	0	0	0	0	0	0	0	0	0	0	0	0	0	0	0	0	0	0	0	12	0	0	0	0	0	0	0	0	0	0	0	0	0	0	0	0	0	0	0	0	0	0	0	0	0	0	0	0	0	0	0	0	0	0	0	0	0	0	6	2	2	2	2	2	2	2	2	2	2	2	2	2	2	3	2	2	2	2	2	2	2	2	2	2	2	2	2	2	2	2	2	2	2	2	2	79	2	2	2	2	2	2	2	2	2	2	2	2	2	2	2	2	2	2	2	2	2	2	2	2	2	2	2	2	2	2	2	2	2	2	2	2	2	74	0	0	0	0	0	0	0	0	0	0	0	0	0	0	0	0	0	0	0	0	0	0	0	0	0	0	0	0	0	0	0	0	0	0	0	0	0	0	0	0	0	0	0	0	0	0	0	0	0	0	0	0	0	0	0	0	0	0	0	0	0	0	0	0	0	0	0	0	0	0	0	0	0	0	0	0	15	2	2	3	3	3	2	2	2	2	2	2	2	3	2	3	2	2	2	2	2	2	2	2	2	2	3	2	2	2	2	2	2	2	2	2	2	93	9	0	0	0	0	0	0	0	0	2	0	0	0	0	1	0	0	0	0	0	0	1	0	0	0	0	0	0	0	0	0	0	0	0	0	0	2	15	0	0	0	0	0	0	0	0	0	0	0	0	0	0	0	0	0	0	0	0	0	0	0	0	0	0	0	0	0	0	0	0	0	0	0	0	0	0	11	6	6	6	6	6	6	6	6	6	6	6	6	6	6	7	6	6	6	6	6	6	6	6	6	6	6	6	6	6	6	6	6	6	6	6	6	228	0	0	0	0	0	0	0	0	0	0	0	0	0	0	0	0	0	0	0	0	0	0	0	0	0	0	0	0	0	0	0	0	0	0	0	0	0	0	1	0	0	0	0	0	0	0	0	0	0	0	0	0	0	0	0	0	0	0	0	0	0	0	0	0	0	0	0	0	0	0	0	0	0	0	0	1	1	0	0	0	0	0	0	0	0	0	0	0	0	0	0	0	0	0	0	0	0	0	0	0	0	0	0	0	0	0	0	0	0	0	0	0	0	1	1	1	1	1	1	1	1	1	1	1	1	1	1	1	1	1	1	1	1	1	1	1	1	1	1	1	1	1	1	1	1	1	1	1	1	1	1	37	2	1	1	1	1	1	1	1	1	1	1	1	1	1	1	1	1	1	1	1	1	1	1	1	1	1	1	1	1	1	1	1	1	1	1	1	1	38	0	0	0	0	0	0	0	0	0	0	0	0	0	0	0	0	0	0	0	0	0	0	0	0	0	0	0	0	0	0	0	0	0	0	0	0	0	0	2	2	2	2	2	2	2	2	2	2	2	2	2	2	2	3	2	2	2	2	2	2	2	2	2	2	2	2	2	2	2	2	2	2	2	2	2	75	0	0	0	0	0	0	0	0	0	0	0	0	0	0	0	0	0	0	0	0	0	0	0	0	0	0	0	0	0	0	0	0	0	0	0	0	0	0	7	0	1	0	0	0	0	0	0	1	0	0	0	1	0	0	0	0	0	0	0	1	0	0	0	0	0	0	0	0	0	0	0	0	0	0	0	11	0	0	0	0	0	0	0	0	0	1	0	0	0	0	0	0	0	0	0	0	0	1	0	0	0	0	0	0	0	0	0	0	0	0	0	0	1	3	155	65	0	87	19	1	0	16	7702	0	6	21	525	64	1	3	0	12	0	0	70	0	2	1	35	0	0	0	0	0	0	0	0	0	0	0	0	10	0	0	0	0	0	0	4	0	0	0	0	0	1	1315	5451	1424	163	615	1157	232	78	30	710	103	771	28	21	289	30	14	23	345	0	266	868	29	2669	200	33	4	20	1	391	3	621	875	8	518	27	19332	1	0	1	0	0	0	0	1	1	3	1	0	0	2	2	2	0	1	4	0	0	11	6	0	0	1	1	0	0	0	4	5	5	0	0	5	57	0	166	677	0	12	43	53	467	16	266	18	5	12	2	0	10	0	0	9	30	28	9	0	4	23	1	4	11	7	2	18	0	1	0	0	0	27	0	13	0	0	0	12	67	0	2	5	0	282	0	0	2	17	0	0	3	0	0	0	0	8	0	0	0	130	0	0	0	0	1	15	29	5	2	0	6	2	0	13	14	1	2	16	0	0	0	0	0	2	0	4	8	7	0	0	0	0	8	0	0	0	0	0	0	0	0	0	0	0	70	0	0	201	0	0	0	0	0	3	8	66	3134	0	0	0	0	0	0	0	24	55	0	54	0	7168	16	21	2	5	1	44	19	3	1	8	77	9	20	6	1	11	4	0	4	35	64	1	1	1	0	9	1	34	4	1	23	0	2	9	2	54	3	2	10	17	4	0	1	26
4	0	2	1	0	0	1	0	0	0	0	0	0	0	0	0	0	0	0	0	0	0	0	0	0	0	0	0	0	2	0	0	0	0	0	0	0	10	0	0	0	0	0	0	0	0	0	0	0	0	0	0	0	0	0	0	0	0	0	0	0	0	0	0	0	0	0	0	0	0	0	0	0	0	0	0	0	0	0	0	0	0	0	0	0	0	0	0	0	0	0	0	0	0	0	0	0	0	0	0	0	0	0	0	0	0	0	0	0	0	0	0	0	0	5	0	0	0	0	0	0	0	0	0	0	0	0	0	0	0	0	0	0	0	0	0	0	0	0	0	0	0	0	0	0	0	0	0	0	0	0	5	5	2	1	1	1	1	1	1	1	1	1	1	1	1	1	1	1	1	1	1	1	1	1	1	1	1	1	1	1	2	1	1	1	1	1	1	1	43	2	2	0	0	0	0	0	0	0	0	0	0	0	0	0	0	0	0	0	0	0	0	0	0	0	0	0	0	0	0	0	0	1	0	0	0	1	6	7	2	2	1	1	1	1	1	1	1	1	1	1	1	2	1	1	1	1	1	1	1	1	1	1	1	1	1	1	2	1	1	2	1	1	1	1	48	0	0	0	0	0	0	0	0	0	0	0	0	0	0	0	0	0	0	0	0	0	0	0	0	0	0	0	0	0	0	0	0	0	0	0	0	0	0	2	0	0	0	0	0	0	0	0	0	0	0	0	0	0	0	0	0	0	0	0	0	0	0	0	0	0	0	0	0	0	0	0	0	0	0	0	2	0	0	0	0	0	0	0	0	0	0	0	0	0	0	0	0	0	0	0	0	0	0	0	0	0	0	0	0	0	0	0	0	0	0	0	0	0	0	0	0	0	0	0	0	0	0	0	0	0	0	0	0	0	0	0	0	0	0	0	0	0	0	0	0	0	0	0	0	0	0	0	0	0	0	0	0	0	0	0	0	0	0	0	0	0	0	0	0	0	0	0	0	0	0	0	0	0	0	0	0	0	0	0	0	0	0	0	0	0	0	0	0	0	0	10	2	2	2	2	2	2	2	2	2	3	2	2	2	2	2	2	2	2	2	2	2	2	2	2	2	2	2	2	2	2	2	2	2	2	2	2	83	10	1	0	0	0	0	1	0	0	0	0	0	0	0	0	0	0	0	0	0	0	0	0	0	0	0	0	0	0	1	0	0	1	0	0	0	0	14	0	0	0	0	0	0	0	0	0	0	0	0	0	0	0	0	0	0	0	0	0	0	0	0	0	0	0	0	0	0	0	0	0	0	0	0	0	0	5	2	2	3	2	2	2	2	2	2	2	2	2	2	2	2	2	2	2	2	2	2	2	2	2	2	2	2	2	2	2	2	2	2	2	2	3	79	0	0	0	0	0	0	0	0	0	0	0	0	0	0	0	0	0	0	0	0	0	0	0	0	0	0	0	0	0	0	0	0	0	0	0	0	0	0	1	0	0	0	0	0	0	0	0	0	0	0	0	0	0	0	0	0	0	0	0	0	0	0	0	0	0	0	0	0	0	0	0	0	0	0	0	1	0	0	0	0	0	0	0	0	0	0	0	0	0	0	0	0	0	0	0	0	0	0	0	0	0	0	0	0	0	0	0	0	0	0	0	0	0	0	0	0	0	0	0	0	0	0	0	0	0	0	0	0	0	0	0	0	0	0	0	0	0	0	0	0	0	0	0	0	0	0	0	0	0	0	0	0	0	0	0	0	0	0	0	0	0	0	0	0	0	0	0	0	0	0	0	0	0	0	0	0	0	0	0	0	0	0	0	0	0	0	0	0	0	0	0	0	0	0	0	0	0	0	0	0	0	0	0	0	0	0	0	0	0	0	0	0	0	0	0	0	0	0	0	0	0	0	0	0	0	0	0	0	1	0	0	0	0	0	0	0	0	0	0	0	0	0	0	0	0	0	0	0	0	0	0	0	0	0	0	0	0	0	0	0	0	0	0	0	0	1	0	0	0	0	0	0	0	0	0	0	0	0	0	0	0	0	0	0	0	0	0	0	0	0	0	0	0	0	0	0	0	0	0	0	0	0	0	0	13	1	0	0	1	0	2	1	0	0	0	0	0	0	0	0	1	1	1	0	0	0	0	0	1	1	1	1	1	1	0	0	1	1	0	0	0	29	2	1	1	1	1	1	1	1	1	1	1	1	1	1	1	1	1	1	1	1	1	1	1	1	1	1	1	1	1	1	1	1	1	1	1	1	1	38	160	65	0	96	1	7	1	15	27432	13	3	4	836	71	0	15	0	10	3	11	129	0	8	0	34	6	0	0	0	0	0	0	0	0	0	0	0	33	5	2	0	0	0	0	13	0	0	0	0	0	0	1942	3802	593	61	1433	2540	178	131	43	594	334	841	123	11	674	3	33	29	28	0	203	593	24	752	365	34	1	2	3	37	4	363	147	4	373	9	16307	2	1	0	0	0	1	2	0	2	0	3	0	0	0	0	0	0	1	6	2	0	0	0	0	1	0	1	0	0	1	0	0	0	0	0	0	23	2	238	700	3	15	66	56	493	6	243	33	7	12	5	2	15	0	5	1	10	10	29	0	5	41	0	0	62	15	9	34	0	0	8	2	0	16	0	14	0	0	0	9	115	0	0	0	0	179	0	0	2	19	0	0	7	0	0	0	0	8	0	0	0	157	0	2	0	0	3	25	35	6	2	0	18	0	0	24	0	0	7	7	1	0	0	0	0	3	0	36	14	9	1	1	6	0	12	0	0	0	0	0	0	0	0	0	0	0	70	0	0	201	0	0	0	0	0	3	8	66	3134	0	0	0	0	0	0	0	24	55	0	54	0	7168	18	20	2	5	1	45	14	3	1	8	76	6	23	6	1	10	4	0	4	37	64	1	1	1	0	9	1	36	5	1	23	0	2	7	2	53	3	2	10	16	4	0	1	28
6	1	1	1	1	1	1	1	1	1	2	1	1	1	1	1	1	1	3	1	1	1	1	1	1	1	1	1	1	1	1	1	1	1	1	1	1	45	2	0	0	0	0	0	0	0	0	0	0	0	0	0	0	0	0	0	0	0	0	0	0	0	0	0	0	0	0	0	0	0	0	0	0	0	0	2	0	0	0	0	0	0	0	0	0	0	0	0	0	0	0	0	0	0	0	0	0	0	0	0	0	0	0	0	0	0	0	0	0	0	0	0	0	0	4	3	3	1	1	2	2	1	1	1	1	1	1	1	2	1	1	1	1	1	1	1	1	1	1	1	2	1	1	1	1	1	1	1	1	1	1	48	1	2	2	0	0	1	1	0	0	0	0	0	0	0	1	0	0	0	0	0	1	0	0	0	0	0	1	0	0	0	0	0	0	0	0	0	0	10	3	0	0	0	0	0	0	0	0	0	1	0	0	0	0	0	0	0	0	0	0	0	0	0	0	0	0	0	0	0	0	0	0	0	0	0	0	4	6	3	2	0	0	0	1	0	0	0	0	0	0	0	0	0	0	0	0	0	0	0	0	0	0	0	0	0	0	0	0	0	0	0	0	0	0	12	0	0	0	0	0	0	0	0	0	0	0	0	0	0	0	0	0	0	0	0	0	0	0	0	0	0	0	0	0	0	0	0	0	0	0	0	0	0	0	0	0	0	0	0	0	0	0	0	0	0	0	0	0	0	0	0	0	0	0	0	0	0	0	0	0	0	0	0	0	0	0	0	0	0	0	0	0	0	0	0	0	0	0	0	0	0	0	0	0	0	0	0	0	0	0	0	0	0	0	0	0	0	0	0	0	0	0	0	0	0	0	0	0	0	0	0	0	0	0	0	0	0	0	0	0	0	0	0	0	0	0	0	0	0	0	0	0	0	0	0	0	0	0	0	0	0	0	0	0	0	0	0	0	0	0	0	0	0	0	0	0	0	0	0	0	0	0	0	0	0	0	0	0	0	0	0	0	0	0	0	0	0	0	0	0	0	0	0	0	0	8	1	1	1	1	1	1	2	1	1	1	1	1	2	1	1	1	1	1	1	1	1	1	1	1	1	1	1	1	1	1	1	1	1	1	1	1	46	16	1	3	1	1	1	1	2	1	1	1	1	1	1	1	1	1	1	1	1	1	1	1	1	1	1	1	1	1	1	1	1	1	1	1	1	1	55	0	0	0	0	0	0	0	0	0	0	0	0	0	0	0	0	0	0	0	0	0	0	0	0	0	0	0	0	0	0	0	0	0	0	0	0	0	0	4	3	3	3	3	3	3	4	3	3	3	3	3	3	3	3	3	3	3	3	3	3	3	4	3	3	3	3	3	3	3	3	3	3	3	3	3	114	0	0	0	0	0	0	0	0	0	0	0	0	0	0	0	0	0	0	0	0	0	0	0	0	0	0	0	0	0	0	0	0	0	0	0	0	0	0	0	0	0	0	0	0	0	0	0	0	0	0	0	0	0	0	0	0	0	0	0	0	0	0	0	0	0	0	0	0	0	0	0	0	0	0	0	0	0	0	0	0	0	0	0	0	0	0	0	0	0	0	0	0	0	0	0	0	0	0	0	0	0	0	0	0	0	0	0	0	0	0	0	0	0	0	0	0	0	0	0	0	0	0	0	0	0	0	0	0	0	0	0	0	0	0	0	0	0	0	0	0	0	0	0	0	0	0	0	0	0	0	0	0	0	0	0	0	0	0	0	0	0	0	0	0	0	0	0	0	0	0	0	0	0	0	0	0	0	0	0	0	0	0	0	0	0	0	0	0	0	0	0	0	0	0	0	0	0	0	0	0	0	0	0	0	0	0	0	0	0	0	0	0	0	0	0	0	0	0	0	0	0	0	0	0	0	0	0	0	0	0	0	0	0	0	0	0	0	0	0	0	0	1	0	0	0	0	0	0	0	0	0	0	0	0	0	0	0	0	0	0	0	0	0	0	0	1	0	0	0	0	0	0	0	0	0	0	0	0	0	0	0	0	0	0	0	0	0	0	0	0	0	0	0	0	0	0	0	0	0	0	0	0	0	0	15	1	2	1	1	1	1	1	1	1	1	1	2	1	1	1	2	1	1	1	1	1	1	1	1	1	1	1	1	1	1	1	1	1	1	1	1	54	0	0	0	0	0	0	0	0	0	0	0	0	0	0	0	0	0	0	0	0	0	0	0	0	0	0	0	0	0	0	0	0	0	0	0	0	1	1	233	124	0	57	7	0	0	35	16305	1	8	4	1117	104	0	5	0	18	0	0	162	0	22	1	37	0	0	0	0	0	0	0	0	0	0	0	0	39	10	22	0	0	0	0	40	3	0	0	0	0	2	1389	3964	135	85	1183	1247	295	99	12	251	148	7779	153	58	447	6	24	17	45	0	261	2152	16	1025	7	92	1	8	4	24	31	102	48	3	1944	2	23057	1	2	2	2	0	1	1	2	1	0	1	0	0	1	1	0	2	3	8	1	0	8	0	0	4	2	3	2	1	3	1	0	0	2	0	2	57	0	285	691	3	30	77	98	600	2	267	33	20	9	7	1	36	1	3	0	50	23	41	0	0	10	6	0	5	13	2	56	2	0	21	0	0	26	4	17	0	3	0	16	106	0	0	26	0	345	16	0	1	8	0	0	6	0	0	0	5	6	0	0	0	213	0	0	0	1	0	14	42	15	0	0	16	0	0	26	8	0	0	8	0	2	1	0	0	1	0	2	9	4	0	0	7	0	14	0	0	0	0	0	0	0	0	0	0	0	70	0	0	201	0	0	0	0	0	3	8	66	3134	0	0	0	0	0	0	0	24	55	0	54	0	7168	29	18	1	5	1	42	13	3	1	8	78	6	22	6	1	11	5	0	4	34	63	1	1	1	0	9	1	31	4	1	20	0	2	7	2	58	3	1	12	15	3	0	1	22
2	0	0	0	0	1	1	1	0	0	0	0	0	0	0	0	0	0	0	0	0	0	0	0	1	0	0	0	0	0	0	0	0	0	0	0	2	8	0	0	0	0	0	0	0	0	0	0	0	0	0	0	0	0	0	0	0	0	0	0	0	0	0	0	0	0	0	0	0	0	0	0	0	0	0	0	0	0	0	0	0	0	0	0	0	0	0	0	0	0	0	0	0	0	0	0	0	0	0	0	0	0	0	0	0	0	0	0	0	0	0	0	0	0	11	0	0	0	0	1	1	0	0	1	0	1	0	0	0	0	0	0	0	0	0	2	0	0	0	0	0	0	0	0	0	0	0	0	0	0	0	17	16	0	0	2	0	1	2	0	0	1	0	1	0	0	0	0	0	1	0	0	0	2	0	0	0	0	0	0	1	0	0	0	0	0	0	0	0	27	7	0	0	0	0	0	2	0	0	0	0	0	0	0	0	0	0	0	1	0	0	0	0	0	0	0	0	0	0	0	0	0	0	0	0	0	0	10	5	3	0	1	0	0	2	0	0	0	0	1	0	0	0	0	0	0	0	0	0	0	0	0	0	0	0	0	0	0	0	0	0	0	0	0	1	13	0	0	0	0	0	0	0	0	0	0	0	0	0	0	0	0	0	0	0	0	0	0	0	0	0	0	0	0	0	0	0	0	0	0	0	0	0	0	0	0	0	0	0	1	0	0	0	0	0	0	0	0	0	0	0	0	0	0	0	0	0	0	0	0	0	0	0	0	0	0	0	0	0	0	0	1	0	0	0	0	0	0	0	0	0	0	0	0	0	0	0	0	0	0	0	0	0	0	0	0	0	0	0	0	0	0	0	0	0	0	0	0	0	0	0	0	0	0	0	0	0	0	0	0	0	0	0	0	0	0	0	0	0	0	0	0	0	0	0	0	0	0	0	0	0	0	0	0	0	0	0	0	0	0	0	0	0	0	0	0	0	0	0	0	0	0	0	0	0	0	0	0	0	0	0	0	0	0	0	0	0	0	0	0	0	0	0	0	0	0	5	1	1	1	1	1	1	1	1	1	1	1	2	1	1	1	1	1	1	1	1	1	1	1	1	1	1	1	1	1	1	1	1	1	1	1	1	42	3	2	0	1	1	0	0	0	0	0	0	0	0	0	0	1	0	0	0	0	0	0	0	0	0	0	0	0	0	0	0	0	0	0	0	0	0	8	0	0	0	0	0	0	0	0	0	0	0	0	0	0	0	0	0	0	0	0	0	0	0	0	0	0	0	0	0	0	0	0	0	0	0	0	0	0	0	0	0	0	0	0	0	0	0	0	0	0	0	0	0	0	0	0	0	0	0	0	0	0	0	0	0	0	0	0	0	0	0	0	0	0	0	0	0	0	0	0	0	0	0	0	0	0	0	0	0	0	0	0	0	0	0	0	0	0	0	0	0	0	0	0	0	0	0	0	0	0	0	0	0	0	0	0	0	0	0	0	0	0	0	0	0	0	0	0	0	0	0	0	0	0	0	0	0	0	0	0	0	0	0	0	0	0	0	0	0	0	0	0	2	1	1	1	1	1	1	1	1	1	1	1	1	1	1	1	1	1	1	1	1	1	1	1	1	1	1	1	1	1	1	1	1	1	1	1	1	38	0	0	0	0	0	0	0	0	0	0	0	0	0	0	0	0	0	0	0	0	0	0	0	0	0	0	0	0	0	0	0	0	0	0	0	0	0	0	0	0	0	0	0	0	0	0	0	0	0	0	0	0	0	0	0	0	0	0	0	0	0	0	0	0	0	0	0	0	0	0	0	0	0	0	0	0	0	0	0	0	0	0	0	0	0	0	0	0	0	0	0	0	0	0	0	0	0	0	0	0	0	0	0	0	0	0	0	0	0	0	0	0	0	0	0	0	0	0	0	0	0	0	0	0	0	0	0	0	0	0	0	0	0	0	0	0	0	0	0	0	0	0	0	0	0	0	0	0	0	0	0	0	0	0	0	0	0	0	0	0	0	0	0	0	0	0	0	0	0	0	0	0	0	0	0	0	0	0	0	0	0	0	0	0	0	0	0	0	0	0	8	3	0	0	1	2	0	0	0	0	0	0	0	0	0	1	0	0	0	0	0	0	0	0	0	0	0	0	0	0	0	0	0	0	0	0	0	15	1	1	1	1	1	1	1	1	1	2	1	1	1	2	1	1	1	1	1	1	1	1	1	1	1	1	1	1	1	1	1	1	1	1	1	1	1	39	111	66	1	161	25	0	0	15	20852	7	8	8	647	65	12	6	0	10	0	1	58	0	6	4	34	0	0	0	0	0	0	0	0	0	0	0	6	22	6	0	1	0	0	0	20	4	0	0	9	0	3	1028	3211	172	45	2552	2165	1417	122	1	549	527	429	64	7	189	5	25	101	59	0	293	3350	34	1061	14	34	0	8	5	25	3	129	61	4	1350	5	19044	2	2	1	2	2	8	1	1	1	1	2	0	0	1	2	1	1	2	6	1	0	0	0	0	2	1	2	1	1	2	2	4	1	1	0	2	56	0	280	609	1	27	58	50	469	14	211	22	11	0	0	1	32	1	0	3	21	5	36	0	6	33	4	0	4	4	0	34	1	1	8	0	0	12	0	7	0	2	0	1	100	1	0	3	0	166	0	0	0	3	0	0	3	0	10	0	0	6	0	0	0	149	0	3	0	0	0	8	52	5	0	0	8	0	0	29	8	0	1	1	0	0	1	0	1	0	0	12	13	8	0	6	4	1	5	0	0	0	0	0	0	0	0	0	0	0	70	0	0	201	0	0	0	0	0	3	8	66	3134	0	0	0	0	0	0	0	24	55	0	54	0	7168	20	18	2	5	1	42	16	3	1	7	74	4	23	7	1	11	4	0	4	33	62	1	1	1	0	9	1	32	5	1	21	0	2	7	2	54	3	1	13	15	4	0	1	23
3	0	0	0	0	0	0	0	0	0	0	0	0	0	0	0	1	0	0	0	0	1	2	1	0	0	0	0	0	0	0	0	0	0	0	0	0	8	0	0	0	0	0	0	0	0	0	0	0	0	0	0	0	0	0	0	0	0	0	0	0	0	0	0	0	0	0	0	0	0	0	0	0	0	0	0	0	0	0	0	0	0	0	0	0	0	0	0	0	0	0	0	0	0	0	0	0	0	0	0	0	0	0	0	0	0	0	0	0	0	0	0	0	0	7	2	1	1	0	0	0	0	0	0	1	0	0	0	0	0	0	0	0	0	0	1	0	0	0	0	0	0	0	0	0	0	1	1	0	0	0	15	7	2	0	1	0	0	0	1	0	0	1	0	0	0	0	0	0	0	0	0	0	1	0	0	0	0	0	0	0	0	0	0	1	1	0	0	0	15	6	1	0	0	0	0	0	0	0	0	0	0	0	0	0	0	0	0	0	1	0	0	0	1	0	0	0	0	0	0	0	0	0	0	0	0	0	9	3	0	0	0	0	0	0	0	0	0	0	0	0	0	0	0	0	0	0	0	0	0	0	0	0	0	0	0	0	0	0	0	1	0	0	1	0	5	0	0	0	0	0	0	0	0	0	0	0	0	0	0	0	0	0	0	0	0	0	0	0	0	0	0	0	0	0	0	0	0	0	0	0	0	0	0	0	0	0	0	0	0	0	0	0	0	0	0	0	0	0	0	0	0	0	0	0	0	0	0	0	0	0	0	0	0	0	0	0	0	0	0	0	0	0	0	0	0	0	0	0	0	0	0	0	0	0	0	0	0	0	0	0	0	0	0	0	0	0	0	0	0	0	0	0	0	0	0	0	0	0	0	0	0	0	0	0	0	0	0	0	0	0	0	0	0	0	0	0	0	0	0	0	0	0	0	0	0	0	0	0	0	0	0	0	0	0	0	0	0	0	0	0	0	0	0	0	0	0	0	0	0	0	0	0	0	0	0	0	0	0	0	0	0	0	0	0	0	0	0	0	0	0	0	0	0	0	0	7	2	1	1	1	1	1	1	1	1	1	1	1	2	1	1	1	1	1	1	1	2	1	2	1	1	1	1	1	1	1	1	1	1	1	1	1	47	7	2	0	1	0	0	0	1	0	1	0	0	0	0	1	0	0	0	0	0	0	0	0	0	0	0	0	0	0	0	0	0	0	0	0	0	1	14	0	0	0	0	0	0	0	0	0	0	0	0	0	0	0	0	0	0	0	0	0	0	0	0	0	0	0	0	0	0	0	0	0	0	0	0	0	0	5	3	3	3	3	3	3	3	3	3	3	3	3	3	3	3	3	3	3	3	3	4	4	5	3	3	3	3	3	3	3	4	3	3	4	4	3	120	0	0	0	0	0	0	0	0	0	0	0	0	0	0	0	0	0	0	0	0	0	0	0	0	0	0	0	0	0	0	0	0	0	0	0	0	0	0	0	0	0	0	0	0	0	0	0	0	0	0	0	0	0	0	0	0	0	0	0	0	0	0	0	0	0	0	0	0	0	0	0	0	0	0	0	0	0	0	0	0	0	0	0	0	0	0	0	0	0	0	0	0	0	0	0	0	0	0	0	0	0	0	0	0	0	0	0	0	0	0	0	0	0	0	0	0	0	0	0	0	0	0	0	0	0	0	0	0	0	0	0	0	0	0	0	0	0	0	0	0	0	0	0	0	0	0	0	0	0	0	0	0	0	0	0	0	0	0	0	0	0	0	0	0	0	0	0	0	0	0	0	0	0	0	0	0	0	0	0	0	0	0	0	0	0	0	0	0	0	0	0	0	0	0	0	0	0	0	0	0	0	0	0	0	0	0	0	0	0	0	0	0	0	0	0	0	0	0	0	0	0	0	0	0	0	0	0	0	0	0	0	0	0	0	0	0	0	0	0	0	0	0	0	0	0	0	0	0	0	0	0	0	0	0	0	0	0	0	0	0	0	0	0	0	0	0	0	0	0	0	0	0	0	0	0	0	0	0	0	0	0	0	0	0	0	0	0	0	0	0	0	0	0	0	0	0	0	0	0	0	0	0	0	0	9	2	1	1	0	0	0	0	0	1	0	1	0	0	1	0	0	0	0	0	0	0	0	0	0	0	0	0	0	0	0	0	0	0	0	0	1	17	1	0	0	0	0	0	0	0	1	0	0	0	0	0	0	0	0	0	0	0	0	0	0	0	0	0	0	0	0	0	1	0	0	0	0	0	0	3	74	30	0	48	16	0	0	4	5977	1	8	7	482	38	5	12	1	4	0	1	33	0	14	0	12	0	0	0	0	0	0	0	0	0	0	0	0	2	3	0	1	0	0	0	3	0	0	0	1	0	2	967	2017	255	58	3764	2088	318	99	8	1113	333	834	121	323	372	0	74	60	137	0	473	582	93	946	120	70	0	26	185	17	1	541	504	1	282	56	16838	1	0	1	0	0	1	0	0	2	3	1	0	0	3	0	5	0	0	4	2	0	0	0	0	0	0	0	0	0	0	2	0	0	0	0	0	25	0	169	428	1	4	44	19	354	6	112	15	7	9	0	0	0	0	0	0	7	10	36	0	4	16	0	4	8	1	1	32	1	8	0	0	0	27	0	1	0	0	0	4	50	0	3	0	0	128	3	0	2	7	1	0	7	0	17	0	0	2	0	0	0	69	0	4	0	0	0	9	14	1	0	0	0	0	0	20	0	0	1	1	0	0	0	0	0	5	0	0	7	0	0	0	3	0	0	0	0	0	0	0	0	0	0	0	0	0	70	0	0	201	0	0	0	0	0	3	8	66	3134	0	0	0	0	0	0	0	24	55	0	54	0	7168	16	21	2	5	1	43	16	3	1	8	78	13	26	6	1	11	4	0	5	35	60	1	1	1	0	8	1	33	6	1	24	0	2	8	2	49	3	1	12	16	4	0	1	28
5	0	0	0	0	1	0	0	0	1	0	0	0	0	1	0	0	0	0	0	0	0	0	1	1	0	0	0	0	0	0	0	0	0	0	0	0	10	0	0	0	0	0	0	0	0	0	0	0	0	0	0	0	0	0	0	0	0	0	0	0	0	0	0	0	0	0	0	0	0	0	0	0	0	0	0	0	0	0	0	0	0	0	0	0	0	0	0	0	0	0	0	0	0	0	0	0	0	0	0	0	0	0	0	0	0	0	0	0	0	0	0	0	0	9	1	0	1	0	0	0	0	0	0	0	0	0	0	0	0	0	0	0	0	0	0	0	0	0	0	0	0	0	0	0	0	1	0	0	0	1	13	8	0	0	2	0	0	1	0	0	0	0	0	0	0	0	0	0	0	0	0	0	0	0	0	0	0	0	0	0	0	0	0	1	0	0	0	1	13	7	3	1	0	0	0	0	0	0	0	0	0	0	0	0	0	0	0	0	0	0	0	0	0	0	0	0	0	0	0	0	0	0	0	0	0	0	11	7	1	1	1	1	2	2	1	1	1	1	1	1	1	1	1	1	1	1	1	1	1	1	1	1	1	1	1	1	1	1	1	2	1	1	1	1	46	1	1	1	1	1	1	1	1	1	1	1	1	1	1	1	1	1	1	1	1	1	1	1	1	1	1	1	1	1	1	1	1	1	1	1	1	1	37	1	0	0	0	0	0	0	0	0	0	0	0	0	0	0	0	0	0	0	0	0	0	0	0	0	0	0	0	0	0	0	0	0	0	0	0	0	1	0	0	0	0	0	0	0	0	0	0	0	0	0	0	0	0	0	0	0	0	0	0	0	0	0	0	0	0	0	0	0	0	0	0	0	0	0	0	0	0	0	0	0	0	0	0	0	0	0	0	0	0	0	0	0	0	0	0	0	0	0	0	0	0	0	0	0	0	0	0	0	0	0	0	0	0	0	0	0	0	0	0	0	0	0	0	0	0	0	0	0	0	0	0	0	0	0	0	0	0	0	0	0	0	0	0	0	0	0	0	0	0	0	0	15	4	3	4	3	3	3	3	3	3	3	3	3	3	3	3	3	3	3	3	3	3	3	3	3	3	3	3	3	3	3	3	3	3	3	3	3	125	6	1	0	0	0	0	1	1	0	0	0	0	0	1	0	0	0	0	0	0	0	0	0	0	0	0	0	0	0	0	0	0	0	0	0	0	0	10	0	0	0	0	0	0	0	0	0	0	0	0	0	0	0	0	0	0	0	0	0	0	0	0	0	0	0	0	0	0	0	0	0	0	0	0	0	0	5	3	3	3	3	3	3	3	3	3	3	3	3	4	3	3	3	3	3	3	3	3	3	3	3	3	3	3	3	3	3	3	3	3	3	3	3	114	0	0	0	0	0	0	0	0	0	0	0	0	0	0	0	0	0	0	0	0	0	0	0	0	0	0	0	0	0	0	0	0	0	0	0	0	0	0	0	0	0	0	0	0	0	0	0	0	0	0	0	0	0	0	0	0	0	0	0	0	0	0	0	0	0	0	0	0	0	0	0	0	0	0	0	0	0	0	0	0	0	0	0	0	0	0	0	0	0	0	0	0	0	0	0	0	0	0	0	0	0	0	0	0	0	0	0	0	0	0	0	0	0	0	0	0	0	0	0	0	0	0	0	0	0	0	0	0	0	0	0	0	0	0	0	0	0	0	0	0	0	0	0	0	0	0	0	0	0	0	0	0	0	0	0	0	0	0	0	0	0	0	0	0	0	0	0	0	0	0	0	0	0	0	0	0	0	0	0	0	0	0	0	0	0	0	0	0	0	0	0	0	0	0	0	0	0	0	0	0	0	0	0	0	0	0	0	0	0	0	0	0	0	0	0	0	0	0	0	0	0	0	0	0	0	0	0	0	0	0	0	0	0	0	0	0	0	0	0	0	0	0	0	0	0	0	0	0	0	0	0	0	0	0	0	0	0	0	0	0	0	0	0	0	0	0	0	0	0	0	0	0	0	0	0	0	0	0	0	0	0	0	0	0	0	0	0	0	0	0	0	0	0	0	0	0	0	0	0	0	0	0	0	0	8	4	1	0	0	0	1	1	0	0	0	0	0	0	0	0	0	0	0	0	0	0	0	0	0	0	0	0	0	0	0	0	0	0	0	0	0	15	0	1	0	0	0	0	0	0	0	0	0	0	0	0	0	0	0	0	0	0	0	0	0	0	0	0	0	0	0	0	0	0	0	0	0	0	0	1	116	37	4	72	16	0	0	8	6097	0	1	11	368	48	4	4	0	6	0	0	17	0	4	0	28	0	0	0	0	0	0	0	0	2	0	0	0	25	0	6	0	0	0	0	3	2	0	0	0	0	0	1196	2798	1019	136	2125	3792	117	123	5	1308	709	749	641	1422	119	2	29	42	44	0	2058	712	2067	2056	10	46	1	174	7	86	4	245	214	1	370	146	24573	0	1	0	0	1	1	0	0	0	0	1	0	0	1	1	0	0	0	5	2	0	3	0	0	0	1	0	0	0	0	0	0	0	0	0	0	17	3	151	364	4	11	26	68	298	8	111	17	9	0	1	1	23	1	1	0	5	11	17	0	0	29	0	4	12	5	5	32	0	0	0	0	0	3	0	6	0	0	0	3	34	0	0	0	0	181	3	1	0	5	0	0	2	0	2	0	1	0	2	0	0	119	0	2	0	1	0	17	46	4	5	3	3	0	0	5	1	0	1	1	0	2	0	4	0	2	0	2	12	0	0	0	0	0	3	0	0	0	0	0	0	0	0	0	0	0	70	0	0	201	0	0	0	0	0	3	8	66	3134	0	0	0	0	0	0	0	24	55	0	54	0	7168	17	18	2	5	1	40	15	3	1	8	69	7	23	6	1	11	4	0	4	31	59	1	1	1	0	6	1	29	5	1	25	1	2	8	2	52	5	1	11	16	4	0	1	29
3	1	1	0	0	0	0	0	0	0	0	0	0	0	1	0	0	0	0	0	0	1	0	0	0	0	0	0	0	0	0	0	0	0	0	0	3	10	4	1	1	1	1	1	1	1	1	1	1	1	1	1	1	1	1	1	1	1	1	1	1	1	1	1	1	1	1	1	1	1	1	1	1	1	1	40	0	0	0	0	0	0	0	0	0	0	0	0	0	0	0	0	0	0	0	0	0	0	0	0	0	0	0	0	0	0	0	0	0	0	0	0	0	0	6	2	0	0	0	1	0	0	1	0	0	0	0	0	1	0	0	1	0	0	0	1	1	0	0	0	0	0	0	0	0	0	0	0	0	0	0	14	5	1	0	0	0	1	0	0	1	0	0	0	0	0	0	0	0	1	1	0	0	3	1	0	0	0	0	0	0	0	0	0	0	0	0	0	0	14	6	1	0	0	0	0	1	0	0	0	0	0	0	0	0	0	0	0	0	0	1	2	0	0	0	0	0	0	0	0	0	0	0	0	0	0	0	11	3	1	1	1	0	0	0	0	0	2	0	0	0	0	1	0	0	0	0	0	0	2	0	0	0	0	0	0	0	0	0	0	1	0	0	0	0	12	0	0	0	0	0	0	0	0	0	0	0	0	0	0	0	0	0	0	0	0	0	0	0	0	0	0	0	0	0	0	0	0	0	0	0	0	0	0	0	0	0	0	0	0	0	0	0	0	0	0	0	0	0	0	0	0	0	0	0	0	0	0	0	0	0	0	0	0	0	0	0	0	0	0	0	0	0	0	0	0	0	0	0	0	0	0	0	0	0	0	0	0	0	0	0	0	0	0	0	0	0	0	0	0	0	0	0	0	0	0	0	0	0	0	0	0	0	0	0	0	0	0	0	0	0	0	0	0	0	0	0	0	0	0	0	0	0	0	0	0	0	0	0	0	0	0	0	0	0	0	0	0	1	0	0	0	0	0	0	0	0	0	0	0	0	0	0	0	0	0	0	0	0	0	0	0	0	0	0	0	0	0	0	0	0	0	0	0	0	1	8	2	2	2	2	3	2	2	2	2	2	2	2	2	2	2	2	2	2	2	2	2	2	2	2	2	2	2	2	2	2	2	2	2	2	2	2	81	5	3	0	1	0	0	0	0	0	0	0	0	0	0	0	0	0	0	0	0	0	2	0	0	0	0	0	0	0	0	0	0	1	0	0	0	0	12	0	0	0	0	0	0	0	0	0	0	0	0	0	0	0	0	0	0	0	0	0	0	0	0	0	0	0	0	0	0	0	0	0	0	0	0	0	0	6	4	4	4	4	5	4	4	4	4	4	4	4	4	4	5	4	4	4	4	4	5	4	4	4	4	4	4	4	4	4	4	4	4	4	4	5	154	0	0	0	0	0	0	0	0	0	0	0	0	0	0	0	0	0	0	0	0	0	0	0	0	0	0	0	0	0	0	0	0	0	0	0	0	0	0	0	0	0	0	0	0	0	1	0	0	0	0	0	0	0	0	0	0	0	0	0	0	0	0	0	0	0	0	0	0	0	0	0	0	0	0	0	1	1	0	0	0	0	0	0	0	0	0	0	0	0	0	0	0	0	0	0	0	0	0	0	0	0	0	0	0	0	0	0	0	0	0	0	0	0	1	0	0	0	0	0	0	0	0	0	0	0	0	0	0	0	0	0	0	0	0	0	0	0	0	0	0	0	0	0	0	0	0	0	0	0	0	0	0	0	0	0	0	0	0	0	0	0	0	0	0	0	0	0	0	0	0	0	0	0	0	0	0	0	0	0	0	0	0	0	0	0	0	0	0	0	0	0	0	0	0	0	0	0	0	0	0	0	0	0	0	0	0	0	0	0	0	0	0	0	0	0	0	0	0	0	0	0	0	0	0	0	0	0	0	0	0	0	0	0	0	0	0	0	0	0	0	0	0	0	0	0	0	0	0	0	0	0	0	0	0	0	0	0	0	0	0	0	0	0	0	0	0	0	0	0	0	0	0	0	0	0	0	0	0	0	0	0	0	0	0	0	0	0	0	0	0	0	0	0	0	0	0	0	0	0	0	0	0	0	0	6	2	1	1	0	0	1	0	0	0	0	0	0	0	1	0	0	0	0	0	0	1	0	0	0	0	0	0	0	0	0	0	0	0	0	0	1	14	0	0	0	0	0	0	0	0	0	0	0	0	0	0	0	0	0	0	0	0	0	0	0	0	0	1	0	0	0	0	1	0	0	0	0	0	1	3	117	74	1	66	8	0	0	20	13901	4	2	9	573	67	7	7	0	9	0	0	94	0	5	4	23	0	0	0	0	0	0	0	0	0	0	0	0	11	7	1	0	0	0	0	0	0	2	0	1	0	2	1155	2075	194	597	1181	1533	149	227	10	562	315	418	21	14	124	14	38	40	105	0	2090	1501	1360	743	106	21	0	120	2	271	10	347	196	1	2012	6	17558	0	2	2	3	1	0	1	2	3	1	1	0	0	0	0	1	4	2	6	0	0	11	0	0	3	1	1	4	3	3	0	3	1	3	0	0	62	3	184	516	2	20	53	34	413	0	136	26	16	2	3	0	37	1	5	4	29	8	17	0	0	16	0	2	25	11	2	48	0	3	3	0	0	9	0	9	0	0	0	0	67	0	0	16	0	145	3	0	0	9	1	0	0	0	8	0	0	8	0	0	0	96	3	7	0	0	0	20	23	5	0	0	0	0	0	4	0	0	3	0	1	2	2	0	0	0	0	0	13	2	0	0	9	0	21	0	0	0	0	0	0	0	0	0	0	0	70	0	0	201	0	0	0	0	0	3	8	66	3134	0	0	0	0	0	0	0	24	55	0	54	0	7168	17	20	3	5	1	38	14	3	1	8	73	6	23	6	1	11	4	0	4	30	56	1	1	1	0	6	1	29	7	1	23	0	2	8	2	54	3	2	10	17	4	0	1	26
0	1	0	0	0	0	1	0	0	0	0	0	0	0	0	0	0	0	0	0	0	0	0	0	0	0	0	0	0	1	0	0	0	0	0	0	0	3	0	0	0	0	0	0	0	0	0	0	0	0	0	0	0	0	0	0	0	0	0	0	0	0	0	0	0	0	0	0	0	0	0	0	0	0	0	0	0	0	0	0	0	0	0	0	0	0	0	0	0	0	0	0	0	0	0	0	0	0	0	0	0	0	0	0	0	0	0	0	0	0	0	0	0	0	0	0	0	0	0	0	0	0	0	0	0	0	0	0	0	0	0	0	0	0	0	0	0	0	0	0	0	0	0	0	0	0	0	0	0	0	0	0	3	2	3	1	1	1	1	1	3	1	1	1	1	1	3	1	1	1	1	1	1	1	1	1	1	1	1	1	1	2	1	1	1	1	1	1	2	48	8	0	0	0	0	0	0	0	0	0	0	0	0	0	0	0	0	0	0	0	0	0	0	0	0	0	0	0	0	0	0	0	0	0	0	0	0	8	4	1	0	0	0	0	0	0	1	0	0	0	0	0	0	0	0	0	0	0	1	0	0	0	0	0	1	0	0	0	1	0	0	0	0	0	0	9	0	0	0	0	0	0	0	0	0	0	0	0	0	0	0	0	0	0	0	0	0	0	0	0	0	0	0	0	0	0	0	0	0	0	0	0	0	0	0	0	0	0	0	0	0	0	0	0	0	0	0	0	0	0	0	0	0	0	0	0	0	0	0	0	0	0	0	0	0	0	0	0	0	0	0	0	0	0	0	0	0	0	0	0	0	0	0	0	0	0	0	0	0	0	0	0	0	0	0	0	0	0	0	0	0	0	0	0	0	0	0	0	0	0	0	0	0	0	0	0	0	0	0	0	0	0	0	0	0	0	0	0	0	0	0	0	0	0	0	0	0	0	0	0	0	0	0	0	0	0	0	0	0	0	0	0	0	0	0	0	0	0	0	0	0	0	0	0	0	0	0	0	0	0	0	0	0	0	0	0	0	0	0	0	0	0	0	0	0	0	8	3	2	2	2	2	2	2	2	2	2	2	2	2	2	2	2	2	2	2	2	2	2	2	2	2	2	2	2	2	2	2	2	2	2	2	2	81	0	0	0	0	0	0	0	0	0	0	0	0	0	0	0	0	0	0	0	0	0	0	0	0	0	0	0	0	0	0	0	0	0	0	0	0	0	0	0	0	0	0	0	0	0	0	0	0	0	0	0	0	0	0	0	0	0	0	0	0	0	0	0	0	0	0	0	0	0	0	0	0	0	0	0	0	5	3	3	3	4	3	3	4	3	4	4	3	3	3	3	4	3	3	3	3	3	3	3	3	3	3	3	3	3	3	3	3	3	3	3	3	3	118	0	0	0	0	0	0	0	0	0	0	0	0	0	0	0	0	0	0	0	0	0	0	0	0	0	0	0	0	0	0	0	0	0	0	0	0	0	0	0	0	0	0	0	0	0	0	0	0	0	0	0	0	0	0	0	0	0	0	0	0	0	0	0	0	0	0	0	0	0	0	0	0	0	0	0	0	2	2	2	2	2	2	2	2	2	2	2	2	2	2	2	2	2	2	2	2	2	2	2	2	2	2	2	2	2	2	2	2	2	2	2	2	2	74	1	0	0	0	0	0	0	0	0	0	0	0	0	0	0	0	0	0	0	0	0	0	0	0	0	0	0	0	0	0	0	0	0	0	0	0	0	1	0	0	0	0	0	0	0	0	0	0	0	0	0	0	0	0	0	0	0	0	0	0	0	0	0	0	0	0	0	0	0	0	0	0	0	0	0	0	0	0	0	0	0	0	0	0	0	0	0	0	0	0	0	0	0	0	0	0	0	0	0	0	0	0	0	0	0	0	0	0	0	0	0	0	0	0	0	0	0	0	0	0	0	0	0	0	0	0	0	0	0	0	0	0	0	0	0	0	0	0	0	0	0	0	0	0	0	0	0	0	0	0	0	0	0	0	0	0	0	0	0	0	0	0	0	0	0	0	0	0	0	0	0	0	0	0	0	0	0	0	0	0	0	0	0	0	0	0	0	0	0	0	12	3	0	0	0	0	1	1	0	0	0	0	0	0	0	0	0	0	0	0	0	0	1	0	0	0	0	0	0	0	0	0	0	1	0	0	0	19	3	2	0	0	0	0	0	0	0	0	0	0	0	0	0	0	0	0	0	0	0	0	0	0	0	0	0	0	0	0	0	0	0	0	0	0	1	6	73	6	0	42	5	1	0	8	4234	1	4	2	305	50	16	3	1	12	8	1	25	0	4	1	12	0	0	0	0	0	0	0	0	0	0	0	0	5	9	3	0	0	0	0	8	0	0	0	0	0	1	1586	1953	324	586	1212	2065	256	207	19	1999	504	622	47	45	451	17	43	21	241	0	558	1168	593	619	270	74	3	32	38	41	1	115	334	6	1293	3	17346	1	2	1	0	4	2	4	3	1	1	4	0	0	3	1	0	4	1	7	1	0	3	0	0	3	1	3	5	3	1	1	1	2	1	0	1	65	0	128	373	4	7	21	29	229	4	77	11	6	0	0	3	0	2	0	1	7	0	12	0	0	10	1	3	0	5	2	24	0	1	1	0	0	6	0	4	0	0	0	3	53	0	0	4	0	119	7	0	0	11	0	0	0	0	0	0	0	0	0	0	0	123	0	0	0	0	0	0	8	3	0	0	0	0	0	6	2	0	0	0	2	0	1	0	4	0	0	3	0	0	0	0	4	0	3	0	0	0	0	0	0	0	0	0	0	0	70	0	0	201	0	0	0	0	0	3	8	66	3134	0	0	0	0	0	0	0	24	55	0	54	0	7168	17	19	2	5	1	37	13	3	1	8	68	6	23	6	1	10	4	0	4	29	57	1	1	1	0	6	1	29	6	1	22	0	2	7	2	51	2	2	10	17	3	0	1	25
0	1	2	0	0	0	0	0	0	0	0	0	0	0	0	0	0	0	0	0	0	0	0	0	0	0	0	0	0	0	0	0	0	0	0	0	0	3	0	0	0	0	0	0	0	0	0	0	0	0	0	0	0	0	0	0	0	0	0	0	0	0	0	0	0	0	0	0	0	0	0	0	0	0	0	0	0	0	0	0	0	0	0	0	0	0	0	0	0	0	0	0	0	0	0	0	0	0	0	0	0	0	0	0	0	0	0	0	0	0	0	0	0	0	0	0	0	0	0	0	0	0	0	0	0	0	0	0	0	0	0	0	0	0	0	0	0	0	0	0	0	0	0	0	0	0	0	0	0	0	0	0	1	1	1	0	0	0	0	0	1	0	0	0	0	0	1	0	0	0	1	0	0	0	0	0	0	0	0	0	0	1	0	0	0	0	0	0	0	7	0	1	1	0	0	0	0	0	0	0	0	0	0	0	0	0	0	0	1	0	0	0	0	0	0	0	0	0	0	0	0	0	0	0	0	0	0	3	5	0	1	0	0	0	0	0	1	2	0	0	0	0	0	0	0	0	0	0	0	0	0	0	0	0	0	0	0	0	0	0	0	0	0	0	0	9	0	0	0	0	0	0	0	0	0	0	0	0	0	0	0	0	0	0	0	0	0	0	0	0	0	0	0	0	0	0	0	0	0	0	0	0	0	0	0	0	0	0	0	0	0	0	0	0	0	0	0	0	0	0	0	0	0	0	0	0	0	0	0	0	0	0	0	0	0	0	0	0	0	0	0	0	0	0	0	0	0	0	0	0	0	0	0	0	0	0	0	0	0	0	0	0	0	0	0	0	0	0	0	0	0	0	0	0	0	0	0	0	0	0	0	0	0	0	0	0	0	0	0	0	0	0	0	0	0	0	0	0	0	0	0	0	0	0	0	0	0	0	0	0	0	0	0	0	0	0	0	0	0	0	0	0	0	0	0	0	0	0	0	0	0	0	0	0	0	0	0	0	0	0	0	0	0	0	0	0	0	0	0	0	0	0	0	0	0	0	8	1	1	1	1	1	1	1	1	1	3	1	1	1	1	1	1	1	1	1	1	1	1	1	1	1	1	1	1	1	1	1	1	1	1	1	1	46	0	0	0	0	0	0	0	0	0	0	0	0	0	0	0	0	0	0	0	0	0	0	0	0	0	0	0	0	0	0	0	0	0	0	0	0	0	0	0	0	0	0	0	0	0	0	0	0	0	0	0	0	0	0	0	0	0	0	0	0	0	0	0	0	0	0	0	0	0	0	0	0	0	0	0	0	6	5	5	5	5	6	5	6	5	5	6	5	5	5	5	6	5	5	5	5	6	5	6	5	5	5	5	5	5	5	5	5	5	5	5	5	5	192	0	0	0	0	0	0	0	0	0	0	0	0	0	0	0	0	0	0	0	0	0	0	0	0	0	0	0	0	0	0	0	0	0	0	0	0	0	0	1	0	0	0	0	0	0	0	0	0	0	0	0	0	0	0	0	0	0	0	0	0	0	0	0	0	0	0	0	0	0	0	0	0	0	0	0	1	1	1	1	1	1	1	1	1	1	1	1	1	1	1	1	1	1	1	1	1	1	1	1	1	1	1	1	1	1	1	1	1	1	1	1	1	1	37	0	0	0	0	0	0	0	0	0	0	0	0	0	0	0	0	0	0	0	0	0	0	0	0	0	0	0	0	0	0	0	0	0	0	0	0	0	0	0	0	0	0	0	0	0	0	0	0	0	0	0	0	0	0	0	0	0	0	0	0	0	0	0	0	0	0	0	0	0	0	0	0	0	0	0	0	0	0	0	0	0	0	0	0	0	0	0	0	0	0	0	0	0	0	0	0	0	0	0	0	0	0	0	0	0	0	0	0	0	0	0	0	0	0	0	0	0	0	0	0	0	0	0	0	0	0	0	0	0	0	0	0	0	0	0	0	0	0	0	0	0	0	0	0	0	0	0	0	0	0	0	0	0	0	0	0	0	0	0	0	0	0	0	0	0	0	0	0	0	0	0	0	0	0	0	0	0	0	0	0	0	0	0	0	0	0	0	0	0	0	17	0	2	4	0	0	1	0	0	0	0	0	0	0	3	0	1	0	0	0	0	0	0	0	0	0	0	0	0	1	0	0	0	0	0	0	0	29	2	1	1	1	1	1	1	1	1	2	1	1	1	1	1	1	1	1	1	1	1	1	1	1	1	1	1	1	1	1	1	1	1	1	1	1	2	40	105	38	1	29	4	0	0	29	5680	1	1	2	402	53	2	8	0	24	0	5	32	0	2	1	37	0	0	0	0	0	0	0	0	0	0	0	0	11	0	0	1	0	0	0	11	0	0	0	2	0	0	1204	2678	566	149	1176	2364	159	136	6	750	289	1838	42	19	478	16	63	44	125	0	650	2532	305	827	29	48	4	2	35	38	2	67	114	9	2545	29	19338	0	0	0	0	1	1	0	0	1	1	0	0	0	1	0	1	0	0	7	0	0	0	0	0	2	1	1	0	0	1	2	1	0	1	0	0	22	0	232	538	0	21	65	48	359	10	121	23	11	25	4	0	20	2	2	3	1	24	30	0	3	8	0	2	45	7	11	22	0	2	4	0	0	10	0	19	4	0	0	10	46	0	0	5	0	283	2	0	0	17	0	0	2	0	10	1	0	6	1	0	0	150	0	1	0	0	0	23	12	4	0	1	0	0	0	19	12	0	0	0	0	0	0	0	0	0	0	2	11	1	0	1	3	0	10	0	0	0	0	0	0	0	0	0	0	0	70	0	0	201	0	0	0	0	0	3	8	66	3134	0	0	0	0	0	0	0	24	55	0	54	0	7168	16	17	2	5	1	36	14	3	1	8	65	9	20	6	1	10	4	0	5	26	56	1	1	1	0	5	1	26	4	1	21	0	2	8	2	50	3	1	9	15	3	0	1	26
4	0	1	1	0	0	0	1	0	0	0	0	0	0	0	0	0	0	0	0	0	0	0	0	0	0	0	0	1	0	0	0	0	0	0	0	1	9	1	1	1	1	1	1	1	1	1	1	1	1	1	1	1	1	1	1	1	1	1	1	1	1	1	1	1	1	1	1	1	1	1	1	1	1	1	37	0	0	0	0	0	0	0	0	0	0	0	0	0	0	0	0	0	0	0	0	0	0	0	0	0	0	0	0	0	0	0	0	0	0	0	0	0	0	9	1	1	2	1	1	1	1	1	1	1	1	1	1	1	1	1	1	1	1	1	1	1	1	1	1	1	1	1	1	1	1	1	1	1	1	2	47	8	2	2	1	1	1	1	1	1	1	1	1	1	1	1	1	1	1	1	1	1	1	1	1	1	1	1	1	1	1	1	1	1	1	1	1	2	47	1	0	0	0	0	0	0	0	0	0	0	0	0	0	0	0	0	0	0	0	0	0	0	0	0	0	0	0	0	0	1	0	0	0	0	0	0	2	4	1	1	1	1	1	1	1	1	1	1	2	1	1	3	1	1	1	1	1	1	2	1	2	1	1	1	1	1	1	1	1	1	1	1	1	1	45	0	0	0	0	1	0	0	0	0	0	0	0	0	0	0	0	0	0	0	0	0	0	0	0	0	0	0	0	0	0	0	0	0	0	0	0	0	1	1	0	0	0	0	0	0	0	0	0	0	0	0	0	0	0	0	0	0	0	0	0	0	0	0	0	0	0	0	0	0	0	0	0	0	0	0	1	0	0	0	0	0	0	0	0	0	0	0	0	0	0	0	0	0	0	0	0	0	0	0	0	0	0	0	0	0	0	0	0	0	0	0	0	0	0	0	0	0	0	0	0	0	0	0	0	0	0	0	0	0	0	0	0	0	0	0	0	0	0	0	0	0	0	0	0	0	0	0	0	0	0	0	0	0	0	0	0	0	0	0	0	0	0	0	0	0	0	0	0	0	0	0	0	0	0	0	0	0	0	0	0	0	0	0	0	0	0	0	0	0	0	6	2	2	2	4	2	2	2	2	2	2	2	2	2	2	2	2	2	2	2	2	2	2	2	2	2	2	2	2	2	2	2	2	2	2	2	2	80	9	4	2	1	0	0	0	0	0	0	0	0	0	0	0	0	0	0	0	0	0	0	0	0	0	0	0	0	0	0	0	0	0	0	0	0	0	16	0	0	0	0	0	0	0	0	0	0	0	0	0	0	0	0	0	0	0	0	0	0	0	0	0	0	0	0	0	0	0	0	0	0	0	0	0	0	5	2	2	2	3	2	2	2	2	2	2	2	2	2	2	2	2	2	2	2	2	3	2	2	2	2	2	2	2	2	2	2	2	2	2	2	2	79	0	0	0	0	0	0	0	0	0	0	0	0	0	0	0	0	0	0	0	0	0	0	0	0	0	0	0	0	0	0	0	0	0	0	0	0	0	0	0	0	0	0	0	0	0	0	0	0	0	0	0	0	0	0	0	0	0	0	0	0	0	0	0	0	0	0	0	0	0	0	0	0	0	0	0	0	0	0	0	0	0	0	0	0	0	0	0	0	0	0	0	0	0	0	0	0	0	0	0	0	0	0	0	0	0	0	0	0	0	0	0	0	0	0	1	1	1	1	1	1	1	1	1	1	1	1	1	1	1	1	1	1	1	1	1	1	1	1	1	1	1	1	1	1	1	1	1	1	1	1	1	37	0	0	0	0	0	0	0	0	0	0	0	0	0	0	0	0	0	0	0	0	0	0	0	0	0	0	0	0	0	0	0	0	0	0	0	0	0	0	0	0	0	0	0	0	0	0	0	0	0	0	0	0	0	0	0	0	0	0	0	0	0	0	0	0	0	0	0	0	0	0	0	0	0	0	0	0	0	0	0	0	0	0	0	0	0	0	0	0	0	0	0	0	0	0	0	0	0	0	0	0	0	0	0	0	0	0	0	0	0	0	0	0	0	0	0	0	0	0	0	0	0	0	0	0	0	0	0	0	0	0	0	0	0	0	0	0	0	0	0	0	0	0	0	0	0	0	0	0	0	0	0	0	11	5	5	2	0	0	0	1	0	0	0	0	0	0	1	0	0	0	1	0	0	0	0	0	0	0	0	1	0	1	0	0	0	0	0	0	0	28	0	0	0	0	0	0	0	0	0	0	0	0	0	0	0	0	0	0	0	0	0	0	0	0	0	0	0	0	0	0	0	0	0	0	0	0	0	0	110	37	0	94	20	0	1	8	15814	4	16	2	563	57	0	13	0	22	0	6	28	0	10	6	27	0	0	0	0	0	0	0	0	0	0	0	0	18	2	23	2	0	0	0	10	2	2	0	0	1	2	1686	5164	458	194	1296	1042	1765	137	0	1830	678	214	127	21	163	939	43	60	33	0	2328	1544	315	884	11	25	7	5	6	326	28	1116	3229	5	965	8	26652	2	1	1	0	0	0	1	0	0	0	1	0	0	0	0	0	0	0	4	0	0	0	6	0	0	0	0	0	0	0	3	4	3	0	0	3	29	4	199	637	0	20	62	36	533	6	193	28	14	0	4	0	38	0	6	0	22	22	57	0	13	39	0	2	57	6	0	6	1	1	2	2	0	14	0	19	0	2	0	17	126	1	0	0	2	205	4	0	0	17	2	0	4	0	0	0	0	9	0	0	0	112	0	0	0	4	0	11	38	8	4	0	0	0	2	7	7	0	4	1	0	0	1	0	3	0	0	0	2	0	0	0	5	0	16	0	0	0	0	0	0	0	0	0	0	0	70	0	0	201	0	0	0	0	0	3	8	66	3134	0	0	0	0	0	0	0	24	55	0	54	0	7168	18	17	2	5	1	36	16	4	1	8	68	7	21	6	1	11	4	0	4	26	55	1	1	1	0	5	1	24	6	1	18	0	2	8	2	55	3	1	10	16	3	0	1	27
2	4	0	0	1	0	0	0	0	0	0	0	0	0	0	1	0	0	0	0	0	0	0	0	0	0	0	0	0	0	0	0	0	0	0	0	0	8	0	0	0	0	0	0	0	0	0	0	0	0	0	0	0	0	0	0	0	0	1	0	0	0	0	0	0	0	0	0	0	0	0	0	0	0	0	1	0	0	0	0	0	0	0	0	0	0	0	0	0	0	0	0	0	0	0	0	0	0	0	0	0	0	0	0	0	0	0	0	0	0	0	0	0	0	2	1	2	0	0	0	0	0	0	0	0	0	0	1	0	0	0	0	0	1	0	0	0	0	0	0	0	0	0	1	0	0	0	0	0	1	0	9	2	3	1	0	0	0	1	0	0	0	0	1	0	1	0	0	0	0	0	1	0	0	0	0	0	0	0	0	0	1	0	0	0	0	0	0	0	11	5	0	0	1	0	0	0	0	0	0	0	0	0	0	0	0	0	0	0	0	0	0	0	0	0	0	0	0	0	0	0	0	0	0	0	0	0	6	2	2	0	0	0	0	0	0	0	0	0	0	0	0	2	0	0	0	0	1	0	0	2	0	0	0	0	0	0	1	0	0	0	0	0	0	0	10	0	0	0	0	0	0	0	0	0	0	0	0	0	0	0	0	0	0	0	0	0	0	0	0	0	0	0	0	0	0	0	0	0	0	0	0	0	0	0	0	0	0	0	0	0	0	0	0	0	0	0	0	0	0	0	0	0	0	0	0	0	0	0	0	0	0	0	0	0	0	0	0	0	0	0	0	0	0	0	0	0	0	0	0	0	0	0	0	0	0	0	0	0	0	0	0	0	0	0	0	0	0	0	0	0	0	0	0	0	0	0	0	0	0	0	0	0	0	0	0	0	0	0	0	0	0	0	0	0	0	0	0	0	0	0	0	0	0	0	0	0	0	0	0	0	0	0	0	0	0	0	0	0	0	0	0	0	0	0	0	0	0	0	0	0	0	0	0	0	0	0	0	0	0	0	0	0	0	0	0	0	0	0	0	0	0	0	0	0	0	10	0	0	0	0	0	0	1	0	0	0	0	0	0	0	0	0	0	0	0	0	0	0	0	0	0	0	0	0	0	0	0	0	0	0	0	0	11	8	1	1	1	1	1	1	2	1	1	1	1	1	1	1	1	1	1	1	1	1	1	1	1	1	1	1	1	1	1	1	1	1	1	1	2	1	46	0	0	0	0	0	0	0	0	0	0	0	0	0	0	0	0	0	0	0	0	0	0	0	0	0	0	0	0	0	0	0	0	0	0	0	0	0	0	8	2	2	2	2	2	2	2	2	2	2	2	2	2	3	2	2	2	2	2	3	2	2	2	2	2	2	2	2	2	3	2	2	2	2	2	2	83	0	0	0	0	0	0	0	0	0	0	0	0	0	0	0	0	0	0	0	0	0	0	0	0	0	0	0	0	0	0	0	0	0	0	0	0	0	0	0	0	0	0	0	0	0	0	0	0	0	0	0	0	0	0	0	0	0	0	0	0	0	0	0	0	0	0	0	0	0	0	0	0	0	0	0	0	4	0	0	0	0	0	0	1	0	0	0	0	0	0	0	0	0	0	0	0	0	0	0	0	0	0	0	0	0	0	0	0	0	0	0	0	0	5	0	0	0	0	0	0	0	0	0	0	0	0	0	0	0	0	0	0	0	0	0	0	0	0	0	0	0	0	0	0	0	0	0	0	0	0	0	0	0	0	0	0	0	0	0	0	0	0	0	0	0	0	0	0	0	0	0	0	0	0	0	0	0	0	0	0	0	0	0	0	0	0	0	0	0	0	0	0	0	0	0	0	0	0	0	0	0	0	0	0	0	0	0	0	0	0	0	0	0	0	0	0	0	0	0	0	0	0	0	0	0	0	0	0	0	0	0	0	0	0	0	0	0	0	0	0	0	0	0	0	0	0	0	0	0	0	0	0	0	0	0	0	0	0	0	0	0	0	0	0	0	0	0	0	0	0	0	0	0	0	0	0	0	0	0	0	0	0	0	0	0	0	0	0	0	0	0	0	0	0	0	0	0	0	0	0	0	0	0	0	13	1	2	0	0	0	0	0	1	1	0	0	0	0	0	0	0	0	0	0	0	0	0	0	0	0	0	0	0	0	0	0	0	0	0	2	0	20	2	2	2	2	2	2	2	2	2	2	2	2	2	2	2	2	2	2	2	2	2	2	2	2	2	2	2	2	2	2	2	2	2	2	2	2	2	74	180	70	0	123	14	0	0	19	13411	3	17	10	668	76	3	12	0	18	0	0	53	0	6	0	33	0	0	0	0	0	0	0	0	0	0	0	0	16	11	10	2	0	0	0	10	5	3	0	1	1	3	1557	2562	186	199	1391	2960	955	143	4	1108	716	986	4527	2959	336	162	22	45	33	0	2826	2170	228	830	251	51	4	2	1	21	4	160	2471	6	541	70	30487	0	2	1	0	1	0	1	0	0	0	0	0	0	1	1	0	0	1	5	0	0	0	0	0	0	1	1	0	1	1	1	0	1	1	0	0	20	0	288	671	3	27	75	44	533	16	248	38	27	12	3	1	27	4	0	1	5	22	36	2	0	8	1	6	79	18	0	14	0	5	1	0	0	16	0	5	5	0	1	14	104	0	0	3	0	198	4	0	0	19	0	0	2	0	0	0	0	7	0	0	0	159	0	7	0	0	2	26	43	11	0	4	16	0	0	20	5	0	0	0	0	0	0	2	0	2	2	0	0	0	0	2	12	0	9	0	0	0	0	0	0	0	0	0	0	0	70	0	0	201	0	0	0	0	0	3	8	66	3134	0	0	0	0	0	0	0	24	55	0	54	0	7168	18	17	2	5	1	35	14	3	1	8	72	7	21	6	1	10	4	0	4	29	56	1	1	1	0	5	1	27	4	1	19	0	2	7	2	53	3	1	12	15	3	0	1	24
2	5	0	0	0	1	0	0	0	0	0	0	0	0	0	0	0	0	0	0	0	0	1	0	0	0	0	0	0	0	0	0	0	0	0	0	0	9	0	0	1	0	0	0	0	0	0	0	0	0	0	0	0	0	0	0	0	0	0	0	0	0	0	0	0	0	0	0	0	0	0	0	0	0	0	1	0	0	0	0	0	0	0	0	0	0	0	0	0	0	0	0	0	0	0	0	0	0	0	0	0	0	0	0	0	0	0	0	0	0	0	0	0	0	3	1	1	1	1	1	1	1	2	1	1	1	1	2	3	1	2	1	1	1	1	1	1	1	1	1	1	1	1	1	1	1	1	1	1	1	1	44	3	1	1	1	1	1	1	1	2	1	1	1	1	2	4	1	2	1	2	1	1	1	1	1	1	1	1	1	1	3	1	1	1	1	1	1	1	48	4	1	1	1	0	0	0	0	0	0	0	0	0	0	0	0	0	0	0	0	0	0	0	0	0	0	0	0	0	0	0	0	0	0	0	0	0	7	2	0	0	0	0	0	1	0	0	0	0	1	0	0	1	0	0	0	0	0	0	0	0	0	0	0	0	0	0	0	0	0	0	0	0	0	0	5	1	1	1	1	1	1	1	1	1	1	1	1	1	1	1	1	1	1	1	1	1	1	1	1	1	1	1	1	1	1	1	1	1	1	1	1	1	37	1	0	0	0	0	0	0	0	0	0	0	0	0	1	0	0	0	0	0	0	0	0	0	0	0	0	0	0	0	0	0	0	0	0	0	0	0	2	0	0	0	0	0	0	0	0	0	0	0	0	0	1	0	0	0	0	0	0	0	0	0	0	0	0	0	0	0	0	0	0	0	0	0	0	0	1	0	0	0	0	0	0	0	0	0	0	0	0	0	0	0	0	0	0	0	0	0	0	0	0	0	0	0	0	0	0	0	0	0	0	0	0	0	0	0	0	0	0	0	0	0	0	0	0	0	0	0	0	0	0	0	0	0	0	0	0	0	0	0	0	0	0	0	0	0	0	0	0	0	0	0	0	12	8	7	6	7	7	7	7	6	6	6	6	6	7	6	6	7	7	7	6	6	6	6	6	7	7	7	7	7	7	6	6	6	7	6	6	6	246	7	0	3	1	0	0	0	0	0	0	0	0	0	0	0	0	0	0	0	0	0	0	0	0	0	0	0	0	0	1	0	0	0	0	0	0	0	12	0	0	0	0	0	0	0	0	0	0	0	0	0	0	0	0	0	0	0	0	0	0	0	0	0	0	0	0	0	0	0	0	0	0	0	0	0	0	10	6	4	4	5	5	5	5	4	4	4	4	4	5	4	4	5	5	5	4	4	4	4	4	5	5	5	5	5	5	4	5	4	5	4	5	4	173	0	0	0	0	0	0	0	0	0	0	0	0	0	0	0	0	0	0	0	0	0	0	0	0	0	0	0	0	0	0	0	0	0	0	0	0	0	0	0	0	0	0	0	0	0	0	0	0	0	0	0	0	0	0	0	0	0	0	0	0	0	0	0	0	0	0	0	0	0	0	0	0	0	0	0	0	4	3	2	2	2	2	2	2	2	2	2	2	2	2	2	2	2	2	2	2	2	2	2	2	2	2	2	2	2	2	2	2	2	2	2	2	2	77	0	0	0	0	0	0	0	0	0	0	0	0	0	1	0	0	0	0	0	0	0	0	0	0	0	0	0	0	0	0	0	0	0	0	0	0	0	1	0	0	0	0	0	0	0	0	0	0	0	0	0	0	0	0	0	0	0	0	0	0	0	0	0	0	0	0	0	0	0	0	0	0	0	0	0	0	0	0	0	0	0	0	0	0	0	0	0	0	0	0	0	0	0	0	0	0	0	0	0	0	0	0	0	0	0	0	0	0	0	0	0	0	0	0	0	0	0	0	0	0	0	0	0	0	0	0	0	0	0	0	0	0	0	0	0	0	0	0	0	0	0	0	0	0	0	0	0	0	0	0	0	0	0	0	0	0	0	0	0	0	0	0	0	0	0	0	0	0	0	0	0	0	0	0	0	0	0	0	0	0	0	0	0	0	0	0	0	0	0	0	9	0	2	1	0	0	1	0	0	0	0	0	0	0	0	0	0	0	0	0	0	0	0	0	0	0	0	0	0	0	0	0	0	0	0	0	0	13	2	2	2	2	2	2	2	2	2	2	2	2	2	2	2	2	2	2	2	2	2	2	2	2	2	2	2	2	2	2	2	2	2	2	2	2	2	74	184	81	1	107	36	0	0	27	19192	5	21	21	785	111	11	6	0	23	0	1	106	0	4	1	48	4	0	0	0	0	0	0	0	0	0	0	2	2	11	2	1	0	0	0	3	1	1	4	5	0	3	920	4728	294	138	1331	5699	191	101	6	7251	3020	1514	53	33	359	167	44	35	66	0	1466	522	786	6668	103	36	2	5	0	29	0	689	2293	4	205	37	38795	1	0	1	0	0	0	0	0	1	1	3	0	0	4	0	1	0	0	4	1	0	9	5	0	0	0	0	0	0	0	2	4	4	0	0	4	45	0	304	738	0	10	93	79	654	7	233	42	49	21	4	0	33	0	0	4	40	35	61	0	0	16	4	5	22	8	3	28	1	1	7	0	0	15	12	14	0	0	0	16	129	3	0	9	0	296	6	0	1	7	0	0	0	0	0	0	0	10	0	0	0	168	0	1	2	0	4	29	52	17	3	1	1	6	0	6	2	0	0	0	0	0	0	0	0	1	3	2	8	3	0	0	3	0	1	0	0	0	0	0	0	0	0	0	0	0	70	0	0	201	0	0	0	0	0	3	8	66	3134	0	0	0	0	0	0	0	24	55	0	54	0	7168	16	19	3	5	1	40	13	3	1	8	75	6	18	6	1	10	4	0	4	28	58	1	1	1	0	5	1	27	3	1	20	0	2	8	2	51	3	2	11	16	3	0	1	27
1	1	1	1	1	1	1	1	1	1	2	1	1	1	1	1	1	1	1	1	1	1	1	1	1	1	1	1	1	1	1	1	1	1	1	1	1	38	0	0	0	0	0	0	0	0	0	0	0	0	0	0	0	0	0	0	0	0	0	0	0	0	0	0	0	0	0	0	0	0	0	0	0	0	0	0	0	0	0	0	0	0	0	0	0	0	0	0	0	0	0	0	0	1	0	0	0	0	0	0	0	0	0	0	0	0	0	0	0	0	0	0	0	1	3	2	0	0	0	0	0	0	0	0	0	0	0	0	2	0	0	0	0	0	0	0	0	0	0	0	0	0	0	0	0	0	0	0	0	0	0	7	6	2	0	0	0	0	0	0	0	0	0	0	0	0	1	0	0	0	0	0	0	0	0	0	0	0	0	0	0	0	0	0	0	0	0	0	0	9	1	2	0	0	0	0	0	0	0	0	0	0	0	0	0	0	0	0	0	0	0	0	0	0	0	0	0	0	0	0	0	0	0	0	0	0	0	3	2	0	0	0	0	0	0	0	1	0	0	1	0	0	3	0	0	0	0	0	0	1	0	0	0	0	0	0	0	0	0	1	0	0	0	0	0	9	0	0	0	0	0	0	0	0	0	0	0	0	0	0	0	0	0	0	0	0	0	0	0	0	0	0	0	0	0	0	0	0	0	0	0	0	0	0	1	1	1	1	1	1	1	1	1	1	1	1	1	1	2	1	1	1	1	1	1	1	1	1	1	1	1	1	1	1	1	1	1	1	1	1	1	38	0	0	0	0	0	0	0	0	0	0	0	0	0	0	0	0	0	0	0	0	0	0	0	0	0	0	0	0	0	0	0	0	0	0	0	0	0	0	0	0	0	0	0	0	0	0	0	0	0	0	0	0	0	0	0	0	0	0	0	0	0	0	0	0	0	0	0	0	0	0	0	0	0	0	0	0	0	0	0	0	0	0	0	0	0	0	0	0	0	0	0	0	0	0	0	0	0	0	0	0	0	0	0	0	0	0	0	0	0	0	0	0	0	0	2	2	0	0	0	0	0	2	0	0	0	0	0	0	1	0	1	1	0	0	0	1	0	0	0	1	0	0	0	0	0	0	0	0	0	0	0	11	16	2	0	0	0	0	0	0	0	0	0	0	0	0	0	0	0	0	0	0	0	0	0	0	0	0	0	0	0	0	0	0	0	0	0	0	0	18	0	0	0	0	0	0	0	0	0	0	0	0	0	0	0	0	0	0	0	0	0	0	0	0	0	0	0	0	0	0	0	0	0	0	0	0	0	0	6	2	2	2	2	2	2	3	2	2	2	2	2	4	2	2	3	2	2	2	2	3	2	2	2	3	2	2	2	2	2	2	2	2	2	2	4	86	0	0	0	0	0	0	0	0	0	0	0	0	0	0	0	0	0	0	0	0	0	0	0	0	0	0	0	0	0	0	0	0	0	0	0	0	0	0	0	0	0	0	0	0	0	0	0	0	0	0	0	0	0	0	0	0	0	0	0	0	0	0	0	0	0	0	0	0	0	0	0	0	0	0	0	0	0	1	0	0	0	0	0	1	0	0	0	0	0	0	0	0	0	1	0	0	0	0	0	0	0	0	0	0	0	0	0	0	0	0	0	0	0	3	0	0	0	0	0	0	0	0	0	0	0	0	0	0	0	0	0	0	0	0	0	0	0	0	0	0	0	0	0	0	0	0	0	0	0	0	0	0	0	0	0	0	0	0	0	0	0	0	0	0	0	0	0	0	0	0	0	0	0	0	0	0	0	0	0	0	0	0	0	0	0	0	0	0	0	0	0	0	0	0	0	0	0	0	0	0	0	0	0	0	0	0	0	0	0	0	0	0	0	0	0	0	0	0	0	0	0	0	0	0	0	0	0	0	0	0	0	0	0	0	0	0	0	0	0	0	0	0	0	0	0	0	0	0	0	0	0	0	0	0	0	0	0	0	0	0	0	0	0	0	0	0	0	0	0	0	0	0	0	0	0	0	0	0	0	0	0	0	0	0	0	0	0	0	0	0	0	0	0	0	0	0	0	0	0	0	0	0	0	0	16	5	0	2	0	0	0	0	0	0	0	0	0	0	1	0	0	0	0	0	0	0	0	0	0	0	0	0	0	0	0	0	0	0	0	0	0	24	0	0	0	0	0	0	0	0	0	0	0	0	0	0	0	0	0	0	0	0	0	0	0	0	0	0	0	0	0	0	0	0	0	0	0	0	1	1	152	85	5	118	14	0	0	24	27175	11	5	16	689	79	3	8	0	17	0	3	46	0	19	4	27	2	0	0	0	0	0	0	0	0	2	0	0	57	6	16	3	0	0	0	8	2	0	0	1	0	0	1448	4050	311	95	1433	5900	540	153	2	964	273	332	889	30	278	154	27	38	4	0	629	878	736	7237	27	193	1	6	1	12	2	54	584	3	366	9	27659	1	0	1	0	1	0	0	1	1	3	1	0	0	2	1	2	0	1	5	0	0	5	0	0	1	1	1	0	0	0	1	2	1	0	0	1	33	5	317	876	0	11	64	66	599	14	208	46	33	15	1	6	18	0	3	1	32	29	35	0	5	5	1	5	44	13	7	38	1	0	2	2	0	30	0	21	0	0	0	10	135	3	0	7	0	183	2	0	1	24	0	5	15	0	0	0	2	5	0	0	0	137	0	12	0	2	0	18	29	8	2	0	13	0	0	14	2	0	12	3	0	0	5	0	0	2	0	36	9	3	0	2	8	10	16	0	0	0	0	0	0	0	0	0	0	0	70	0	0	201	0	0	0	0	0	3	8	66	3134	0	0	0	0	0	0	0	24	55	0	54	0	7168	15	20	2	5	1	38	14	3	1	8	64	8	16	6	1	10	4	0	4	26	57	1	1	1	0	5	1	25	4	1	22	0	2	8	2	50	3	2	9	18	4	0	1	26
3	1	1	1	0	1	0	0	0	0	1	0	0	0	0	0	0	0	1	0	0	0	0	0	0	0	0	2	2	0	0	0	0	0	0	0	1	14	2	2	2	2	2	2	2	2	2	2	2	2	2	2	2	2	2	2	2	2	2	2	2	2	2	2	2	2	2	2	2	2	2	2	2	2	2	74	0	0	0	0	0	0	0	0	0	0	0	0	0	0	0	0	0	0	0	0	0	0	0	0	0	0	0	0	0	0	0	0	0	0	0	0	0	0	10	3	0	0	0	0	0	0	1	0	0	1	0	0	0	0	0	0	1	0	0	1	0	0	0	0	0	0	0	0	0	0	0	0	0	0	0	17	10	3	0	0	0	0	0	0	0	0	0	0	0	0	0	0	0	0	0	0	0	1	0	0	0	0	0	0	0	0	0	0	0	0	0	0	1	15	2	1	0	0	0	0	0	0	0	0	0	0	0	0	0	0	0	0	0	0	0	1	0	0	0	0	0	0	0	0	0	0	0	0	0	0	0	4	1	1	0	0	0	0	0	0	0	0	0	2	0	0	1	0	0	0	0	0	0	0	0	0	0	0	0	0	0	0	0	0	0	0	0	0	0	5	0	0	0	0	0	0	0	0	0	0	0	0	0	0	0	0	0	0	0	0	0	0	0	0	0	0	0	0	0	0	0	0	0	0	0	0	0	0	5	2	2	2	2	2	2	2	2	2	2	2	2	2	2	2	2	2	2	2	2	2	2	2	2	2	2	2	2	2	2	2	2	2	2	2	2	77	3	0	0	0	0	0	0	0	0	0	0	0	0	0	0	0	0	0	0	0	0	0	0	0	0	0	0	0	0	0	0	0	0	0	0	0	0	3	0	0	0	0	0	0	0	0	0	0	0	0	0	0	0	0	0	0	0	0	0	0	0	0	0	0	0	0	0	0	0	0	0	0	0	0	0	0	0	0	0	0	0	0	0	0	0	0	0	0	0	0	0	0	0	0	0	0	0	0	0	0	0	0	0	0	0	0	0	0	0	0	0	0	0	0	7	6	3	4	3	4	3	3	3	3	3	3	3	3	3	3	3	3	3	3	3	3	3	3	3	3	3	3	3	3	3	3	3	3	3	3	3	120	8	3	2	3	1	1	1	1	2	1	1	1	1	1	1	1	1	1	2	1	1	1	1	1	1	1	1	1	1	1	1	1	1	1	1	2	2	53	0	0	0	0	0	0	0	0	0	0	0	0	0	0	0	0	0	0	0	0	0	0	0	0	0	0	0	0	0	0	0	0	0	0	0	0	0	0	5	3	3	3	3	3	3	3	3	4	3	3	3	3	3	3	3	3	3	3	3	3	3	3	3	3	3	3	3	3	3	3	3	3	3	3	3	114	0	0	0	0	0	0	0	0	0	0	0	0	0	0	0	0	0	0	0	0	0	0	0	0	0	0	0	0	0	0	0	0	0	0	0	0	0	0	0	0	0	0	0	0	0	0	0	0	0	0	0	0	0	0	0	0	0	0	0	0	0	0	0	0	0	0	0	0	0	0	0	0	0	0	0	0	1	2	1	1	1	1	1	1	1	1	1	1	1	1	1	1	1	1	1	1	1	1	1	1	1	1	1	1	1	1	1	1	1	1	1	1	1	38	0	0	0	0	0	0	0	0	0	0	0	0	0	0	0	0	0	0	0	0	0	0	0	0	0	0	0	0	0	0	0	0	0	0	0	0	0	0	0	0	0	0	0	0	0	0	0	0	0	0	0	0	0	0	0	0	0	0	0	0	0	0	0	0	0	0	0	0	0	0	0	0	0	0	0	0	0	0	0	0	0	0	0	0	0	0	0	0	0	0	0	0	0	0	0	0	0	0	0	0	0	0	0	0	0	0	0	0	0	0	0	0	0	0	0	0	0	0	0	0	0	0	0	0	0	0	0	0	0	0	0	0	0	0	0	0	0	0	0	0	0	0	0	0	0	0	0	0	0	0	0	0	0	0	0	0	0	0	0	0	0	0	0	0	0	0	0	0	0	0	0	0	0	0	0	0	0	0	0	0	0	0	0	0	0	0	0	0	0	0	9	4	2	3	1	1	1	1	2	1	1	2	1	2	2	1	1	1	2	1	1	1	1	3	1	1	1	1	1	1	1	1	1	1	1	2	1	59	0	0	0	0	0	1	0	0	0	0	0	0	0	0	0	0	0	0	0	0	0	0	0	0	0	0	0	0	0	0	0	0	0	0	0	0	0	1	163	20	2	91	11	0	0	12	10224	3	9	4	403	41	1	10	0	6	2	0	54	0	1	0	21	4	0	0	0	0	0	0	0	0	0	0	0	14	0	0	0	0	0	0	0	8	0	1	0	0	0	1264	5016	915	99	392	3772	4939	164	0	719	196	157	32	29	184	9	44	35	95	0	440	645	310	6424	45	121	3	2	11	19	5	116	2206	3	259	43	28713	2	1	0	0	0	1	2	0	2	0	2	0	0	0	1	0	0	1	5	2	0	0	0	0	0	0	1	0	0	1	1	0	0	0	0	1	23	0	239	562	4	7	72	62	459	11	202	21	10	4	0	0	27	0	1	5	0	8	6	0	6	26	0	2	3	7	8	8	0	10	3	3	0	27	0	8	0	2	0	2	94	0	0	4	0	173	0	0	1	6	8	0	2	0	0	0	0	13	0	0	0	151	0	0	0	6	0	13	59	3	0	0	1	0	0	8	13	2	0	11	0	0	0	0	1	6	0	0	5	0	0	0	6	0	1	0	0	0	0	0	0	0	0	0	0	0	70	0	0	201	0	0	0	0	0	3	8	66	3134	0	0	0	0	0	0	0	24	55	0	54	0	7168	17	18	4	5	1	37	13	3	1	8	62	6	15	6	1	10	4	0	4	23	54	1	1	1	0	5	1	23	4	1	24	0	2	9	2	50	4	2	9	15	3	0	1	25
8	4	1	1	1	1	1	1	1	1	2	1	1	1	1	1	1	1	1	1	1	1	1	1	1	1	1	1	1	1	1	1	3	1	1	1	1	50	1	0	0	0	0	0	0	0	1	1	0	0	0	0	0	0	0	0	0	1	0	0	0	0	0	0	0	0	0	0	0	0	0	0	0	0	0	4	0	1	0	0	0	0	0	0	0	0	0	0	0	0	0	0	0	0	0	0	0	0	0	0	0	0	0	0	0	0	0	0	0	0	0	0	0	1	6	2	1	1	0	0	1	0	0	0	0	0	0	0	0	0	1	0	0	0	0	0	0	0	0	0	0	0	0	2	0	0	0	0	0	0	0	14	1	2	0	0	0	0	1	1	0	0	0	0	0	0	0	0	0	0	0	0	1	0	0	0	0	0	0	0	0	1	0	0	0	0	0	0	1	8	6	1	1	1	1	1	1	1	1	2	1	2	1	1	2	1	1	1	2	1	1	1	1	1	1	1	1	1	1	1	1	1	1	1	1	1	1	46	2	2	2	2	2	2	2	2	2	2	2	2	2	2	4	2	2	2	2	2	2	2	2	2	2	2	2	2	2	2	2	2	2	2	2	2	3	77	0	0	0	0	0	0	0	0	1	0	0	0	0	0	0	0	0	0	0	1	0	0	0	0	0	0	0	0	0	0	0	0	0	0	0	0	0	2	2	1	1	1	1	1	1	1	1	1	1	1	1	1	1	1	1	1	1	1	1	1	1	1	1	1	1	1	1	1	1	1	1	1	1	1	1	38	0	0	0	0	0	0	0	0	0	0	0	0	0	0	0	0	0	0	0	0	0	0	0	0	0	0	0	0	0	0	0	0	0	0	0	0	0	0	0	0	0	0	0	0	0	0	0	0	0	0	0	0	0	0	0	0	0	0	0	0	0	0	0	0	0	0	0	0	0	0	0	0	0	0	0	0	0	0	0	0	0	0	0	0	0	0	0	0	0	0	0	0	0	0	0	0	0	0	0	0	0	0	0	0	0	0	0	0	0	0	0	0	0	0	7	2	0	0	1	0	1	0	1	0	0	0	0	0	0	0	0	0	0	1	0	0	0	0	0	0	0	0	0	0	0	0	0	0	0	0	0	13	9	2	0	0	0	0	1	1	0	0	1	1	0	0	1	0	0	0	0	0	0	0	0	0	0	0	0	0	0	0	0	0	0	0	0	1	1	18	0	0	0	0	0	0	0	0	0	0	0	0	0	0	0	0	0	0	0	0	0	0	0	0	0	0	0	0	0	0	0	0	0	0	0	0	0	0	2	2	1	2	2	2	1	1	2	2	1	1	1	1	1	2	1	1	1	2	1	1	1	1	1	1	1	1	1	1	1	1	1	1	1	1	1	46	0	0	0	0	0	0	0	0	0	0	0	0	0	0	0	0	0	0	0	0	0	0	0	0	0	0	0	0	0	0	0	0	0	0	0	0	0	0	0	0	0	0	0	0	0	0	0	0	0	0	0	0	0	0	0	0	0	0	0	0	0	0	0	0	0	0	0	0	0	0	0	0	0	0	0	0	1	1	0	0	0	0	1	0	0	0	0	0	0	0	0	0	0	0	0	0	0	0	0	0	0	0	0	0	0	0	0	0	0	0	0	0	0	3	0	0	0	0	0	0	0	0	0	0	0	0	0	0	0	0	0	0	0	0	0	0	0	0	0	0	0	0	0	0	0	0	0	0	0	0	0	0	0	0	0	0	0	0	0	0	0	0	0	0	0	0	0	0	0	0	0	0	0	0	0	0	0	0	0	0	0	0	0	0	0	0	0	0	0	0	0	0	0	0	0	0	0	0	0	0	0	0	0	0	0	0	0	0	0	0	0	0	0	0	0	0	0	0	0	0	0	0	0	0	0	0	0	0	0	0	0	0	0	0	0	0	0	0	0	0	0	0	0	0	0	0	0	0	0	0	0	0	0	0	0	0	0	0	0	0	0	0	0	0	0	0	0	0	0	0	0	0	0	0	0	0	0	0	0	0	0	0	0	0	0	0	0	0	0	0	0	0	0	0	0	0	0	0	0	0	0	0	0	0	10	1	1	1	0	0	1	0	0	0	1	0	0	0	1	0	1	0	0	0	0	0	0	0	0	0	0	0	0	1	0	0	0	0	0	1	1	20	2	0	0	0	0	0	0	0	0	0	0	0	0	0	0	0	0	0	0	0	0	0	0	0	0	0	0	0	0	0	0	0	0	0	0	0	0	2	239	90	0	173	7	1	2	12	16347	23	6	3	904	103	3	10	0	31	2	0	80	0	22	15	22	0	0	0	0	0	0	0	0	0	0	0	0	37	25	4	1	0	0	0	7	0	2	0	3	0	3	1201	3176	162	83	436	2149	687	151	6	1069	1013	638	25	13	162	7	22	41	3	0	657	659	602	2961	43	35	0	19	53	15	0	46	945	0	470	166	17715	1	3	2	3	0	1	1	2	1	0	1	0	0	1	1	0	2	3	8	1	0	8	0	0	4	3	3	2	1	3	2	1	0	2	0	3	63	0	436	889	5	13	137	97	641	5	256	23	14	11	4	0	56	2	0	5	23	39	53	0	0	6	4	3	48	7	16	36	1	4	10	0	0	16	0	13	0	2	0	12	124	6	0	2	0	342	0	0	3	19	0	1	3	0	12	0	0	0	1	0	0	212	0	8	0	2	0	28	37	8	3	1	0	0	0	14	4	0	5	6	0	0	0	6	0	10	4	11	2	10	0	1	3	0	141	0	0	0	0	0	0	0	0	0	0	0	70	0	0	201	0	0	0	0	0	3	8	66	3134	0	0	0	0	0	0	0	24	55	0	54	0	7168	17	17	5	5	1	32	13	3	1	7	62	6	14	6	1	11	4	0	4	24	54	1	1	1	0	5	1	23	5	1	20	0	2	8	2	49	3	1	9	15	3	0	1	23
5	1	0	0	0	0	0	0	0	0	2	0	0	1	0	0	1	0	0	0	1	0	2	0	0	3	0	0	0	0	0	0	0	0	0	0	1	17	1	0	0	0	0	0	0	0	0	1	0	0	0	0	0	0	0	0	0	0	0	0	0	0	0	0	0	0	0	0	0	0	0	0	0	0	0	2	0	0	0	0	0	0	0	0	0	0	0	0	0	0	0	0	0	0	0	0	0	0	0	0	0	0	0	0	0	0	0	0	0	0	0	0	0	0	4	0	2	0	1	0	2	0	1	0	1	0	0	0	1	0	0	0	0	0	0	0	0	0	0	0	0	0	0	0	0	0	1	0	0	0	1	14	0	1	0	0	0	0	0	0	1	0	0	0	0	0	0	0	0	0	0	0	0	0	0	0	0	0	0	0	0	0	0	0	0	0	0	0	2	4	8	1	0	0	0	0	0	0	0	1	0	0	0	0	0	0	0	0	0	0	0	0	0	0	0	0	1	0	0	0	0	0	0	0	0	0	0	11	2	1	1	1	1	3	1	1	1	2	1	2	1	1	1	1	1	1	1	1	2	1	1	1	1	1	1	1	1	1	1	1	1	1	1	1	1	43	0	0	0	0	0	0	0	0	0	0	1	0	0	0	0	0	0	0	0	0	0	0	0	0	0	0	0	0	0	0	0	0	0	0	0	0	0	1	0	0	0	0	0	0	0	0	0	0	0	0	0	0	0	0	0	0	0	0	0	0	0	0	0	0	0	0	0	0	0	0	0	0	0	0	0	0	0	0	0	0	0	0	0	0	0	0	0	0	0	0	0	0	0	0	0	0	0	0	0	0	0	0	0	0	0	0	0	0	0	0	0	0	0	0	0	0	0	0	0	0	0	0	0	0	0	0	0	0	0	0	0	0	0	0	0	0	0	0	0	0	0	0	0	0	0	0	0	0	0	0	0	0	0	0	0	0	0	0	0	0	0	0	0	0	0	0	0	0	0	0	0	0	0	0	0	0	0	0	0	0	0	0	0	0	0	0	0	0	0	0	7	2	2	4	2	2	2	2	2	2	3	2	2	2	2	2	2	2	2	2	2	2	2	2	2	2	2	2	2	2	2	2	2	2	2	2	2	82	7	1	0	0	0	0	0	0	0	0	1	0	0	0	1	0	1	0	0	0	0	0	0	0	0	0	0	0	0	0	0	0	0	0	0	0	0	11	0	0	0	0	0	0	0	0	0	0	0	0	0	0	0	0	0	0	0	0	0	0	0	0	0	0	0	0	0	0	0	0	0	0	0	0	0	0	2	2	2	3	4	2	2	2	2	3	2	2	2	2	2	2	2	2	2	2	2	3	2	2	2	2	2	2	2	2	2	2	2	2	2	2	2	79	0	0	0	0	0	0	0	0	0	0	0	0	0	0	0	0	0	0	0	0	0	0	0	0	0	0	0	0	0	0	0	0	0	0	0	0	0	0	0	0	0	0	0	0	0	0	0	0	0	0	0	0	0	0	0	0	0	0	0	0	0	0	0	0	0	0	0	0	0	0	0	0	0	0	0	0	3	1	1	1	1	1	1	1	1	1	1	1	1	1	1	1	1	1	1	1	1	1	1	1	1	1	1	1	1	1	1	1	1	1	1	1	1	39	1	0	0	0	0	0	0	0	0	0	0	0	0	0	0	0	0	0	0	0	0	0	0	0	0	0	0	0	0	0	0	0	0	0	0	0	0	1	0	0	0	0	0	0	0	0	0	0	0	0	0	0	0	0	0	0	0	0	0	0	0	0	0	0	0	0	0	0	0	0	0	0	0	0	0	0	0	0	0	0	0	0	0	0	0	0	0	0	0	0	0	0	0	0	0	0	0	0	0	0	0	0	0	0	0	0	0	0	0	0	0	0	0	0	1	1	1	1	1	1	1	1	1	1	1	1	1	1	1	1	1	1	1	1	1	1	1	1	1	1	1	1	1	1	1	1	1	1	1	1	1	37	0	0	0	1	0	0	0	0	0	0	0	0	0	0	0	0	0	0	0	0	0	0	0	0	0	0	0	0	0	0	0	0	0	0	0	0	0	1	16	0	2	0	1	1	2	0	0	0	2	0	0	0	2	0	1	0	0	0	0	1	0	0	0	0	0	0	0	1	0	0	1	0	0	0	0	30	0	0	0	0	0	0	0	0	0	0	0	0	0	0	0	0	0	0	0	0	0	0	0	0	0	0	0	0	0	0	0	0	0	0	0	0	0	0	211	85	11	102	35	0	2	13	18541	6	15	5	798	74	3	10	1	24	0	12	90	0	17	7	31	1	0	0	0	0	0	0	0	1	0	0	1	15	6	15	0	0	0	0	13	25	6	1	2	0	0	708	6508	225	126	310	1796	995	119	3	518	276	2420	319	145	2911	14	23	38	125	0	484	1859	3672	2548	57	37	0	0	21	98	16	128	652	6	859	14	28030	2	3	1	2	2	8	1	1	1	1	2	0	0	1	2	1	1	2	7	1	0	0	0	0	2	1	2	1	1	2	1	3	1	1	0	1	55	5	340	756	1	19	82	49	648	8	244	30	16	11	0	0	6	1	3	0	14	19	46	2	3	72	1	2	23	9	0	70	1	7	0	2	0	31	0	12	0	0	0	30	78	3	0	0	3	197	10	0	6	5	0	0	4	0	10	2	4	9	0	0	0	216	0	0	0	0	2	3	59	16	0	0	3	0	0	21	17	0	0	3	0	0	5	2	0	0	0	7	6	2	1	0	8	0	6	0	0	0	0	0	0	0	0	0	0	0	70	0	0	201	0	0	0	0	0	3	8	66	3134	0	0	0	0	0	0	0	24	55	0	54	0	7168	17	17	3	4	1	30	12	3	1	6	52	5	10	5	1	11	4	0	4	20	49	1	1	1	0	4	1	20	3	1	18	0	2	8	2	53	3	1	9	14	3	0	1	21
2	0	0	0	0	0	0	0	0	0	0	0	0	0	0	0	0	0	0	0	0	0	0	0	0	0	0	0	0	1	0	0	0	0	0	0	0	3	7	0	0	0	0	0	0	0	0	0	0	0	0	0	0	0	0	0	0	0	0	0	0	0	0	0	0	0	0	0	0	0	0	0	0	0	1	8	1	2	1	1	1	1	1	1	1	1	1	1	1	1	1	1	1	1	1	1	1	1	1	1	1	1	1	1	1	1	1	1	1	1	1	1	1	38	11	1	2	1	1	2	1	1	1	1	1	1	1	1	2	1	1	1	1	1	1	1	1	1	1	1	1	1	1	3	1	1	1	1	1	1	1	52	6	0	1	0	0	0	0	0	0	0	0	0	0	0	0	0	0	0	0	0	0	0	0	0	0	0	0	0	0	0	0	0	0	0	0	0	0	7	5	1	0	0	0	0	0	0	0	1	0	0	0	0	0	0	0	0	0	0	0	0	0	0	0	0	0	0	0	0	0	0	0	0	0	0	1	8	0	1	0	0	0	0	0	0	0	0	0	0	0	0	1	0	0	0	0	0	0	0	0	0	0	0	0	0	0	0	0	0	0	0	0	0	0	2	1	1	1	1	1	1	1	1	1	1	1	1	1	1	1	1	1	1	1	1	1	2	1	1	1	1	1	1	1	1	1	1	1	1	1	1	1	38	2	1	1	1	1	1	1	1	1	1	1	1	1	1	1	1	1	1	1	1	1	1	1	1	1	1	1	1	1	1	1	1	1	1	1	1	1	38	0	0	0	0	0	0	0	0	0	0	0	0	0	0	0	0	0	0	0	0	0	0	0	0	0	0	0	0	0	0	0	0	0	0	0	0	0	0	0	0	0	0	0	0	0	0	0	0	0	0	0	0	0	0	0	0	0	0	0	0	0	0	0	0	0	0	0	0	0	0	0	0	0	0	0	0	0	0	0	0	0	0	0	0	0	0	0	0	0	0	0	0	0	0	0	0	0	0	0	0	0	0	0	0	0	0	0	0	0	0	0	0	0	0	8	6	5	5	5	7	5	5	5	5	5	5	5	5	5	5	5	5	5	5	5	6	5	5	5	5	5	5	5	5	5	5	5	5	5	5	5	192	10	3	1	1	1	2	1	1	1	1	1	1	1	1	1	1	1	1	1	1	1	3	1	1	1	1	1	1	1	1	1	1	2	1	1	1	1	52	0	0	0	0	0	0	0	0	0	0	0	0	0	0	0	0	0	0	0	0	0	0	0	0	0	0	0	0	0	0	0	0	0	0	0	0	0	0	0	0	0	0	1	1	0	0	0	0	1	0	0	0	0	0	0	0	0	0	0	2	0	0	0	0	0	1	0	0	0	0	0	0	0	0	0	6	0	0	0	0	0	0	0	0	0	0	0	0	0	0	0	0	0	0	0	0	0	0	0	0	0	0	0	0	0	0	0	0	0	0	0	0	0	0	2	1	1	1	1	2	1	1	1	1	1	1	1	1	1	1	1	1	1	1	1	1	1	1	1	1	1	1	1	1	1	1	1	1	1	1	1	39	2	2	2	2	2	2	2	2	2	2	2	2	2	2	2	2	2	2	2	2	2	2	2	2	2	2	2	2	2	2	2	2	2	2	2	2	2	74	2	1	1	1	1	1	1	1	1	1	1	1	1	1	1	1	1	1	1	1	1	1	1	1	1	1	1	1	1	1	1	1	1	1	1	1	1	38	0	0	0	0	0	0	0	0	0	0	0	0	0	0	0	0	0	0	0	0	0	0	0	0	0	0	0	0	0	0	0	0	0	0	0	0	0	0	0	0	0	0	0	0	0	0	0	0	0	0	0	0	0	0	0	0	0	0	0	0	0	0	0	0	0	0	0	0	0	0	0	0	0	0	0	0	0	0	0	0	0	0	0	0	0	0	0	0	0	0	0	0	0	0	0	0	0	0	0	0	0	0	0	0	0	0	0	0	0	0	0	0	0	0	0	0	0	0	0	0	0	0	0	0	0	0	0	0	0	0	0	0	0	0	0	0	0	0	0	0	0	0	0	0	0	0	0	0	0	0	0	0	16	3	1	1	1	2	2	1	1	1	1	1	1	1	2	1	1	1	1	1	1	1	1	1	1	1	1	1	1	3	1	1	2	1	1	1	1	60	0	0	0	0	0	0	0	0	0	0	0	0	0	0	0	0	0	0	0	0	0	0	0	0	0	0	0	0	0	0	0	0	0	0	0	0	0	0	85	20	0	95	24	0	0	10	11344	7	1	3	567	73	2	1	0	12	0	1	30	0	4	0	18	0	0	0	0	0	0	0	0	0	0	0	0	25	3	0	0	0	0	0	8	4	0	0	1	0	1	1489	11521	181	203	599	3543	290	111	22	531	204	320	725	180	187	2	15	48	62	0	415	952	19842	4041	70	189	3	45	16	65	9	42	5993	3	259	23	52200	1	0	1	0	0	1	0	0	2	3	1	0	0	4	0	5	0	0	4	2	0	0	0	0	0	0	0	0	0	0	2	0	0	0	0	0	26	5	188	660	0	4	46	38	388	2	103	14	4	18	1	0	35	0	0	0	9	21	18	1	4	20	0	2	30	3	0	72	1	2	1	0	0	15	0	5	0	0	0	18	97	0	0	0	0	182	2	0	1	4	0	0	13	0	0	0	0	6	0	0	0	99	0	8	0	9	0	8	45	5	0	1	0	0	0	21	3	0	2	3	0	2	0	0	0	9	1	0	11	0	0	3	4	0	5	0	0	0	0	0	0	0	0	0	0	0	70	0	0	201	0	0	0	0	0	3	8	66	3134	0	0	0	0	0	0	0	24	55	0	54	0	7168	16	20	6	4	1	35	13	3	1	8	52	6	10	6	1	11	4	0	5	21	49	1	1	1	0	4	1	21	7	1	21	0	2	9	2	60	3	2	9	16	3	0	1	25
5	0	0	0	0	0	0	0	0	0	0	0	0	0	0	0	0	0	1	0	0	0	0	0	0	0	0	0	1	0	0	0	0	0	0	0	0	7	11	0	0	0	0	0	0	0	0	0	0	0	0	0	0	0	0	0	0	0	0	0	0	0	0	0	0	0	0	0	0	0	0	0	0	0	1	12	1	0	0	0	0	0	0	0	0	0	0	0	0	0	0	0	0	0	0	0	0	0	0	0	0	0	0	0	0	0	0	0	0	0	0	0	0	1	7	1	0	0	0	1	1	0	0	0	0	0	0	0	0	0	0	0	0	0	0	0	0	0	0	0	0	0	0	1	0	0	0	0	0	0	0	11	4	1	0	0	0	0	1	0	0	0	0	0	0	0	0	0	0	0	0	0	0	0	0	0	0	0	0	0	0	1	0	0	0	0	0	0	1	8	15	1	0	0	0	1	0	0	0	0	0	0	0	0	0	0	0	0	0	0	0	0	0	0	0	0	0	0	0	0	0	0	0	0	0	0	0	17	0	0	1	0	0	0	0	0	0	0	0	0	0	0	0	0	0	0	0	0	0	0	0	0	0	0	0	0	0	0	0	0	0	0	0	0	0	1	0	0	0	0	0	0	0	0	0	0	0	0	0	0	0	0	0	0	0	0	0	0	0	0	0	0	0	0	0	0	0	0	0	0	0	0	0	0	1	0	1	0	0	0	0	0	0	0	0	0	0	0	0	0	0	0	0	0	0	0	0	0	0	0	0	0	0	1	0	0	0	0	0	0	0	3	0	0	0	0	0	0	0	0	0	0	0	0	0	0	0	0	0	0	0	0	0	0	0	0	0	0	0	0	0	0	0	0	0	0	0	0	0	0	0	0	0	0	0	0	0	0	0	0	0	0	0	0	0	0	0	0	0	0	0	0	0	0	0	0	0	0	0	0	0	0	0	0	0	0	0	0	0	0	0	0	0	0	0	0	0	0	0	0	0	0	0	0	0	0	0	0	0	0	0	0	0	0	0	0	0	0	0	0	0	0	0	0	0	0	8	4	6	5	4	4	4	4	4	5	4	4	4	5	5	5	4	4	4	4	4	4	4	4	4	4	4	4	4	4	4	4	4	4	4	4	4	159	14	1	1	0	0	1	0	0	0	0	1	0	0	0	0	0	0	0	0	0	0	0	0	0	1	0	0	0	0	0	0	0	0	0	0	0	2	21	0	0	0	0	0	0	0	0	0	0	0	0	0	0	0	0	0	0	0	0	0	0	0	0	0	0	0	0	0	0	0	0	0	0	0	0	0	0	3	2	2	2	2	2	2	2	2	2	2	2	2	3	4	3	2	2	2	2	2	2	2	2	3	2	2	2	2	2	2	2	3	2	2	2	2	81	0	0	0	0	0	0	0	0	0	0	0	0	0	0	0	0	0	0	0	0	0	0	0	0	0	0	0	0	0	0	0	0	0	0	0	0	0	0	0	0	0	0	0	0	0	0	0	0	0	0	0	0	0	0	0	0	0	0	0	0	0	0	0	0	0	0	0	0	0	0	0	0	0	0	0	0	3	2	2	3	2	2	2	2	2	3	2	2	2	2	2	2	2	2	2	2	2	2	2	2	2	2	2	2	2	2	2	2	2	2	2	2	2	77	1	1	1	1	1	1	1	1	1	1	1	1	1	1	1	2	1	1	1	1	1	1	1	1	1	1	1	1	1	1	1	1	1	1	1	1	1	38	0	0	0	0	0	0	0	0	0	0	0	0	0	0	0	0	0	0	0	0	0	0	0	0	0	0	0	0	0	0	0	0	0	0	0	0	0	0	0	0	0	0	0	0	0	0	0	0	0	0	0	0	0	0	0	0	0	0	0	0	0	0	0	0	0	0	0	0	0	0	0	0	0	0	0	0	0	0	0	0	0	0	0	0	0	0	0	0	0	0	0	0	0	0	0	0	0	0	0	0	0	0	0	0	0	0	0	0	0	0	0	0	0	0	0	0	0	0	0	0	0	0	0	0	0	0	0	0	0	0	0	0	0	0	0	0	0	0	0	0	0	0	0	0	0	0	0	0	0	0	0	0	19	0	0	0	0	2	0	0	0	0	3	0	0	1	0	0	0	0	0	0	0	0	0	0	0	1	0	0	1	0	0	0	0	0	0	0	1	28	1	0	0	0	0	0	0	0	0	0	0	0	0	0	0	0	0	0	0	0	0	0	0	0	0	0	0	0	0	0	0	0	0	0	0	0	0	1	167	68	1	108	28	4	0	19	14157	10	8	37	840	75	6	8	0	36	3	0	79	0	8	5	29	0	0	0	0	0	0	0	0	1	0	1	5	18	8	9	3	0	0	0	5	1	6	0	0	0	2	2653	3360	1515	189	473	1438	595	98	138	629	270	331	1672	974	560	34	75	40	64	0	179	866	3922	1832	82	48	1	13	1	66	6	67	1183	2	266	21	23663	0	3	2	2	1	1	1	2	2	0	2	0	0	1	1	0	3	2	6	1	0	3	0	0	3	2	1	4	3	2	0	0	0	2	0	0	50	5	258	726	9	26	84	68	631	12	225	27	26	12	0	2	35	0	0	1	23	21	30	0	5	58	0	0	27	4	9	42	0	4	2	1	0	14	0	23	0	0	0	29	96	0	0	1	0	272	6	0	0	4	0	0	4	0	3	0	0	3	0	0	0	171	0	1	0	0	3	12	21	7	0	0	0	0	0	8	2	0	3	8	0	0	1	0	0	0	0	17	17	8	0	0	1	0	9	0	0	0	0	0	0	0	0	0	0	0	70	0	0	201	0	0	0	0	0	3	8	66	3134	0	0	0	0	0	0	0	24	55	0	54	0	7168	15	19	12	5	1	34	15	3	1	8	53	6	11	6	1	11	4	0	4	20	47	1	1	1	0	4	1	19	5	1	21	0	2	10	2	59	3	2	9	17	3	0	1	25
5	2	2	1	1	1	1	1	1	1	1	1	1	1	1	1	1	1	1	1	1	1	1	1	1	1	1	1	1	1	1	1	1	1	1	1	1	43	5	0	0	0	0	0	0	0	0	0	1	0	0	0	0	0	0	0	0	0	0	0	0	0	0	0	0	0	0	0	0	0	0	0	0	0	0	6	2	0	0	0	0	0	0	0	0	0	0	0	0	0	0	0	0	0	0	0	0	0	0	0	0	0	0	0	0	0	0	0	0	0	0	0	0	2	4	2	0	0	0	0	0	0	0	0	0	0	0	0	1	1	0	0	1	0	0	0	0	0	0	0	0	0	0	1	0	0	0	0	0	0	0	10	2	2	0	0	0	0	0	0	0	0	0	0	0	0	0	0	0	0	0	0	0	0	0	1	0	0	0	0	0	1	0	1	0	0	0	0	0	7	11	0	0	0	0	0	0	0	0	0	0	0	0	0	0	0	0	0	0	0	0	0	0	0	0	0	0	0	0	0	0	0	0	0	0	0	0	11	3	1	1	1	1	1	1	1	1	1	1	1	1	1	1	1	1	1	1	1	1	1	1	1	1	1	1	1	1	1	1	1	1	1	1	1	1	39	0	0	0	0	0	0	0	0	0	0	1	0	0	0	0	0	0	0	0	0	0	0	0	0	0	0	0	0	0	0	0	0	0	0	0	0	0	1	2	0	0	0	0	0	0	0	0	0	0	0	0	0	0	0	0	0	0	0	0	0	0	0	0	0	0	0	0	0	0	0	0	0	0	0	0	2	0	0	0	0	0	0	0	0	0	0	0	0	0	0	0	0	0	0	0	0	0	0	0	0	0	0	0	0	0	0	0	0	0	0	0	0	0	0	0	0	0	0	0	0	0	0	0	0	0	0	0	0	0	0	0	0	0	0	0	0	0	0	0	0	0	0	0	0	0	0	0	0	0	0	0	0	0	0	0	0	0	0	0	0	0	0	0	0	0	0	0	0	0	0	0	0	0	0	0	0	0	0	0	0	0	0	0	0	0	0	0	0	0	0	7	2	2	2	2	2	2	3	2	2	3	2	2	2	2	2	3	2	3	2	2	2	2	2	2	2	2	2	2	2	2	2	2	2	2	2	2	83	12	2	1	0	0	0	1	0	0	0	0	0	0	0	0	0	0	0	2	0	0	2	0	1	0	0	0	0	0	1	0	0	1	0	0	0	0	23	0	0	0	0	0	0	0	0	0	0	0	0	0	0	0	0	0	0	0	0	0	0	0	0	0	0	0	0	0	0	0	0	0	0	0	0	0	0	5	4	3	3	3	3	3	3	3	3	4	3	3	3	3	3	3	3	4	3	3	3	3	3	3	3	3	3	3	3	4	3	3	3	3	3	3	117	0	0	0	0	0	0	0	0	0	0	0	0	0	0	0	0	0	0	0	0	0	0	0	0	0	0	0	0	0	0	0	0	0	0	0	0	0	0	0	0	0	0	0	0	0	0	0	0	0	0	0	0	0	0	0	0	0	0	0	0	0	0	0	0	0	0	0	0	0	0	0	0	0	0	0	0	1	0	0	0	0	0	0	0	0	0	0	0	0	0	0	0	1	0	1	0	0	0	0	0	0	0	0	0	0	0	0	0	0	0	0	0	0	3	0	0	0	0	0	0	0	0	0	0	1	0	0	0	0	0	0	0	0	0	0	0	0	0	0	0	0	0	0	0	0	0	0	0	0	0	0	1	1	1	1	1	1	1	1	1	1	1	1	1	1	1	1	1	1	1	1	1	1	1	1	1	1	1	1	1	1	1	1	1	1	1	1	1	1	37	0	0	0	0	0	0	0	0	0	0	0	0	0	0	0	0	0	0	0	0	0	0	0	0	0	0	0	0	0	0	0	0	0	0	0	0	0	0	0	0	0	0	0	0	0	0	0	0	0	0	0	0	0	0	0	0	0	0	0	0	0	0	0	0	0	0	0	0	0	0	0	0	0	0	0	0	0	0	0	0	0	0	0	0	0	0	0	0	0	0	0	0	0	0	0	0	0	0	0	0	0	0	0	0	0	0	0	0	0	0	0	0	0	0	13	2	1	0	0	0	1	0	0	0	0	0	0	0	1	1	0	0	2	0	0	0	0	0	0	0	0	0	0	1	0	0	1	0	0	0	0	23	2	1	1	1	1	1	1	1	1	1	1	1	1	1	1	1	1	1	1	1	1	1	1	1	1	1	1	1	1	1	1	1	1	1	1	1	1	38	100	53	4	68	14	0	0	25	9721	4	7	10	444	47	9	3	0	8	0	0	26	0	25	3	35	0	0	0	0	0	0	0	0	0	0	0	0	20	11	0	1	0	0	0	3	0	1	2	2	0	2	1740	4205	228	87	338	1709	231	511	37	1542	175	228	103	58	203	12	16	87	352	0	314	647	1405	1509	70	43	1	68	6	23	5	108	815	3	258	14	17151	0	0	0	1	0	0	0	0	1	1	1	0	0	0	0	1	1	0	4	0	0	8	0	0	0	0	0	0	0	1	0	1	1	1	0	0	22	8	210	529	0	15	51	30	414	12	163	12	9	21	0	1	16	0	2	0	6	26	38	0	2	11	3	0	42	12	0	30	0	1	0	0	0	5	0	9	2	3	0	19	112	2	0	0	0	139	7	0	2	4	0	0	2	0	7	0	0	0	0	0	0	90	0	0	0	0	0	12	24	7	0	0	0	0	0	13	6	0	3	0	0	0	0	0	0	0	0	9	0	0	0	4	9	0	1	0	0	0	0	0	0	0	0	0	0	0	70	0	0	201	0	0	0	0	0	3	8	66	3134	0	0	0	0	0	0	0	24	55	0	54	0	7168	14	19	10	5	1	32	14	3	1	7	49	7	9	5	1	13	4	0	5	18	45	1	1	1	0	4	1	18	4	1	51	0	2	10	2	51	3	2	9	16	3	0	1	25
9	7	7	7	7	7	9	7	7	7	7	7	7	8	7	7	8	7	7	8	7	8	7	7	7	7	7	7	7	7	7	7	7	7	7	8	7	268	1	0	0	0	0	0	0	0	0	0	0	0	0	0	0	0	0	0	0	0	0	0	0	0	0	0	0	0	0	0	0	0	0	0	0	0	0	1	0	0	0	0	0	0	0	0	0	0	0	0	0	0	0	0	0	0	0	0	0	0	0	0	0	0	0	0	0	0	0	0	0	0	0	0	0	0	4	1	0	3	0	0	1	0	0	0	0	0	0	0	1	0	0	0	0	0	0	0	0	0	0	0	0	0	0	0	0	0	0	0	0	0	0	10	1	1	0	4	0	0	1	0	0	0	0	0	0	0	0	0	0	2	0	0	0	0	0	0	0	0	0	0	0	0	0	0	1	0	0	0	1	11	6	1	1	1	1	1	1	1	1	1	1	1	1	1	1	1	1	1	1	1	1	1	2	1	1	1	1	1	1	1	1	1	1	1	1	1	1	43	1	0	0	0	0	0	1	0	0	0	0	1	0	0	1	0	0	0	0	0	0	0	0	0	0	0	0	0	0	0	0	0	0	0	0	0	0	4	0	0	0	0	0	0	0	0	0	0	0	0	0	0	0	0	0	0	0	0	0	0	0	0	0	0	0	0	0	0	0	0	0	0	0	0	0	0	3	0	0	0	0	0	0	0	0	0	0	0	0	0	0	0	0	0	0	0	0	0	0	0	0	0	0	0	0	0	0	0	0	0	0	0	0	3	0	0	0	0	0	0	0	0	0	0	0	0	0	0	0	0	0	0	0	0	0	0	0	0	0	0	0	0	0	0	0	0	0	0	0	0	0	0	0	0	0	0	0	0	0	0	0	0	0	0	0	0	0	0	0	0	0	0	0	0	0	0	0	0	0	0	0	0	0	0	0	0	0	0	0	0	0	0	0	0	0	0	0	0	0	0	0	0	0	0	0	0	0	0	0	0	0	0	0	0	0	0	0	0	0	0	0	0	0	0	0	0	0	0	11	1	1	1	1	1	1	1	1	1	1	1	1	1	1	1	2	1	1	1	1	1	1	1	1	1	1	1	1	1	1	1	1	1	1	2	1	49	15	4	4	5	4	5	4	4	4	5	4	5	4	4	4	4	4	6	4	4	4	4	4	4	4	4	4	4	4	4	4	4	4	4	4	4	5	166	0	0	0	0	0	0	0	0	0	0	0	0	0	0	0	0	0	0	0	0	0	0	0	0	0	0	0	0	0	0	0	0	0	0	0	0	0	0	2	2	2	2	3	2	2	3	2	2	2	2	2	3	2	2	2	2	2	2	2	3	2	2	2	2	2	2	3	2	2	2	2	2	2	3	3	81	0	0	0	0	0	0	0	0	0	0	0	0	0	0	0	0	0	0	0	0	0	0	0	0	0	0	0	0	0	0	0	0	0	0	0	0	0	0	0	0	0	0	0	0	0	0	0	0	0	0	0	0	0	0	0	0	0	0	0	0	0	0	0	0	0	0	0	0	0	0	0	0	0	0	0	0	2	0	0	0	0	0	0	0	0	0	0	0	0	0	0	0	0	0	0	0	0	0	0	0	0	0	0	0	0	0	0	0	0	0	0	0	0	2	0	0	0	0	0	0	0	0	0	0	0	0	0	0	0	0	0	0	0	0	0	0	0	0	0	0	0	0	0	0	0	0	0	0	0	0	0	0	0	0	0	0	0	0	0	0	0	0	0	0	0	0	0	0	0	0	0	0	0	0	0	0	0	0	0	0	0	0	0	0	0	0	0	0	0	0	0	0	0	0	0	0	0	0	0	0	0	0	0	0	0	0	0	0	0	0	0	0	0	0	0	0	0	0	0	0	0	0	0	0	0	0	0	0	0	0	0	0	0	0	0	0	0	0	0	0	0	0	0	0	0	0	0	0	0	0	0	0	0	0	0	0	0	0	0	0	0	0	0	0	0	0	0	0	0	0	0	0	0	0	0	0	0	0	0	0	0	0	0	0	0	0	0	0	0	0	0	0	0	0	0	0	0	0	0	0	0	0	0	0	15	6	3	4	3	4	3	3	3	4	3	3	3	3	4	3	3	3	3	3	4	3	3	3	3	3	3	3	4	3	3	3	3	3	3	5	4	135	1	1	1	1	1	1	1	1	1	1	1	1	1	1	1	1	1	1	1	1	1	1	1	1	1	1	1	1	1	1	1	1	1	1	1	1	1	37	83	43	1	91	28	0	0	43	18001	5	4	9	639	71	2	10	0	5	0	1	36	0	16	1	6	0	0	0	0	0	0	0	0	0	0	0	1	13	2	6	2	0	0	0	3	13	0	0	0	0	1	4713	4514	74	63	251	2042	350	93	10	945	211	233	47	31	155	16	38	63	31	0	367	611	2561	2505	76	21	2	1	42	40	0	87	636	4	262	18	21113	1	2	1	0	3	2	4	3	2	1	3	0	0	3	1	0	3	1	6	2	0	4	0	0	3	1	4	5	3	1	2	2	2	2	0	1	68	6	239	643	6	5	63	39	426	4	84	31	17	5	0	2	58	1	2	3	15	17	27	0	0	19	0	3	4	3	2	16	0	3	0	0	0	14	0	9	1	3	0	7	84	0	0	5	0	285	3	1	0	5	0	0	2	0	22	0	0	7	0	0	0	144	0	0	0	0	0	13	23	3	0	0	0	0	0	11	3	0	2	3	0	0	7	0	0	4	1	6	11	3	0	0	12	0	12	0	0	0	0	0	0	0	0	0	0	0	70	0	0	201	0	0	0	0	0	3	8	66	3134	0	0	0	0	0	0	0	24	55	0	54	0	7168	14	18	8	5	1	31	14	2	1	7	46	7	8	6	1	10	4	0	4	17	45	1	1	1	0	3	1	17	4	1	24	0	2	11	2	54	3	2	9	17	3	0	1	23
6	1	0	0	0	0	0	0	0	1	0	0	0	0	0	0	0	0	0	0	0	0	0	0	0	1	0	0	0	0	0	0	0	0	0	0	1	10	1	1	1	1	1	1	1	1	1	1	1	1	1	1	1	1	1	1	1	1	1	1	1	1	1	1	1	1	1	1	1	1	1	1	1	1	1	37	0	0	0	0	0	0	0	0	0	0	0	0	0	0	0	0	0	0	0	0	0	0	0	0	0	0	0	0	0	0	0	0	0	0	0	0	0	0	5	1	0	0	0	0	0	1	0	1	0	0	0	0	0	0	0	0	0	0	0	0	0	0	0	0	0	0	0	0	0	0	0	0	0	0	0	8	0	1	0	0	0	0	0	0	0	0	0	0	0	0	0	0	0	0	0	0	0	0	0	0	0	0	0	0	0	0	0	0	0	0	0	0	0	1	13	3	1	1	1	1	1	2	1	1	1	1	1	1	2	1	1	1	1	1	1	1	1	1	1	1	1	1	1	1	1	1	1	1	1	1	2	54	4	3	1	1	1	1	2	1	2	1	1	1	1	1	3	1	2	1	1	1	1	1	1	1	1	2	1	1	1	1	1	1	1	1	1	1	2	49	0	0	0	0	0	0	0	0	0	0	0	0	0	0	0	0	0	0	0	0	0	0	0	0	0	0	0	0	0	0	0	0	0	0	0	0	0	0	6	2	3	2	2	2	2	2	2	2	2	2	2	2	2	2	2	2	2	2	2	2	2	2	2	2	2	2	2	2	2	2	2	2	2	2	2	79	0	0	0	0	0	0	0	0	0	0	0	0	0	0	0	0	0	0	0	0	0	0	0	0	0	0	0	0	0	0	0	0	0	0	0	0	0	0	0	0	0	0	0	0	0	0	0	0	0	0	0	0	0	0	0	0	0	0	0	0	0	0	0	0	0	0	0	0	0	0	0	0	0	0	0	0	0	0	0	0	0	0	0	0	0	0	0	0	0	0	0	0	0	0	0	0	0	0	0	0	0	0	0	0	0	0	0	0	0	0	0	0	0	0	3	1	1	1	1	1	1	1	2	1	2	1	1	2	1	1	1	1	1	2	1	1	2	1	1	1	1	1	2	1	1	1	1	1	1	1	2	46	14	4	3	2	2	3	2	2	2	2	2	2	2	2	2	2	2	2	2	2	2	2	2	2	2	2	2	2	2	2	2	2	2	2	2	2	4	92	0	0	0	0	0	0	0	0	0	0	0	0	0	0	0	0	0	0	0	0	0	0	0	0	0	0	0	0	0	0	0	0	0	0	0	0	0	0	6	4	4	4	5	4	4	4	4	4	5	4	4	5	5	5	4	4	4	4	4	4	5	4	4	4	4	4	5	4	4	4	4	4	4	4	5	158	0	0	0	0	0	0	0	0	0	0	0	0	0	0	0	0	0	0	0	0	0	0	0	0	0	0	0	0	0	0	0	0	0	0	0	0	0	0	1	0	0	0	0	0	0	0	0	0	0	0	0	0	0	0	0	0	0	0	0	0	0	0	0	0	0	0	0	0	0	0	0	0	0	0	0	1	0	0	0	0	0	0	0	0	0	0	0	0	0	0	0	0	0	0	0	0	0	0	0	0	0	0	0	0	0	0	0	0	0	0	0	0	0	0	0	0	0	0	0	0	0	0	0	0	0	0	0	0	0	0	0	0	0	0	0	0	0	0	0	0	0	0	0	0	0	0	0	0	0	0	0	0	0	0	0	0	0	0	0	0	0	0	0	0	0	0	0	0	0	0	0	0	0	0	0	0	0	0	0	0	0	0	0	0	0	0	0	0	0	0	0	0	0	0	0	0	0	0	0	0	0	0	0	0	0	0	0	0	0	0	0	0	0	0	0	0	0	0	0	0	0	0	0	0	0	0	0	0	0	0	0	0	0	0	0	0	0	0	0	0	0	0	0	0	0	0	0	0	0	0	0	0	0	0	0	0	0	0	0	0	0	0	0	0	0	0	0	0	0	0	0	0	0	0	0	0	0	0	0	0	0	0	0	0	0	0	0	0	1	0	0	0	0	0	0	0	0	0	0	0	0	0	0	1	26	5	5	3	2	3	3	3	2	3	3	2	2	2	2	3	2	2	2	2	2	2	2	2	2	2	2	2	2	2	2	2	2	2	2	2	5	114	1	1	1	1	1	1	1	1	1	1	1	1	1	1	1	1	1	1	1	1	1	1	1	1	1	1	1	1	1	1	1	1	1	1	1	1	1	37	156	79	9	60	53	0	0	24	18769	7	4	15	651	105	11	34	0	7	0	1	34	0	10	4	26	0	0	0	0	0	0	0	0	11	0	0	0	9	0	4	1	0	0	0	20	7	1	0	3	2	1	1363	2139	229	77	266	2030	162	566	173	869	239	140	93	33	159	2	20	25	33	1	174	1032	1354	2019	17	19	7	49	5	64	3	58	599	1	379	60	14459	0	0	0	0	2	1	0	0	0	1	0	0	0	1	0	1	0	0	7	0	0	2	0	0	2	1	0	0	0	1	2	1	0	1	0	0	23	0	274	720	3	15	89	85	537	27	185	24	13	1	2	0	25	0	0	1	7	55	55	0	0	2	0	3	9	12	4	30	0	5	2	0	0	9	0	15	0	0	0	6	67	0	0	4	0	148	7	0	7	19	0	0	4	0	18	0	0	0	0	0	0	110	0	2	0	2	0	9	28	5	1	0	0	2	1	10	5	0	5	10	0	0	0	0	0	0	3	2	10	6	0	6	3	0	3	0	0	0	0	0	0	0	0	0	0	0	70	0	0	201	0	0	0	0	0	3	8	66	3134	0	0	0	0	0	0	0	24	55	0	54	0	7168	13	17	8	5	1	28	14	3	1	8	44	6	8	5	1	10	4	0	4	15	43	1	1	1	0	3	1	15	3	1	21	0	1	13	2	52	3	1	9	16	3	0	1	25
1	2	0	0	0	1	0	0	1	1	2	0	0	0	1	0	0	0	0	0	0	0	0	0	0	0	0	0	0	0	0	0	0	0	0	0	2	11	2	1	1	1	1	1	1	1	1	1	1	1	1	1	1	1	1	1	1	1	1	1	1	1	1	1	1	1	1	1	1	1	1	1	1	1	1	38	1	1	1	1	1	1	1	1	1	1	1	1	1	1	1	1	1	1	1	1	1	1	1	1	1	1	1	1	1	1	1	1	1	1	1	1	1	37	6	1	1	0	0	1	0	0	0	0	0	0	0	0	0	0	0	0	0	0	0	0	0	0	0	0	0	0	0	0	0	0	0	0	0	0	0	9	2	0	0	0	0	0	0	0	0	0	1	0	0	0	0	0	0	0	0	0	0	0	0	0	0	0	0	0	0	0	0	0	0	0	0	0	0	3	11	0	0	0	0	0	0	1	0	0	1	0	0	0	0	0	0	0	0	0	0	0	0	0	0	0	0	0	0	0	0	0	0	0	0	0	0	13	5	0	0	0	0	0	0	0	0	0	0	0	0	0	0	0	0	0	0	0	0	0	0	0	0	0	0	0	0	0	0	0	0	0	0	0	0	5	0	0	0	0	0	0	0	0	0	0	0	0	0	0	0	0	0	0	0	0	0	0	0	0	0	0	0	0	0	0	0	0	0	0	0	0	0	0	5	0	0	0	0	0	0	0	0	0	0	0	0	0	0	0	0	0	0	0	0	0	0	0	0	0	0	0	0	0	0	0	0	0	0	0	0	5	0	0	0	0	0	0	0	0	0	0	0	0	0	0	0	0	0	0	0	0	0	0	0	0	0	0	0	0	0	0	0	0	0	0	0	0	0	0	0	0	0	0	0	0	0	0	0	0	0	0	0	0	0	0	0	0	0	0	0	0	0	0	0	0	0	0	0	0	0	0	0	0	0	0	0	0	0	0	0	0	0	0	0	0	0	0	0	0	0	0	0	0	0	0	0	0	0	0	0	0	0	0	0	0	0	0	0	0	0	0	0	0	0	0	10	5	5	5	5	6	5	5	5	5	5	5	5	5	5	6	5	5	5	5	5	5	5	5	5	5	5	5	5	5	5	5	5	5	5	5	5	192	17	3	1	0	0	1	0	0	0	0	0	0	0	0	0	0	0	0	0	0	1	0	0	0	0	1	0	0	0	0	0	0	1	0	0	0	1	26	0	0	0	0	0	0	0	0	0	0	0	0	0	0	0	0	0	0	0	0	0	0	0	0	0	0	0	0	0	0	0	0	0	0	0	0	0	0	7	3	3	3	3	4	3	3	3	3	3	3	3	4	3	3	3	3	3	3	3	3	3	3	3	3	3	3	3	3	3	3	3	3	3	3	4	118	0	0	0	0	0	0	0	0	0	0	0	0	0	0	0	0	0	0	0	0	0	0	0	0	0	0	0	0	0	0	0	0	0	0	0	0	0	0	0	0	0	0	0	0	0	0	0	0	0	0	0	0	0	0	0	0	0	0	0	0	0	0	0	0	0	0	0	0	0	0	0	0	0	0	0	0	2	1	1	1	1	1	1	1	1	1	1	1	1	1	1	1	1	1	1	1	1	1	1	1	1	1	1	1	1	1	1	1	1	1	1	1	1	38	0	0	0	0	0	0	0	0	0	0	0	0	0	0	0	0	0	0	0	0	0	0	0	0	0	0	0	0	0	0	0	0	0	0	0	0	0	0	1	1	1	1	1	1	1	1	1	1	1	1	1	1	1	1	1	1	1	1	1	1	1	1	1	1	1	1	1	1	1	1	1	1	1	1	1	37	0	0	0	0	0	0	0	0	0	0	0	0	0	0	0	0	0	0	0	0	0	0	0	0	0	0	0	0	0	0	0	0	0	0	0	0	0	0	1	1	1	1	1	1	1	1	1	1	1	1	1	1	1	1	1	1	1	1	1	1	1	1	1	1	1	1	1	1	1	1	1	1	1	1	1	37	0	0	0	0	0	1	0	0	0	0	0	0	0	0	0	0	0	0	0	0	0	0	0	0	0	0	0	0	0	0	0	0	0	0	0	0	0	1	15	2	2	0	0	1	0	0	0	1	0	0	0	0	1	0	0	0	0	0	1	0	0	0	0	1	0	0	0	0	0	0	2	0	0	0	0	26	0	0	0	0	0	0	0	0	0	0	0	0	0	0	0	0	0	0	0	0	0	0	0	0	0	0	0	0	0	0	0	0	0	0	0	0	0	0	153	79	1	95	23	0	0	19	25737	16	18	9	738	106	13	13	0	29	0	0	69	0	24	0	38	2	0	0	0	0	0	0	0	0	0	0	0	23	1	11	3	0	0	0	8	34	1	0	0	0	10	2241	9060	162	101	317	1657	3345	122	82	1111	316	323	1251	116	208	11	528	115	14	0	242	368	1223	1654	11	39	3	3	5	102	5	112	10077	3	194	5	35126	1	1	1	0	0	0	1	0	0	0	1	0	0	0	0	0	0	0	5	0	0	0	5	0	0	0	0	0	0	0	2	4	3	0	0	3	27	18	318	898	11	8	116	95	709	19	336	41	5	11	0	0	49	0	0	4	24	29	51	0	3	38	0	0	26	4	3	78	0	3	0	0	0	12	0	27	0	0	0	11	186	0	0	17	0	315	2	0	0	15	0	0	0	0	16	0	2	1	0	0	0	157	3	0	0	0	0	25	64	12	0	1	0	0	0	11	7	0	3	5	0	2	3	0	1	0	0	14	5	8	0	4	3	0	12	0	0	0	0	0	0	0	0	0	0	0	70	0	0	201	0	0	0	0	0	3	8	66	3134	0	0	0	0	0	0	0	24	55	0	54	0	7168	15	16	7	4	1	25	12	3	1	7	45	6	7	5	1	10	3	0	4	16	43	1	1	1	0	3	1	16	2	1	18	0	1	11	2	52	3	1	9	14	3	0	1	20
7	1	0	2	0	0	0	0	1	0	1	0	0	0	0	0	0	0	0	0	0	0	0	0	0	0	0	0	0	0	0	0	0	0	0	0	0	12	0	0	0	0	0	0	0	0	0	0	0	0	0	0	0	0	0	0	0	0	0	0	0	0	0	0	0	0	0	0	0	0	0	0	0	0	0	0	2	1	1	1	1	1	1	1	1	1	1	1	1	1	1	1	1	1	1	1	1	1	1	1	1	1	1	1	1	1	1	1	1	1	1	1	1	38	5	1	1	1	1	2	1	1	1	1	1	1	1	2	2	1	1	1	1	1	1	1	1	1	1	1	1	2	1	1	1	1	1	1	1	1	1	45	6	1	1	1	1	2	1	1	1	1	1	1	1	1	1	1	1	2	1	1	1	1	1	1	1	1	1	1	1	1	1	1	1	1	1	1	1	44	12	4	2	3	2	3	2	3	2	2	2	2	2	3	2	2	2	2	2	2	3	2	2	3	2	2	2	2	2	2	2	2	2	2	2	2	2	92	0	0	0	0	0	0	0	1	0	0	0	1	0	0	0	0	0	0	0	0	0	0	0	0	0	0	0	0	1	0	0	0	0	0	0	0	0	3	2	2	2	2	2	2	2	2	2	2	2	2	2	2	2	2	2	2	2	2	2	2	2	2	2	2	2	2	2	2	2	2	3	2	2	2	2	75	2	0	0	0	0	0	0	1	0	0	0	0	0	0	0	0	1	0	0	0	1	0	0	0	0	0	0	0	0	0	0	0	0	0	0	0	0	5	0	0	0	0	0	0	0	0	0	0	0	0	0	0	0	0	0	0	0	0	0	0	0	0	0	0	0	0	0	0	0	0	0	0	0	0	0	0	0	0	0	0	0	0	0	0	0	0	0	0	0	0	0	0	0	0	0	0	0	0	0	0	0	0	0	0	0	0	0	0	0	0	0	0	0	0	0	0	0	0	0	0	0	0	0	0	0	0	0	0	0	0	0	0	0	0	0	0	0	0	0	0	0	0	0	0	0	0	0	0	0	0	0	0	19	7	7	7	7	8	7	7	7	9	8	7	7	7	7	7	7	7	8	7	8	7	7	8	7	8	7	7	7	7	7	7	8	7	7	7	7	280	19	3	2	1	1	2	2	2	2	1	1	1	1	2	1	1	1	2	1	1	2	1	1	1	1	1	1	3	1	1	1	1	1	1	1	1	1	67	0	0	0	0	0	0	0	0	0	0	0	0	0	0	0	0	0	0	0	0	0	0	0	0	0	0	0	0	0	0	0	0	0	0	0	0	0	0	8	3	3	4	3	4	3	3	3	4	3	3	3	3	3	4	3	3	4	3	5	3	3	4	3	3	3	3	3	3	3	3	4	3	3	3	3	125	0	0	0	0	0	0	0	0	0	0	0	0	0	0	0	0	0	0	0	0	0	0	0	0	0	0	0	0	0	0	0	0	0	0	0	0	0	0	0	0	0	0	0	0	0	0	0	0	0	0	0	0	0	0	0	0	0	0	0	0	0	0	0	0	0	0	0	0	0	0	0	0	0	0	0	0	0	0	0	0	0	0	0	0	0	0	0	0	0	0	0	0	0	0	0	0	0	0	0	0	0	0	0	0	0	0	0	0	0	0	0	0	0	0	0	0	0	0	0	1	0	0	0	1	0	0	0	0	0	0	0	0	1	0	0	0	0	0	0	0	0	0	0	0	0	0	0	0	0	0	0	3	1	0	0	0	0	0	0	0	0	0	0	0	0	0	0	0	0	0	0	0	0	0	0	0	0	0	0	0	0	0	0	0	0	0	0	0	0	1	0	0	0	0	0	0	0	0	0	0	0	0	0	0	0	0	0	0	0	0	0	0	0	0	0	0	0	0	0	0	0	0	0	0	0	0	0	0	0	0	0	0	0	0	0	0	0	0	0	0	0	0	0	0	0	0	0	0	0	0	0	0	0	0	0	0	0	0	0	0	0	0	0	0	0	0	0	0	0	0	0	0	0	0	0	0	0	0	0	0	0	0	0	0	0	0	0	0	0	0	0	0	0	0	0	0	0	0	0	0	0	0	0	0	18	1	2	0	0	0	1	0	1	0	0	0	0	0	2	0	1	0	0	0	1	0	1	0	0	0	0	2	0	0	0	0	0	0	0	0	0	30	0	0	0	0	0	0	0	0	0	0	0	0	0	0	0	0	0	0	0	0	0	1	0	0	0	0	0	0	0	0	0	0	0	0	0	0	0	1	161	102	7	90	27	0	0	17	18716	12	29	11	710	94	1	14	0	14	1	1	57	0	9	1	43	0	0	0	0	0	0	0	0	0	0	0	13	49	4	0	2	0	0	0	14	2	0	2	10	0	3	2987	4816	712	84	1482	3913	286	136	138	2192	422	515	376	321	258	22	21	48	15	0	304	1221	3348	4449	41	38	2	9	3	54	12	75	2000	3	1437	30	31770	0	2	1	0	1	0	1	0	0	0	1	0	0	1	1	0	0	1	4	0	0	0	0	0	0	1	1	0	1	1	1	0	1	1	0	0	20	20	249	862	4	13	96	52	597	10	189	36	15	21	5	0	6	0	0	2	20	25	16	0	4	39	0	6	49	6	6	34	0	8	5	1	0	10	4	18	0	0	0	23	135	8	0	5	0	361	0	0	4	5	0	0	1	3	0	0	1	19	0	0	0	127	0	3	0	6	0	13	22	4	3	2	14	0	4	13	4	0	0	1	0	2	0	0	1	0	1	12	15	2	0	0	4	0	17	0	0	0	0	0	0	0	0	0	0	0	70	0	0	201	0	0	0	0	0	3	8	66	3134	0	0	0	0	0	0	0	24	55	0	54	0	7168	17	15	8	4	1	26	14	3	1	7	42	6	8	5	1	9	3	0	4	17	41	1	1	1	0	3	1	16	2	1	17	0	1	11	2	53	2	1	9	17	3	0	1	20
5	0	0	0	0	0	1	0	0	0	0	0	0	0	0	0	0	0	0	0	0	1	0	0	0	0	1	0	0	0	0	0	0	0	0	0	1	9	0	0	0	0	0	0	0	0	0	0	0	0	0	0	0	0	0	0	0	0	0	0	0	0	0	0	0	0	0	0	0	0	0	0	0	0	0	0	0	0	0	0	0	0	0	0	0	0	0	0	0	0	0	0	0	0	0	0	0	0	0	0	0	0	0	0	0	0	0	0	0	0	0	0	0	0	6	3	1	0	0	1	0	0	0	0	0	0	0	0	0	0	0	0	0	0	0	0	0	0	0	0	0	0	0	0	0	0	0	0	0	0	0	11	3	0	0	1	0	0	0	1	0	0	0	0	0	0	0	0	0	0	0	0	0	0	0	0	0	0	0	0	0	0	0	0	0	0	0	0	0	5	8	3	3	2	3	2	2	2	2	2	2	2	2	2	2	2	2	2	2	2	2	2	2	2	2	2	2	2	2	2	2	2	2	2	2	2	2	83	3	0	0	0	0	0	0	0	0	0	0	0	0	0	0	0	0	0	0	0	0	0	0	0	0	0	0	0	0	0	0	0	0	0	0	0	0	3	1	0	0	0	0	0	0	0	0	0	0	0	0	0	0	0	0	0	0	0	0	0	0	0	0	0	0	0	0	0	0	0	0	0	0	0	0	1	3	0	0	0	0	1	0	0	0	0	0	0	0	0	0	0	0	0	0	0	0	1	0	0	0	0	0	0	0	0	0	0	0	0	0	0	0	5	0	0	0	0	0	0	0	0	0	0	0	0	0	0	0	0	0	0	0	0	0	0	0	0	0	0	0	0	0	0	0	0	0	0	0	0	0	0	0	0	0	0	0	0	0	0	0	0	0	0	0	0	0	0	0	0	0	0	0	0	0	0	0	0	0	0	0	0	0	0	0	0	0	0	0	0	0	0	0	0	0	0	0	0	0	0	0	0	0	0	0	0	0	0	0	0	0	0	0	0	0	0	0	0	0	0	0	0	0	0	0	0	0	0	7	3	3	3	3	3	3	3	3	3	3	3	3	3	3	3	3	3	3	3	3	3	3	3	3	3	3	3	3	3	3	3	3	3	3	3	3	115	10	2	1	0	1	1	0	1	0	0	0	0	0	0	0	0	0	0	0	0	0	1	0	0	0	0	0	0	0	2	0	0	0	0	0	0	0	19	0	0	0	0	0	0	0	0	0	0	0	0	0	0	0	0	0	0	0	0	0	0	0	0	0	0	0	0	0	0	0	0	0	0	0	0	0	0	1	2	1	1	1	1	1	1	1	1	1	1	1	1	1	1	1	1	1	1	1	1	1	1	1	1	1	1	1	1	1	1	1	1	1	1	1	38	0	0	0	0	0	0	0	0	0	0	0	0	0	0	0	0	0	0	0	0	0	0	0	0	0	0	0	0	0	0	0	0	0	0	0	0	0	0	0	0	0	0	0	0	0	0	0	0	0	0	0	0	0	0	0	0	0	0	0	0	0	0	0	0	0	0	0	0	0	0	0	0	0	0	0	0	0	0	0	0	0	0	0	0	0	0	0	0	0	0	0	0	0	0	0	0	0	0	0	0	0	0	0	0	0	0	0	0	0	0	0	0	0	0	1	0	0	0	0	0	0	0	0	0	0	0	0	0	0	0	0	0	0	0	0	0	0	0	0	0	0	0	0	0	0	0	0	0	0	0	0	1	0	0	0	0	0	0	0	0	0	0	0	0	0	0	0	0	0	0	0	0	0	0	0	0	0	0	0	0	0	0	0	0	0	0	0	0	0	0	0	0	0	0	0	0	0	0	0	0	0	0	0	0	0	0	0	0	0	0	0	0	0	0	0	0	0	0	0	0	0	0	0	0	0	0	0	0	0	0	0	0	0	0	0	0	0	0	0	0	0	0	0	0	0	0	0	0	0	0	0	0	0	0	0	0	0	0	0	0	0	0	0	0	0	0	0	0	0	0	0	0	0	0	0	0	0	0	0	0	0	0	0	0	0	0	0	0	0	0	0	0	0	0	0	0	0	0	0	0	0	0	0	0	15	3	1	0	0	2	0	0	0	0	0	0	0	0	0	0	1	0	0	0	0	1	0	0	0	0	1	0	0	2	0	0	1	0	0	1	0	28	1	0	0	0	0	0	0	0	0	0	0	0	0	0	0	0	0	0	0	0	0	0	0	0	0	0	0	0	0	0	0	0	0	0	0	0	0	1	198	55	13	85	18	0	0	29	22496	4	11	5	622	64	4	14	2	10	0	4	88	0	29	3	13	4	0	0	0	0	0	0	0	0	0	0	0	37	8	2	3	0	0	0	2	3	0	0	2	0	1	1843	4273	224	52	269	5318	291	647	9	1220	203	5992	265	176	5675	10	53	101	138	0	625	860	865	3371	9	13	20	23	4	26	7	43	1120	0	179	36	33960	1	0	1	0	0	0	0	0	1	1	2	0	0	3	0	1	0	0	4	1	0	0	7	0	0	0	0	0	0	0	2	4	4	0	0	4	36	11	262	677	0	18	81	37	493	38	211	15	2	4	2	0	26	1	1	0	20	46	44	0	2	94	1	4	31	5	7	24	0	9	4	0	0	15	0	15	0	0	0	21	133	1	0	3	0	266	11	0	0	9	0	0	4	0	6	0	0	3	0	0	0	145	0	1	0	0	0	18	25	4	0	5	0	0	0	21	0	0	1	2	0	2	1	0	0	0	2	15	3	8	0	2	3	0	4	0	0	0	0	0	0	0	0	0	0	0	70	0	0	201	0	0	0	0	0	3	8	66	3134	0	0	0	0	0	0	0	24	55	0	54	0	7168	17	17	9	5	1	31	13	3	1	7	45	9	9	6	1	11	4	0	4	17	41	1	1	1	1	4	1	17	2	1	20	0	1	13	2	50	3	2	10	16	3	0	1	23
1	0	0	0	0	0	0	0	0	0	1	0	0	0	0	0	0	0	0	0	0	0	0	0	0	0	0	0	0	0	0	0	0	0	0	0	0	2	3	0	0	0	0	0	0	0	0	0	0	0	0	0	0	0	0	0	0	0	0	0	0	0	0	0	0	0	0	0	0	0	0	0	0	0	0	3	0	0	0	0	0	0	0	0	0	0	0	0	0	0	0	0	0	0	0	0	0	0	0	0	0	0	0	0	0	0	0	0	0	0	0	0	0	0	3	1	1	1	1	1	1	1	1	1	1	1	1	1	1	1	1	1	1	1	1	1	1	1	1	1	1	1	1	1	1	1	1	1	1	1	1	39	0	0	0	0	0	0	0	0	0	0	0	0	0	0	0	0	0	0	0	0	0	0	0	0	0	0	0	0	0	0	0	0	0	0	0	0	0	0	6	0	0	1	0	2	0	0	0	0	0	0	0	0	1	0	0	0	0	0	0	0	0	0	0	0	0	0	0	0	0	0	0	0	0	0	0	10	0	0	0	0	0	0	0	0	0	0	0	0	0	0	0	0	0	0	0	0	0	0	0	0	0	0	0	0	0	0	0	0	0	0	0	0	1	1	1	1	1	1	1	1	1	1	1	1	1	1	1	1	1	1	1	1	1	1	1	1	1	1	1	1	1	1	1	1	1	1	1	1	1	1	1	37	0	0	0	0	0	0	0	0	0	0	0	0	0	0	0	0	0	0	0	0	0	0	0	0	0	0	0	0	0	0	0	0	0	0	0	0	1	1	0	0	0	0	0	0	0	0	0	0	0	0	0	0	0	0	0	0	0	0	0	0	0	0	0	0	0	0	0	0	0	0	0	0	0	0	0	0	0	0	0	0	0	0	0	0	0	0	0	0	0	0	0	0	0	0	0	0	0	0	0	0	0	0	0	0	0	0	0	0	0	0	0	0	0	0	0	0	0	0	0	0	0	0	0	0	0	0	0	0	0	0	0	0	0	0	0	0	0	0	0	0	0	0	0	0	0	0	0	0	0	0	0	0	7	3	3	4	3	3	3	3	3	3	3	3	3	4	4	3	3	3	4	3	3	3	3	3	3	3	3	3	3	3	3	3	3	3	3	3	4	120	9	0	0	0	0	0	0	0	0	0	0	0	0	0	3	0	0	0	0	0	0	0	0	0	0	0	0	0	0	0	0	0	0	0	0	0	0	12	0	0	0	0	0	0	0	0	0	0	0	0	0	0	0	0	0	0	0	0	0	0	0	0	0	0	0	0	0	0	0	0	0	0	0	0	0	0	1	1	1	1	1	1	1	2	1	1	3	2	1	1	1	1	1	1	1	1	1	1	2	2	1	1	1	1	1	1	1	2	1	1	2	2	2	47	0	0	0	0	0	0	0	0	0	0	0	0	0	0	0	0	0	0	0	0	0	0	0	0	0	0	0	0	0	0	0	0	0	0	0	0	0	0	0	0	0	0	0	0	0	0	0	0	0	0	0	0	0	0	0	0	0	0	0	0	0	0	0	0	0	0	0	0	0	0	0	0	0	0	0	0	0	0	0	0	0	0	0	0	0	0	0	0	0	0	0	0	0	0	1	0	0	0	0	0	0	0	0	0	0	0	0	0	0	0	0	0	0	1	0	0	0	0	0	0	0	0	0	0	0	0	0	0	0	0	0	0	0	0	0	0	0	0	0	0	0	0	0	0	0	0	0	0	0	0	0	0	0	0	0	0	0	0	0	0	0	0	0	0	0	0	0	0	0	0	0	0	0	0	0	0	0	0	0	0	0	0	0	0	0	0	0	0	0	0	0	0	0	0	0	0	0	0	0	0	0	0	0	0	0	0	0	0	0	0	0	0	0	0	0	0	0	0	0	0	0	0	0	0	0	0	0	0	0	0	0	0	0	0	0	0	0	0	0	0	0	0	0	0	0	0	0	0	0	0	0	0	0	0	0	0	0	0	0	0	0	0	0	0	0	0	0	0	0	0	0	0	0	0	0	0	0	0	0	0	0	0	0	0	0	0	0	0	0	0	0	0	0	0	0	0	0	0	0	0	0	0	0	0	11	0	0	0	0	0	0	0	0	0	0	0	0	0	2	0	0	0	0	0	0	0	0	0	0	0	0	0	0	0	0	0	0	0	0	0	0	13	0	0	0	0	0	0	0	0	0	0	0	0	0	0	0	0	0	0	0	0	0	0	0	0	0	0	0	0	0	0	0	0	0	0	0	0	0	0	216	155	17	138	70	1	0	22	26583	6	9	31	972	117	13	7	8	15	0	5	51	0	10	2	28	3	0	0	0	0	0	0	0	0	0	0	0	33	7	5	2	0	0	0	11	3	11	0	2	0	3	3265	7038	136	50	329	10199	958	170	6	990	167	1614	193	30	843	0	58	40	34	0	1049	367	2196	3935	13	30	5	35	0	25	7	685	2417	7	127	526	37544	1	0	1	0	1	0	0	1	1	3	1	0	0	2	2	2	0	1	5	0	0	14	0	0	0	1	1	0	0	0	2	2	1	1	0	1	44	47	343	905	0	12	114	104	704	12	312	34	14	14	8	2	20	2	2	0	55	30	42	5	2	24	0	1	24	16	4	32	1	12	4	2	0	30	0	7	8	12	0	7	148	0	0	0	0	289	2	1	0	16	1	0	0	0	0	0	0	14	0	0	0	153	0	4	0	0	0	16	50	17	0	4	10	0	0	23	0	0	6	2	1	2	1	5	0	7	2	37	15	10	0	2	8	0	12	0	0	0	0	0	0	0	0	0	0	0	70	0	0	201	0	0	0	0	0	3	8	66	3134	0	0	0	0	0	0	0	24	55	0	54	0	7168	35	17	8	4	1	30	13	3	1	7	45	6	8	5	1	10	6	0	4	16	42	1	1	1	0	4	1	16	2	1	20	0	2	14	2	53	3	2	10	17	3	0	1	24
1	4	0	0	1	1	1	1	0	0	0	0	0	0	0	0	1	1	1	0	0	0	0	0	2	1	1	1	1	1	0	0	0	1	0	0	0	20	4	1	1	1	1	1	1	1	1	1	1	1	1	1	1	1	1	1	1	1	1	1	1	1	1	1	1	1	1	1	1	1	1	1	1	1	1	40	0	0	1	0	0	0	0	0	0	0	0	0	0	0	0	0	0	0	0	0	0	0	0	0	0	0	0	0	0	0	0	0	0	0	0	0	0	1	5	0	1	0	0	0	0	0	0	0	0	0	0	0	0	0	0	0	0	0	0	0	0	0	0	0	0	0	0	0	0	0	0	0	0	0	0	6	2	0	0	0	0	0	0	0	0	0	0	0	0	0	2	0	0	0	0	0	0	0	0	0	0	0	0	0	0	1	0	0	0	0	0	0	0	5	8	2	1	0	0	1	0	0	0	0	0	0	0	0	0	0	0	0	0	0	0	0	0	0	0	0	0	0	0	0	0	0	0	0	0	0	0	12	0	0	0	0	0	0	0	0	0	0	0	0	0	0	0	0	0	0	0	0	0	0	0	0	0	0	0	0	0	0	0	0	0	0	0	0	0	0	2	2	2	2	2	2	2	2	2	2	2	2	2	2	2	2	2	2	2	2	2	2	2	2	2	2	2	2	2	2	2	2	2	2	2	2	2	74	4	3	3	3	3	3	3	4	3	3	3	3	3	3	3	3	3	3	3	3	3	3	3	3	3	3	3	3	3	3	3	3	3	3	3	3	3	113	3	3	3	3	3	3	3	3	3	3	3	3	3	3	3	3	3	3	3	3	3	3	3	3	3	3	3	3	3	3	3	3	3	3	3	3	3	111	0	0	0	0	0	0	0	0	0	0	0	0	0	0	0	0	0	0	0	0	0	0	0	0	0	0	0	0	0	0	0	0	0	0	0	0	0	0	0	0	0	0	0	0	0	0	0	0	0	0	0	0	0	0	0	0	0	0	0	0	0	0	0	0	0	0	0	0	0	0	0	0	0	0	0	0	11	8	6	5	6	5	6	7	5	5	5	5	5	5	5	5	6	6	6	5	5	5	6	5	7	6	6	6	6	6	5	5	5	6	5	5	6	212	7	4	2	2	2	2	2	2	2	2	2	2	2	2	2	2	3	2	2	2	2	2	2	2	2	2	2	2	2	2	2	2	2	2	2	2	2	82	0	0	0	0	0	0	0	0	0	0	0	0	0	0	0	0	0	0	0	0	0	0	0	0	0	0	0	0	0	0	0	0	0	0	0	0	0	0	5	4	4	4	4	4	4	4	4	4	5	4	4	4	4	4	4	4	4	4	4	4	4	4	4	4	4	4	4	4	4	4	4	4	4	4	5	151	0	0	0	0	0	0	0	0	0	0	0	0	0	0	0	0	0	0	0	0	0	0	0	0	0	0	0	0	0	0	0	0	0	0	0	0	0	0	1	0	0	0	0	0	0	0	0	0	0	0	0	0	0	0	0	0	0	0	0	0	0	0	0	0	0	0	0	0	0	0	0	0	0	0	0	1	1	1	1	1	1	1	1	1	1	1	1	1	1	1	1	1	1	1	1	1	1	1	1	1	1	1	1	1	1	1	1	1	1	1	1	1	1	37	1	1	1	1	1	1	1	1	1	1	1	1	1	1	1	1	1	1	1	1	1	1	1	1	1	1	1	1	1	1	1	1	1	1	1	1	1	37	1	0	0	0	0	0	0	1	0	0	0	0	0	0	0	0	0	0	0	0	0	0	0	0	0	0	0	0	0	0	0	0	0	0	0	0	0	2	0	0	0	0	0	0	0	0	0	0	0	0	0	0	0	0	0	0	0	0	0	0	0	0	0	0	0	0	0	0	0	0	0	0	0	0	0	0	0	0	0	0	0	0	0	0	0	0	0	0	0	0	0	0	0	0	0	0	0	0	0	0	0	0	0	0	0	0	0	0	0	0	0	0	0	0	0	0	0	0	0	0	0	0	0	0	0	0	0	0	0	0	0	0	0	0	0	0	0	0	0	0	0	0	0	0	0	0	0	0	0	0	0	0	7	4	3	1	1	1	1	1	1	1	1	1	1	1	2	1	2	1	1	2	1	1	1	2	1	1	1	1	1	1	1	1	1	1	1	1	2	53	1	0	0	0	0	0	0	0	0	0	0	0	0	0	0	0	0	0	0	0	0	0	0	0	0	0	0	0	0	0	0	0	0	0	0	0	0	1	291	58	18	116	11	0	0	21	12571	10	13	8	713	80	2	9	0	25	0	2	47	0	15	1	32	0	0	0	0	0	0	0	0	0	0	0	0	23	2	1	4	0	0	0	5	6	0	0	1	0	0	1414	3448	1145	24	798	2936	327	197	38	895	648	579	24	230	498	28	41	42	131	0	314	221	1766	1922	65	21	1	9	21	83	3	67	1036	4	15	6	18997	2	1	0	0	0	1	2	0	2	0	2	0	0	0	0	0	0	1	5	2	0	0	0	0	1	0	1	0	0	1	0	0	0	1	0	1	23	9	308	962	0	4	122	63	771	5	267	24	7	28	0	2	0	1	3	5	18	41	52	0	4	11	0	9	37	23	9	44	0	5	9	0	0	13	0	12	4	5	0	20	161	1	0	5	0	382	4	1	1	9	0	0	6	0	13	0	1	0	1	0	0	102	0	0	0	0	5	16	46	12	0	0	17	0	3	6	5	2	3	1	0	0	0	0	0	0	2	7	5	7	2	1	5	0	19	0	0	0	0	0	0	0	0	0	0	0	70	0	0	201	0	0	0	0	0	3	8	66	3134	0	0	0	0	0	0	0	24	55	0	54	0	7168	17	18	8	5	1	23	21	3	3	7	50	3	8	5	1	15	5	0	4	18	52	1	1	1	0	4	1	18	2	1	27	0	1	17	1	54	3	2	11	30	3	0	2	27
5	0	0	0	1	2	0	0	0	0	0	0	0	0	0	0	0	0	0	0	0	0	0	0	0	0	0	0	0	1	0	0	0	0	0	0	0	9	0	0	0	0	0	0	0	0	0	0	0	0	0	0	0	0	0	0	0	0	0	0	0	0	0	0	0	0	0	0	0	0	0	0	0	0	0	0	0	0	0	0	0	0	0	0	0	0	0	0	0	0	0	0	0	0	0	0	0	0	0	0	0	0	0	0	0	0	0	0	0	0	0	0	0	0	2	1	0	0	0	0	0	0	0	0	0	0	0	0	0	0	0	0	0	0	0	0	0	0	0	0	0	0	1	0	0	0	0	0	0	0	0	4	1	0	0	0	0	3	0	0	0	1	0	0	0	0	1	0	2	0	0	0	0	0	0	0	0	0	0	0	0	0	0	0	0	0	0	0	0	8	10	0	0	0	0	1	0	0	0	1	0	0	0	0	3	0	0	0	0	0	0	0	0	0	0	0	0	0	1	0	0	0	0	0	0	0	0	16	1	0	0	0	0	0	0	0	0	0	0	0	0	0	0	0	0	0	0	0	0	0	0	0	0	0	0	0	0	0	0	0	0	0	0	0	1	2	0	0	0	0	0	0	0	0	0	0	0	0	0	0	0	0	0	0	0	0	0	0	0	0	0	0	0	0	0	0	0	0	0	0	0	0	0	0	2	0	0	0	0	0	0	0	0	0	0	1	0	0	0	0	0	0	0	0	0	0	0	0	0	0	0	0	0	0	0	0	0	0	0	0	0	3	1	0	0	0	0	0	0	0	0	0	0	0	0	0	0	0	0	0	0	0	0	0	0	0	0	0	0	0	0	0	0	0	0	0	0	0	0	1	0	0	0	0	0	0	0	0	0	0	0	0	0	0	0	0	0	0	0	0	0	0	0	0	0	0	0	0	0	0	0	0	0	0	0	0	0	0	0	0	0	0	0	0	0	0	0	0	0	0	0	0	0	0	0	0	0	0	0	0	0	0	0	0	0	0	0	0	0	0	0	0	0	0	0	0	6	5	3	3	6	3	3	3	3	3	4	3	3	3	3	3	3	3	3	3	3	3	3	3	3	4	3	3	3	3	3	3	3	3	3	3	3	121	16	2	0	0	1	2	1	1	0	0	2	1	0	0	3	0	3	1	1	0	0	0	0	0	1	1	1	1	2	1	0	0	0	1	0	0	0	42	0	0	0	0	0	0	0	1	0	0	0	0	0	0	0	0	0	0	0	0	0	0	0	0	0	0	0	0	0	0	0	0	0	0	0	0	0	1	5	3	1	1	6	1	3	5	1	1	1	1	1	2	1	1	3	3	3	1	1	1	1	1	3	3	3	3	3	3	1	1	2	3	1	1	2	77	0	0	0	0	0	0	0	0	0	0	0	0	0	0	0	0	0	0	0	0	0	0	0	0	0	0	0	0	0	0	0	0	0	0	0	0	0	0	0	0	0	0	0	0	0	0	0	0	0	0	0	0	0	0	0	0	0	0	0	0	0	0	0	0	0	0	0	0	0	0	0	0	0	0	0	0	1	1	1	1	1	1	1	1	1	1	1	1	1	1	1	1	1	1	1	1	1	1	1	1	1	1	1	1	1	1	1	1	1	1	1	1	1	37	0	0	0	0	0	0	0	0	0	0	0	0	0	0	0	0	0	0	0	0	0	0	0	0	0	0	0	0	0	0	0	0	0	0	0	0	0	0	0	0	0	0	0	0	0	0	0	0	0	0	0	0	0	0	0	0	0	0	0	0	0	0	0	1	0	0	0	0	0	0	0	0	0	0	0	1	0	0	0	0	0	0	0	0	0	0	0	0	0	0	0	0	0	0	0	0	0	0	0	0	0	0	0	0	0	0	0	0	0	0	0	0	0	0	0	0	0	0	0	0	0	0	0	0	0	0	0	0	0	0	0	0	0	0	0	0	0	0	0	0	0	0	0	0	0	0	0	0	0	0	0	0	0	0	0	0	0	0	0	0	0	0	0	0	0	0	0	0	0	0	0	0	0	0	0	0	0	0	0	0	0	0	0	0	0	0	0	0	0	0	17	4	0	0	1	0	2	1	0	0	0	0	0	0	2	0	1	1	1	0	0	2	0	0	1	1	1	1	1	1	0	0	0	1	0	0	0	39	1	1	1	1	1	1	1	1	1	1	1	1	1	1	1	1	1	1	1	1	1	1	1	1	1	1	1	1	1	1	1	1	1	1	1	1	1	37	200	107	23	180	33	0	0	16	36983	4	20	8	967	116	8	23	1	18	0	0	92	0	9	16	46	0	0	0	0	0	0	0	0	0	0	0	0	23	2	6	3	0	0	0	3	15	0	0	1	0	2	2285	3030	221	40	902	2551	370	126	5	1142	888	208	293	265	239	72	34	549	89	0	1034	1039	773	2854	26	17	2	19	16	28	14	31	1613	4	291	35	21105	2	3	3	3	0	1	1	2	1	0	1	0	0	1	1	0	2	3	7	2	0	7	0	0	4	3	3	2	1	3	4	1	0	3	0	3	67	41	345	975	0	22	151	112	812	10	349	37	16	26	0	0	56	0	2	2	24	66	48	2	9	49	3	4	45	8	24	58	0	4	9	0	0	11	0	17	0	0	0	22	185	3	0	9	0	338	6	0	0	12	1	2	1	0	1	0	0	14	3	0	0	217	0	0	5	5	0	31	67	32	0	2	9	6	0	15	2	0	0	6	0	0	0	5	0	6	5	26	4	12	2	0	7	0	7	0	0	0	0	0	0	0	0	0	0	0	70	0	0	201	0	0	0	0	0	3	8	66	3134	0	0	0	0	0	0	0	24	55	0	54	0	7168	14	17	9	4	1	23	19	4	3	7	48	3	8	5	1	16	5	0	4	16	54	1	1	1	0	4	1	17	3	1	26	0	1	16	1	54	4	2	10	26	3	0	2	24
1	2	0	0	0	1	0	0	0	0	0	0	0	0	0	0	0	0	0	0	0	0	0	0	0	0	1	0	0	0	0	0	0	0	0	0	0	5	7	1	1	0	0	0	1	1	0	0	0	0	0	0	0	0	1	1	0	0	0	0	0	0	0	0	0	1	0	1	0	0	1	1	0	0	0	17	9	1	0	0	0	0	0	0	0	0	0	0	0	0	1	0	0	0	0	0	0	0	0	0	0	0	0	0	0	0	0	0	0	0	0	0	0	11	0	0	0	1	0	0	0	0	0	0	0	0	0	0	0	0	0	0	0	0	0	0	0	0	0	0	0	0	0	0	0	0	0	0	0	0	0	1	0	0	0	0	0	0	0	0	0	0	0	0	0	0	1	0	0	0	0	0	0	0	0	0	0	0	0	0	0	0	0	0	0	0	0	0	0	1	13	1	0	0	0	0	0	0	0	0	1	0	0	0	0	0	1	0	0	0	0	0	0	0	0	0	0	0	0	0	0	0	0	0	0	0	0	16	0	1	0	0	0	0	0	0	1	0	0	0	0	0	0	0	0	0	0	0	0	0	0	0	0	0	0	0	0	0	0	0	0	0	0	0	0	2	0	0	0	0	0	0	0	0	0	0	0	0	0	0	0	0	0	0	0	0	0	0	0	0	0	0	0	0	0	0	0	0	0	0	0	0	0	0	2	0	0	0	0	0	0	0	0	0	0	0	0	0	1	0	0	0	0	0	0	0	0	0	0	0	0	0	0	0	0	0	0	0	0	0	0	3	0	0	0	0	0	0	0	0	0	0	0	0	0	0	0	0	0	0	0	0	0	0	0	0	0	0	0	0	0	0	0	0	0	0	0	0	0	0	0	0	0	0	0	0	0	0	0	0	0	0	0	0	0	0	0	0	0	0	0	0	0	0	0	0	0	0	0	0	0	0	0	0	0	0	0	0	0	0	0	0	0	0	0	0	0	0	0	0	0	0	0	0	0	0	0	0	0	0	0	0	0	0	0	0	0	0	0	0	0	0	0	0	0	0	16	1	1	0	0	0	0	0	0	0	0	0	0	0	2	0	1	0	0	0	0	1	1	0	0	0	1	0	0	1	0	0	0	0	0	0	0	25	9	0	0	1	0	1	0	0	1	0	1	0	0	0	0	0	0	0	1	0	0	0	0	0	1	0	0	0	0	0	0	0	0	0	0	0	0	15	0	0	0	0	0	0	0	0	0	0	0	0	0	0	0	0	0	0	0	0	0	0	0	0	0	0	0	0	0	0	0	0	0	0	0	0	0	0	3	3	2	1	1	2	2	2	1	2	2	1	1	2	1	2	2	2	1	1	1	2	1	1	1	1	1	2	1	3	1	1	2	2	1	1	1	57	0	0	0	0	0	0	0	0	0	0	0	0	0	0	0	0	0	0	0	0	0	0	0	0	0	0	0	0	0	0	0	0	0	0	0	0	0	0	0	0	0	0	0	0	0	0	0	0	0	0	0	0	0	0	0	0	0	0	0	0	0	0	0	0	0	0	0	0	0	0	0	0	0	0	0	0	0	0	0	0	0	0	0	0	0	0	0	0	0	0	0	0	0	0	0	0	0	0	0	0	0	0	0	0	0	0	0	0	0	0	0	0	0	0	0	0	0	0	0	0	0	0	0	0	0	0	0	0	0	0	0	0	0	0	0	0	0	0	0	0	0	0	0	0	0	0	0	0	0	0	0	0	0	0	0	0	0	0	0	0	0	0	0	0	0	0	0	0	0	0	0	0	0	0	0	0	0	0	0	0	0	0	0	0	0	0	0	0	0	0	0	0	0	0	0	0	0	0	0	0	0	0	0	0	0	0	0	0	0	0	0	0	0	0	0	0	0	0	0	0	0	0	0	0	0	0	0	0	0	0	0	0	0	0	0	0	0	0	0	0	0	0	0	0	0	0	0	0	0	0	0	0	0	0	0	0	0	0	0	0	0	0	0	0	0	0	0	0	0	0	0	0	0	0	0	0	0	0	0	0	0	0	0	0	0	0	0	0	0	0	0	0	0	0	0	0	0	0	0	0	0	0	0	0	10	0	0	0	0	1	0	0	0	1	1	0	0	0	1	0	0	0	1	0	0	1	0	0	1	0	0	0	0	0	0	0	1	0	0	0	0	18	3	2	1	1	1	1	1	1	1	1	1	1	1	1	1	1	1	1	1	1	1	1	1	1	1	1	1	1	1	1	1	1	1	1	1	1	2	41	198	64	14	143	27	2	0	67	24173	14	14	14	1175	86	3	10	1	20	6	2	133	0	64	3	39	0	0	0	0	0	0	1	0	4	0	0	1	19	2	8	3	0	0	0	37	16	0	0	6	0	11	1861	18354	235	298	872	6704	283	112	12	16147	203	218	4770	367	389	184	34	233	25	0	217	1098	1061	3160	12	45	2	92	4	530	9	57	903	4	199	4	58698	3	3	2	3	2	8	1	1	1	4	3	0	0	5	2	5	1	2	6	2	0	1	0	0	2	2	2	1	1	2	5	3	1	1	0	1	76	27	380	873	4	33	120	62	771	20	318	30	14	22	3	1	0	6	4	1	28	52	47	0	0	51	0	2	41	5	10	56	0	18	13	0	0	9	0	21	17	2	0	27	113	1	0	14	0	618	9	2	0	13	0	0	5	0	12	0	0	0	1	0	0	185	2	6	2	0	1	19	16	8	0	0	9	0	0	29	11	0	2	5	0	9	0	0	0	2	1	18	11	7	5	0	8	0	21	0	0	0	0	0	0	0	0	0	0	0	70	0	0	201	0	0	0	0	0	3	8	66	3134	0	0	0	0	0	0	0	24	55	0	54	0	7168	12	20	7	5	1	22	18	3	3	7	49	3	8	5	1	18	4	0	4	19	53	1	1	1	0	3	1	18	2	1	25	0	1	16	1	55	4	2	10	27	4	0	2	26
0	0	0	0	0	0	0	0	0	0	0	0	0	0	0	0	0	0	0	0	0	0	0	0	0	0	1	0	0	0	0	0	0	0	0	0	1	2	2	0	0	0	0	0	0	0	0	0	0	0	0	0	0	0	0	0	0	0	0	0	0	0	0	0	0	0	0	0	0	0	0	0	0	0	0	2	4	1	0	0	0	0	0	0	0	0	0	0	0	0	0	0	0	0	0	0	0	0	0	0	0	0	0	0	0	0	0	0	0	0	0	0	0	5	3	2	2	1	1	1	1	1	1	1	1	1	1	1	1	1	1	1	1	1	1	1	1	1	1	1	1	1	1	1	1	1	1	1	1	1	1	41	2	1	1	1	1	1	1	1	1	1	1	1	1	1	1	1	1	1	1	1	1	1	1	1	1	1	1	1	1	1	1	1	1	1	1	1	1	38	3	0	2	1	0	0	0	0	0	0	0	0	0	0	0	0	0	0	0	0	0	0	0	0	0	1	0	0	0	0	0	0	0	0	0	0	0	7	2	2	0	0	0	0	0	0	0	0	0	0	0	1	0	0	0	0	0	0	0	0	0	0	0	1	0	0	0	0	0	0	0	0	0	0	0	6	0	0	0	0	0	0	0	0	0	0	0	0	0	0	0	0	0	0	0	0	0	0	0	0	0	0	0	0	0	0	0	0	0	0	0	0	0	0	2	3	2	2	2	2	2	2	2	2	2	2	2	2	2	2	2	2	2	2	2	2	2	2	2	2	2	2	2	2	2	2	2	2	2	2	2	75	0	0	0	0	0	0	0	0	0	0	0	0	0	0	0	0	0	0	0	0	0	0	0	0	0	0	0	0	0	0	0	0	0	0	0	0	0	0	0	0	0	0	0	0	0	0	0	0	0	0	0	0	0	0	0	0	0	0	0	0	0	0	0	0	0	0	0	0	0	0	0	0	0	0	0	0	0	0	0	0	0	0	0	0	0	0	0	0	0	0	0	0	0	0	0	0	0	0	0	0	0	0	0	0	0	0	0	0	0	0	0	0	0	0	16	8	7	7	9	7	7	7	8	7	7	7	7	8	8	7	7	7	7	8	7	7	8	7	7	7	7	7	7	7	7	7	7	7	7	7	7	276	9	4	2	2	2	2	2	2	2	2	2	2	2	2	3	2	2	2	2	2	2	2	2	2	2	2	2	2	2	2	2	2	2	2	2	2	2	84	0	0	0	0	0	0	0	0	0	0	0	0	0	0	0	0	0	0	0	0	0	0	0	0	0	0	0	0	0	0	0	0	0	0	0	0	0	0	1	1	1	1	3	2	1	1	1	1	2	1	1	2	2	1	1	1	1	2	1	2	1	1	1	1	1	2	1	2	1	1	1	1	1	1	2	48	0	0	0	0	0	0	0	0	0	0	0	0	0	0	0	0	0	0	0	0	0	0	0	0	0	0	0	0	0	0	0	0	0	0	0	0	0	0	0	0	0	0	0	0	0	0	0	0	0	0	0	0	0	0	0	0	0	0	0	0	0	0	0	0	0	0	0	0	0	0	0	0	0	0	0	0	0	0	0	0	0	0	0	0	0	0	0	0	0	0	0	0	0	0	0	0	0	0	0	0	0	0	0	0	0	0	0	0	0	0	0	0	0	0	0	0	0	0	0	0	0	0	0	0	0	0	0	0	0	0	0	0	0	0	0	0	0	0	0	0	0	0	0	0	0	0	0	0	0	0	0	0	0	0	0	0	0	0	0	0	0	0	0	0	0	0	0	0	0	0	0	0	0	0	0	0	0	0	0	0	0	0	0	0	0	0	0	0	0	0	0	0	0	0	0	0	0	0	0	0	0	0	0	0	0	0	0	0	0	0	0	0	0	0	0	0	0	0	0	0	0	0	0	0	0	0	0	0	0	0	0	0	0	0	0	0	0	0	0	0	0	0	0	0	0	0	0	0	0	0	0	0	0	0	0	0	0	0	0	0	0	0	0	0	0	0	0	0	0	0	0	0	0	0	0	0	0	0	0	0	0	0	0	0	0	1	0	0	0	0	0	0	0	0	0	0	0	0	0	0	0	0	0	1	10	2	1	0	0	0	1	0	0	1	0	0	0	0	0	1	0	0	0	0	0	0	0	0	0	0	0	0	0	0	0	0	0	0	0	0	1	17	1	2	1	1	1	1	1	1	1	1	1	1	1	1	1	1	1	1	1	1	1	1	1	1	1	1	1	1	1	1	1	1	1	1	1	1	2	39	145	69	3	86	29	1	0	22	14112	15	9	10	669	87	1	8	0	18	0	3	84	0	8	0	29	0	0	0	0	0	0	0	0	0	0	0	2	20	1	0	4	0	0	0	1	19	1	0	0	0	2	1239	5893	244	127	662	2738	517	131	9	2124	187	243	304	173	135	13	8	90	185	0	2668	684	2871	2456	12	18	29	4	2	62	0	23	639	2	548	56	25096	1	0	1	0	0	1	0	0	1	0	1	0	0	0	0	1	0	0	4	2	0	0	0	0	0	0	0	0	0	0	0	0	0	0	0	0	12	1	233	643	0	9	99	68	552	27	192	24	11	6	3	2	28	2	1	0	15	38	44	0	0	4	0	8	21	7	13	30	0	0	5	0	0	14	0	14	2	0	0	2	119	0	0	0	0	307	0	0	1	6	0	0	10	0	13	0	0	17	3	0	0	102	0	2	0	0	2	21	27	9	0	0	0	0	0	19	5	0	1	6	0	3	0	2	1	1	0	9	2	2	5	2	5	0	17	0	0	0	0	0	0	0	0	0	0	0	109	0	0	284	0	0	0	0	0	5	7	62	2769	0	0	0	0	0	0	0	37	43	0	54	0	6145	12	19	8	5	1	23	17	3	2	8	45	3	7	5	1	17	5	0	5	19	51	1	1	1	0	4	1	19	3	1	29	0	1	16	1	54	4	2	11	49	4	0	2	30
1	0	0	0	0	1	0	0	0	0	0	0	0	1	0	0	1	0	0	0	0	0	0	0	0	0	0	0	0	0	0	0	0	0	0	0	0	4	3	1	1	1	1	1	1	1	1	2	1	1	1	1	1	1	1	1	1	1	1	1	2	1	1	1	1	1	1	1	1	1	1	1	1	1	1	41	3	1	1	1	1	1	1	1	1	1	1	1	1	1	1	1	2	1	1	1	1	1	2	2	1	1	1	1	1	1	1	2	2	1	2	2	1	46	2	0	0	0	0	0	0	0	0	0	0	0	0	0	0	0	0	0	0	0	0	0	0	0	0	0	0	0	0	0	0	0	0	0	0	0	0	2	1	0	0	0	0	0	0	0	0	0	0	0	0	0	0	0	0	0	0	0	0	0	0	0	0	0	0	0	0	0	0	0	0	0	0	0	0	1	7	2	2	2	2	2	2	2	2	2	2	2	2	2	2	2	2	2	2	2	2	2	2	2	2	2	2	2	2	2	2	2	2	2	2	2	2	79	1	0	0	0	0	0	0	0	1	0	0	0	0	0	0	0	1	0	0	0	0	0	0	0	0	0	0	0	0	0	0	0	0	0	0	0	0	3	0	0	0	0	0	0	0	0	0	1	0	0	0	0	0	0	0	0	0	0	0	0	0	0	0	0	0	0	0	0	0	0	0	0	0	0	0	1	0	0	1	0	0	0	0	0	0	0	1	0	0	0	0	1	0	0	0	0	0	0	0	0	0	0	0	0	0	0	0	0	0	0	0	0	0	3	0	0	0	0	0	0	0	0	0	0	0	0	0	0	0	0	0	0	0	0	0	0	0	0	0	0	0	0	0	0	0	0	0	0	0	0	0	0	0	0	0	0	0	0	0	0	0	0	0	0	0	0	0	0	0	0	0	0	0	0	0	0	0	0	0	0	0	0	0	0	0	0	0	0	0	0	0	0	0	0	0	0	0	0	0	0	0	0	0	0	0	0	0	0	0	0	0	0	0	0	0	0	0	0	0	0	0	0	0	0	0	0	0	0	18	9	9	9	8	9	8	8	8	9	8	8	8	8	8	9	9	8	8	8	8	8	10	9	8	8	8	8	8	8	8	9	9	8	9	9	9	321	5	2	1	1	1	1	1	1	1	1	2	1	1	1	1	1	1	1	1	1	1	1	1	1	1	1	1	1	1	1	1	1	1	1	1	1	1	43	0	0	0	0	0	0	0	0	0	0	0	0	0	0	0	0	0	0	0	0	0	0	0	0	0	0	0	0	0	0	0	0	0	0	0	0	0	0	4	3	3	3	3	3	3	4	3	3	3	3	3	3	3	3	3	3	3	3	3	3	5	4	3	3	3	3	3	3	3	4	3	3	4	4	3	119	0	0	0	0	0	0	0	0	0	0	0	0	0	0	0	0	0	0	0	0	0	0	0	0	0	0	0	0	0	0	0	0	0	0	0	0	0	0	0	0	0	0	0	0	0	0	0	0	0	0	0	0	0	0	0	0	0	0	0	0	0	0	0	0	0	0	0	0	0	0	0	0	0	0	0	0	1	2	1	1	1	1	1	1	1	1	1	1	1	1	1	1	1	1	1	1	1	1	1	1	1	1	1	1	1	1	1	1	1	1	1	1	1	38	0	0	0	0	0	0	0	0	0	0	0	0	0	0	0	0	0	0	0	0	0	0	0	0	0	0	0	0	0	0	0	0	0	0	0	0	0	0	2	2	2	2	2	3	2	2	2	2	2	2	2	2	2	2	2	2	2	2	2	2	2	2	2	2	2	2	2	2	2	2	2	2	2	2	2	75	0	0	0	0	0	0	0	0	0	0	0	0	0	0	0	0	0	0	0	0	0	0	0	0	0	0	0	0	0	0	0	0	0	0	0	0	0	0	0	0	0	0	0	0	0	0	0	0	0	0	0	0	0	0	0	0	0	0	0	0	0	0	0	0	0	0	0	0	0	0	0	0	0	0	0	0	0	0	0	0	0	0	0	0	0	0	0	0	0	0	0	0	0	0	0	0	0	0	0	0	0	0	0	0	0	0	0	0	0	0	0	0	0	0	12	5	4	3	3	3	3	3	3	3	3	3	3	3	3	3	3	3	3	4	3	3	3	3	3	3	3	3	3	3	3	3	3	3	3	3	3	124	1	1	1	1	1	1	1	1	1	1	1	1	1	1	1	1	1	1	1	1	1	1	1	1	1	1	1	1	1	1	1	1	1	1	1	1	1	37	152	61	11	71	29	0	4	12	26072	10	27	17	871	72	2	12	0	17	0	0	59	0	4	1	38	2	0	0	0	0	0	0	0	0	0	0	3	9	5	15	0	0	0	0	9	19	2	0	1	0	8	2938	4850	490	32	683	2680	258	175	4	1445	599	381	3129	1965	290	87	36	48	242	0	885	1023	814	3446	22	28	4	28	5	14	28	39	469	3	239	44	27423	0	1	0	0	1	1	0	0	1	0	1	0	0	1	1	0	0	0	4	2	0	3	0	0	0	1	0	0	0	0	0	0	0	0	0	0	17	34	287	873	2	26	77	47	511	3	284	29	15	18	2	0	19	0	0	0	31	44	29	0	9	21	1	3	24	1	14	18	0	0	0	3	0	7	0	18	0	2	1	28	86	5	0	1	0	246	4	0	1	12	0	0	16	0	8	0	1	3	0	2	0	154	0	1	0	0	1	13	27	9	0	0	0	0	0	8	10	0	2	4	0	0	0	2	1	1	1	17	6	9	0	3	3	0	11	0	0	0	0	0	0	0	0	0	0	0	100	0	0	245	0	0	0	0	0	6	7	40	2705	0	0	0	0	0	0	0	30	88	0	61	0	6969	12	19	8	5	1	22	22	4	2	8	44	3	8	5	1	17	4	0	5	18	52	1	1	1	0	4	1	18	3	1	29	0	1	17	1	52	4	2	10	61	4	0	3	29
0	0	0	1	0	0	0	0	0	0	0	0	0	0	0	0	0	0	0	0	0	0	0	0	0	0	0	0	0	0	0	0	0	0	0	0	0	1	5	2	2	2	2	2	2	2	2	2	2	2	2	2	2	2	2	2	2	2	2	2	2	2	2	2	2	2	2	2	2	2	2	2	2	2	2	77	5	0	0	0	0	0	0	0	0	0	0	0	0	0	0	0	0	0	0	0	0	0	0	0	0	0	0	0	0	0	0	0	0	0	0	0	0	5	1	1	0	0	0	0	0	0	0	1	0	0	0	0	0	0	0	0	0	0	0	0	0	0	0	0	0	0	0	0	0	0	0	0	0	0	0	3	0	0	0	0	0	0	0	0	0	0	0	0	0	0	0	0	0	0	0	0	0	0	0	0	0	0	0	0	0	0	0	0	0	0	0	0	0	0	14	3	2	2	2	2	2	2	2	2	2	2	2	2	2	2	2	2	2	2	2	2	2	2	2	2	2	2	2	2	2	2	2	2	2	2	2	87	1	1	0	0	0	0	0	0	0	0	0	0	0	0	0	0	0	0	0	0	0	0	0	0	0	0	0	0	0	0	0	0	0	0	0	0	1	3	1	2	1	1	1	1	1	1	1	1	1	1	1	1	1	1	1	1	1	1	1	1	1	1	1	1	1	1	1	1	1	1	1	1	1	1	1	38	3	2	2	2	2	2	2	2	2	2	2	2	2	2	2	2	2	2	2	2	2	2	2	2	2	2	2	2	2	2	2	2	2	2	2	2	2	75	2	2	2	2	2	2	2	2	2	2	2	2	2	2	2	2	2	2	2	2	2	2	2	2	2	2	2	2	2	2	2	2	2	2	2	2	2	74	0	0	0	0	0	0	0	0	0	0	0	0	0	0	0	0	0	0	0	0	0	0	0	0	0	0	0	0	0	0	0	0	0	0	0	0	0	0	0	0	0	0	0	0	0	0	0	0	0	0	0	0	0	0	0	0	0	0	0	0	0	0	0	0	0	0	0	0	0	0	0	0	0	0	0	0	22	11	9	9	9	10	9	9	9	9	10	9	9	9	10	9	9	9	9	9	9	9	9	9	9	9	9	9	9	9	10	9	9	9	9	9	10	353	8	3	2	2	2	2	2	2	2	3	2	2	2	3	2	2	2	2	2	2	2	2	2	2	2	2	2	2	2	2	2	2	2	2	2	2	2	83	0	0	0	0	0	0	0	0	0	0	0	0	0	0	0	0	0	0	0	0	0	0	0	0	0	0	0	0	0	0	0	0	0	0	0	0	0	0	8	6	6	7	7	6	7	8	6	6	7	6	6	9	6	6	6	6	6	6	6	7	6	6	6	6	6	6	6	6	6	6	6	6	6	6	9	237	0	0	0	0	0	0	0	0	0	0	0	0	0	0	0	0	0	0	0	0	0	0	0	0	0	0	0	0	0	0	0	0	0	0	0	0	0	0	2	2	2	2	2	2	2	2	2	2	2	2	2	2	2	2	2	2	2	2	2	2	2	2	2	2	2	2	2	2	2	2	2	2	2	2	2	74	2	2	2	2	2	2	2	2	2	2	2	2	2	2	2	2	2	2	2	2	2	2	2	2	2	2	2	2	2	2	2	2	2	2	2	2	2	74	0	0	0	0	0	0	0	0	0	0	1	0	0	0	0	0	0	0	0	0	0	0	0	0	0	0	0	0	0	0	0	0	0	0	0	0	0	1	0	0	0	0	0	0	0	0	0	0	0	0	0	0	0	0	0	0	0	0	0	0	0	0	0	0	0	0	0	0	0	0	0	0	0	0	0	0	0	0	0	0	0	0	0	0	0	0	0	0	0	0	0	0	0	0	0	0	0	0	0	0	0	0	0	0	0	0	0	0	0	0	0	0	0	0	0	0	0	0	0	0	0	0	0	0	0	0	0	0	0	0	0	0	0	0	0	0	0	0	0	0	0	0	0	0	0	0	0	0	0	0	0	0	0	0	0	0	0	0	0	0	0	0	0	0	0	0	0	0	0	0	0	0	0	0	0	0	0	0	0	0	0	0	0	0	0	0	0	0	0	0	13	4	1	1	1	1	1	1	1	3	1	1	1	2	1	1	1	1	1	1	1	1	1	1	1	1	1	1	1	1	1	1	1	1	1	1	1	55	0	0	0	0	0	0	0	0	1	0	0	0	0	0	0	0	0	0	0	0	0	0	0	0	0	0	0	0	0	0	0	0	0	0	0	0	0	1	163	45	25	78	12	0	0	30	22291	3	2	6	447	50	3	4	0	36	0	0	30	0	5	2	28	0	0	0	0	0	0	0	0	1	0	0	0	10	1	13	1	0	0	0	3	9	1	0	3	0	0	5305	9449	720	166	303	24449	359	1013	47	5232	474	1476	13344	2428	1052	59	14	354	102	0	1359	994	760	71133	19	53	4	19	11	14	0	78	911	3	27	11	141742	0	2	2	3	1	0	1	2	3	1	1	0	0	0	0	1	4	2	7	0	0	9	0	0	3	1	1	4	3	3	0	3	1	3	0	1	62	22	177	685	1	18	75	48	498	2	232	16	11	0	0	0	35	1	1	2	41	11	49	0	0	18	0	0	38	9	11	16	0	7	6	0	0	20	0	18	0	0	0	3	103	0	0	0	0	171	6	0	1	2	0	0	8	0	0	0	0	6	3	0	0	91	0	3	0	0	0	10	34	9	0	0	16	0	0	11	3	0	4	3	0	0	1	2	0	6	4	23	0	12	0	0	1	0	5	0	0	0	0	0	0	0	0	0	0	0	57	0	0	249	0	0	0	0	0	7	2	79	3074	0	0	0	0	0	0	0	61	93	0	58	0	7283	13	18	7	4	2	20	20	4	2	8	43	3	7	5	1	16	4	0	5	18	47	1	1	1	0	4	1	17	2	1	30	0	1	19	1	54	4	2	11	49	3	0	2	25
2	0	0	0	0	0	0	0	0	0	0	0	0	0	0	0	0	0	0	0	0	0	0	0	0	0	0	0	0	0	0	0	0	0	0	0	0	2	5	1	1	1	1	1	2	1	1	1	1	1	1	1	1	1	1	1	1	1	1	1	1	1	1	1	1	1	1	1	1	1	1	1	1	1	1	42	2	2	2	2	2	2	2	2	2	2	2	2	2	2	2	2	2	2	2	2	2	2	2	2	2	2	2	2	2	2	2	2	2	2	2	2	2	74	1	0	1	0	0	0	0	0	0	0	0	0	0	0	1	0	0	0	0	0	0	0	0	0	0	0	0	0	0	0	0	0	0	0	0	0	0	3	1	0	0	0	0	0	0	0	0	0	0	0	0	0	0	0	0	0	0	0	0	0	0	0	0	0	0	0	0	0	0	0	0	0	0	0	0	1	8	3	2	3	2	2	3	3	2	2	2	2	2	2	2	2	2	2	2	2	2	2	2	2	2	2	2	2	2	2	2	2	2	2	2	2	2	84	1	0	0	0	0	0	0	0	0	0	0	0	0	0	0	0	0	0	0	0	0	0	0	0	0	0	0	0	0	0	0	0	0	0	0	0	0	1	1	1	1	1	1	1	1	1	1	1	1	1	1	1	1	1	1	1	1	1	1	1	1	1	1	1	1	1	1	1	1	1	1	1	1	1	1	37	1	1	1	1	1	1	1	2	1	1	1	1	1	1	1	1	1	1	1	1	1	1	1	1	1	1	1	1	1	1	1	1	1	1	1	1	1	38	1	1	1	1	1	1	1	1	1	1	1	1	1	1	1	1	1	1	1	1	1	1	1	1	1	1	1	1	1	1	1	1	1	1	1	1	1	37	0	0	0	0	0	0	0	0	0	0	0	0	0	0	0	0	0	0	0	0	0	0	0	0	0	0	0	0	0	0	0	0	0	0	0	0	0	0	0	0	0	0	0	0	0	0	0	0	0	0	0	0	0	0	0	0	0	0	0	0	0	0	0	0	0	0	0	0	0	0	0	0	0	0	0	0	14	8	7	7	7	7	8	7	7	7	7	7	7	7	7	7	7	7	7	7	7	7	7	7	7	7	7	7	7	7	7	7	7	7	7	7	8	269	13	1	1	3	1	1	1	1	1	1	1	1	1	1	2	1	1	1	1	1	1	1	1	1	1	1	1	1	1	1	1	1	1	1	1	1	1	52	1	1	1	1	1	1	1	1	1	1	1	1	1	1	1	1	1	1	1	1	1	1	1	1	1	1	1	1	1	1	1	1	1	1	1	1	1	37	8	7	7	7	7	7	7	7	7	7	7	7	7	7	7	7	7	7	7	7	7	7	7	7	7	7	7	7	7	7	7	7	7	7	7	7	8	261	0	0	0	0	0	0	0	0	0	0	0	0	0	0	0	0	0	0	0	0	0	0	0	0	0	0	0	0	0	0	0	0	0	0	0	0	0	0	0	0	0	0	0	0	0	0	0	0	0	0	0	0	0	0	0	0	0	0	0	0	0	0	0	0	0	0	0	0	0	0	0	0	0	0	0	0	1	1	1	1	1	1	1	1	1	1	1	1	1	1	1	1	1	1	1	1	1	1	1	1	1	1	1	1	1	1	1	1	1	1	1	1	1	37	1	1	1	1	1	1	1	1	1	1	1	1	1	1	1	1	1	1	1	1	1	1	1	1	1	1	1	1	1	1	1	1	1	1	1	1	1	37	1	1	1	1	1	1	1	1	1	1	1	1	1	1	1	1	1	1	1	1	1	1	1	1	1	1	1	1	1	1	1	1	1	1	1	1	1	37	0	0	0	0	0	0	0	0	0	0	0	0	0	0	0	0	0	0	0	0	0	0	0	0	0	0	0	0	0	0	0	0	0	0	0	0	0	0	1	1	1	1	1	1	1	1	1	1	1	1	1	1	1	1	1	1	1	1	1	1	1	1	1	1	1	1	1	1	1	1	1	1	1	1	1	37	0	0	0	0	0	0	0	0	0	0	0	0	0	0	0	0	0	0	0	0	0	0	0	0	0	0	0	0	0	0	0	0	0	0	0	0	0	0	15	2	2	3	1	1	2	1	1	1	1	1	1	1	2	1	1	1	1	1	1	1	1	1	1	1	1	1	1	1	1	1	1	1	1	1	1	57	1	1	0	0	1	0	0	0	0	0	0	0	0	0	0	0	0	0	0	0	0	0	0	0	0	0	0	0	0	0	0	0	0	0	0	0	0	3	121	65	6	82	33	0	0	38	14505	1	3	2	493	78	3	7	0	15	2	1	47	0	21	0	31	0	0	0	0	0	0	1	0	0	0	0	0	11	0	0	0	0	0	0	19	16	0	0	0	0	0	1477	4798	229	91	251	2241	557	402	9	602	256	407	4852	252	380	73	25	71	63	0	427	649	887	3439	18	69	4	11	4	20	0	486	540	0	54	30	23674	1	2	1	0	3	2	3	2	1	2	3	0	0	3	1	1	1	1	6	1	0	5	0	0	2	1	2	3	1	1	2	1	2	1	0	0	55	55	231	788	10	0	95	71	542	4	184	18	9	12	8	0	9	0	0	0	13	36	44	2	0	5	0	4	12	9	11	38	0	1	2	0	0	7	4	18	3	0	0	12	86	0	0	0	0	220	3	0	1	0	5	2	0	0	3	0	0	2	0	1	0	104	0	1	0	0	0	13	28	2	0	0	0	0	0	9	0	0	7	6	0	0	3	4	0	7	0	20	2	0	2	0	6	0	14	0	0	0	0	0	0	0	0	0	0	0	85	0	0	275	0	0	0	0	0	11	8	63	2202	0	0	0	0	0	0	0	44	102	0	72	0	6648	11	22	100	4	2	22	23	4	2	8	56	6	8	5	1	15	4	0	5	18	61	1	1	1	0	4	1	16	3	1	31	0	1	18	1	52	4	2	12	52	4	0	3	28
2	0	0	0	0	1	0	0	0	0	0	0	0	0	0	0	0	0	0	0	0	0	0	0	0	0	0	0	0	0	0	0	0	0	0	0	0	3	1	0	0	0	0	0	0	0	0	0	0	0	0	0	0	0	0	0	0	0	0	0	0	0	0	0	0	0	0	0	0	0	0	0	0	0	0	1	5	4	2	2	4	2	2	2	2	3	2	2	2	3	2	2	2	2	2	2	2	2	2	2	2	2	2	2	2	2	2	2	2	2	2	2	2	83	2	1	0	0	0	0	0	0	0	0	0	0	0	0	0	0	0	0	0	0	0	0	0	0	0	0	0	0	0	0	0	0	0	0	0	0	0	3	0	0	0	0	0	0	0	0	0	0	0	0	0	0	0	0	0	0	0	0	0	0	0	0	0	0	0	0	0	0	0	0	0	0	0	0	0	0	3	2	1	1	1	1	1	1	1	1	1	1	1	2	1	1	1	1	1	1	1	1	1	1	1	1	1	1	1	1	1	1	1	1	1	1	1	41	1	0	0	0	0	0	0	0	0	0	0	0	0	0	0	0	0	0	0	0	0	0	0	0	0	0	0	0	0	0	0	0	0	0	0	0	0	1	1	1	1	1	1	1	1	1	1	1	1	1	1	1	1	1	1	1	1	1	1	1	1	1	1	1	1	1	1	1	1	1	1	1	1	1	1	37	1	1	1	1	1	1	1	1	1	1	1	1	1	1	1	1	1	1	1	1	1	1	1	1	1	1	1	1	1	1	1	1	1	1	1	1	1	37	0	0	0	0	0	0	0	0	0	0	0	0	0	0	0	0	0	0	0	0	0	0	0	0	0	0	0	0	0	0	0	0	0	0	0	0	0	0	0	0	0	0	0	0	0	0	0	0	0	0	0	0	0	0	0	0	0	0	0	0	0	0	0	0	0	0	0	0	0	0	0	0	0	0	0	0	0	0	0	0	0	0	0	0	0	0	0	0	0	0	0	0	0	0	0	0	0	0	0	0	0	0	0	0	0	0	0	0	0	0	0	0	0	0	17	9	7	7	9	7	7	7	7	8	7	7	7	8	8	7	7	7	7	8	7	8	7	7	7	7	7	7	7	8	7	7	7	7	7	7	7	279	5	1	1	1	1	1	1	1	1	1	1	1	1	2	1	1	1	1	1	1	1	1	1	1	1	1	1	1	1	2	1	1	1	1	1	1	1	43	0	0	0	0	0	0	0	0	0	0	0	0	0	0	0	0	0	0	0	0	0	0	0	0	0	0	0	0	0	0	0	0	0	0	0	0	0	0	9	3	4	3	3	3	3	3	3	3	3	3	3	3	3	3	3	3	3	3	3	3	3	3	3	3	3	3	3	3	3	3	3	3	3	3	3	118	1	1	1	1	1	1	1	1	1	1	1	1	1	1	1	1	1	1	1	1	1	1	1	1	1	1	1	1	1	1	1	1	1	1	1	1	1	37	0	1	0	0	0	0	0	0	0	0	0	0	0	0	0	0	0	0	0	0	0	0	0	0	0	0	0	0	0	0	0	0	0	0	0	0	0	1	2	1	1	1	1	1	1	1	1	1	1	1	1	1	1	1	1	1	1	1	1	1	1	1	1	1	1	1	1	1	1	1	1	1	1	1	1	38	2	1	1	1	1	1	1	1	1	1	1	1	1	1	1	1	1	1	1	1	1	1	1	1	1	1	1	1	1	1	1	1	1	1	1	1	1	38	1	0	0	0	0	0	0	0	0	0	0	0	0	0	0	0	0	0	0	0	0	0	0	0	0	0	0	0	0	0	0	0	0	0	0	0	0	1	0	0	0	0	0	0	0	0	0	0	0	0	0	0	0	0	0	0	0	0	0	0	0	0	0	0	0	0	0	0	0	0	0	0	0	0	0	0	0	0	0	0	0	0	0	0	0	0	0	0	0	0	0	0	0	0	0	0	0	1	0	0	0	0	0	0	0	0	0	0	0	0	0	0	0	1	0	0	0	0	0	0	0	0	0	0	0	0	0	0	0	0	0	0	0	1	0	0	0	0	0	0	0	0	0	0	0	0	0	0	0	0	0	1	9	1	0	0	0	0	0	0	0	0	0	0	0	1	0	0	0	0	0	0	0	0	0	0	0	0	0	0	0	1	0	0	0	0	0	0	0	12	1	0	0	0	0	0	0	0	0	0	0	0	0	0	0	0	0	0	0	0	0	0	0	0	0	0	0	0	0	0	0	0	0	0	0	0	1	2	346	72	30	90	10	0	0	60	38058	6	5	6	881	65	9	1	0	24	0	4	73	0	11	3	61	5	0	0	0	0	0	2	0	0	0	0	0	72	4	4	5	0	0	0	9	21	1	0	1	0	0	1505	2139	568	88	528	3183	288	126	0	709	138	407	535	43	379	6	23	65	283	0	1155	700	961	6756	8	25	2	16	5	35	7	70	774	31	59	68	21685	0	0	0	0	2	1	1	1	1	0	0	0	0	1	0	0	2	0	7	0	0	0	4	0	3	1	2	2	2	1	5	4	3	2	0	3	48	107	370	871	4	18	163	95	704	8	318	32	19	19	7	0	45	2	2	5	23	53	65	0	0	25	0	6	68	11	10	36	0	10	2	0	0	11	0	24	0	2	0	19	138	0	0	13	0	404	4	0	1	12	0	3	12	3	19	0	5	3	0	0	0	145	0	8	0	6	3	21	27	16	0	4	1	0	0	17	10	0	3	2	0	0	0	0	0	0	5	0	18	8	4	0	13	0	6	0	0	0	0	0	0	0	0	0	0	0	43	0	0	270	0	0	0	0	0	12	10	43	2458	0	0	0	0	0	0	0	27	93	0	67	0	6260	10	17	24	4	2	19	22	3	2	7	41	3	6	4	1	15	3	0	5	18	49	1	1	1	0	3	1	18	1	1	37	0	1	20	1	55	5	1	13	52	4	0	2	30
0	0	0	0	0	0	0	0	0	0	1	0	0	0	0	0	0	0	0	0	0	0	0	0	0	0	0	0	0	0	0	0	0	0	0	0	0	1	2	2	1	1	1	1	1	1	1	1	1	1	1	1	1	1	1	1	1	1	1	1	1	1	1	1	1	1	1	1	1	1	1	1	1	1	1	39	6	1	2	1	1	1	1	1	1	1	1	1	1	1	1	1	1	1	1	1	1	1	1	1	1	1	1	1	1	1	1	1	1	1	1	1	1	43	1	0	0	0	0	0	0	0	0	0	0	0	0	0	0	0	0	0	0	0	0	0	0	0	0	0	0	0	0	0	0	0	0	0	0	0	0	1	0	0	0	0	0	0	0	0	0	0	0	0	0	0	0	0	0	0	0	0	0	0	0	0	0	0	0	0	0	0	0	0	0	0	0	0	0	0	12	4	2	2	2	2	3	3	2	2	2	2	2	2	2	2	2	2	2	2	2	2	2	2	2	2	2	2	2	2	2	2	2	2	2	2	2	88	0	0	0	0	0	0	0	0	0	0	0	0	0	0	0	0	0	0	0	0	0	0	0	0	0	0	0	0	0	0	0	0	0	0	0	0	0	0	1	1	1	1	1	1	1	1	1	1	1	1	1	1	1	1	1	1	1	1	1	1	1	1	1	1	1	1	1	1	1	1	1	1	1	1	1	37	1	1	1	2	1	1	1	1	1	1	1	1	1	1	1	1	1	1	1	1	1	1	1	1	1	1	1	1	1	1	1	1	1	1	1	1	1	38	0	0	0	0	0	0	0	0	0	0	0	0	0	0	0	0	0	0	0	0	0	0	0	0	0	0	0	0	0	0	0	0	0	0	0	0	0	0	0	0	0	0	0	0	0	0	0	0	0	0	0	0	0	0	0	0	0	0	0	0	0	0	0	0	0	0	0	0	0	0	0	0	0	0	0	0	0	0	0	0	0	0	0	0	0	0	0	0	0	0	0	0	0	0	0	0	0	0	0	0	0	0	0	0	0	0	0	0	0	0	0	0	0	0	25	12	13	12	12	12	12	12	12	12	12	12	12	12	13	12	12	12	12	12	12	12	12	12	12	12	12	12	13	12	12	12	12	12	12	12	12	460	14	1	2	1	1	1	1	1	1	1	1	1	1	1	2	1	1	1	1	1	1	1	1	1	1	1	1	1	1	2	1	1	1	1	1	1	1	53	0	0	0	0	0	0	0	0	0	0	0	0	0	0	0	0	0	0	0	0	0	0	0	0	0	0	0	0	0	0	0	0	0	0	0	0	0	0	6	6	4	4	4	4	4	4	4	5	4	4	4	4	4	4	4	4	4	4	4	4	4	4	4	4	4	4	4	4	4	4	4	4	4	4	4	153	0	0	0	0	0	0	0	0	0	0	0	0	0	0	0	0	0	0	0	0	0	0	0	0	0	0	0	0	0	0	0	0	0	0	0	0	0	0	0	0	0	0	0	0	0	0	0	0	0	0	0	0	0	0	0	0	0	0	0	0	0	0	0	0	0	0	0	0	0	0	0	0	0	0	0	0	0	0	0	0	0	0	0	0	0	0	0	0	0	0	0	0	0	0	0	0	0	0	0	0	0	0	0	0	0	0	0	0	0	0	0	0	0	0	1	0	0	0	0	0	0	0	0	0	0	0	0	0	0	0	0	0	0	0	0	0	0	0	0	0	0	0	0	0	0	0	0	0	0	0	0	1	2	1	1	1	1	1	1	1	1	1	1	1	1	1	1	1	1	1	1	1	1	1	1	1	1	1	1	1	1	1	1	1	1	1	1	1	1	38	0	0	0	0	0	0	0	0	0	0	0	0	0	0	0	0	0	0	0	0	0	0	0	0	0	0	0	0	0	0	0	0	0	0	0	0	0	0	0	0	0	0	0	0	0	0	0	0	0	0	0	0	0	0	0	0	0	0	0	0	0	0	0	0	0	0	0	0	0	0	0	0	0	0	0	0	1	1	1	1	1	1	1	1	1	1	1	1	1	1	1	1	1	1	1	1	1	1	1	1	1	1	1	1	1	1	1	1	1	1	1	1	1	37	8	3	3	1	1	1	1	1	1	1	1	1	1	1	2	1	1	1	1	1	1	1	1	1	1	1	1	1	1	2	1	1	1	1	1	1	1	50	1	0	0	0	0	0	1	0	0	0	0	0	0	0	0	0	0	0	0	0	0	0	0	0	0	0	0	0	0	0	0	0	0	0	0	0	1	3	354	139	47	170	35	0	7	13	35637	35	37	10	1111	128	15	4	4	18	7	4	148	0	29	2	70	2	0	0	0	0	0	1	0	1	0	0	0	31	5	1	4	0	0	0	9	53	5	0	6	0	3	1825	3656	188	135	234	1886	264	167	2	2751	1320	579	4222	1843	2052	10	16	546	15	0	877	1247	482	1359	258	58	39	3	9	50	0	431	793	3	224	54	27598	1	1	2	0	0	0	1	0	0	0	1	0	0	0	0	0	0	0	5	0	0	0	0	0	0	0	0	0	0	0	0	1	1	0	0	0	13	154	424	1104	7	48	223	168	832	15	435	50	23	34	6	0	32	5	0	0	45	61	57	0	4	41	0	6	42	28	11	22	0	11	21	0	0	22	8	15	0	0	0	35	225	0	0	3	4	320	12	0	0	13	0	3	14	0	8	0	1	14	0	0	0	140	0	2	0	0	1	15	50	13	0	3	0	0	0	28	17	2	7	1	0	9	0	2	0	4	2	10	5	6	4	5	6	0	13	0	0	0	0	0	0	0	0	0	0	0	69	0	0	217	0	0	0	0	0	8	3	53	2454	0	0	0	0	0	0	0	61	106	0	113	0	6795	10	15	12	4	2	17	19	3	2	7	38	4	6	4	1	16	3	0	4	15	44	1	1	1	0	3	1	14	1	1	30	0	1	18	1	57	5	1	13	50	3	0	2	26
3	0	0	0	1	0	0	0	0	1	0	0	0	0	0	0	0	0	0	0	0	0	0	0	0	0	0	0	0	0	0	0	0	0	0	0	0	5	7	3	2	2	2	2	2	2	2	2	2	2	2	3	2	2	2	2	2	2	2	2	2	2	2	2	2	2	2	2	2	2	2	2	2	2	2	81	7	4	2	2	2	2	2	3	2	3	2	2	2	3	2	2	2	2	2	2	2	2	2	2	2	2	2	2	2	2	2	2	2	2	2	2	2	84	2	1	1	1	1	1	1	1	1	1	1	1	1	1	1	1	1	1	1	1	1	1	1	1	1	1	1	1	2	1	1	1	1	1	1	1	1	39	0	0	0	0	0	0	0	0	0	0	0	0	0	0	0	0	0	0	0	0	0	0	0	0	0	0	0	0	0	0	0	0	0	0	0	0	0	0	13	4	4	3	3	3	3	3	3	3	4	3	3	3	3	3	3	5	3	3	3	3	3	3	3	3	3	3	3	3	3	3	3	3	3	3	3	126	0	0	0	0	0	0	0	0	0	0	0	1	0	0	0	0	0	0	0	0	0	0	0	0	0	0	0	0	0	0	1	0	0	0	0	0	0	2	4	4	4	4	4	4	4	4	4	4	4	4	5	5	4	4	4	4	4	4	4	4	4	4	4	4	4	4	4	4	4	4	4	4	4	4	4	150	3	2	2	2	2	2	3	2	2	2	2	2	2	2	2	2	2	2	2	2	2	2	2	2	2	2	2	2	2	2	2	2	2	2	2	2	2	76	0	0	0	0	0	0	0	0	0	0	0	0	0	0	0	0	0	0	0	0	0	0	0	0	0	0	0	0	0	0	0	0	0	0	0	0	0	0	0	0	0	0	0	0	0	0	0	0	0	0	0	0	0	0	0	0	0	0	0	0	0	0	0	0	0	0	0	0	0	0	0	0	0	0	0	0	0	0	0	0	0	0	0	0	0	0	0	0	0	0	0	0	0	0	0	0	0	0	0	0	0	0	0	0	0	0	0	0	0	0	0	0	0	0	28	24	22	22	23	23	22	23	23	23	22	22	23	25	22	22	22	22	22	22	22	23	23	22	22	22	22	22	22	22	22	22	22	22	22	22	22	833	5	3	1	1	2	1	1	1	1	1	1	1	1	1	1	1	1	1	1	1	1	1	1	1	1	1	1	1	1	1	1	1	1	1	1	1	1	44	0	0	0	0	0	0	0	0	0	0	0	0	0	0	0	0	0	0	0	0	0	0	0	0	0	0	0	0	0	0	0	0	0	0	0	0	0	0	5	4	4	4	4	5	4	4	4	4	4	5	4	4	5	4	4	4	4	4	4	4	4	4	4	4	4	4	4	4	4	4	4	4	4	4	4	152	2	1	1	1	1	1	1	1	1	1	1	1	1	1	1	1	1	1	1	1	1	1	1	1	1	1	1	1	1	1	1	1	1	1	1	1	1	38	1	1	0	0	0	0	0	0	0	0	0	0	0	0	0	0	0	0	0	0	0	0	0	0	0	0	0	0	0	0	0	0	0	0	0	0	0	2	1	1	1	1	1	1	1	1	1	1	1	1	1	1	1	1	1	1	1	1	1	1	1	1	1	1	1	1	1	1	1	1	1	1	1	1	1	37	1	1	1	1	1	2	1	1	1	1	1	1	1	2	1	1	1	1	1	1	1	1	1	1	1	1	1	1	1	1	1	1	1	1	1	1	1	39	2	2	2	2	2	2	2	2	2	2	2	2	2	2	2	2	2	2	2	2	2	2	2	2	2	2	2	2	2	2	2	2	2	2	2	2	2	74	0	0	0	0	0	0	0	0	0	0	0	0	0	0	0	0	0	0	0	0	0	0	0	0	0	0	0	0	0	0	0	0	0	0	0	0	0	0	0	0	0	0	0	0	0	0	0	0	0	0	0	0	0	0	0	0	0	0	0	0	0	0	0	0	0	0	0	0	0	0	0	0	0	0	0	0	1	1	1	1	1	1	1	1	1	1	1	1	1	1	1	1	1	1	1	1	1	1	1	1	1	1	1	1	1	1	1	1	1	1	1	1	1	37	8	7	4	4	4	4	4	4	4	4	4	4	4	5	4	4	4	4	5	4	4	4	4	4	4	4	4	4	5	4	4	4	4	4	4	4	4	158	0	0	0	0	0	0	0	0	0	0	0	0	0	0	0	0	0	0	0	0	0	0	0	0	0	0	0	0	0	0	0	0	0	0	0	0	0	0	187	113	13	83	7	0	0	1	13799	6	2	3	601	69	10	3	0	16	0	2	64	0	5	0	19	0	0	0	0	0	0	1	0	0	0	0	0	19	4	0	6	0	0	0	4	6	0	0	0	0	5	6946	6156	669	169	1031	6448	836	152	42	2918	752	758	46582	2761	1595	62	16	309	393	0	739	440	477	1801	147	54	4	2	8	30	6	154	342	17	188	62	83066	0	2	1	0	1	0	1	0	0	0	1	0	0	1	1	0	0	1	4	0	0	0	1	0	0	1	1	0	1	1	1	1	1	1	0	1	23	43	174	690	3	12	118	51	449	9	207	56	39	0	3	0	0	1	1	2	22	46	40	0	11	16	0	2	24	12	15	22	0	0	5	0	0	25	0	15	0	2	0	5	128	2	0	0	0	96	0	0	2	14	0	6	3	0	3	0	2	8	0	0	0	125	0	4	0	0	0	17	35	2	1	0	29	0	5	20	1	0	2	1	0	0	0	6	0	1	2	10	4	3	1	3	5	0	16	0	0	0	0	0	0	0	0	0	0	0	60	0	0	236	0	0	0	0	0	6	5	47	2664	0	0	0	0	0	0	0	25	89	0	54	0	7180	10	16	8	4	2	18	17	3	2	7	37	3	6	4	1	15	3	0	4	15	43	1	1	1	0	3	1	14	1	1	31	0	1	20	1	59	5	1	11	45	4	0	2	27
2	1	0	0	0	0	0	0	0	0	0	0	0	0	0	0	0	0	0	0	0	0	1	0	0	0	0	0	0	0	0	0	0	0	0	0	0	4	3	1	1	1	1	1	1	1	1	1	1	1	1	1	1	1	1	1	1	1	1	1	1	1	1	1	1	1	1	1	1	1	1	1	1	1	2	40	3	2	2	2	2	2	2	2	2	2	2	2	2	2	2	2	2	2	2	2	2	2	2	2	2	2	2	2	2	2	2	2	2	2	2	2	2	75	0	0	0	0	0	0	0	0	0	0	0	0	0	0	0	0	1	0	0	0	0	0	0	0	0	0	0	0	0	0	0	0	0	0	0	0	0	1	0	0	0	0	0	0	0	0	0	0	0	0	0	0	0	0	0	0	0	0	0	0	0	0	0	0	0	0	0	0	0	0	0	0	0	0	0	0	6	1	1	1	1	1	1	1	1	1	1	1	1	1	1	1	1	1	1	1	1	1	1	1	1	1	1	1	1	2	1	1	1	1	1	1	1	43	1	0	0	0	0	0	0	0	0	0	0	0	0	0	0	0	0	0	0	0	0	0	0	0	0	0	0	0	0	0	0	0	0	0	0	0	0	1	0	0	0	0	0	0	0	0	1	0	0	0	0	0	0	0	0	0	0	0	0	0	0	0	0	0	0	0	0	0	0	0	0	0	0	0	0	1	5	4	4	4	4	5	4	4	4	4	4	4	4	4	4	4	4	4	4	4	4	4	4	4	4	4	4	4	4	4	4	4	4	4	4	4	4	150	0	0	0	0	0	0	0	0	0	0	0	0	0	0	0	0	0	0	0	0	0	0	0	0	0	0	0	0	0	0	0	0	0	0	0	0	0	0	0	0	0	0	0	0	0	0	0	0	0	0	0	0	0	0	0	0	0	0	0	0	0	0	0	0	0	0	0	0	0	0	0	0	0	0	0	0	0	0	0	0	0	0	0	0	0	0	0	0	0	0	0	0	0	0	0	0	0	0	0	0	0	0	0	0	0	0	0	0	0	0	0	0	0	0	27	19	19	19	19	20	19	19	20	19	19	19	19	19	19	19	19	19	19	19	19	19	19	19	19	19	19	19	19	19	19	19	19	19	19	19	19	713	8	0	1	0	0	0	0	0	0	0	0	0	0	0	1	0	0	0	0	0	0	0	0	0	0	0	0	0	0	0	0	0	0	0	0	1	0	11	0	0	0	0	0	0	0	0	0	0	0	0	0	0	0	0	0	0	0	0	0	0	0	0	0	0	0	0	0	0	0	0	0	0	0	0	0	0	4	4	3	3	3	4	3	3	3	3	3	3	3	5	3	3	3	3	3	3	3	3	4	3	3	3	3	3	4	3	3	3	3	3	3	3	4	119	0	0	0	0	0	0	0	0	0	0	0	0	0	0	0	0	0	0	0	0	0	0	0	0	0	0	0	0	0	0	0	0	0	0	0	0	0	0	1	0	0	0	0	0	0	0	0	0	0	0	0	0	0	0	0	0	0	0	0	0	0	0	0	0	0	0	0	0	0	0	0	0	0	0	0	1	2	2	2	2	2	2	2	2	2	2	2	2	2	2	2	2	2	2	2	2	2	2	2	2	2	2	2	2	2	2	2	2	2	2	2	2	2	74	3	3	3	3	3	3	3	3	3	3	3	3	3	3	3	3	3	3	3	3	3	3	3	3	3	3	3	3	3	3	3	3	3	3	3	3	3	111	0	0	0	0	0	0	0	0	0	0	0	0	0	0	0	0	0	0	0	0	0	0	0	0	0	0	0	0	0	0	0	0	0	0	0	0	0	0	0	0	0	0	0	0	0	0	0	0	0	0	0	0	0	0	0	0	0	0	0	0	0	0	0	0	0	0	0	0	0	0	0	0	0	0	0	0	0	0	0	0	0	0	0	0	0	0	0	0	0	0	0	0	0	0	0	0	0	0	0	0	0	0	0	0	0	0	0	0	0	0	0	0	0	0	0	0	0	0	0	0	0	0	0	0	0	0	0	0	0	0	0	0	0	0	0	0	0	0	0	0	0	0	0	0	0	0	0	0	0	0	0	0	8	0	1	1	0	0	0	1	0	0	0	0	0	0	1	0	1	0	0	0	0	0	0	0	0	1	0	0	0	0	0	0	0	0	0	1	0	15	3	2	2	3	2	2	2	2	2	2	2	2	2	2	2	2	2	2	2	2	2	2	2	2	2	2	2	2	2	2	2	2	2	2	2	2	2	76	180	66	32	99	20	0	0	36	27032	18	11	2	893	120	7	25	1	16	0	1	55	0	14	3	32	2	0	0	0	0	0	1	0	0	0	0	1	18	13	6	2	0	0	0	13	22	0	13	1	0	6	2758	4960	219	327	1408	5807	210	245	14	2720	1904	508	8716	764	648	15	39	1392	197	0	811	960	1139	2321	144	26	1	4	53	17	8	62	403	20	42	202	39064	1	0	1	0	0	0	0	0	1	0	2	0	0	0	0	0	0	0	4	2	0	5	7	0	0	0	0	0	0	0	3	4	4	0	0	4	38	136	393	936	0	10	138	55	671	9	252	40	25	16	5	0	21	0	0	1	25	51	56	0	0	11	0	2	20	14	5	28	0	6	8	0	0	14	0	26	0	1	0	8	220	1	0	2	0	196	2	0	6	12	0	3	3	0	13	0	0	13	0	0	0	160	0	1	0	0	0	13	42	6	0	11	20	0	0	9	12	0	0	1	1	1	0	0	3	0	0	14	8	15	2	1	4	0	18	0	0	0	0	0	0	0	0	0	0	0	50	0	0	197	0	0	0	0	0	4	4	37	2800	0	0	0	0	0	0	0	28	91	0	52	0	6434	10	18	8	4	2	18	19	3	2	8	39	49	6	4	1	15	3	0	4	15	42	1	1	1	0	3	1	15	1	1	34	0	1	21	1	53	6	2	10	36	4	0	2	26
0	0	0	0	0	0	0	0	0	0	0	0	0	0	0	0	0	1	2	0	0	0	0	0	0	0	0	0	0	1	0	0	0	0	0	0	0	4	7	4	4	4	4	4	4	4	4	4	4	4	4	4	4	4	4	4	4	4	4	4	4	4	4	4	4	4	4	4	4	4	4	4	4	4	4	151	2	1	1	1	2	1	1	1	1	1	2	1	1	1	1	1	1	1	1	1	2	1	1	1	1	1	1	1	1	1	1	1	1	1	1	1	1	41	1	1	0	0	0	0	0	0	0	0	0	0	0	0	0	0	1	0	0	0	0	0	0	0	0	0	0	0	0	0	0	0	0	0	0	0	0	3	0	0	0	0	0	0	0	0	0	0	0	0	0	0	0	0	0	0	0	0	0	0	0	0	0	0	0	0	0	0	0	0	0	0	0	0	0	0	12	5	4	5	4	4	4	4	4	5	4	4	4	4	4	4	5	4	4	4	4	4	4	4	4	4	4	4	4	4	4	4	4	4	4	4	4	160	1	0	0	0	0	0	0	0	0	0	0	0	0	0	0	0	0	0	0	0	0	0	0	0	0	0	0	0	0	0	0	0	0	0	0	0	0	1	0	0	0	0	0	0	0	0	0	0	0	0	0	0	0	0	0	0	0	0	0	0	0	0	0	0	0	0	0	0	0	0	0	0	0	0	0	0	3	2	2	2	2	2	2	2	2	2	2	2	2	2	2	2	2	2	2	2	2	2	2	2	2	2	2	2	2	2	2	2	2	2	2	2	2	75	0	0	0	0	0	0	0	0	0	0	0	0	0	0	0	0	0	0	0	0	0	0	0	0	0	0	0	0	0	0	0	0	0	0	0	0	0	0	1	0	0	0	0	0	0	0	0	0	0	0	0	0	0	0	0	0	0	0	0	0	0	0	0	0	0	0	0	0	0	0	0	0	0	0	0	1	0	0	0	0	0	0	0	0	0	0	0	0	0	0	0	0	0	0	0	0	0	0	0	0	0	0	0	0	0	0	0	0	0	0	0	0	0	0	24	16	16	16	17	16	16	16	16	16	18	16	16	17	16	17	16	16	16	16	17	16	16	16	16	16	16	16	16	16	16	16	16	16	16	16	16	606	8	1	0	2	0	1	0	0	0	0	0	0	0	1	0	0	1	0	0	0	0	0	0	0	0	0	0	0	0	0	1	0	0	0	0	0	1	16	0	0	0	0	0	0	0	0	0	0	0	0	0	0	0	0	0	0	0	0	0	0	0	0	0	0	0	0	0	0	0	0	0	0	0	0	0	0	15	9	9	9	9	10	9	9	9	9	10	9	9	12	9	9	9	9	9	9	9	9	9	9	9	9	9	9	9	9	9	9	9	9	9	10	9	345	0	0	0	0	0	0	0	0	0	0	0	0	0	0	0	0	0	0	0	0	0	0	0	0	0	0	0	0	0	0	0	0	0	0	0	0	0	0	0	0	0	0	0	0	0	0	0	0	0	0	0	0	0	0	0	0	0	0	0	0	0	0	0	0	0	0	0	0	0	0	0	0	0	0	0	0	2	2	2	2	2	2	2	2	2	2	2	2	2	2	2	2	2	2	2	2	2	2	2	2	2	2	2	2	2	2	2	2	2	2	2	2	2	74	1	0	0	0	0	0	0	0	0	0	0	0	0	0	0	0	0	0	0	0	0	0	0	0	0	0	0	0	0	0	0	0	0	0	0	0	0	1	3	3	3	3	3	3	3	3	3	3	3	3	3	3	3	3	3	3	3	3	3	3	3	3	3	3	3	3	3	3	3	3	3	3	3	3	3	111	0	0	0	0	0	0	0	0	0	0	0	0	0	0	0	0	0	0	0	0	0	0	0	0	0	0	0	0	0	0	0	0	0	0	0	0	0	0	0	0	0	0	0	0	0	0	0	0	0	0	0	0	0	0	0	0	0	0	0	0	0	0	0	0	0	0	0	0	0	0	0	0	0	0	0	0	1	0	0	0	0	0	0	0	0	0	0	0	0	0	0	0	0	0	0	0	0	0	0	0	0	0	0	0	0	0	0	0	0	0	0	0	0	1	13	3	2	2	1	1	2	2	1	1	1	1	1	2	1	1	2	2	1	1	1	1	1	1	1	2	1	2	1	2	2	1	2	2	1	1	2	65	1	1	1	1	1	1	1	1	1	1	1	1	1	1	1	1	1	1	1	1	1	1	1	1	1	1	1	1	1	1	1	1	1	1	1	1	2	38	346	104	58	225	47	0	1	30	41682	16	40	17	1061	118	5	14	1	23	0	9	118	0	15	2	93	5	0	0	0	0	0	7	0	1	0	0	1	75	17	12	2	0	0	0	20	48	3	0	7	3	0	2791	3463	220	155	313	2022	262	562	9	1159	344	578	7051	2932	256	35	13	1560	71	0	1546	682	790	3321	116	42	2	13	59	21	2	143	495	1	55	60	31144	1	0	1	0	1	0	0	2	1	4	1	0	0	4	2	3	0	1	5	0	0	9	0	0	0	1	1	0	0	0	1	1	1	1	0	0	41	115	397	1326	2	19	236	133	931	3	378	37	22	14	10	1	15	6	1	5	18	91	67	0	4	29	2	2	20	13	10	88	1	7	2	6	0	27	0	27	0	0	0	29	194	0	0	18	0	334	3	1	0	19	11	5	11	0	4	2	4	17	0	0	0	157	0	2	0	0	10	28	76	13	3	1	0	5	0	11	11	0	15	3	1	7	0	4	0	4	3	60	5	0	6	2	13	0	18	0	0	0	0	0	0	0	0	0	0	0	59	0	0	240	0	0	0	0	0	9	2	75	2378	0	0	0	0	0	0	0	35	86	0	50	0	6559	15	19	9	4	2	22	24	3	2	7	39	10	6	4	1	14	4	0	5	16	41	1	1	1	0	3	1	16	1	2	37	0	1	23	1	54	5	2	12	34	4	0	2	28
0	1	0	0	0	0	0	0	0	0	0	0	0	0	0	0	0	0	0	0	0	0	0	0	0	0	0	0	0	0	0	0	0	0	0	0	0	1	2	2	3	2	2	2	2	2	2	2	2	2	2	2	2	2	2	2	2	2	2	2	2	2	2	2	2	2	2	2	2	2	2	2	2	2	2	75	7	3	3	3	3	3	3	4	3	3	3	3	3	3	3	3	3	3	3	3	3	3	3	3	3	3	3	3	3	3	3	3	3	3	3	3	3	116	1	2	0	0	0	0	0	0	0	0	0	0	0	0	0	0	0	0	0	0	0	0	0	0	0	0	0	0	0	0	0	0	0	0	0	0	0	3	0	0	0	0	0	0	0	0	0	0	0	0	0	0	0	0	0	0	0	0	0	0	0	0	0	0	0	0	0	0	0	0	0	0	0	0	0	0	7	4	2	2	2	2	2	2	2	2	2	2	2	2	2	2	2	2	2	2	2	2	2	2	2	2	2	2	2	3	2	2	2	2	2	2	2	82	2	1	2	1	1	1	1	1	1	1	1	1	1	1	1	1	1	1	1	1	1	2	1	1	1	1	1	1	1	1	1	1	1	1	1	1	1	40	5	5	6	6	5	6	5	5	5	5	5	5	5	6	5	5	5	5	5	5	5	5	5	5	5	5	6	5	5	5	6	5	5	5	5	5	5	191	2	2	2	2	2	3	2	2	2	2	2	2	2	2	2	2	2	2	2	2	2	2	2	2	2	2	2	2	2	2	2	2	2	2	2	2	2	75	0	0	0	0	0	0	0	0	0	0	0	0	0	0	0	0	0	0	0	0	0	0	0	0	0	0	0	0	0	0	0	0	0	0	0	0	0	0	0	0	0	0	0	0	0	0	0	0	0	0	0	0	0	0	0	0	0	0	0	0	0	0	0	0	0	0	0	0	0	0	0	0	0	0	0	0	0	0	0	0	0	0	0	0	0	0	0	0	0	0	0	0	0	0	0	0	0	0	0	0	0	0	0	0	0	0	0	0	0	0	0	0	0	0	28	19	19	19	18	20	18	19	18	18	18	18	18	19	18	18	18	18	18	18	18	18	18	18	18	18	19	18	18	18	19	18	18	18	18	18	19	686	7	4	2	3	1	1	1	1	1	1	1	1	1	1	1	1	1	1	1	1	1	1	1	1	1	1	1	1	1	1	1	1	1	1	1	1	1	49	0	0	0	0	0	0	0	0	0	0	0	0	0	0	0	0	0	0	0	0	0	0	0	0	0	0	0	0	0	0	0	0	0	0	0	0	0	0	5	5	4	4	4	5	4	4	5	4	4	4	4	6	4	4	4	4	4	5	4	4	6	5	4	4	4	4	4	4	6	5	4	4	5	5	4	163	0	0	0	0	0	0	0	0	0	0	0	0	0	0	0	0	0	0	0	0	0	0	0	0	0	0	0	0	0	0	0	0	0	0	0	0	0	0	1	1	1	1	1	1	1	1	1	1	1	1	1	1	1	1	1	1	1	1	1	1	1	1	1	1	1	1	1	1	1	1	1	1	1	1	1	37	0	0	0	0	0	0	0	0	0	0	0	0	0	0	0	0	0	0	0	0	0	0	0	0	0	0	0	0	0	0	0	0	0	0	0	0	0	0	1	1	1	1	1	1	1	1	1	1	1	1	1	1	1	1	1	1	1	1	1	1	1	1	1	1	1	1	1	1	1	1	1	1	1	1	1	37	2	2	2	2	2	2	2	2	2	2	2	2	2	2	2	2	2	2	2	2	2	2	2	2	2	2	2	2	2	2	2	2	2	2	2	2	2	74	1	0	0	0	0	0	0	0	0	0	0	0	0	0	0	0	0	0	0	0	0	0	0	0	0	0	0	0	0	0	0	0	0	0	0	0	0	1	0	0	0	0	0	0	0	0	0	0	0	0	0	0	0	0	0	0	0	0	0	0	0	0	0	0	0	0	0	0	0	0	0	0	0	0	0	0	1	1	1	1	1	1	1	1	1	1	1	1	1	1	1	1	1	1	1	1	1	1	1	1	1	1	1	1	1	1	1	1	1	1	1	1	1	37	5	4	2	3	1	1	1	1	1	1	1	1	2	1	1	1	1	1	2	1	1	1	1	1	1	1	1	1	1	1	1	1	1	1	1	1	2	50	0	1	1	0	0	0	0	0	0	0	0	0	0	0	0	0	0	0	0	0	0	0	0	0	0	0	1	0	0	0	0	0	0	0	0	0	0	3	267	73	28	111	21	3	7	44	28292	23	18	18	678	67	11	7	0	18	3	0	58	0	6	0	53	3	0	0	0	0	0	4	0	0	0	0	0	18	0	6	8	4	0	0	10	43	0	0	8	0	14	8692	7412	1238	246	268	3150	611	346	22	1654	1770	415	7536	787	522	70	40	1149	13	0	2549	2501	12599	1928	116	87	51	71	61	140	4	2213	297	6	133	120	58817	3	1	0	0	0	1	2	0	2	0	2	0	0	0	0	0	0	1	5	1	0	0	0	0	1	0	1	0	0	1	0	1	0	1	0	1	24	164	380	902	5	13	167	99	757	12	333	52	24	45	6	2	45	3	1	2	15	65	27	0	0	18	4	3	37	26	3	30	0	19	4	5	0	13	0	17	0	1	0	21	139	0	0	0	0	267	7	0	0	7	0	0	0	0	8	0	0	1	0	1	0	155	0	0	0	1	0	36	49	6	0	0	17	2	0	7	18	0	1	2	0	0	2	0	2	2	5	7	2	13	5	0	13	0	7	0	0	0	0	0	0	0	0	0	0	0	46	0	0	150	0	0	0	0	0	2	4	58	2324	0	0	0	0	0	0	0	30	61	0	32	0	5746	12	19	7	4	1	23	23	2	2	8	40	6	6	4	1	15	4	0	5	16	39	1	1	1	0	3	1	15	1	2	34	0	1	20	1	58	6	2	11	44	4	0	3	28
3	4	2	2	2	2	2	2	2	2	2	2	2	2	2	2	2	2	2	2	2	2	2	2	2	2	2	2	2	2	2	2	2	2	2	2	2	77	5	2	1	1	1	1	1	1	1	1	1	1	1	1	1	1	1	1	1	1	1	1	1	1	1	1	1	1	1	1	1	1	1	1	1	1	1	42	11	2	2	2	2	2	2	2	2	2	2	2	2	2	2	2	2	2	2	2	2	2	2	2	2	2	2	2	2	2	2	2	2	2	2	2	2	83	1	0	0	0	0	0	0	0	0	0	0	0	0	0	0	0	0	0	0	0	0	1	0	0	0	0	0	0	0	0	0	0	0	0	0	0	0	2	0	0	0	0	0	0	0	0	0	0	0	0	0	0	0	0	0	0	0	0	0	0	0	0	0	0	0	0	0	0	0	0	0	0	0	0	0	0	12	1	0	2	0	0	0	0	0	0	1	0	0	0	0	0	0	0	0	0	0	0	0	0	0	0	0	0	0	0	0	0	0	0	0	0	0	16	1	0	0	0	0	0	0	0	0	0	0	0	0	0	0	0	0	0	0	0	0	0	0	0	0	0	0	0	0	0	0	0	0	0	0	0	0	1	1	1	1	1	1	1	1	1	1	1	1	1	1	1	1	1	1	1	1	1	1	1	1	1	1	1	1	1	1	1	1	1	1	1	1	1	1	37	2	2	2	2	2	2	2	2	2	2	2	2	2	2	2	2	2	2	2	2	2	2	2	2	2	2	2	2	2	2	2	2	2	2	2	2	2	74	2	2	2	2	2	2	2	2	2	2	2	2	2	2	2	2	2	2	2	2	2	2	2	2	2	2	2	2	2	2	2	2	2	2	2	2	2	74	0	0	0	0	0	0	0	0	0	0	0	0	0	0	0	0	0	0	0	0	0	0	0	0	0	0	0	0	0	0	0	0	0	0	0	0	0	0	0	0	0	0	0	0	0	0	0	0	0	0	0	0	0	0	0	0	0	0	0	0	0	0	0	0	0	0	0	0	0	0	0	0	0	0	0	0	32	20	20	20	20	24	20	20	21	20	20	20	20	20	20	20	20	20	20	20	20	20	21	20	20	20	20	20	20	20	20	20	20	20	20	20	20	758	11	3	2	1	1	1	1	1	2	1	1	1	1	2	1	1	1	1	1	1	1	2	1	1	1	1	1	1	1	1	1	1	1	1	1	1	1	53	0	0	0	0	0	0	0	0	0	0	0	0	0	0	0	0	0	0	0	0	0	0	0	0	0	0	0	0	0	0	0	0	0	0	0	0	0	0	2	3	2	2	2	2	2	2	3	2	2	2	2	2	2	2	2	2	2	2	2	3	3	2	2	2	2	2	2	2	2	2	2	2	2	2	3	79	1	1	1	1	1	1	1	1	1	1	1	1	1	1	1	1	1	1	1	1	1	1	1	1	1	1	1	1	1	1	1	1	1	1	1	1	1	37	1	1	1	1	1	1	1	1	1	1	1	1	1	1	1	1	1	1	1	1	1	1	1	1	1	1	1	1	1	1	1	1	1	1	1	1	1	37	0	0	0	0	0	0	0	0	0	0	0	0	0	0	0	0	0	0	0	0	0	0	0	0	0	0	0	0	0	0	0	0	0	0	0	0	0	0	2	2	2	2	2	2	2	2	2	2	2	2	2	2	2	2	2	2	2	2	2	2	2	2	2	2	2	2	2	2	2	2	2	2	2	2	2	74	3	3	3	3	3	3	3	3	3	3	3	3	3	3	3	3	3	3	3	3	3	3	3	3	3	3	3	3	3	3	3	3	3	3	3	3	3	111	0	0	0	0	0	0	0	0	0	0	0	0	0	0	0	0	0	0	0	0	0	0	0	0	0	0	0	0	0	0	0	0	0	0	0	0	0	0	0	0	0	0	0	0	0	0	0	0	0	0	0	0	0	0	0	0	0	0	0	0	0	0	0	0	0	0	0	0	0	0	0	0	0	0	0	0	2	2	2	2	2	2	2	2	2	2	2	2	2	2	2	2	2	2	2	2	2	2	2	2	2	2	2	2	2	2	2	2	2	2	2	2	2	74	9	3	2	1	1	1	1	1	3	1	1	1	1	2	1	1	2	1	1	1	1	2	1	1	1	1	1	1	1	2	1	1	1	1	1	1	1	54	6	3	3	3	3	3	3	3	3	3	3	3	3	3	3	3	4	3	3	3	3	3	3	3	3	3	3	3	3	3	3	3	3	3	3	3	3	115	313	85	73	80	24	1	1	32	25051	3	12	8	1142	100	9	10	2	24	0	4	92	0	10	0	33	1	0	0	0	0	0	5	0	0	0	0	1	20	8	2	7	0	0	0	10	46	0	0	0	0	9	7392	5411	2302	146	907	4284	457	351	68	3540	1148	1621	9370	3531	1504	430	123	123	2737	0	1581	2070	1848	2886	151	56	7	689	62	43	17	367	302	4	524	342	56394	1	2	2	2	1	1	1	2	1	0	1	0	0	1	1	0	2	3	7	1	0	8	0	0	4	2	3	2	1	3	2	0	0	3	0	2	59	208	406	1046	1	5	219	116	793	11	341	42	38	8	3	1	32	2	1	6	60	73	58	4	1	4	2	3	42	10	4	38	0	12	8	2	1	31	0	18	8	2	0	15	171	7	0	3	0	278	7	0	0	6	1	3	5	0	0	0	0	2	1	5	0	196	0	2	0	2	0	10	53	9	0	0	5	4	0	21	6	0	3	3	0	2	5	2	0	0	2	31	7	18	8	4	4	0	30	0	0	0	0	0	0	0	0	0	0	0	39	0	0	203	0	0	0	0	0	19	13	112	1772	0	0	0	0	0	0	0	33	25	0	189	0	5548	11	18	6	4	1	23	18	2	2	7	39	5	6	4	1	14	4	0	5	15	36	1	1	1	0	3	1	14	1	1	36	0	1	22	1	51	6	2	11	24	3	0	2	22
1	1	1	1	1	1	1	1	1	1	1	1	1	1	1	1	8	1	1	1	1	1	1	1	1	1	1	1	1	1	1	1	1	1	1	1	1	44	7	3	2	3	2	2	3	3	2	2	2	2	2	2	2	2	2	2	2	2	2	2	2	2	2	2	2	2	2	2	2	2	3	2	2	2	2	84	9	3	4	3	3	4	3	3	3	3	3	3	3	3	3	3	3	3	3	3	3	3	3	3	3	3	3	3	3	3	3	3	3	3	3	3	3	119	3	3	3	3	3	3	3	3	3	3	3	3	3	3	3	3	3	3	3	3	3	3	3	3	3	3	3	3	3	3	3	3	3	3	3	3	3	111	1	0	0	0	0	0	0	0	0	0	0	0	0	0	0	0	0	0	0	0	0	0	0	0	0	0	0	0	0	0	0	0	0	0	0	0	0	1	14	3	3	3	3	3	3	3	3	3	3	3	3	3	4	3	3	3	3	3	3	3	3	3	3	3	3	4	4	3	3	3	3	3	3	3	3	125	0	0	0	0	0	0	0	0	0	0	0	0	0	0	0	0	0	0	0	0	0	0	0	0	0	0	0	0	0	0	0	0	0	0	0	0	0	0	1	1	1	1	2	1	1	1	1	1	1	1	2	1	1	1	1	1	1	1	1	1	1	1	1	1	1	1	1	1	1	1	1	1	1	1	1	39	1	0	1	0	0	0	0	0	0	0	0	0	0	1	0	0	0	0	0	0	0	0	0	0	0	0	0	0	0	0	0	0	0	0	0	0	0	3	0	0	0	0	0	0	0	0	0	0	0	0	0	1	0	0	0	0	0	0	0	0	0	0	0	0	0	0	0	0	0	0	0	0	0	0	0	1	0	0	0	0	0	0	0	0	0	0	0	0	0	0	0	0	0	0	0	0	0	0	0	0	0	0	0	0	0	0	0	0	0	0	0	0	0	0	0	0	0	0	0	0	0	0	0	0	0	0	0	0	0	0	0	0	0	0	0	0	0	0	0	0	0	0	0	0	0	0	0	0	0	0	0	0	43	32	32	32	32	34	32	32	32	31	31	31	32	31	32	31	31	31	31	32	31	31	32	32	31	31	31	31	31	32	31	32	31	31	32	32	31	1178	4	1	1	1	0	0	0	0	0	0	0	0	0	0	0	0	0	0	0	0	0	0	0	0	0	0	0	1	0	0	1	0	0	0	0	0	0	9	0	0	0	0	0	0	0	0	0	0	0	0	0	0	0	0	0	0	0	0	0	0	0	0	0	0	0	0	0	0	0	0	0	0	0	0	0	0	5	4	4	4	5	4	4	4	4	4	4	4	4	7	4	4	4	4	4	4	4	4	5	5	4	4	4	4	4	4	4	5	5	4	5	5	4	159	1	1	1	1	1	1	1	1	1	1	1	1	1	1	1	1	1	1	1	1	1	1	1	1	1	1	1	1	1	1	1	1	1	1	1	1	1	37	0	0	0	0	0	0	0	0	0	0	0	0	0	0	0	0	0	0	0	0	0	0	0	0	0	0	0	0	0	0	0	0	0	0	0	0	0	0	2	2	2	2	2	2	2	2	2	2	2	2	2	2	2	2	2	2	2	2	2	2	2	2	2	2	2	2	2	2	2	2	2	2	2	2	2	74	1	1	1	1	1	1	1	1	1	1	1	1	1	1	1	1	1	1	1	1	1	1	1	1	1	1	1	1	1	1	1	1	1	1	1	1	1	37	7	7	7	7	7	7	7	7	7	7	7	7	7	7	7	7	7	7	7	7	7	7	7	7	7	7	7	7	7	7	7	7	7	7	7	7	7	259	0	0	0	0	0	0	0	0	0	0	0	0	0	0	0	0	0	0	0	0	0	0	0	0	0	0	0	0	0	0	0	0	0	0	0	0	0	0	0	0	0	0	0	0	0	0	0	0	0	0	0	0	0	0	0	0	0	0	0	0	0	0	0	0	0	0	0	0	0	0	0	0	0	0	0	0	0	0	0	0	0	0	0	0	0	0	0	0	0	0	0	0	0	0	0	0	0	0	0	0	0	0	0	0	0	0	0	0	0	0	0	0	0	0	5	1	2	1	0	0	0	0	0	0	1	0	0	1	1	0	0	0	0	0	0	0	0	0	0	0	0	1	0	0	1	0	0	0	0	0	1	15	5	5	5	5	5	5	5	6	5	6	5	5	5	5	5	5	5	5	5	5	5	5	5	5	5	5	5	5	5	5	5	5	5	5	5	5	5	187	165	45	21	53	16	0	0	44	28759	4	12	6	745	80	30	10	1	22	0	6	46	3	2	1	41	0	0	0	0	0	0	3	0	0	0	0	0	17	0	5	9	1	0	0	21	16	0	0	1	0	1	13192	6367	525	238	1255	7067	344	464	17	4357	843	3104	10858	1276	1190	150	202	182	969	0	1747	1746	2983	10572	32	145	9	443	60	76	28	889	7283	11	591	271	79486	2	2	1	2	2	8	1	1	1	1	2	0	0	1	2	1	1	2	6	1	0	0	0	0	2	1	2	1	1	2	1	3	1	1	0	1	53	230	328	957	4	16	162	50	677	17	272	21	22	16	1	1	23	1	0	1	15	38	70	0	4	10	0	3	23	17	8	36	0	2	0	0	0	26	0	20	0	3	1	20	92	0	0	14	0	308	5	0	0	12	2	0	8	0	8	0	0	1	0	0	0	191	1	0	0	2	0	8	55	0	0	0	14	0	3	22	8	0	1	9	0	0	0	0	0	2	1	25	4	8	12	0	8	0	4	0	0	0	0	717	22	0	0	889	72	0	62	0	0	311	1	0	0	0	646	12	8	102	2918	0	0	0	0	0	0	2	33	38	0	368	0	11587	10	20	6	3	1	20	33	2	2	7	40	5	6	4	1	15	3	0	5	14	41	1	1	1	0	3	1	14	1	1	31	0	1	23	1	51	6	2	11	27	3	0	2	24
4	1	1	1	1	1	1	1	1	2	1	1	1	1	1	1	1	1	1	1	1	1	1	1	1	1	1	1	1	1	1	1	1	1	1	1	1	41	17	5	5	5	5	5	5	5	5	5	5	5	5	5	5	5	5	5	5	5	5	5	5	5	5	5	5	5	5	5	5	5	5	5	5	5	5	197	10	3	4	3	3	3	3	3	3	3	3	3	3	3	3	3	3	3	3	3	3	3	3	3	3	3	3	3	3	3	3	3	3	3	3	3	3	119	4	1	1	1	1	1	1	1	1	1	1	1	1	1	1	1	1	1	1	1	1	1	1	1	1	1	1	1	1	1	1	1	1	1	1	1	1	40	0	0	0	0	0	0	0	0	0	0	0	0	0	0	0	0	0	0	0	0	0	0	0	0	0	0	0	0	0	1	0	0	0	0	0	0	0	1	29	6	5	5	5	5	5	5	5	5	5	5	5	5	5	5	5	5	5	5	5	5	5	5	5	5	5	5	6	5	5	5	5	5	5	5	5	211	0	0	0	0	0	0	0	0	0	0	0	0	0	0	0	0	0	0	0	0	0	0	0	0	0	0	0	0	0	1	0	0	0	0	0	0	0	1	3	2	2	2	2	2	2	2	2	2	2	2	2	2	2	2	2	2	2	2	2	2	2	2	2	2	2	2	2	2	2	2	2	2	2	2	3	76	8	8	8	8	8	8	8	8	8	8	8	8	8	8	8	8	8	8	8	8	8	8	8	8	8	8	8	8	8	8	8	8	8	8	8	8	8	296	2	2	2	2	2	2	2	2	2	2	2	2	2	2	2	2	2	2	2	2	2	2	2	2	2	2	2	2	2	2	2	2	2	2	2	2	2	74	0	0	0	0	0	0	0	0	0	0	0	0	0	0	0	0	0	0	0	0	0	0	0	0	0	0	0	0	0	0	0	0	0	0	0	0	0	0	0	0	0	0	0	0	0	0	0	0	0	0	0	0	0	0	0	0	0	0	0	0	0	0	0	0	0	0	0	0	0	0	0	0	0	0	0	0	51	34	35	33	33	33	34	33	33	34	33	33	33	34	33	33	33	33	33	33	33	33	33	33	33	33	33	33	33	33	33	33	33	33	33	33	35	1247	13	1	1	1	2	1	1	1	1	1	2	1	1	1	2	1	1	1	1	1	1	1	1	1	1	1	1	1	2	2	1	1	1	1	1	1	1	54	0	0	0	0	0	0	0	0	0	0	0	0	0	0	0	0	0	0	0	0	0	0	0	0	0	0	0	0	0	0	0	0	0	0	0	0	0	0	7	8	7	8	7	7	8	8	8	7	7	7	7	8	7	7	7	7	7	7	7	7	8	8	7	7	7	7	7	7	7	8	7	7	8	8	9	272	1	1	1	1	1	1	1	1	1	1	1	1	1	1	1	1	1	1	1	1	1	1	1	1	1	1	1	1	1	1	1	1	1	1	1	1	1	37	2	2	2	2	2	2	2	2	2	2	2	2	2	2	2	2	2	2	2	2	2	2	2	2	2	2	2	2	2	2	2	2	2	2	2	2	2	74	1	1	1	1	1	1	1	1	1	1	1	1	1	1	1	1	1	1	1	1	1	1	1	1	1	1	1	1	1	1	1	1	1	1	1	1	1	37	2	2	2	2	2	2	2	2	2	2	2	2	2	2	2	2	2	2	2	2	2	2	2	2	2	2	2	2	2	2	2	2	2	2	2	2	2	74	6	6	6	6	6	6	6	6	6	6	6	6	6	6	6	6	6	6	6	6	6	6	6	6	6	6	6	6	6	6	6	6	6	6	6	6	6	222	2	1	1	1	1	1	1	1	1	1	1	1	1	1	1	1	1	1	1	1	1	1	1	1	1	1	1	1	1	1	1	1	1	1	1	1	1	38	0	0	0	0	0	0	0	0	0	0	0	0	0	0	0	0	0	0	0	0	0	0	0	0	0	0	0	0	0	0	0	0	0	0	0	0	0	0	4	1	1	1	1	1	1	1	1	1	1	1	1	1	1	1	1	1	1	1	1	1	1	1	1	1	1	1	1	1	1	1	1	1	1	1	1	40	12	2	1	1	2	2	1	1	1	1	2	1	1	1	3	1	1	1	1	1	1	1	1	1	1	1	1	1	1	4	1	1	1	1	1	1	1	57	4	3	3	3	3	3	3	3	3	3	3	3	3	3	3	3	3	3	3	3	3	3	3	3	3	3	3	3	3	3	3	3	3	3	3	3	3	112	237	68	64	92	19	0	0	39	12479	2	12	9	793	69	10	4	1	25	0	0	38	0	15	1	59	4	0	0	0	0	0	2	0	0	0	0	3	14	3	0	20	0	0	0	27	27	1	0	4	0	2	13049	6040	461	256	2231	5461	1003	535	90	4264	468	2034	3126	475	3021	122	293	222	44	0	5810	7915	1495	21927	122	540	7	110	61	148	9	206	3423	31	799	111	85909	1	0	1	0	0	1	0	0	2	3	2	0	0	3	0	5	0	0	4	1	0	1	0	0	0	0	0	0	0	0	2	0	0	0	0	0	26	103	255	947	17	11	164	90	705	8	259	11	7	24	6	0	4	0	0	0	51	35	51	1	6	22	0	2	27	4	4	18	0	0	1	11	0	16	4	8	5	2	1	20	88	4	0	20	0	302	8	0	1	15	0	0	12	0	1	0	0	0	2	0	0	157	0	5	0	0	9	26	31	5	0	2	3	0	6	9	23	0	0	6	0	1	3	0	0	0	1	10	4	1	0	0	12	0	16	0	0	0	0	1058	21	0	0	824	75	0	34	0	0	309	0	0	0	0	601	5	5	98	2598	0	0	0	0	0	0	2	35	48	0	365	0	10908	10	20	6	4	1	21	21	3	2	8	38	7	6	5	1	15	3	0	5	13	39	1	1	1	0	3	1	13	1	2	28	0	1	19	1	56	5	2	11	27	3	0	2	28
2	0	0	0	0	2	0	0	0	0	0	0	0	0	0	0	0	0	0	0	0	0	0	0	0	0	0	0	0	0	0	0	0	0	0	0	0	4	8	1	1	1	1	1	1	1	1	2	1	1	1	1	2	1	1	1	1	1	1	1	1	1	1	1	1	1	1	1	1	1	2	1	1	1	1	47	6	0	0	0	0	0	0	0	0	0	0	0	0	0	1	0	0	0	0	0	0	0	0	0	0	0	0	0	0	0	0	0	0	0	0	0	0	7	0	1	0	0	0	0	0	0	0	0	0	0	0	0	0	0	0	0	0	0	0	0	0	0	0	0	0	0	0	0	0	0	0	0	0	0	0	1	0	0	0	0	0	0	0	0	0	0	0	0	0	0	0	0	0	0	0	0	0	0	0	0	0	0	0	0	0	0	0	0	0	0	0	0	0	0	12	2	0	1	0	0	0	0	0	1	0	0	0	0	1	0	0	0	0	0	0	0	0	0	0	0	0	0	0	1	0	0	0	0	0	0	0	18	0	0	0	0	0	0	0	0	0	0	0	0	0	0	0	0	0	0	0	0	0	0	0	0	0	0	0	0	0	0	0	0	0	0	0	0	0	0	5	5	5	5	5	5	5	5	5	5	5	5	5	6	5	5	5	5	5	5	5	5	5	5	5	5	5	5	5	5	5	5	5	5	5	5	6	187	3	3	3	3	3	3	3	3	3	3	3	3	3	3	3	3	3	3	3	3	3	3	3	3	3	3	3	3	3	3	3	3	3	3	3	3	4	112	1	1	1	1	1	1	1	1	1	1	1	1	1	1	1	1	1	1	1	1	1	1	1	1	1	1	1	1	1	1	1	1	1	1	1	1	1	37	0	0	0	0	0	0	0	0	0	0	0	0	0	0	0	0	0	0	0	0	0	0	0	0	0	0	0	0	0	0	0	0	0	0	0	0	0	0	0	0	0	0	0	0	0	0	0	0	0	0	0	0	0	0	0	0	0	0	0	0	0	0	0	0	0	0	0	0	0	0	0	0	0	0	0	0	38	28	27	27	27	28	27	27	27	29	27	27	27	28	28	27	27	27	27	27	27	27	28	27	27	27	27	27	27	27	27	27	29	27	27	27	28	1020	7	2	1	3	1	1	1	1	1	1	1	1	1	1	1	1	2	1	1	1	1	1	1	1	1	1	1	1	1	2	1	1	2	1	1	1	1	49	0	0	0	0	0	0	0	0	0	0	0	0	0	0	0	0	0	0	0	0	0	0	0	0	0	0	0	0	0	0	0	0	0	0	0	0	0	0	9	10	8	8	8	8	8	8	8	8	8	8	8	8	8	8	8	8	8	8	8	8	9	9	8	9	8	8	8	8	8	8	9	8	8	8	9	304	0	0	0	0	0	0	0	0	0	0	0	0	0	0	0	0	0	0	0	0	0	0	0	0	0	0	0	0	0	0	0	0	0	0	0	0	0	0	0	1	0	0	0	0	0	0	0	0	0	0	0	0	0	0	0	0	0	0	0	0	0	0	0	0	0	0	0	0	0	0	0	0	0	0	0	1	0	0	0	0	0	0	0	0	0	0	0	0	0	0	0	0	0	0	0	0	0	0	0	0	0	0	0	0	0	0	0	0	0	0	0	0	0	0	1	2	1	1	1	1	1	1	1	1	1	1	1	1	1	1	1	1	1	1	1	1	1	1	1	1	1	1	1	1	1	1	1	1	1	1	1	38	1	1	1	1	1	1	1	1	1	2	1	1	1	1	1	1	1	1	1	1	1	1	1	1	1	1	1	1	1	1	1	1	1	1	1	1	1	38	1	1	1	1	1	1	1	1	1	1	1	1	1	1	1	1	1	1	1	1	1	1	1	1	1	1	1	1	1	1	1	1	1	1	1	1	1	37	0	0	0	0	0	0	0	0	0	0	0	0	0	0	0	0	0	0	0	0	0	0	0	0	0	0	0	0	0	0	0	0	0	0	0	0	0	0	0	0	0	0	0	0	0	0	0	0	0	0	0	0	0	0	0	0	0	0	0	0	0	0	0	0	0	0	0	0	0	0	1	0	0	0	0	1	10	2	1	1	0	0	0	0	0	0	0	0	0	0	1	0	1	0	0	0	0	0	0	0	0	0	0	0	0	1	1	0	0	0	0	0	1	19	0	0	0	0	0	0	0	0	0	0	0	0	0	0	0	0	0	0	0	0	0	0	0	0	0	0	0	0	0	0	0	0	0	0	0	0	0	0	248	85	65	159	24	0	0	21	28851	18	11	17	1080	142	2	12	1	23	0	1	43	0	4	0	73	0	0	0	0	0	0	12	0	0	0	0	0	46	5	4	4	0	0	0	3	34	0	0	1	0	6	7130	16627	700	290	1326	24877	1991	1080	33	2893	687	1301	17072	586	932	189	197	329	30	0	16239	3609	5048	6883	400	397	56	70	62	218	5	101	2647	7	937	429	115378	0	3	1	1	1	1	0	1	1	0	1	0	0	1	1	0	1	2	5	2	0	4	0	0	1	2	0	2	1	0	0	0	0	1	0	0	33	200	359	1045	0	7	206	94	691	11	302	34	41	12	7	0	10	4	0	0	56	60	63	0	9	15	0	5	86	8	12	36	0	10	6	0	0	26	0	14	1	2	0	10	147	4	0	4	0	287	0	0	0	6	2	0	6	0	0	0	2	6	1	0	1	180	0	1	0	3	0	19	39	7	0	0	0	0	2	19	2	0	2	1	0	3	2	2	0	3	0	13	6	6	3	3	6	0	8	0	0	0	0	797	32	0	0	943	182	0	47	0	0	304	3	0	0	0	635	6	1	87	2275	0	0	0	0	0	0	1	24	57	0	265	0	10742	11	19	6	5	1	29	19	3	3	9	35	16	5	5	1	17	3	0	5	14	39	1	1	1	0	3	1	14	1	2	20	0	1	20	1	58	3	1	11	23	3	0	3	29
4	2	1	1	1	1	2	1	2	1	1	1	1	1	1	1	1	1	1	2	1	1	1	1	1	2	1	1	1	2	1	1	1	2	1	1	2	48	4	2	2	2	2	2	2	2	2	2	2	2	2	2	2	2	2	2	2	2	2	2	2	2	2	2	2	2	2	2	2	2	2	2	2	2	2	76	6	3	4	3	4	3	3	3	4	3	3	4	3	3	3	3	3	3	3	3	3	3	3	3	3	3	3	3	3	3	3	3	3	3	3	3	3	118	2	2	2	2	2	2	2	2	2	2	3	2	2	2	2	2	2	2	2	2	2	2	2	2	2	2	2	2	2	2	2	2	2	2	2	2	2	75	0	0	0	0	0	0	0	0	0	0	0	0	0	0	0	0	0	0	0	0	0	0	0	0	0	0	0	0	0	0	0	0	0	0	0	0	0	0	16	3	2	2	2	2	2	2	2	2	2	2	2	2	2	2	2	2	2	2	2	2	2	2	2	2	2	2	2	2	2	2	2	2	2	2	2	89	2	1	0	0	0	0	0	0	0	0	0	0	0	0	2	0	0	0	0	0	0	1	0	0	0	0	1	0	0	2	0	0	0	0	0	0	0	9	2	2	2	2	2	2	2	2	3	2	2	2	2	2	2	2	2	2	2	2	2	2	2	2	2	2	2	2	2	2	2	2	2	2	2	2	2	75	10	9	9	9	9	9	9	9	9	9	9	9	9	9	9	9	9	9	9	9	9	9	9	9	9	9	10	9	9	9	9	9	9	9	9	9	9	335	0	0	0	0	0	0	0	0	0	0	0	0	0	0	0	0	0	0	0	0	0	0	0	0	0	0	0	0	0	0	0	0	0	0	0	0	0	0	0	0	0	0	0	0	0	0	0	0	0	0	0	0	0	0	0	0	0	0	0	0	0	0	0	0	0	0	0	0	0	0	0	0	0	0	0	0	0	0	0	0	0	0	0	0	0	0	0	0	0	0	0	0	0	0	0	0	0	0	0	0	0	0	0	0	0	0	0	0	0	0	0	0	0	0	32	27	28	27	28	27	27	28	29	27	27	28	27	27	27	27	27	27	27	27	27	27	27	27	27	27	27	27	27	27	27	27	27	27	28	27	27	1011	8	3	3	1	1	1	1	2	1	1	2	1	1	1	1	1	1	1	1	1	1	1	1	1	1	1	1	1	1	1	1	1	1	1	1	2	1	51	0	0	0	0	0	0	0	0	0	0	0	0	0	0	0	0	0	0	0	0	0	0	0	0	0	0	0	0	0	0	0	0	0	0	0	0	0	0	6	7	6	6	6	6	6	6	6	6	7	6	6	6	7	6	6	6	6	6	6	6	6	6	6	7	6	6	6	6	6	6	6	6	7	6	7	228	1	1	1	1	1	1	1	1	1	1	1	1	1	1	1	1	1	1	1	1	1	1	1	1	1	1	1	1	1	1	1	1	1	1	1	1	1	37	1	2	1	1	1	1	1	1	1	1	1	1	1	1	1	1	1	1	1	1	1	1	1	1	1	1	1	1	1	1	1	1	1	1	1	1	1	38	0	0	0	0	0	0	0	0	0	0	0	0	0	0	0	0	0	0	0	0	0	0	0	0	0	0	0	0	0	0	0	0	0	0	0	0	0	0	3	3	3	3	3	3	3	3	3	3	3	3	3	3	3	3	3	3	3	3	3	3	3	3	3	3	3	3	3	3	3	3	3	3	3	3	3	111	4	4	4	4	4	4	4	4	4	4	4	4	4	4	4	4	4	4	4	4	4	4	4	4	4	4	4	4	4	4	4	4	4	4	4	4	4	148	1	1	1	1	1	1	1	1	1	1	1	1	1	1	1	1	1	1	1	1	1	1	1	1	1	1	1	1	1	1	1	1	1	1	1	1	1	37	2	2	2	2	2	2	2	2	2	2	2	2	2	2	2	2	2	2	2	2	2	2	2	2	2	2	2	2	2	2	2	2	2	2	2	2	2	74	1	1	1	1	1	1	1	1	1	1	1	1	1	1	1	1	1	1	1	1	1	1	1	1	1	1	1	1	1	1	1	1	1	1	1	1	1	37	6	0	2	0	0	0	0	0	0	0	1	0	0	0	0	0	0	0	0	1	0	0	0	0	0	0	0	0	0	0	0	0	0	0	0	1	1	12	3	2	2	2	2	2	2	2	2	2	2	2	2	2	2	2	2	2	2	2	2	2	2	2	2	2	2	2	2	2	2	2	2	2	2	2	2	75	194	82	19	97	17	0	1	37	12907	9	14	21	671	95	28	10	2	10	0	0	91	2	18	0	37	0	0	0	0	0	0	2	0	0	0	0	0	26	5	6	3	5	0	0	4	22	1	0	0	0	2	16325	55383	881	337	851	35165	16997	770	113	4847	813	2129	2354	2225	1192	231	84	293	161	1	12239	9667	12494	132851	95	113	16	223	153	225	640	295	3477	12	1209	234	315095	0	1	1	2	1	0	1	1	2	1	2	0	0	0	0	1	3	0	6	0	0	9	0	0	2	1	1	2	2	3	0	3	1	2	0	1	49	124	209	909	2	2	133	76	498	11	206	23	20	16	5	0	31	1	1	2	28	50	32	2	0	19	2	4	5	20	12	24	0	3	7	0	0	26	4	14	0	0	0	15	123	4	0	0	0	225	0	0	2	12	5	5	2	0	10	0	0	1	0	0	0	172	2	4	0	0	1	4	21	5	0	0	0	0	0	17	0	0	5	7	0	12	0	2	0	0	0	7	8	0	2	2	7	0	16	0	0	0	0	1106	23	0	0	990	74	0	50	0	0	346	0	0	0	0	577	12	10	80	1790	0	0	0	0	0	0	1	18	63	0	364	0	10940	10	18	6	4	1	28	19	3	3	8	34	17	5	5	1	16	3	0	5	12	36	1	1	1	0	3	1	12	1	2	22	0	1	20	1	60	2	1	10	23	3	0	3	26
1	0	0	0	0	0	0	0	0	0	0	0	0	0	0	0	0	0	0	0	0	0	0	0	0	0	0	0	0	0	0	0	1	0	0	0	0	2	5	3	3	3	3	3	3	3	3	3	3	3	3	4	3	3	3	3	3	3	3	3	4	4	3	3	3	3	3	3	3	4	3	3	4	4	3	119	5	0	0	1	0	0	0	0	0	0	0	0	0	0	0	0	0	0	0	0	0	0	0	0	0	0	0	0	0	0	0	0	0	0	0	0	0	6	1	0	0	0	0	0	0	0	0	0	0	0	0	0	0	0	0	0	0	0	0	0	0	0	0	0	0	0	0	0	0	0	0	0	0	0	0	1	0	0	0	0	0	0	0	0	0	0	0	0	0	0	0	0	0	0	0	0	0	0	0	0	0	0	0	0	0	0	0	0	0	0	0	0	0	0	12	4	3	3	3	3	3	3	3	3	3	3	3	3	3	3	3	3	3	4	3	3	3	3	3	3	3	3	3	3	3	3	3	3	3	3	3	122	3	0	0	0	0	1	0	0	0	0	0	0	0	0	0	0	0	0	0	0	1	0	0	0	0	0	0	0	0	0	0	0	0	0	0	0	0	5	1	1	1	1	1	1	1	1	1	1	1	1	1	2	1	1	1	1	1	1	1	1	1	1	1	1	1	1	1	1	1	1	1	1	1	1	1	38	9	7	7	7	7	7	7	7	7	7	7	7	7	8	7	7	7	7	7	7	7	7	7	7	7	7	7	7	7	7	7	7	7	7	7	7	7	262	2	2	2	2	2	2	2	2	2	2	2	2	2	3	2	2	2	2	2	2	2	2	2	2	2	2	2	2	2	2	2	2	2	2	2	2	2	75	0	0	0	0	0	0	0	0	0	0	0	0	0	0	0	0	0	0	0	0	0	0	0	0	0	0	0	0	0	0	0	0	0	0	0	0	0	0	0	0	0	0	0	0	0	0	0	0	0	0	0	0	0	0	0	0	0	0	0	0	0	0	0	0	0	0	0	0	0	0	0	0	0	0	0	0	43	28	28	28	27	28	27	27	28	27	27	27	27	29	27	27	27	27	27	27	27	27	29	29	27	27	27	27	27	27	27	29	28	27	29	29	27	1033	13	2	1	1	1	1	1	1	1	2	2	1	1	1	1	1	1	1	1	1	1	1	1	1	1	1	1	1	1	1	1	1	1	1	1	1	1	52	0	0	0	0	0	0	0	0	0	0	0	0	0	0	0	0	0	0	0	0	0	0	0	0	0	0	0	0	0	0	0	0	0	0	0	0	0	0	5	4	2	2	2	2	2	2	2	2	2	2	3	4	2	2	2	2	2	2	2	2	3	3	2	2	2	2	2	2	2	3	2	2	3	3	2	87	2	2	2	2	2	2	2	2	2	2	2	2	2	2	2	2	2	2	2	2	2	2	2	2	2	2	2	2	2	2	2	2	2	2	2	2	2	74	2	1	1	1	1	1	1	1	1	1	1	1	1	1	1	1	1	1	1	1	1	1	1	1	1	1	1	1	1	1	1	1	1	1	1	1	2	39	0	0	0	0	0	0	0	0	0	0	0	0	0	0	0	0	0	0	0	0	0	0	0	0	0	0	0	0	0	0	0	0	0	0	0	0	0	0	3	3	3	3	3	3	3	3	3	3	3	3	3	3	3	3	3	3	3	3	3	3	3	3	3	3	3	3	3	3	3	3	3	3	3	3	3	111	5	5	5	5	5	5	5	5	5	5	5	5	5	5	5	5	5	5	5	5	5	5	5	5	5	5	5	5	5	5	5	5	5	5	5	5	5	185	0	0	0	0	0	0	0	0	0	0	0	0	0	0	0	0	0	0	0	0	0	0	0	0	0	0	0	0	0	0	0	0	0	0	0	0	0	0	1	0	0	0	0	0	0	0	0	0	0	0	0	0	0	0	0	0	0	0	0	0	0	0	0	0	0	0	0	0	0	0	0	0	0	0	0	1	1	1	1	1	1	1	1	1	1	1	1	1	1	1	1	1	1	1	1	1	1	1	1	1	1	1	1	1	1	1	1	1	2	1	1	1	1	38	13	1	2	0	0	0	0	0	1	1	3	0	0	0	0	0	0	0	0	0	1	0	0	0	0	0	0	0	0	0	0	0	0	0	0	0	1	23	0	0	0	0	0	0	0	0	0	0	0	0	0	0	0	0	0	0	0	0	0	0	0	0	0	0	0	0	0	0	0	0	0	0	0	0	2	2	204	71	54	128	1	0	22	19	27025	17	9	3	965	90	17	2	3	15	8	3	60	0	14	1	36	0	0	0	0	0	0	7	0	1	0	3	0	31	0	13	2	0	0	0	15	48	0	0	1	1	7	7075	18849	1153	332	1376	6699	2538	429	57	4173	695	1989	1415	622	1226	180	110	698	321	0	16271	24900	5281	13068	26	124	30	41	35	146	50	253	765	14	14567	1817	127325	1	2	1	0	3	2	4	3	2	1	3	0	0	4	1	0	3	1	6	1	0	3	0	0	3	1	4	5	3	1	3	1	2	2	0	0	66	353	251	1021	2	13	195	96	669	4	275	48	15	22	1	0	50	2	0	4	19	32	36	0	0	11	0	3	57	9	9	12	0	6	8	8	0	8	0	6	10	3	0	9	135	0	0	14	0	218	0	2	0	9	5	5	5	0	19	0	0	8	0	0	0	145	0	0	0	0	0	18	42	15	0	1	0	0	0	11	4	0	2	0	0	0	0	3	0	0	1	12	4	10	13	6	15	0	9	0	0	0	0	1300	33	0	0	803	67	0	68	0	0	421	0	0	0	0	670	16	36	87	1133	0	0	0	0	0	0	2	18	82	0	333	0	10758	10	20	6	4	1	27	19	3	3	8	36	13	5	5	1	14	3	0	4	12	37	1	1	1	0	2	1	12	1	2	25	0	1	17	1	57	2	2	10	23	3	0	3	26
1	1	1	1	1	1	1	1	1	1	1	1	1	1	1	1	1	1	1	2	1	1	1	1	1	1	1	1	2	1	1	1	1	1	1	1	1	39	8	2	2	2	2	2	2	2	2	2	2	2	2	2	2	2	2	2	2	2	2	2	2	2	2	2	2	2	2	2	2	2	2	2	2	2	2	80	3	1	1	1	1	1	1	1	1	1	1	1	1	1	1	1	1	1	1	1	1	1	1	1	1	1	1	1	1	1	1	1	1	1	1	1	1	39	2	0	0	0	0	0	0	0	0	1	0	0	0	0	0	0	0	0	1	0	0	0	0	0	0	0	0	0	0	0	0	0	0	0	0	0	0	4	0	0	0	0	0	0	0	0	0	0	0	0	0	0	0	0	0	0	0	0	0	0	0	0	0	0	0	0	0	0	0	0	0	0	0	0	0	0	13	2	1	2	1	1	1	1	1	1	2	1	1	1	2	1	1	1	1	1	1	1	1	1	1	2	1	1	1	1	1	1	1	1	1	1	1	54	1	0	0	0	0	0	0	0	0	0	0	0	0	0	1	0	0	0	0	0	0	0	0	0	0	0	0	0	0	0	0	0	0	0	0	0	0	2	2	1	1	1	1	1	1	1	1	1	1	1	1	1	1	1	1	1	1	1	1	1	1	1	1	1	1	1	1	1	1	1	1	1	1	1	1	38	7	4	4	4	4	5	5	4	4	4	4	4	4	5	4	4	4	4	4	4	4	4	4	4	4	4	4	4	4	4	4	4	4	4	4	4	4	154	0	0	0	0	0	0	0	0	0	0	0	0	0	1	0	0	0	0	0	0	0	0	0	0	0	0	0	0	0	0	0	0	0	0	0	0	0	1	0	0	0	0	0	0	0	0	0	0	0	0	0	0	0	0	0	0	0	0	0	0	0	0	0	0	0	0	0	0	0	0	0	0	0	0	0	0	0	0	0	0	0	0	0	0	0	0	0	0	0	0	0	0	0	0	0	0	0	0	0	0	0	0	0	0	0	0	0	0	0	0	0	0	0	0	31	22	23	23	22	22	22	22	23	22	22	22	22	22	22	22	22	22	22	22	22	22	22	22	22	22	22	22	22	23	22	22	22	22	22	22	23	828	13	2	2	1	1	1	2	1	1	1	2	1	1	1	1	1	1	2	2	1	1	1	1	1	1	1	1	1	1	1	1	1	1	1	1	1	1	55	0	0	0	0	0	0	0	0	0	0	0	0	0	0	0	0	0	0	0	0	0	0	0	0	0	0	0	0	0	0	0	0	0	0	0	0	0	0	8	4	4	4	5	5	4	4	4	4	4	4	4	6	4	4	4	4	4	4	4	4	4	4	4	4	4	4	4	4	5	4	4	4	4	4	5	158	2	1	1	1	1	1	1	1	1	1	1	1	1	1	1	1	1	1	1	1	1	1	1	1	1	1	1	1	1	1	1	1	1	1	1	1	1	38	0	0	0	0	0	0	0	0	0	0	0	0	0	0	0	0	0	0	0	0	0	0	0	0	0	0	0	0	0	0	0	0	0	0	0	0	0	0	0	0	0	0	0	0	0	0	0	0	0	0	0	0	0	0	0	0	0	0	0	0	0	0	0	0	0	0	0	0	0	0	0	0	0	0	0	0	1	1	1	1	1	1	1	1	1	1	1	1	1	1	1	1	1	1	1	1	1	1	1	1	1	1	1	1	1	1	1	1	1	1	1	1	2	38	3	3	3	3	3	3	3	3	3	3	3	3	3	3	3	3	3	3	3	3	3	3	3	3	3	3	3	3	3	3	3	3	3	3	3	3	3	111	1	1	1	1	1	1	1	1	1	1	1	1	1	1	1	1	1	1	1	1	1	1	1	1	1	1	1	1	1	1	1	1	1	1	1	1	1	37	0	0	0	0	0	0	0	0	0	0	0	0	0	0	0	0	0	0	0	0	0	0	0	0	0	0	0	0	0	0	0	0	0	0	0	0	0	0	0	0	0	0	0	0	0	0	0	0	0	0	0	0	0	0	0	0	0	0	0	0	0	0	0	0	0	0	0	0	0	0	0	0	0	0	0	0	6	1	2	1	0	0	0	0	0	1	1	0	0	2	0	0	0	1	1	0	0	0	0	0	0	0	0	0	0	0	0	0	0	0	0	0	0	16	4	2	2	2	2	2	2	2	2	2	2	2	2	2	2	2	2	2	2	2	2	2	2	2	2	2	2	2	2	2	2	2	2	2	2	2	3	77	288	114	33	127	26	0	1	24	21954	6	12	8	922	128	15	15	0	29	0	0	122	0	3	2	60	7	0	0	0	0	0	2	0	0	0	0	0	16	1	0	8	5	0	0	20	53	0	0	1	0	6	12890	6815	1719	524	3418	8134	1914	975	35	8079	651	2270	22208	23923	1265	283	44	90	141	0	2837	5433	3406	3737	40	619	44	90	23	125	106	136	676	12	3958	932	117552	0	0	0	0	1	1	0	0	0	1	0	0	0	1	0	1	0	0	7	0	0	0	6	0	2	1	0	0	0	1	3	4	3	1	0	3	36	351	365	1161	0	29	200	104	814	8	260	40	12	16	7	5	19	0	0	1	52	62	39	1	5	38	0	5	28	17	5	8	5	1	8	5	0	23	4	23	4	5	5	8	178	4	0	21	0	252	15	0	1	20	8	1	4	0	10	0	0	3	0	1	0	186	0	3	0	1	0	32	71	4	0	5	0	0	0	19	10	1	4	4	2	5	1	6	0	1	2	13	0	8	14	2	12	0	28	0	0	0	0	1166	14	0	0	844	57	0	84	1	0	312	0	0	0	0	611	11	48	70	1366	0	0	0	0	0	0	0	20	164	0	292	0	10533	9	18	5	4	1	23	17	3	3	8	33	11	5	5	1	13	3	0	4	13	33	1	1	1	0	2	1	12	1	2	25	0	1	17	1	53	2	1	10	18	3	0	2	27
1	0	0	0	0	0	1	0	0	0	0	0	0	0	0	0	0	0	0	0	0	0	0	0	0	0	0	0	0	0	0	0	0	0	0	0	0	2	10	1	1	1	1	1	1	1	1	1	1	1	1	1	1	1	1	1	1	1	1	1	1	1	1	1	1	1	1	1	1	1	1	1	1	1	1	46	4	1	1	1	1	1	1	1	1	2	1	1	1	1	2	1	1	1	1	1	1	1	1	1	1	1	1	1	1	1	1	1	1	1	1	1	1	42	3	1	1	1	1	1	1	1	1	1	1	1	1	1	2	1	1	1	1	1	1	1	1	1	1	1	1	1	1	2	1	1	1	1	1	1	1	41	0	0	0	0	0	0	0	0	0	0	0	0	0	0	0	0	0	0	0	0	0	0	0	0	0	0	0	0	0	0	0	0	0	0	0	0	0	0	20	4	2	2	2	2	2	2	2	2	2	2	2	2	3	2	2	2	2	2	2	3	2	2	2	2	2	2	3	2	2	2	2	2	2	2	2	97	1	0	0	0	0	0	0	0	0	0	0	0	0	0	0	1	0	0	0	0	0	0	0	0	0	0	0	0	0	0	0	0	0	0	0	0	0	2	3	2	2	2	2	2	2	2	2	2	2	2	2	2	2	2	2	2	2	2	2	2	2	2	2	2	2	2	2	2	2	2	3	2	2	2	2	76	9	6	6	6	6	8	6	7	6	6	6	6	6	6	6	6	6	6	6	6	6	6	6	6	6	6	6	6	6	7	6	6	6	6	6	6	7	230	0	0	0	0	0	0	0	0	0	0	0	0	0	0	0	0	0	0	0	0	0	0	0	0	0	0	0	0	0	0	0	0	0	0	0	0	0	0	0	0	0	0	0	0	0	0	0	0	0	0	0	0	0	0	0	0	0	0	0	0	0	0	0	0	0	0	0	0	0	0	0	0	0	0	0	0	0	0	0	0	0	0	0	0	0	0	0	0	0	0	0	0	0	0	0	0	0	0	0	0	0	0	0	0	0	0	0	0	0	0	0	0	0	0	36	27	25	25	26	25	25	25	25	26	25	25	25	25	26	25	25	26	25	25	25	25	25	26	25	25	25	25	25	26	25	25	26	25	25	25	28	948	16	5	1	1	1	2	1	2	1	1	1	1	1	1	3	1	1	2	1	1	1	1	1	1	1	1	1	1	2	2	1	1	1	1	1	1	1	63	0	0	0	0	0	0	0	0	0	0	0	0	0	0	0	0	0	0	0	0	0	0	0	0	0	0	0	0	0	0	0	0	0	0	0	0	0	0	5	1	1	2	3	1	1	1	1	1	1	1	1	2	1	1	1	1	1	1	1	1	2	3	1	1	1	1	2	3	1	2	1	1	3	2	3	57	1	1	1	1	1	1	1	1	1	1	1	1	1	1	1	1	1	1	1	1	1	1	1	1	1	1	1	1	1	1	1	1	1	1	1	1	1	37	0	0	0	0	0	0	0	0	0	0	0	0	0	0	0	0	0	0	0	0	0	0	0	0	0	0	0	0	0	0	0	0	0	0	0	0	0	0	1	1	1	1	1	1	1	1	1	1	1	1	1	1	1	1	1	1	1	1	1	1	1	1	1	1	1	1	1	1	1	1	1	1	1	1	1	37	3	3	3	3	3	3	3	3	3	3	3	3	3	3	3	3	3	3	3	3	3	3	3	3	3	3	3	3	3	3	3	3	3	3	3	3	4	112	4	4	4	4	4	4	4	4	4	4	4	4	4	4	4	4	4	4	4	4	4	4	4	4	4	4	4	4	4	4	4	4	4	4	4	4	4	148	2	2	2	2	2	2	2	2	2	2	2	2	2	2	2	2	2	2	2	2	2	2	2	2	2	2	2	2	2	2	2	2	2	2	2	2	2	74	0	0	0	0	0	0	0	0	0	0	0	0	0	0	0	0	0	0	0	0	0	0	0	0	0	0	0	0	0	0	0	0	0	0	0	0	0	0	0	0	0	0	0	0	0	0	0	0	0	0	0	0	0	0	0	0	0	0	0	0	0	0	0	0	0	0	0	0	0	0	0	0	0	0	0	0	10	1	0	2	0	0	0	0	0	0	0	0	0	0	1	0	0	0	0	0	0	0	0	0	0	0	0	0	0	0	0	0	0	0	0	0	1	15	2	0	0	0	0	0	0	0	0	0	0	0	0	0	1	0	0	0	0	0	0	0	0	0	1	0	0	0	0	0	0	0	0	0	0	0	0	4	406	51	66	102	0	0	0	58	32406	9	8	2	1110	108	25	9	3	21	0	0	108	4	16	11	38	3	0	0	0	0	0	5	0	0	0	0	1	33	0	0	29	2	0	0	8	127	0	0	7	0	0	43194	9033	1279	174	981	35793	2211	790	110	2246	517	1934	6308	2504	942	101	61	846	83	0	6436	4913	2876	4735	88	204	219	65	227	296	25	111	582	13	4402	668	134967	1	1	2	0	0	0	1	0	0	0	1	0	0	0	0	0	0	0	5	0	0	0	0	0	0	0	0	0	0	0	0	1	1	0	0	0	13	729	373	1149	4	40	345	175	815	15	413	46	7	6	0	0	31	2	2	1	45	71	52	0	4	19	0	4	36	20	10	38	1	6	9	7	0	41	0	17	1	7	0	51	249	0	0	20	0	355	2	0	4	22	5	0	9	0	9	0	0	4	2	0	0	180	2	0	0	0	2	54	66	19	0	0	22	1	0	19	0	2	9	5	0	3	1	4	1	0	1	23	3	20	52	1	18	0	37	0	0	0	0	921	13	0	0	933	48	0	164	1	0	263	1	0	0	0	703	17	71	45	1301	0	0	0	0	0	0	2	10	128	0	235	1	10356	9	18	6	4	1	23	16	2	3	8	35	11	5	5	1	13	3	0	4	12	32	1	1	1	0	2	1	12	1	2	28	0	1	17	1	68	2	1	10	19	3	0	2	25
0	0	0	0	0	0	0	0	0	0	0	0	0	0	0	0	0	1	0	0	0	0	0	0	0	0	0	0	0	0	0	0	0	0	0	0	0	1	9	3	3	3	3	4	3	3	3	3	3	3	3	3	3	3	3	3	3	3	3	3	3	3	3	3	3	3	3	3	3	3	3	3	3	3	3	118	5	3	3	3	3	3	3	3	3	3	3	3	3	4	3	3	3	3	3	3	3	3	3	3	3	3	3	3	3	3	3	3	3	3	3	3	3	114	1	0	1	0	0	0	0	0	0	0	0	0	0	0	0	0	0	0	0	0	0	0	0	0	0	0	0	0	0	0	0	0	0	0	0	0	0	2	0	0	0	0	0	0	0	0	0	0	0	0	0	0	0	0	0	0	0	0	0	1	0	0	0	0	0	0	0	0	0	0	0	0	0	0	0	1	13	5	3	3	3	3	3	3	3	3	3	3	3	3	3	3	3	3	3	3	3	3	3	3	3	3	3	3	3	3	3	3	3	3	3	3	4	124	0	0	0	0	0	0	0	0	0	0	0	0	0	0	0	0	0	0	0	0	0	0	0	0	0	0	0	0	0	0	0	0	0	0	0	0	0	0	4	3	3	3	3	3	3	3	3	3	3	3	3	3	3	3	3	4	3	3	3	3	3	3	3	3	3	3	3	3	3	3	3	3	3	3	4	114	3	1	1	1	1	1	1	1	1	1	1	1	1	1	1	1	1	1	1	1	1	1	1	1	1	1	1	1	1	1	1	1	1	1	1	1	1	39	0	0	0	0	0	0	0	0	0	0	0	0	0	0	0	0	0	0	0	0	0	0	0	0	0	0	0	0	0	0	0	0	0	0	0	0	0	0	0	0	0	0	0	0	0	0	0	0	0	0	0	0	0	0	0	0	0	0	0	0	0	0	0	0	0	0	0	0	0	0	0	0	0	0	0	0	0	0	0	0	0	0	0	0	0	0	0	0	0	0	0	0	0	0	0	0	0	0	0	0	0	0	0	0	0	0	0	0	0	0	0	0	0	0	29	20	21	20	20	20	21	20	21	21	20	20	20	21	21	21	20	21	21	21	20	20	20	20	20	20	20	20	20	20	20	20	20	20	20	20	22	761	11	0	1	0	0	0	1	1	2	1	0	0	0	0	0	0	0	0	0	0	0	1	0	0	0	0	0	0	0	0	0	0	0	0	0	0	0	18	0	0	0	0	0	0	0	0	0	0	0	0	0	0	0	0	0	0	0	0	0	0	0	0	0	0	0	0	0	0	0	0	0	0	0	0	0	0	5	2	2	2	2	3	2	2	2	2	2	2	2	3	2	2	2	2	2	2	2	2	2	2	2	2	2	2	2	2	2	2	2	2	2	2	5	82	0	0	0	0	0	0	0	0	1	0	0	0	0	0	0	0	0	0	0	0	0	0	0	0	0	0	0	0	0	0	0	0	0	0	0	0	0	1	0	0	0	0	0	0	0	0	0	0	0	0	0	0	0	0	0	0	0	0	0	0	0	0	0	0	0	0	0	0	0	0	0	0	0	0	0	0	0	0	0	0	0	0	0	0	0	0	0	0	0	0	0	0	0	0	0	0	0	0	0	0	0	0	0	0	0	0	0	0	0	0	0	0	0	0	0	0	0	0	0	0	0	0	0	0	0	0	0	0	0	0	0	0	0	0	0	0	0	0	0	0	0	0	0	0	0	0	0	0	0	0	0	0	2	2	2	2	2	2	2	2	2	2	2	2	2	2	2	2	2	2	2	2	2	2	2	2	2	2	2	2	2	2	2	2	2	2	2	2	2	74	0	0	0	0	0	0	0	0	0	0	0	0	0	0	0	0	0	0	0	0	0	0	0	0	0	0	0	0	0	0	0	0	0	0	0	0	0	0	0	0	0	0	0	0	0	0	0	0	0	0	0	0	0	0	0	0	0	0	0	0	0	0	0	0	0	0	0	0	0	0	0	0	0	0	0	0	2	2	2	2	2	2	2	2	2	2	2	2	2	2	2	2	2	2	2	2	2	2	2	2	2	2	2	2	2	2	2	2	2	2	2	2	2	74	3	0	1	0	0	0	1	0	2	1	0	0	0	0	0	0	0	0	0	0	0	0	0	0	0	0	0	0	0	0	0	0	0	0	0	0	0	8	4	3	2	2	2	2	2	2	2	2	2	2	2	2	2	2	2	2	2	2	2	2	2	2	2	2	2	2	2	2	2	2	2	2	2	2	2	77	330	90	62	80	13	0	0	35	28954	8	5	15	914	97	6	14	0	23	0	15	36	4	3	1	27	0	0	0	0	0	0	6	0	0	0	0	1	53	1	8	22	0	0	0	17	67	0	0	0	0	3	10464	6372	1223	442	1197	19718	1037	407	65	9906	1339	1423	2497	802	595	440	68	292	297	0	4108	4000	11007	5793	27	263	29	34	48	107	21	117	1272	3	3740	1486	90639	0	2	1	0	1	0	1	0	0	0	1	0	0	1	1	0	0	1	4	0	0	0	4	0	0	1	1	0	1	1	2	4	5	1	0	4	37	374	352	1039	2	20	306	145	643	16	322	16	7	18	0	0	13	0	8	4	37	35	58	3	7	21	2	1	18	2	2	44	1	16	5	3	0	13	0	25	0	7	0	3	186	14	2	5	0	241	0	1	1	12	2	0	6	0	1	1	0	6	0	0	1	194	0	9	0	0	0	11	57	11	4	0	0	0	0	24	12	2	2	2	0	0	0	0	0	2	0	12	12	29	22	0	11	0	34	0	0	0	0	1054	23	0	0	1114	55	0	99	0	0	392	0	0	0	0	734	20	31	53	979	0	0	0	0	0	0	2	22	110	0	268	0	10295	9	18	6	4	1	22	15	2	2	7	33	9	4	4	1	10	3	0	4	11	30	1	1	1	0	2	1	12	1	2	21	0	1	58	1	64	2	1	10	17	3	0	2	25
3	1	0	0	0	0	0	1	0	0	0	0	0	0	0	0	0	0	0	0	0	0	0	0	0	0	0	0	0	0	0	0	0	0	0	0	0	5	5	2	2	2	2	2	2	2	3	2	2	2	2	2	2	2	2	2	2	2	2	2	2	2	2	2	2	2	2	2	2	2	2	2	2	2	2	78	11	8	8	6	6	6	6	6	6	6	6	6	6	6	6	6	6	7	6	6	6	6	6	6	6	6	6	6	6	6	6	6	6	6	6	6	6	232	4	2	1	1	1	1	1	1	1	1	1	1	1	1	1	1	1	1	1	1	1	1	1	1	1	1	1	1	1	1	1	1	1	1	1	1	1	41	0	0	0	0	0	0	0	0	0	0	0	0	0	0	0	0	0	0	0	0	0	0	0	0	0	0	0	0	0	0	0	0	0	0	0	0	0	0	5	2	2	2	2	2	2	2	2	2	2	3	2	2	2	2	2	2	2	2	2	2	2	2	2	2	2	2	2	2	2	2	2	2	2	2	2	78	0	0	0	0	0	0	0	0	0	0	0	0	0	0	1	0	0	0	0	0	0	0	0	0	0	0	0	0	0	0	0	0	0	0	0	0	0	1	1	1	1	1	1	1	1	1	1	1	1	1	1	1	1	1	1	1	1	1	1	1	1	1	1	1	1	1	1	1	1	1	1	1	1	1	3	39	9	6	6	6	6	6	6	7	6	6	6	6	6	6	6	6	6	6	6	6	6	6	6	6	6	6	6	6	6	6	6	6	6	6	6	6	7	227	0	0	0	0	0	0	0	0	0	0	0	0	0	0	0	0	0	0	0	0	0	0	0	0	0	0	0	0	0	0	0	0	0	0	0	0	0	0	0	0	0	0	0	0	0	0	0	0	0	0	0	0	0	0	0	0	0	0	0	0	0	0	0	0	0	0	0	0	0	0	0	0	0	0	0	0	0	0	0	0	0	0	0	0	0	0	0	0	0	0	0	0	0	0	0	0	0	0	0	0	0	0	0	0	0	0	0	0	0	0	0	0	0	0	38	29	29	27	27	27	27	27	29	27	28	27	27	27	28	27	27	28	27	27	27	27	27	27	27	27	27	27	27	27	27	27	28	27	27	27	30	1023	7	2	1	2	1	1	1	1	1	1	1	1	1	1	2	1	1	1	1	1	1	1	1	1	1	2	1	1	1	3	1	1	1	1	1	1	1	49	0	0	0	0	0	0	0	0	0	0	0	0	0	0	0	0	0	0	0	0	0	0	0	0	0	0	0	0	0	0	0	0	0	0	0	0	0	0	6	5	5	5	5	5	5	5	5	5	6	5	5	5	5	5	5	5	5	5	6	5	5	5	5	5	5	5	5	5	5	5	5	5	5	5	8	191	0	0	0	0	0	0	0	0	0	0	0	0	0	0	0	0	0	0	0	0	0	0	0	0	0	0	0	0	0	0	0	0	0	0	0	0	0	0	1	0	0	0	0	0	0	0	0	0	0	0	0	0	0	0	0	0	0	0	0	0	0	0	0	0	0	0	0	0	0	0	0	0	0	0	0	1	0	0	0	0	0	0	0	0	0	0	0	0	0	0	0	0	0	0	0	0	0	0	0	0	0	0	0	0	0	0	0	0	0	0	0	0	0	0	1	1	1	1	1	1	1	1	1	1	2	1	1	1	1	1	1	1	1	1	1	1	1	1	1	1	1	1	1	1	1	1	1	1	1	1	1	38	7	7	7	7	7	7	7	7	7	7	7	7	7	7	7	7	7	7	7	7	7	7	7	7	7	7	7	7	7	7	7	7	7	7	7	7	7	259	1	1	1	1	1	1	1	1	1	1	1	1	1	1	2	1	1	1	1	1	1	1	1	1	1	1	1	1	1	1	1	1	1	1	1	1	1	38	2	2	2	2	2	2	2	2	2	2	2	2	2	2	2	2	2	2	2	2	2	2	2	2	2	2	2	2	2	2	2	2	2	2	2	2	2	74	1	1	1	1	1	1	1	1	1	1	1	1	1	1	1	1	1	1	1	1	1	1	1	1	1	1	1	1	1	1	1	1	1	1	1	1	1	37	9	4	2	3	2	2	2	2	3	2	3	2	2	2	3	2	2	2	2	2	2	2	2	2	2	3	2	2	2	5	2	2	2	2	2	2	2	91	4	3	2	2	2	2	2	2	2	2	2	2	2	2	2	2	2	2	2	2	2	2	2	2	2	2	2	2	2	2	2	2	2	2	2	2	2	77	220	151	38	122	15	0	0	14	26196	14	5	17	950	102	23	6	4	24	1	2	93	0	9	0	33	0	0	0	0	0	0	2	0	0	0	0	0	32	1	2	7	2	0	0	15	48	1	0	1	0	6	6295	12973	1069	206	809	19401	2720	3151	39	5055	1356	5756	1530	1298	2645	113	1140	671	105	0	30607	5702	7713	15327	2886	98	331	396	29	184	32	165	2010	5	574	1332	133723	1	0	1	0	0	0	0	0	1	1	3	0	0	4	0	1	0	0	5	2	0	13	1	0	0	0	0	0	0	0	5	1	0	0	0	1	40	435	299	1031	8	18	307	97	760	16	343	54	21	11	5	0	23	7	0	3	20	60	52	0	0	44	1	5	16	9	10	14	0	20	12	0	0	15	0	4	0	0	0	11	213	10	0	6	0	286	2	0	2	6	2	0	8	0	0	0	0	6	2	0	1	148	0	4	0	0	0	19	55	5	2	0	5	0	0	28	0	0	5	6	0	0	0	0	0	0	3	25	5	11	13	0	18	0	23	0	0	0	0	1194	28	0	0	605	39	0	81	0	1	406	0	0	0	0	725	8	37	41	1059	0	0	0	0	0	0	3	22	97	0	304	0	9859	9	18	6	4	1	22	15	3	1	8	34	14	5	4	1	9	3	0	4	12	34	1	1	1	0	2	1	12	1	2	22	0	1	33	1	58	2	2	10	16	3	0	2	24
1	2	1	1	1	1	3	1	1	1	2	1	1	1	1	1	1	1	1	1	1	1	1	1	1	1	1	1	1	1	1	1	1	1	1	1	1	41	8	5	6	5	5	5	5	5	5	5	5	5	5	5	5	5	5	5	5	5	5	5	5	5	5	5	5	5	5	5	5	5	5	5	5	5	5	189	9	0	0	0	0	0	0	0	0	0	0	0	0	0	0	0	0	0	0	0	0	0	0	0	0	0	0	0	0	0	0	0	0	0	0	0	0	9	0	1	1	0	0	0	1	0	0	0	0	0	0	0	0	0	0	0	0	0	0	0	0	0	0	0	0	0	0	0	0	0	0	0	0	0	0	3	0	0	0	0	0	0	0	0	0	0	0	0	0	0	0	0	0	0	0	0	0	0	0	0	0	0	0	0	0	2	0	0	0	0	0	0	0	2	10	4	5	3	3	4	3	3	3	3	3	3	3	3	3	3	3	3	3	3	3	4	3	3	3	3	3	3	3	3	3	3	3	3	3	3	3	123	1	0	0	0	0	0	0	0	0	0	0	0	0	0	0	0	0	0	0	0	0	0	1	0	0	0	0	0	0	1	0	0	0	0	0	0	0	3	3	3	3	3	3	3	3	3	3	3	3	3	3	3	3	3	3	3	3	3	3	3	3	3	3	3	3	3	3	3	3	3	3	3	3	3	3	111	3	2	3	2	2	2	2	2	2	2	2	2	2	2	2	2	2	2	2	2	2	2	3	3	2	2	2	2	2	2	2	3	2	2	3	3	3	82	0	0	0	0	0	0	0	0	0	0	0	0	0	0	0	0	0	0	0	0	0	0	0	0	0	0	0	0	0	0	0	0	0	0	0	0	0	0	0	0	0	0	0	0	0	0	0	0	0	0	0	0	0	0	0	0	0	0	0	0	0	0	0	0	0	0	0	0	0	0	0	0	0	0	0	0	0	0	0	0	0	0	0	0	0	0	0	0	0	0	0	0	0	0	0	0	0	0	0	0	0	0	0	0	0	0	0	0	0	0	0	0	0	0	37	23	23	20	20	20	20	20	20	20	21	20	20	20	20	20	20	20	20	20	21	21	20	20	20	20	20	20	20	22	20	20	20	20	20	20	20	768	16	8	7	6	6	6	6	6	6	6	6	7	6	6	7	6	6	6	6	6	6	6	6	6	6	6	6	6	8	6	6	6	6	6	6	6	6	239	0	0	0	0	0	0	0	0	0	0	0	0	0	0	0	0	0	0	0	0	0	0	0	0	0	0	0	0	0	0	0	0	0	0	0	0	0	0	10	8	7	7	9	7	7	7	7	7	7	7	7	7	7	7	7	7	7	7	8	7	8	8	7	7	7	7	7	8	7	8	7	7	8	8	7	272	1	1	1	1	1	1	1	1	1	1	1	1	1	1	1	1	1	1	1	1	1	1	1	1	1	1	1	1	1	1	1	1	1	1	1	1	1	37	0	0	0	0	0	0	0	0	0	0	0	0	0	0	0	0	0	0	0	0	0	0	0	0	0	0	0	0	0	0	0	0	0	0	0	0	0	0	1	1	1	1	1	1	1	1	1	1	1	1	1	1	1	1	1	1	1	1	1	1	1	1	1	1	1	1	1	1	1	1	1	1	1	1	1	37	2	2	2	2	2	2	2	2	2	2	2	2	2	2	2	2	2	2	2	2	2	2	2	2	2	2	2	2	2	2	2	2	2	2	2	2	2	74	3	3	3	3	3	3	3	3	3	3	4	3	3	3	3	3	3	3	3	3	3	3	3	3	3	3	3	3	3	3	3	3	3	3	3	3	3	112	0	0	0	0	0	0	0	0	0	0	0	0	0	0	1	0	0	0	0	0	0	0	0	0	0	0	0	0	0	0	0	0	0	0	0	0	0	1	0	0	0	0	0	0	0	0	0	0	0	0	0	0	0	0	0	0	0	0	0	0	0	0	0	0	0	0	0	0	0	0	0	0	0	0	0	0	0	0	1	0	0	0	0	0	0	0	0	0	0	0	0	0	0	0	0	0	0	0	0	0	0	0	0	0	0	0	0	0	0	0	0	0	0	1	9	2	0	0	0	0	1	0	0	0	0	1	0	0	0	0	0	0	0	1	0	0	0	0	0	1	0	0	2	0	0	0	0	0	0	0	0	17	5	4	4	3	3	3	3	3	3	3	3	3	3	3	4	3	3	3	3	3	3	3	3	3	3	3	3	3	3	3	3	3	3	3	3	3	3	116	310	166	61	108	43	0	1	38	26271	26	15	22	1068	148	33	8	4	36	0	5	106	16	7	1	78	3	0	0	0	0	0	0	0	1	1	0	0	20	5	5	38	4	0	0	17	53	0	0	1	1	9	9319	6626	764	269	725	9393	713	691	493	14752	3403	827	217	228	1905	947	1440	189	185	0	3393	3246	9044	4230	113	518	13	704	12	233	54	255	475	5	1658	580	77619	1	0	1	0	1	0	0	1	1	3	1	0	0	2	1	2	0	1	4	0	0	1	0	0	0	1	1	0	0	0	0	1	1	1	0	0	25	518	372	1073	5	21	343	137	846	32	339	48	27	10	0	1	75	1	0	5	34	58	34	0	6	27	5	3	46	15	6	78	2	7	13	2	0	36	4	31	0	2	0	48	207	1	0	11	0	323	4	0	4	21	0	0	0	0	6	0	5	2	3	0	0	202	0	3	0	0	2	32	42	8	0	0	8	0	2	16	20	0	10	3	3	2	1	4	2	0	1	33	6	7	25	9	10	0	22	0	0	0	0	1495	21	0	0	732	31	0	125	1	1	391	0	0	0	0	845	13	33	44	832	0	0	0	0	0	0	5	40	87	0	378	0	9889	9	20	6	4	1	22	17	2	1	8	34	14	4	4	1	8	4	0	4	13	32	1	1	1	0	2	1	12	1	2	25	0	1	31	1	55	2	2	10	17	3	0	2	27
0	0	0	0	0	0	0	0	0	0	0	0	0	0	0	0	0	0	0	0	0	0	0	0	0	0	0	0	0	0	0	0	0	0	0	0	0	0	12	4	3	3	3	4	3	3	3	3	3	3	3	4	3	3	3	3	3	3	3	3	3	3	3	3	3	3	3	3	3	3	3	3	3	3	3	123	8	0	1	0	0	1	0	0	0	0	0	0	0	0	0	0	0	0	0	0	0	0	0	0	0	1	0	0	0	0	1	0	0	0	0	0	0	12	2	1	1	1	1	1	2	2	1	1	1	1	1	1	1	1	1	2	1	1	1	1	1	1	1	1	1	1	1	1	1	1	1	1	1	1	1	41	0	0	0	0	0	0	0	0	0	0	0	0	0	0	0	0	0	0	0	0	0	0	0	0	0	0	0	0	0	4	0	0	0	0	0	0	0	4	22	5	6	6	5	7	6	5	5	5	5	5	5	5	5	5	5	5	5	5	5	5	5	5	5	5	5	5	5	5	5	5	5	5	5	5	5	207	0	0	0	0	0	0	0	0	0	0	0	0	0	0	0	0	0	0	0	0	0	0	0	0	0	0	0	0	0	0	0	0	0	0	0	0	0	0	2	2	2	2	2	2	2	2	3	2	2	2	2	3	2	2	2	2	2	2	2	2	2	2	2	2	2	2	2	2	2	2	2	2	2	2	2	76	5	5	5	5	5	5	5	5	5	5	5	5	5	5	5	5	5	5	5	5	5	5	6	6	5	5	5	5	5	5	5	6	5	5	6	6	7	192	0	0	0	0	0	0	0	0	0	0	0	0	0	0	0	0	0	0	0	0	0	0	1	1	0	0	0	0	0	0	0	1	0	0	1	1	1	6	0	0	0	0	0	0	0	0	1	0	0	0	0	0	0	0	0	0	0	1	0	0	0	0	0	0	0	0	0	0	0	0	0	0	0	0	0	2	1	1	1	1	1	1	1	1	1	1	1	1	1	1	1	1	1	1	1	1	1	1	1	1	1	1	1	1	1	1	1	1	1	1	1	1	1	37	36	25	26	24	25	25	25	24	27	24	24	24	24	25	24	24	24	26	24	25	24	24	24	24	24	25	24	24	24	25	25	24	25	24	24	24	24	917	13	3	2	2	1	1	2	2	1	1	1	1	1	1	1	1	1	1	1	1	1	1	1	1	1	2	1	1	1	2	1	1	1	1	1	1	1	57	0	0	0	0	0	0	0	0	0	0	0	0	0	0	0	0	0	0	0	0	0	0	0	0	0	0	0	0	0	0	0	0	0	0	0	0	0	0	5	4	3	3	4	3	3	4	3	3	3	4	3	4	3	3	3	3	3	3	4	3	4	4	3	3	3	3	3	4	4	4	4	3	4	5	3	128	0	0	0	0	0	0	0	0	0	0	0	0	0	0	0	0	0	0	0	0	0	0	0	0	0	0	0	0	0	0	0	0	0	0	0	0	0	0	2	1	1	1	1	1	1	1	1	1	1	1	1	1	1	1	1	1	1	1	1	1	1	1	1	1	1	1	1	1	1	1	1	1	1	1	1	38	1	0	0	0	0	0	0	0	0	0	0	0	0	0	0	0	0	0	0	0	0	0	0	0	0	0	0	0	0	0	0	0	0	0	0	0	0	1	1	1	1	1	2	1	1	1	2	1	1	1	1	1	1	1	1	1	1	2	1	1	1	1	1	1	1	1	1	1	1	1	2	1	1	1	1	41	3	3	3	3	3	3	3	3	3	3	3	3	3	3	3	3	3	3	3	3	3	3	3	3	3	3	3	3	3	3	3	3	3	3	3	3	3	111	1	1	2	1	1	1	1	1	1	1	1	1	1	1	1	1	1	1	1	1	1	1	1	1	1	1	1	1	1	1	1	1	1	1	1	1	1	38	1	1	1	1	1	1	1	1	1	1	1	1	1	1	1	1	1	1	1	1	1	1	1	1	1	1	1	1	1	1	1	1	1	1	1	1	1	37	1	1	1	1	1	1	1	1	1	1	1	1	1	1	1	1	1	1	1	1	1	1	1	1	1	1	1	1	1	1	1	1	1	1	1	1	1	37	7	0	1	1	0	0	1	1	0	0	0	0	0	0	0	0	1	0	0	1	0	0	0	0	0	0	0	0	0	0	0	0	0	0	0	0	0	13	8	6	6	6	6	6	6	6	6	6	6	6	6	6	6	6	6	6	6	6	7	6	6	6	6	6	6	6	6	6	6	6	6	6	6	6	6	225	319	119	98	146	31	1	0	36	23561	7	15	18	1173	97	6	20	1	29	0	2	237	0	8	0	51	12	0	0	0	0	0	8	0	2	0	0	0	26	1	0	30	2	0	0	31	81	0	0	0	0	0	11037	13568	4308	301	4858	17762	8590	3217	497	8730	1915	929	852	831	2145	184	98	369	267	0	3064	3565	9432	3118	124	323	150	815	10	231	12	248	625	29	2294	1219	105717	3	1	0	0	0	1	2	0	2	0	2	0	0	0	1	0	0	1	5	3	0	0	0	0	1	0	1	0	0	1	2	1	0	1	0	2	30	526	319	1095	2	19	386	108	901	7	408	35	26	12	6	1	36	1	0	7	75	64	37	0	0	19	0	9	72	23	27	4	4	5	14	7	0	39	4	18	2	3	1	33	105	0	0	14	0	332	1	1	3	8	0	9	8	0	0	0	1	6	3	1	0	176	0	1	0	0	2	14	46	22	0	0	18	0	0	27	15	0	0	4	0	0	0	0	0	3	6	20	7	10	28	11	14	0	19	0	0	0	0	1291	20	0	0	813	51	0	77	0	0	393	1	0	0	0	672	10	15	46	1063	0	0	0	0	0	0	2	54	62	0	337	0	9515	17	21	7	4	1	27	17	2	2	8	34	14	5	5	1	12	3	0	5	13	33	1	1	1	0	3	1	12	1	2	24	0	1	37	1	60	3	2	10	18	3	0	3	26
0	0	0	0	0	0	0	0	0	0	0	0	0	0	0	0	0	0	0	0	0	0	0	0	0	0	0	0	0	0	0	0	0	0	0	0	0	0	10	6	5	5	5	6	5	6	6	5	5	5	5	5	5	5	5	5	5	5	5	5	6	6	5	5	5	5	5	5	5	6	5	5	6	6	5	199	7	1	1	1	1	1	1	1	1	1	1	1	1	1	1	1	1	1	1	1	1	1	1	1	1	1	1	1	1	1	1	1	1	1	1	1	1	43	1	1	1	1	1	1	1	1	1	1	1	1	1	1	1	1	1	1	1	1	1	1	1	1	1	1	1	1	1	2	1	1	1	1	1	1	1	38	0	0	0	0	0	0	0	0	0	0	0	0	0	0	0	0	0	0	0	0	0	0	0	0	0	0	0	0	0	1	0	0	0	0	0	0	0	1	16	9	4	5	4	4	4	5	5	4	4	4	4	4	4	4	4	4	4	4	4	4	5	5	4	5	4	4	4	4	4	5	4	4	5	5	5	175	3	0	0	0	0	0	0	0	0	0	0	0	0	0	0	0	0	0	0	0	0	0	0	0	0	0	0	0	0	0	0	0	0	0	0	0	0	3	4	4	4	4	4	4	4	4	4	4	4	4	4	4	4	4	4	4	4	4	4	4	4	4	4	4	4	4	4	4	4	4	4	4	4	4	4	148	3	2	2	2	2	2	2	2	2	3	2	2	2	2	2	2	2	2	2	2	2	2	2	2	2	2	2	2	2	2	2	2	2	2	2	2	2	76	0	0	0	0	0	0	0	0	0	0	0	0	0	0	0	0	0	0	0	0	0	0	0	0	0	0	0	0	0	0	0	0	0	0	0	0	0	0	0	0	0	0	0	0	0	0	0	0	0	0	0	0	0	0	0	0	0	0	0	0	0	0	0	0	0	0	0	0	0	0	0	0	0	0	0	0	0	0	0	0	0	0	0	0	0	0	0	0	0	0	0	0	0	0	0	0	0	0	0	0	0	0	0	0	0	0	0	0	0	0	0	0	0	0	33	17	17	16	16	17	16	16	17	17	16	16	16	16	16	16	17	16	16	16	16	16	16	16	16	16	16	16	16	17	16	16	16	16	16	16	16	616	14	4	4	4	3	3	3	3	4	3	3	3	4	3	3	3	3	3	3	3	3	3	3	3	3	4	3	3	3	5	3	3	3	3	3	3	3	130	1	1	1	1	1	1	1	1	1	1	1	1	1	1	1	1	1	1	1	1	1	1	1	1	1	1	1	1	1	1	1	1	1	1	1	1	1	37	9	7	7	7	8	8	7	7	7	7	7	7	8	7	7	7	7	7	7	7	7	7	7	7	7	7	7	7	7	9	7	7	7	7	7	7	7	266	0	0	0	0	0	0	0	0	0	0	0	0	0	0	0	0	0	0	0	0	0	0	0	0	0	0	0	0	0	0	0	0	0	0	0	0	0	0	0	0	0	0	0	0	0	0	0	0	0	0	0	0	0	0	0	0	0	0	0	0	0	0	0	0	0	0	0	0	0	0	0	0	0	0	0	0	0	0	0	0	0	0	0	0	0	0	0	0	0	0	0	0	0	0	0	0	0	0	0	0	0	0	0	0	0	0	0	0	0	0	0	0	0	0	1	1	1	1	1	2	1	1	1	1	1	1	1	1	1	1	1	1	1	1	1	1	1	1	1	1	1	1	1	1	1	1	1	1	1	1	1	38	1	1	1	1	1	1	1	1	1	1	1	1	1	1	1	1	1	1	1	1	1	1	1	1	1	1	1	1	1	1	1	1	1	1	1	1	1	37	0	0	0	0	0	0	0	0	0	0	0	0	0	0	0	0	0	0	0	0	0	0	0	0	0	0	0	0	0	0	0	0	0	0	0	0	0	0	2	2	2	2	2	2	2	2	2	2	2	2	2	2	2	2	2	2	2	2	2	2	2	2	2	2	2	2	2	2	2	2	2	2	2	2	2	74	0	0	0	0	0	0	0	0	0	0	0	0	0	0	0	0	0	0	0	0	0	0	0	0	0	0	0	0	0	0	0	0	0	0	0	0	0	0	7	1	1	1	1	2	2	1	1	1	1	1	1	1	1	1	1	1	1	1	1	1	1	1	1	1	1	1	1	3	1	1	1	1	1	1	1	47	7	4	4	4	4	4	4	4	4	4	4	4	4	4	4	4	4	4	4	4	4	4	4	4	4	4	4	4	4	4	4	4	4	4	4	4	5	152	510	146	123	152	18	1	7	60	49560	20	46	11	1513	102	40	19	1	36	3	6	123	1	9	2	84	1	0	0	0	0	0	9	0	0	0	0	1	29	6	2	38	0	0	0	40	55	7	0	3	0	9	6517	8919	713	195	6836	10926	1060	748	26	5501	1271	2297	273	189	1914	136	3536	388	74	0	4178	3926	19986	10608	584	66	19	45	20	100	12	303	4177	18	1839	335	97735	1	2	2	2	1	1	1	2	1	0	2	0	0	1	1	0	2	3	9	2	0	8	0	0	4	2	3	2	1	3	1	0	0	3	0	2	62	597	377	1472	2	37	611	185	904	15	461	29	23	6	2	6	45	1	9	0	69	74	71	0	0	59	1	9	80	20	10	46	4	26	12	7	0	21	4	21	0	2	0	20	221	1	0	6	0	605	2	0	3	12	0	3	5	0	4	0	0	7	3	0	0	266	2	0	0	0	1	20	46	14	4	2	1	0	0	37	9	0	9	13	0	1	0	5	5	0	1	55	17	15	20	3	10	0	48	0	0	0	0	1262	12	0	0	742	32	0	87	0	0	448	0	0	0	0	712	4	7	27	1145	0	0	0	0	0	0	6	90	48	0	411	0	10089	11	18	6	4	1	23	17	4	2	7	30	15	4	5	1	13	3	0	5	12	31	1	1	1	0	2	1	11	1	2	21	0	1	30	1	54	3	1	9	15	2	0	2	22
0	1	0	0	1	0	0	0	0	0	0	0	0	0	0	0	0	0	0	0	0	0	0	0	0	0	0	0	0	0	0	0	0	0	0	0	1	3	20	8	6	6	6	8	6	6	6	6	6	6	6	6	6	6	6	6	6	6	6	6	6	6	7	6	6	6	6	6	6	6	6	6	6	6	6	241	12	6	6	6	6	7	7	6	6	7	7	6	6	6	6	6	6	6	6	6	6	6	6	6	6	6	6	6	6	6	6	6	6	6	6	6	6	232	3	2	2	2	2	2	2	2	2	2	2	2	2	2	2	2	2	2	2	2	2	2	2	2	2	2	2	2	2	2	2	2	2	2	2	2	2	75	0	0	0	0	0	0	0	0	0	0	0	0	0	0	0	0	0	0	0	0	0	0	0	0	0	0	0	0	0	0	0	0	0	0	0	0	0	0	26	11	9	10	8	8	9	8	8	9	8	8	8	8	9	8	8	8	8	8	8	8	8	8	9	8	8	8	9	8	8	8	8	8	8	8	8	325	1	0	0	0	0	0	0	0	0	0	0	0	0	0	0	0	0	0	0	0	0	0	0	0	0	1	0	0	0	0	0	0	0	0	0	0	0	2	3	3	3	3	3	3	3	3	3	3	3	3	3	3	3	3	3	3	3	3	3	3	3	3	3	3	3	3	3	3	3	3	3	3	3	3	3	111	5	5	5	5	5	5	5	5	5	5	5	5	5	5	5	5	5	5	5	5	5	5	5	5	5	5	5	5	5	5	5	5	5	5	5	5	5	185	0	0	0	0	0	0	0	0	0	0	0	0	0	0	0	0	0	0	0	0	0	0	0	0	0	0	0	0	0	0	0	0	0	0	0	0	0	0	0	0	0	0	0	0	0	0	0	0	0	0	0	0	0	0	0	0	0	0	0	0	0	0	0	0	0	0	0	0	0	0	0	0	0	0	0	0	0	0	0	0	0	0	0	0	0	0	0	0	0	0	0	0	0	0	0	0	0	0	0	0	0	0	0	0	0	0	0	0	0	0	0	0	0	0	48	42	42	41	41	44	42	41	41	42	42	41	41	41	41	41	41	41	41	41	41	41	41	41	41	41	41	41	41	42	41	41	41	41	41	41	41	1533	10	4	5	5	4	4	5	4	5	4	4	4	4	5	4	4	4	4	4	4	4	4	4	4	5	4	4	4	4	4	5	4	4	4	4	4	4	161	1	1	1	1	1	1	1	1	1	1	1	1	1	1	1	1	1	1	1	1	1	1	1	1	1	1	1	1	1	1	1	1	1	1	1	1	1	37	6	4	4	4	4	4	4	4	4	4	4	4	4	5	4	4	4	4	4	4	4	4	4	4	4	4	4	4	4	5	4	4	4	4	4	5	4	153	3	3	3	3	3	3	3	3	3	3	3	3	3	3	3	3	3	3	3	3	3	3	3	3	3	3	3	3	3	3	3	3	3	3	3	3	3	111	0	0	0	0	0	0	0	0	0	0	0	0	0	0	0	0	0	0	0	0	0	0	0	0	0	0	0	0	0	0	0	0	0	0	0	0	0	0	3	3	3	3	3	3	3	3	3	3	3	3	3	3	3	3	3	3	3	3	3	3	3	3	3	3	3	3	3	3	3	3	3	3	3	3	3	111	1	1	1	1	1	1	1	1	1	1	1	1	1	1	1	1	1	1	1	1	1	1	1	1	1	1	1	1	1	1	1	1	1	1	1	1	1	37	3	3	3	3	3	3	3	3	3	3	3	3	3	3	3	3	3	3	3	3	3	3	3	3	3	3	3	3	3	3	3	3	3	3	3	3	3	111	1	1	1	1	1	1	1	1	1	1	1	1	1	1	1	1	1	1	1	1	1	1	1	1	1	1	1	1	1	1	1	1	1	1	1	1	1	37	0	0	0	0	0	0	0	0	0	0	0	0	0	0	0	0	0	0	0	0	0	0	0	0	0	0	0	0	0	0	0	0	0	0	0	0	0	0	0	0	0	0	0	0	0	0	0	0	0	0	0	0	0	0	0	0	0	0	0	0	0	0	0	0	0	0	0	0	0	0	0	0	0	0	0	0	7	3	4	3	3	3	3	4	4	3	3	3	3	3	3	3	3	3	3	3	3	3	3	3	3	3	3	3	3	3	4	3	3	3	3	3	3	119	11	6	5	6	6	5	7	5	5	5	5	5	5	5	5	5	5	5	5	5	5	5	5	5	5	5	5	5	5	5	5	5	5	5	5	5	5	196	312	102	102	130	18	0	1	44	34162	8	28	14	986	170	37	17	2	27	0	14	43	3	1	6	43	0	0	0	0	0	0	7	0	0	0	0	0	53	5	1	25	4	3	0	15	56	0	8	0	0	0	4540	7671	1080	121	2014	4834	926	490	217	4512	670	1117	267	719	760	542	148	179	174	0	8181	3499	2188	9878	42	173	9	62	41	157	1	227	2053	10	737	1663	59902	2	2	1	3	2	8	1	1	1	1	2	0	0	1	2	1	1	2	5	1	0	0	0	0	2	1	2	1	1	2	1	3	1	1	0	1	53	681	382	1165	7	21	591	217	799	24	487	17	22	20	1	2	8	5	1	2	56	104	64	0	0	18	1	3	49	24	6	30	3	25	3	8	0	38	4	27	6	3	0	18	211	2	0	9	0	360	10	0	1	18	0	3	12	0	0	0	7	3	0	0	2	234	0	1	0	0	0	21	49	7	2	1	0	0	0	23	10	0	2	4	0	9	0	4	0	3	0	27	17	11	37	1	10	0	48	0	0	0	0	1053	14	0	0	1046	29	1	107	1	1	363	1	0	0	0	764	4	14	28	1205	0	0	0	0	0	0	5	80	42	0	306	0	10157	11	22	6	3	1	24	17	2	2	7	32	14	4	5	1	12	3	0	5	12	32	1	1	1	0	2	1	11	1	2	20	0	1	23	1	60	3	1	10	25	3	0	2	24
0	0	0	0	0	1	0	0	0	0	0	0	0	0	0	0	0	0	0	0	0	0	0	0	0	0	0	0	0	0	0	0	0	0	0	0	0	1	14	9	8	9	8	8	8	8	8	8	8	8	8	8	8	8	8	8	8	8	8	8	8	8	8	8	8	8	8	8	8	8	8	8	8	8	8	304	13	7	7	9	7	7	7	7	7	7	7	7	7	7	7	7	7	7	7	7	7	7	7	7	7	7	7	7	7	7	7	7	7	7	7	7	7	267	1	1	2	1	1	1	1	1	1	1	1	1	1	1	1	1	1	1	1	1	1	1	1	1	1	1	1	1	1	1	1	1	1	1	1	1	1	38	0	0	0	0	0	0	0	0	0	0	0	0	0	0	0	0	0	0	0	0	0	0	0	0	0	0	0	0	0	2	0	0	0	0	0	0	0	2	19	11	8	9	8	8	8	8	8	8	8	8	8	8	9	8	8	8	8	8	8	8	8	8	8	8	8	8	8	8	8	8	8	8	8	8	8	312	0	1	0	0	0	0	0	0	0	0	0	1	0	0	1	0	0	0	0	0	0	0	0	0	0	0	0	0	0	1	0	0	0	0	0	0	0	4	5	4	4	4	4	4	4	4	4	5	4	4	4	4	4	4	4	4	4	4	4	4	4	4	4	4	4	4	4	5	4	4	4	4	4	4	4	151	2	2	2	2	2	2	2	2	2	2	2	2	2	2	2	2	2	2	2	2	2	2	2	2	2	2	2	2	2	2	2	2	2	2	2	2	2	74	0	0	0	0	0	0	0	0	0	0	0	0	0	0	0	0	0	0	0	0	0	0	0	0	0	0	0	0	0	0	0	0	0	0	0	0	0	0	0	0	0	0	0	0	0	0	0	0	0	0	0	0	0	0	0	0	0	0	0	0	0	0	0	0	0	0	0	0	0	0	0	0	0	0	0	0	0	0	0	0	0	0	0	0	0	0	0	0	0	0	0	0	0	0	0	0	0	0	0	0	0	0	0	0	0	0	0	0	0	0	0	0	0	0	62	43	43	45	43	44	43	43	43	44	43	43	43	43	44	43	43	43	43	43	43	43	43	43	43	43	43	43	43	45	43	43	43	43	43	43	43	1617	13	1	2	2	1	1	1	1	1	1	1	2	1	1	1	1	1	1	1	1	1	1	1	1	1	1	1	1	1	2	1	1	1	1	1	1	1	53	0	0	0	0	0	0	0	0	0	0	0	0	0	0	0	0	0	0	0	0	0	0	0	0	0	0	0	0	0	0	0	0	0	0	0	0	0	0	4	3	4	4	3	6	3	3	3	4	3	3	3	3	3	3	3	3	3	3	3	3	3	3	3	3	3	4	3	3	3	3	3	3	3	3	4	120	0	0	0	0	0	0	0	0	0	0	0	0	0	0	0	0	0	0	0	0	0	0	0	0	0	0	0	0	0	0	0	0	0	0	0	0	0	0	0	1	0	0	0	0	0	0	0	0	0	0	0	0	0	0	0	0	0	0	0	0	0	0	0	0	0	0	0	0	0	0	0	0	0	0	0	1	3	2	2	2	2	2	2	2	2	2	2	2	2	2	2	2	2	2	2	2	2	2	2	2	2	2	2	2	2	2	2	2	2	2	2	2	2	75	4	4	4	4	4	4	4	4	4	4	4	4	4	4	4	4	4	4	4	4	4	4	4	4	4	4	4	4	4	4	4	4	4	4	4	4	4	148	1	1	1	1	1	1	1	1	1	1	1	1	1	1	1	1	1	1	1	1	1	1	1	1	1	1	1	1	1	1	1	1	1	1	1	1	1	37	0	0	0	0	0	0	0	0	0	0	0	0	0	0	0	0	0	0	0	0	0	0	0	0	0	0	0	0	0	0	0	0	0	0	0	0	0	0	1	1	1	1	1	1	1	1	1	1	1	1	1	1	1	1	1	1	1	1	1	1	1	1	1	1	1	1	1	1	1	1	1	1	1	1	1	37	0	0	0	0	0	0	0	0	0	0	0	0	0	0	0	0	0	0	0	0	0	0	0	0	0	0	0	0	0	0	0	0	0	0	0	0	0	0	12	4	4	4	3	3	3	3	3	3	3	4	3	3	3	3	3	3	3	3	3	3	3	3	3	3	3	3	3	4	3	3	3	3	3	3	3	125	8	6	6	6	6	6	6	6	6	6	6	6	6	6	6	6	6	6	6	6	6	6	6	6	6	6	6	6	6	6	6	6	6	6	6	6	6	224	222	26	12	89	22	4	0	18	28172	9	8	6	576	90	15	8	2	23	0	7	47	0	3	3	21	2	0	0	0	0	0	0	0	0	0	0	0	15	2	1	21	0	4	0	15	50	2	0	2	0	1	8103	9508	1129	280	850	5322	1947	432	154	3378	788	31632	4260	342	29395	122	172	907	396	0	4658	3440	20638	5592	24	171	14	180	82	150	34	957	565	11	701	12585	148919	1	0	1	0	0	1	0	0	0	3	1	0	0	3	0	5	0	0	4	2	0	0	0	0	0	0	0	0	0	0	2	0	0	0	0	0	23	527	167	718	2	5	313	74	473	10	190	26	17	21	2	0	17	0	0	3	28	35	41	0	0	19	0	0	23	7	8	0	1	0	5	5	0	10	0	15	0	4	0	7	123	0	0	8	0	262	3	0	4	10	0	7	5	1	23	0	2	5	0	0	0	104	1	2	0	3	0	8	21	21	0	1	0	0	4	22	2	4	4	5	0	1	0	0	0	1	0	8	13	7	20	1	12	0	21	0	0	0	0	1164	8	0	0	578	64	0	66	0	1	345	1	0	0	0	834	8	11	34	1241	0	0	0	0	0	0	4	33	28	0	271	0	9187	17	21	6	4	1	25	20	2	2	8	32	11	5	6	1	12	3	0	6	12	32	1	1	1	0	2	1	12	1	2	24	0	1	97	1	59	4	1	10	36	3	0	2	26
0	0	0	0	0	0	0	0	0	0	0	0	0	0	0	0	0	0	0	0	0	0	0	0	0	0	0	0	0	0	0	0	0	0	0	0	0	0	16	5	5	5	5	5	5	5	5	5	5	5	5	5	5	5	5	5	5	5	5	5	6	5	5	5	5	5	5	5	5	5	5	5	5	5	5	197	24	9	9	7	7	7	7	7	7	8	7	7	7	7	7	7	7	7	7	7	7	8	7	7	7	7	7	8	7	7	7	7	7	7	7	7	7	283	4	2	2	2	2	2	2	2	2	2	2	2	2	2	2	2	2	2	2	2	2	2	2	2	2	2	2	2	2	2	2	2	2	2	2	2	2	76	1	1	1	1	1	1	1	1	1	1	1	1	1	1	1	1	1	1	1	1	1	1	1	1	1	1	1	1	1	2	1	1	1	1	1	1	1	38	22	6	5	5	5	5	6	5	5	5	5	5	5	5	5	5	5	5	5	5	5	6	6	5	5	5	5	5	5	5	5	6	5	5	5	5	5	207	0	0	0	0	0	0	0	0	0	0	0	0	0	0	2	0	0	0	0	0	0	1	0	0	0	0	0	0	0	0	0	0	0	0	0	0	0	3	3	3	3	3	3	3	3	3	3	3	3	3	3	3	3	3	3	3	3	3	3	3	3	3	3	3	3	3	3	3	3	3	3	3	3	3	3	111	15	15	15	15	16	15	15	15	15	15	15	15	15	15	15	15	15	15	15	15	15	16	15	15	15	15	15	15	15	15	15	15	15	15	15	15	15	557	1	1	1	1	1	1	1	1	1	1	1	1	1	1	1	1	1	1	1	1	1	1	1	1	1	1	1	1	1	1	1	1	1	1	1	1	1	37	0	0	0	0	0	0	0	0	0	0	0	0	0	0	0	0	0	0	0	0	0	0	0	0	0	0	0	0	0	0	0	0	0	0	0	0	0	0	2	2	2	2	2	2	2	2	2	2	2	2	2	2	2	2	2	2	2	2	2	2	2	2	2	2	2	2	2	2	2	2	2	2	2	2	2	74	49	31	28	26	27	26	27	27	27	27	27	26	26	26	27	27	27	27	27	26	26	27	26	26	27	27	27	28	27	30	26	26	27	27	26	26	27	1017	14	4	5	4	4	4	4	4	4	4	5	4	4	4	4	4	4	4	4	4	4	4	4	4	4	4	4	4	4	4	4	4	4	4	4	4	4	160	0	0	0	0	0	0	0	0	0	0	0	0	0	0	0	0	0	0	0	0	0	0	0	0	0	0	0	0	0	0	0	0	0	0	0	0	0	0	7	7	7	6	8	6	7	7	6	6	7	6	6	6	6	7	7	7	7	6	6	7	6	6	7	7	7	7	7	7	6	6	7	7	6	6	6	243	1	0	0	0	0	0	0	0	0	0	0	0	0	0	0	0	0	0	0	0	0	0	0	0	0	0	0	0	0	0	0	0	0	0	0	0	0	1	1	1	1	1	1	1	1	1	1	1	1	1	1	1	1	1	1	1	1	1	1	1	1	1	1	1	1	1	1	1	1	1	1	1	1	1	1	37	0	0	0	0	0	0	0	0	0	0	0	0	0	0	0	0	0	0	0	0	0	0	0	0	0	0	0	0	0	0	0	0	0	0	0	0	0	0	2	2	2	2	2	2	2	2	2	2	2	2	2	2	2	3	2	2	2	2	2	2	2	2	2	2	2	2	2	2	2	2	3	2	2	2	3	77	1	1	1	1	1	1	1	1	1	1	1	1	1	1	1	1	1	1	1	1	1	1	1	1	1	1	1	1	1	1	1	1	1	1	1	1	1	37	1	1	1	1	1	1	1	1	1	1	1	1	1	1	1	1	1	1	1	1	1	1	1	1	1	1	1	1	1	1	1	1	1	1	1	1	1	37	1	2	1	1	2	1	2	2	1	1	1	1	1	1	1	1	2	2	2	1	1	1	1	1	2	2	2	2	2	2	1	1	1	2	1	1	1	51	0	0	0	0	0	0	0	0	0	0	0	0	0	0	0	0	0	0	0	0	0	0	0	0	0	0	0	0	0	1	0	0	0	0	0	0	0	1	7	1	2	1	1	1	1	1	1	3	1	1	1	2	1	1	1	1	1	1	1	1	1	1	1	1	1	1	1	1	1	1	1	1	1	1	1	47	7	7	5	5	5	6	5	5	5	5	5	6	5	5	5	5	5	5	5	5	5	5	5	5	5	5	5	5	5	5	5	5	5	5	5	5	5	191	288	220	48	85	6	0	1	24	25741	4	10	17	1096	86	19	2	10	21	1	3	116	0	16	3	47	0	0	0	0	0	0	1	0	0	0	0	0	33	2	3	19	0	0	0	20	66	0	4	0	0	4	10391	6094	980	358	699	8483	706	390	638	4356	831	15482	890	748	19189	79	66	816	45	0	1251	12110	5500	2289	38	240	7	232	91	369	18	296	338	214	8819	283	103336	0	2	0	0	1	1	0	0	2	0	1	0	0	1	1	0	0	0	5	2	0	3	0	0	0	2	0	0	0	0	0	0	0	0	0	0	21	808	340	1119	2	14	459	148	816	15	404	26	17	10	6	0	0	0	3	2	48	81	35	2	4	22	0	3	51	11	10	36	3	6	2	7	0	23	0	11	0	6	0	31	209	3	0	9	2	410	0	0	0	28	10	0	18	0	3	0	0	16	0	0	0	219	0	0	0	0	0	12	25	13	0	0	0	0	4	26	2	0	2	12	0	0	1	0	0	0	0	18	13	2	42	0	3	0	25	0	0	0	0	1381	9	0	0	774	148	0	101	1	0	459	0	0	0	0	580	3	38	34	1511	0	0	0	0	0	0	1	45	90	0	415	0	10536	14	19	6	4	1	24	21	3	2	8	32	11	4	6	1	13	3	0	5	12	29	1	1	1	0	2	1	11	1	2	22	0	1	30	1	59	4	1	10	31	3	0	3	26
4	4	4	4	4	4	4	4	4	4	4	4	4	4	4	4	4	4	4	4	4	4	4	4	5	4	4	4	4	4	4	4	4	4	4	4	5	150	10	5	5	5	6	5	5	5	5	5	5	5	5	5	5	5	5	5	5	5	5	5	5	5	5	5	5	5	5	5	5	5	5	5	5	5	6	192	22	6	7	6	6	6	6	6	6	6	6	6	6	6	6	6	6	6	6	6	6	7	6	6	6	6	6	6	7	6	6	6	6	6	6	6	7	242	4	4	3	3	3	3	3	3	3	3	3	3	3	3	3	3	3	3	3	3	3	3	3	3	3	3	3	3	3	3	3	3	3	3	3	3	3	113	0	0	0	0	0	0	0	0	0	0	0	0	0	0	0	0	0	0	0	0	0	0	0	0	0	0	0	0	0	0	0	0	0	0	0	0	0	0	22	7	9	7	7	7	7	7	7	7	7	7	7	7	8	7	7	7	7	7	7	7	7	7	7	7	7	7	7	7	7	7	7	7	7	7	8	278	0	0	0	0	0	0	0	0	0	0	0	0	0	0	0	0	0	0	0	0	0	0	0	0	0	0	0	0	0	0	0	0	0	0	0	0	0	0	12	11	11	11	11	12	11	11	11	11	12	11	11	11	11	11	11	11	11	11	11	11	11	11	11	11	11	11	11	11	11	11	11	11	11	11	11	410	8	5	5	5	5	5	5	5	5	5	5	5	5	5	5	5	5	5	5	5	5	5	5	5	5	5	5	5	5	5	5	5	5	5	5	5	7	190	0	0	0	0	0	0	0	0	0	0	0	0	0	0	0	0	0	0	0	0	0	0	0	0	0	0	0	0	0	0	0	0	0	0	0	0	0	0	0	0	0	0	0	0	0	0	0	0	0	0	0	0	0	0	0	0	0	0	0	0	0	0	0	0	0	0	0	0	0	0	0	0	0	0	0	0	0	0	0	0	0	0	0	0	0	0	0	0	0	0	0	0	0	0	0	0	0	0	0	0	0	0	0	0	0	0	0	0	0	0	0	0	0	0	54	31	32	32	32	33	31	32	32	31	33	31	31	31	31	31	31	31	31	31	31	32	31	31	31	31	31	31	32	32	31	31	31	31	31	32	34	1186	10	2	2	2	2	3	2	2	2	2	2	2	2	2	2	2	2	2	2	2	3	2	2	2	2	2	2	2	2	2	2	2	2	2	2	2	3	85	0	0	0	0	0	0	0	0	0	0	0	0	0	0	0	0	0	0	0	0	0	0	0	0	0	0	0	0	0	0	0	0	0	0	0	0	0	0	8	8	8	8	9	8	8	9	8	8	8	8	8	8	8	8	8	8	8	8	8	8	8	8	8	8	8	8	8	8	8	8	8	8	8	9	12	303	1	1	1	1	1	1	1	1	1	1	1	1	1	1	1	1	1	1	1	1	1	1	1	1	1	1	1	1	1	1	1	1	1	1	1	1	1	37	0	1	0	0	0	0	0	0	0	0	0	0	0	0	0	0	0	0	0	0	0	0	0	0	0	0	0	0	0	0	0	0	0	0	0	0	0	1	1	1	1	1	1	2	1	1	1	1	1	1	1	1	1	1	1	1	1	1	1	1	1	1	1	1	1	1	1	1	1	1	1	1	1	1	1	38	0	0	0	0	1	1	0	0	0	0	0	0	0	0	0	0	0	0	0	0	0	0	0	0	0	0	0	0	0	0	0	0	0	0	0	0	1	3	2	1	1	1	1	1	1	1	1	1	1	1	1	1	1	1	1	1	1	1	1	1	1	1	1	1	1	1	1	1	1	1	1	1	1	1	1	38	0	0	0	0	0	0	0	0	0	0	0	0	0	0	0	0	0	0	0	0	0	0	0	0	0	0	0	0	0	0	0	0	0	0	0	0	0	0	0	0	0	0	0	0	0	0	0	0	0	0	0	0	0	0	0	0	0	0	0	0	0	0	0	0	0	0	0	0	0	0	0	0	0	0	0	0	1	1	1	1	1	1	1	1	1	1	1	1	1	1	1	1	1	1	1	1	1	1	1	1	1	1	1	1	1	2	1	1	1	1	1	1	1	38	11	2	2	3	2	2	2	3	2	2	3	2	2	2	2	2	2	2	2	2	3	2	2	2	2	2	2	2	2	2	2	2	2	2	2	2	2	87	11	9	9	10	9	10	9	9	9	9	9	9	9	9	9	9	9	9	9	9	9	9	9	9	9	9	9	9	9	9	9	9	9	9	9	9	10	338	335	76	53	122	53	0	0	37	29109	18	28	14	752	119	30	13	1	25	0	2	55	4	6	7	53	2	0	0	0	0	0	20	0	2	0	0	0	36	1	9	15	0	0	0	38	104	3	0	1	0	4	6528	4338	1117	179	1108	6966	2528	782	256	4342	1022	6551	190	494	5191	100	156	245	76	0	6025	1894	7171	5300	36	191	41	252	23	249	8	756	501	16	495	1515	66642	0	2	2	3	1	0	1	2	2	1	2	0	0	0	0	1	4	2	6	0	0	8	0	0	3	1	1	4	3	3	0	3	1	3	0	0	59	780	310	1259	0	15	417	85	795	31	314	24	31	50	0	2	20	0	4	5	26	71	45	0	2	18	0	2	24	11	4	36	0	4	5	1	0	9	0	12	0	2	0	27	208	6	0	2	0	204	1	0	2	12	2	0	8	0	14	0	0	3	1	0	0	158	0	0	0	2	0	17	54	8	0	10	0	0	0	18	9	2	0	4	0	1	1	0	0	2	0	34	5	0	27	4	14	0	47	0	0	0	0	1338	6	0	0	611	50	0	108	1	1	843	1	0	0	0	646	5	10	21	1618	0	0	0	0	0	0	1	29	54	0	255	0	10575	11	18	6	4	1	23	20	3	2	9	32	11	4	5	1	14	3	0	5	11	26	1	1	1	0	2	1	11	1	2	21	0	1	49	1	60	4	2	12	30	3	0	3	27
0	0	0	0	0	0	0	0	0	0	0	0	0	0	0	0	0	0	0	0	0	0	0	0	0	0	0	0	0	0	0	0	0	0	0	0	1	1	6	4	3	3	3	3	3	3	3	3	3	3	3	3	3	3	3	3	3	3	3	3	3	3	3	3	3	3	3	3	3	3	3	3	3	3	3	115	18	9	9	9	9	9	9	10	9	9	9	9	9	9	9	9	10	9	9	9	9	9	9	9	9	9	9	9	9	9	9	9	9	9	9	9	9	344	6	3	3	3	3	3	3	3	3	3	3	3	3	3	3	3	3	3	3	3	3	3	3	3	3	3	3	3	3	3	3	3	3	3	3	3	3	114	0	0	0	0	0	0	0	0	0	0	0	0	0	0	0	0	0	0	0	0	0	0	0	0	0	0	0	0	0	3	0	0	0	0	0	0	0	3	20	9	7	8	7	7	7	7	7	7	7	7	7	7	7	7	7	7	7	7	7	7	7	7	7	7	7	7	7	7	7	7	7	7	7	7	7	275	0	0	0	0	0	0	0	0	0	0	0	0	0	0	0	0	0	0	0	0	0	0	0	0	0	0	0	0	0	1	0	0	0	0	0	0	0	1	5	5	5	5	5	5	5	5	5	5	5	5	5	5	5	5	5	5	5	5	5	5	5	5	5	5	5	5	5	5	5	5	5	5	5	5	5	185	4	4	4	4	4	4	4	4	4	4	4	4	4	4	4	5	4	4	4	4	4	4	4	4	4	4	4	4	4	4	4	4	4	4	4	4	7	152	0	0	0	0	0	0	0	0	0	0	0	0	0	0	0	0	0	0	0	0	0	0	0	0	0	0	0	0	0	0	0	0	0	0	0	0	0	0	0	0	0	0	0	0	0	0	0	0	0	0	0	0	0	0	0	0	0	0	0	0	0	0	0	0	0	0	0	0	0	0	0	0	0	0	0	0	0	0	0	0	0	0	0	0	0	0	0	0	0	0	0	0	0	0	0	0	0	0	0	0	0	0	0	0	0	0	0	0	0	0	0	0	0	0	43	29	29	29	29	29	29	31	29	29	29	29	29	30	30	30	30	29	29	29	29	29	29	29	29	29	30	29	29	30	29	29	29	29	29	29	31	1097	19	3	3	4	3	3	3	3	3	3	3	3	3	3	3	3	3	3	3	3	4	3	3	3	3	3	3	3	3	5	3	3	3	3	3	3	3	131	0	1	0	0	1	0	1	1	0	0	0	0	0	0	0	0	1	1	1	0	0	0	0	0	1	1	1	1	1	1	0	0	0	1	0	0	0	14	10	9	9	9	9	9	9	10	9	9	9	9	9	10	9	9	9	9	9	9	9	9	9	9	9	9	9	9	9	10	10	9	9	9	9	9	12	341	1	1	1	1	1	1	1	1	1	1	1	1	1	1	1	1	1	1	1	1	1	1	1	1	1	1	1	1	1	1	1	1	1	1	1	1	1	37	1	1	1	1	1	1	1	1	1	1	1	1	1	1	1	1	1	1	1	1	1	1	1	1	1	1	1	1	1	1	1	1	1	1	1	1	2	38	1	1	1	1	1	1	1	1	1	1	1	1	1	1	1	1	1	1	1	1	1	1	1	1	1	1	1	1	1	1	1	1	1	1	1	1	1	37	2	2	2	2	2	2	2	3	2	2	2	2	2	2	2	2	2	2	2	2	2	2	2	2	2	2	2	2	2	2	2	2	2	2	2	2	2	75	1	1	1	1	1	1	1	1	1	1	1	1	1	1	1	1	1	1	1	1	1	1	1	1	1	1	1	1	1	1	1	1	1	1	1	1	2	38	0	0	0	0	0	0	0	0	0	0	0	0	0	0	0	0	0	0	0	0	0	0	0	0	0	0	0	0	0	0	0	0	0	0	0	0	0	0	0	0	0	0	0	0	0	0	0	0	0	0	0	0	0	0	0	0	0	0	0	0	0	0	0	0	0	0	0	0	0	0	0	0	0	0	0	0	0	0	0	0	0	0	0	0	0	0	0	0	0	0	0	0	0	0	0	0	0	0	0	0	0	0	0	0	0	0	0	0	0	0	0	0	0	0	10	1	0	1	0	0	0	0	0	0	0	0	0	0	0	0	1	0	0	0	1	2	0	0	0	0	0	0	0	0	0	0	0	0	0	0	0	16	10	7	7	6	7	7	6	6	7	6	7	6	6	6	7	7	6	6	6	7	6	6	6	6	6	6	6	6	6	6	7	6	6	6	6	6	6	236	355	235	64	120	29	5	0	107	43576	13	27	6	1195	145	41	15	0	14	5	14	137	9	14	7	66	2	0	0	0	0	0	2	0	0	0	0	0	31	5	5	65	9	7	0	54	96	0	0	0	0	5	10945	9585	834	113	464	17701	1273	338	172	6001	1147	4988	1819	257	3350	324	351	241	106	0	82583	5036	4744	6422	91	188	12	55	18	405	13	578	926	87	1222	4882	167271	1	2	1	0	2	2	3	2	1	1	6	0	0	4	1	0	1	1	6	1	0	4	0	0	2	1	2	3	1	1	4	1	2	1	0	0	57	1025	327	869	0	22	649	135	739	2	262	62	23	4	7	0	43	9	1	2	51	69	61	0	2	46	1	4	45	55	8	38	1	8	8	20	0	38	0	26	10	6	0	35	222	9	0	10	0	296	8	0	6	22	10	3	7	0	12	0	1	10	0	0	0	211	0	2	0	10	0	22	60	6	2	0	1	0	0	29	7	2	6	13	0	0	0	0	1	2	1	20	9	1	49	1	5	0	52	0	0	0	0	1278	3	0	0	710	41	0	123	0	0	811	0	0	0	0	600	7	51	31	2155	0	0	0	0	0	0	2	50	96	0	236	1	11170	10	19	7	4	1	22	23	3	2	9	32	11	4	5	1	13	3	0	6	14	28	1	1	1	0	2	1	13	1	2	23	0	1	44	1	54	4	1	10	40	3	0	3	25
2	1	1	1	1	1	1	1	1	1	1	1	1	1	1	1	1	1	1	1	1	1	1	1	1	1	1	1	1	1	1	1	1	1	1	1	1	38	12	6	8	7	6	6	6	6	6	6	6	6	6	6	6	6	6	6	6	6	6	6	6	6	6	6	6	6	6	6	6	6	6	6	6	6	6	231	20	4	4	4	4	4	4	4	4	4	4	4	4	4	4	4	4	4	4	4	4	4	4	4	4	4	4	4	4	6	4	4	4	4	4	4	4	166	1	2	1	2	1	1	1	1	1	1	1	1	1	1	1	1	1	1	1	1	1	1	1	1	1	1	1	1	1	1	1	1	2	1	1	1	1	40	0	0	0	0	0	0	0	0	0	0	0	0	0	0	0	0	0	0	0	0	0	0	0	0	0	0	0	0	0	0	0	0	0	0	0	0	0	0	19	7	8	7	6	6	6	6	6	6	6	6	6	6	7	6	6	6	6	6	6	6	6	6	6	6	6	6	6	6	6	6	6	6	6	6	6	240	0	0	0	0	0	0	0	0	0	0	0	0	0	0	0	0	0	0	0	0	0	0	0	0	0	0	0	0	0	0	0	0	0	0	0	0	0	0	8	8	8	8	8	9	8	8	8	8	8	8	8	8	8	8	8	8	8	8	8	8	8	8	8	8	8	8	8	8	8	8	8	8	8	8	8	297	9	8	8	8	8	8	8	8	8	8	8	8	8	8	8	8	8	8	8	8	8	8	8	8	8	8	8	8	8	8	8	8	8	8	8	8	8	297	1	1	1	1	1	1	1	1	1	1	1	1	1	1	1	1	1	1	1	1	1	1	1	1	1	1	1	1	1	1	1	1	1	1	1	1	1	37	0	0	0	0	0	0	0	0	0	0	0	0	0	0	0	0	0	0	0	0	0	0	0	0	0	0	0	0	0	0	0	0	0	0	0	0	0	0	0	0	0	0	0	0	0	0	0	0	0	0	0	0	0	0	0	0	0	0	0	0	0	0	0	0	0	0	0	0	0	0	0	0	0	0	0	0	58	36	37	36	36	39	36	38	36	37	36	36	36	37	36	36	36	36	36	36	36	36	37	37	36	36	36	36	36	38	36	37	37	36	37	37	37	1371	12	3	3	6	3	3	3	3	3	3	3	3	3	3	3	4	3	3	3	3	5	3	4	4	3	3	3	3	3	3	3	4	3	3	4	4	3	131	1	1	1	1	1	1	1	1	1	1	1	1	1	1	1	1	1	1	1	1	1	1	1	1	1	1	1	1	1	1	1	1	1	1	1	1	1	37	9	10	9	10	10	12	10	10	9	9	9	9	9	10	9	9	10	10	10	9	9	9	11	10	10	10	10	10	10	10	10	10	9	10	10	10	11	361	0	0	0	0	0	0	0	0	0	0	0	0	0	0	0	0	0	0	0	0	0	0	0	0	0	0	0	0	0	0	0	0	0	0	0	0	0	0	1	1	1	1	1	1	1	1	1	1	1	1	1	1	1	1	1	1	1	1	1	1	1	1	1	1	1	1	1	1	1	1	1	1	1	1	1	37	3	2	2	2	2	2	2	3	2	2	2	2	2	2	2	2	2	2	2	2	2	2	2	2	2	2	2	2	2	2	2	2	2	2	2	2	2	76	1	1	1	1	1	2	1	2	1	1	1	1	1	1	1	1	1	1	1	1	1	1	1	1	1	1	1	1	1	1	1	1	1	1	1	1	2	40	5	5	5	5	5	5	5	5	5	5	5	5	5	5	5	5	5	5	5	5	5	5	5	5	5	5	5	5	5	5	5	5	5	5	5	5	5	185	2	2	2	2	2	2	2	2	2	3	2	2	2	2	2	2	2	2	2	2	2	2	2	2	2	2	2	2	2	2	2	2	2	2	2	2	2	75	1	1	1	1	1	1	1	1	1	1	1	1	1	1	1	1	1	1	1	1	1	1	1	1	1	1	1	1	1	1	1	1	1	1	1	1	1	37	0	0	0	0	0	0	0	0	0	0	0	0	0	0	0	0	0	0	0	0	0	0	1	1	0	0	0	0	0	0	0	1	0	0	1	1	0	5	4	1	1	2	0	0	0	0	0	0	0	0	0	0	0	1	0	0	0	0	3	0	0	0	0	0	0	0	0	0	0	0	0	0	0	0	0	12	6	8	6	6	6	6	6	6	6	6	6	6	6	7	6	6	6	6	6	6	6	7	6	6	6	6	6	6	6	6	6	6	6	6	6	6	6	226	273	201	60	129	21	8	15	38	52585	19	7	6	1194	141	36	22	0	27	0	5	133	6	2	1	52	0	0	0	0	0	0	22	0	0	0	0	5	15	0	2	104	3	13	0	14	110	0	0	3	3	9	8107	14207	912	281	1246	4341	1111	566	52	4115	2184	1214	674	118	1502	757	42	311	94	0	72859	3373	3997	2770	38	158	12	82	23	245	93	715	933	176	244	1064	128616	0	0	0	0	2	1	1	1	1	1	0	0	0	1	0	1	2	0	8	0	0	2	5	0	3	1	2	2	2	1	3	4	3	2	0	3	52	1074	409	1290	13	39	578	136	811	11	416	25	23	22	2	0	31	2	3	5	37	68	43	0	4	32	0	15	32	33	28	80	1	2	1	24	0	22	0	44	4	2	0	22	209	4	0	4	0	293	12	0	0	16	3	8	15	0	2	0	9	5	0	1	0	214	0	0	0	2	0	30	41	13	0	2	3	0	0	21	38	0	7	4	0	6	0	1	0	0	1	13	19	17	45	0	12	0	33	0	0	0	0	1449	3	0	0	696	21	0	118	1	1	502	0	0	0	0	634	9	39	37	1590	0	0	0	0	0	0	2	59	121	0	165	0	10514	11	20	7	4	1	25	22	3	3	8	30	11	4	6	1	15	3	0	5	10	27	1	1	1	0	2	1	10	1	2	22	0	1	52	1	54	5	1	11	100	3	0	2	24
1	1	1	1	1	1	1	1	1	1	1	1	1	1	1	1	1	1	1	1	1	1	1	1	1	1	1	1	1	1	1	1	1	1	1	1	2	38	7	5	4	4	4	4	4	4	4	4	4	4	4	4	4	4	4	4	4	4	4	4	4	4	4	4	4	4	4	4	4	4	4	4	4	4	4	152	35	6	5	5	5	5	5	7	5	5	5	5	5	5	5	5	5	5	5	5	5	5	5	5	5	5	5	5	5	5	5	5	5	5	5	5	5	218	6	2	2	2	2	2	2	2	2	2	2	2	2	2	2	2	2	2	2	2	2	2	2	2	2	2	2	2	2	2	2	2	2	2	2	2	2	78	0	0	0	0	0	0	0	0	0	0	0	0	0	0	0	0	0	0	0	0	0	0	0	0	0	0	0	0	0	0	0	0	0	0	0	0	0	0	16	8	4	4	4	4	4	4	4	4	4	4	4	4	4	4	4	4	4	4	4	4	4	4	4	4	4	4	4	4	4	4	4	4	4	4	4	164	3	0	0	0	0	1	0	0	0	0	0	0	0	0	0	0	0	0	0	0	0	0	0	0	0	0	0	0	0	0	0	0	0	0	0	0	0	4	8	8	8	8	8	8	8	8	8	8	8	8	8	8	8	8	8	8	8	8	8	8	8	8	8	8	8	8	8	8	8	8	8	8	8	8	8	296	3	1	1	1	2	2	1	1	1	1	2	1	1	1	1	1	1	1	1	1	1	1	1	1	1	1	2	1	1	1	1	1	1	1	1	1	1	43	0	0	0	0	1	1	0	0	0	0	0	0	0	0	0	0	0	0	0	0	0	0	0	0	0	0	1	0	0	0	0	0	0	0	0	0	0	3	0	0	0	0	0	0	0	0	0	0	0	0	0	0	0	0	0	0	0	0	0	0	0	0	0	0	0	0	0	0	0	0	0	0	0	0	0	0	1	1	1	1	1	1	1	1	1	1	1	1	1	1	1	1	1	1	1	1	1	1	1	1	1	1	1	1	1	1	1	1	1	1	1	1	1	37	78	43	41	42	41	41	42	44	42	41	41	41	41	41	42	41	42	41	41	42	41	41	41	41	41	41	41	41	41	42	41	41	41	41	41	41	41	1566	8	4	2	3	2	3	2	2	2	2	2	2	2	2	2	3	2	2	2	2	2	2	2	2	2	2	2	2	2	2	3	2	2	2	2	2	2	86	0	0	0	0	0	0	0	0	0	0	0	0	0	0	0	0	0	0	0	0	0	0	0	0	0	0	0	0	0	0	0	0	0	0	0	0	0	0	7	5	5	5	6	6	5	5	6	6	6	5	6	6	6	6	5	5	5	5	5	5	5	5	5	5	6	5	6	5	5	5	6	5	5	6	5	200	0	0	0	0	0	0	0	0	0	0	0	0	0	0	0	0	0	0	0	0	0	0	0	0	0	0	0	0	0	0	0	0	0	0	0	0	0	0	0	0	0	0	0	0	0	0	0	0	0	0	0	0	0	0	0	0	0	0	0	0	0	0	0	0	0	0	0	0	0	0	0	0	0	0	0	0	1	1	1	1	1	1	1	1	1	1	1	1	1	1	1	1	1	1	1	1	1	1	1	1	1	1	1	1	1	1	1	1	1	1	1	1	1	37	4	3	3	3	3	3	3	3	3	3	3	3	3	3	3	3	3	3	3	3	3	3	3	3	3	3	3	3	3	3	3	3	3	3	3	3	3	112	2	2	2	2	2	2	2	2	2	2	2	2	2	2	2	2	2	2	2	2	2	2	2	2	2	2	2	2	2	2	2	2	2	2	2	2	2	74	0	0	0	0	0	0	0	0	0	0	0	0	0	0	0	0	0	0	0	0	0	0	0	0	0	0	0	0	0	0	0	0	0	0	0	0	0	0	0	0	0	0	0	0	0	0	0	0	0	0	0	0	0	0	0	0	0	0	0	0	0	0	0	0	0	0	0	0	0	0	0	0	0	0	0	0	1	1	1	1	1	1	1	1	1	1	1	1	1	1	1	1	1	1	1	1	1	1	1	1	1	1	1	1	1	1	1	1	1	1	1	1	1	37	8	2	0	1	0	1	0	0	0	1	1	0	0	0	0	1	0	0	0	0	0	0	0	0	0	0	0	0	0	0	1	0	0	0	1	0	0	17	5	3	3	3	4	3	3	3	4	3	3	3	3	3	3	3	3	3	3	3	3	3	3	3	3	3	3	3	3	3	3	3	3	3	3	3	4	116	342	159	63	100	34	1	0	44	30584	13	29	9	1037	140	36	11	1	30	0	3	63	8	4	9	48	0	0	0	0	0	0	4	0	0	0	0	0	36	2	9	64	6	4	0	20	73	2	0	0	0	5	8428	13080	534	747	1311	3058	1346	558	72	2969	508	8934	501	239	1309	354	133	736	127	0	10681	3800	2045	1793	44	350	246	31	79	267	21	195	982	29	1132	1399	68038	1	1	1	0	0	0	1	0	0	0	1	0	0	0	0	0	0	0	4	0	0	0	0	0	0	0	0	0	0	0	0	1	1	0	0	0	11	1086	305	1247	2	11	576	185	797	23	380	48	10	32	0	2	18	1	0	0	34	63	55	0	8	24	1	1	20	24	18	76	5	0	19	8	0	22	0	38	1	3	0	3	139	3	0	3	0	324	8	0	0	22	1	5	14	0	5	0	1	3	0	0	0	198	0	0	0	0	0	10	56	6	4	1	1	0	0	22	2	1	7	6	0	0	1	1	1	1	0	21	4	8	53	5	13	0	46	0	0	0	0	1206	8	0	0	658	36	0	110	0	1	440	0	0	0	0	636	11	17	16	1980	0	0	0	0	0	0	4	52	132	0	154	0	10738	11	20	7	4	1	22	23	2	3	8	29	89	3	5	1	15	3	0	5	10	29	1	1	1	0	2	1	10	1	2	21	0	1	55	1	53	6	1	11	70	3	0	2	25
1	1	1	1	1	2	1	1	1	1	1	1	1	1	1	1	1	1	1	1	1	1	1	1	1	1	1	1	1	1	1	1	1	1	1	1	1	38	20	12	12	13	12	12	12	12	12	13	12	12	12	12	12	12	12	12	12	12	12	12	12	12	12	12	12	12	12	12	12	12	12	12	12	12	13	455	17	4	4	4	4	4	4	4	4	4	4	4	4	4	4	4	4	4	4	4	4	4	4	4	4	4	4	4	4	4	4	4	4	4	4	4	4	161	4	1	1	1	1	1	1	1	1	1	1	1	1	1	1	1	1	1	1	1	1	1	1	1	1	1	1	1	1	1	1	1	1	1	1	1	1	40	1	0	0	0	0	0	0	0	0	0	0	0	0	0	0	0	0	0	0	0	0	0	0	0	0	0	0	0	0	0	0	0	0	0	0	0	0	1	25	11	11	12	10	10	10	10	10	11	10	10	10	10	10	10	10	10	10	10	10	10	10	10	10	10	10	10	10	10	10	10	10	10	10	10	10	390	3	0	0	0	0	0	0	0	0	0	0	0	0	0	0	0	0	0	0	0	0	0	0	0	0	0	0	0	0	0	0	0	0	0	0	0	0	3	12	12	12	12	12	12	12	13	13	12	12	12	12	12	12	12	12	12	12	13	12	12	12	12	12	12	12	12	12	12	12	12	12	12	12	12	12	447	4	3	3	3	3	3	3	3	3	3	3	3	3	3	3	3	3	3	3	3	3	3	3	3	3	3	3	3	3	3	3	3	3	3	3	3	3	112	0	0	0	0	0	0	0	0	0	0	0	0	0	0	0	0	0	0	0	0	0	0	0	0	0	0	0	0	0	0	0	0	0	0	0	0	0	0	0	0	0	0	0	0	0	0	0	0	0	0	0	0	0	0	0	0	0	0	0	0	0	0	0	0	0	0	0	0	0	0	0	0	0	0	0	0	0	0	0	0	0	0	0	0	0	0	0	0	0	0	0	0	0	0	0	0	0	0	0	0	0	0	0	0	0	0	0	0	0	0	0	0	0	0	65	45	44	44	45	44	46	46	46	45	44	44	44	44	45	44	45	45	45	45	44	44	44	44	45	45	45	45	45	45	44	44	44	45	44	44	46	1672	11	3	2	2	3	2	3	4	2	2	2	2	2	2	2	2	3	3	3	3	2	2	2	2	3	3	3	3	3	3	2	2	2	3	2	2	2	99	0	0	0	0	0	0	0	0	0	0	0	0	0	0	0	0	0	0	0	0	0	0	0	0	0	0	0	0	0	0	0	0	0	0	0	0	0	0	15	14	14	14	14	14	14	14	14	14	14	14	14	15	14	14	14	14	14	14	14	14	15	15	14	14	14	14	14	14	14	15	14	14	15	15	16	527	2	2	2	2	2	2	2	2	2	2	2	2	2	2	2	2	2	2	2	2	2	2	2	2	2	2	2	2	2	2	2	2	2	2	2	2	2	74	1	1	1	1	1	1	1	1	1	1	1	1	1	1	1	1	1	1	1	1	1	1	1	1	1	1	1	1	1	1	1	1	1	1	1	1	1	37	1	1	1	1	1	1	1	1	1	1	1	1	1	1	1	1	1	1	1	1	1	1	1	1	1	1	1	1	1	1	1	1	1	1	1	1	1	37	5	5	5	5	5	5	5	5	5	6	5	5	5	5	5	5	5	5	5	5	5	5	5	5	5	5	5	5	5	5	5	5	5	5	5	5	5	186	5	5	5	5	5	5	5	5	5	5	5	5	5	5	5	5	5	5	5	5	5	5	5	5	5	5	5	5	5	5	5	5	5	5	5	5	5	185	0	0	0	0	0	0	0	0	0	0	0	0	0	0	0	0	0	0	0	0	0	0	0	0	0	0	0	0	0	0	0	0	0	0	0	0	0	0	0	0	0	0	0	0	0	0	0	0	0	0	0	0	0	0	0	0	0	0	0	0	0	0	0	0	0	0	0	0	0	0	0	0	0	0	0	0	1	1	1	1	1	1	1	1	1	1	1	1	1	1	1	1	1	1	1	1	1	1	1	1	1	1	1	1	1	1	1	1	1	1	1	1	1	37	8	0	0	0	0	0	0	1	0	0	0	0	0	1	1	0	0	0	0	0	0	1	0	0	0	0	0	0	0	0	1	0	0	0	0	0	0	13	12	9	8	8	8	8	8	9	8	8	8	8	8	8	8	8	8	9	8	8	8	8	8	8	8	8	8	8	8	9	8	8	8	8	8	8	8	304	254	109	95	99	16	2	0	36	31882	32	7	6	1051	124	23	15	2	22	0	9	111	19	13	0	61	0	0	0	0	0	0	1	0	1	0	0	0	12	1	0	41	4	1	0	13	63	0	0	0	0	8	4915	5965	647	1152	1149	3973	897	1146	175	5600	1039	15226	457	550	7510	250	35	262	88	0	4914	5139	1969	3157	104	189	19	318	33	203	4	608	1135	32	938	635	70433	0	2	1	0	1	0	1	0	0	0	2	0	0	1	1	0	0	1	4	0	0	0	5	0	0	1	1	0	1	1	3	5	5	1	0	5	42	696	223	992	7	12	496	129	653	9	289	42	15	21	1	3	20	0	0	1	22	56	35	0	3	18	3	3	41	18	9	24	2	3	6	11	0	19	0	31	3	5	0	5	148	4	0	2	0	221	7	0	2	10	0	0	13	0	0	0	0	15	7	0	0	133	0	1	0	0	0	31	45	3	0	0	7	0	4	5	0	0	2	6	1	2	4	0	0	0	0	22	32	15	12	3	1	0	35	0	0	0	0	927	6	0	0	643	30	0	100	0	1	461	0	0	0	0	662	12	18	25	1430	0	0	0	0	0	0	3	41	90	0	220	0	10124	10	19	8	4	1	22	24	2	2	8	30	28	3	5	1	14	3	0	5	11	31	1	1	1	0	2	1	10	1	2	19	0	1	53	1	55	6	1	12	45	3	0	2	22
3	1	1	1	1	1	1	1	1	1	1	1	1	1	1	1	1	1	1	1	1	1	1	1	1	1	1	1	1	1	1	1	1	1	1	1	1	39	12	6	6	5	4	4	4	4	5	4	4	4	4	4	4	4	4	4	4	4	4	4	4	4	4	4	4	4	5	4	4	4	4	4	4	4	4	163	30	6	11	6	6	6	6	6	6	7	6	6	6	6	6	6	6	6	6	6	6	6	6	6	6	7	6	6	6	6	6	6	6	6	6	6	6	253	2	1	2	1	1	1	1	1	1	1	1	1	1	1	1	1	1	1	1	1	1	1	1	1	1	1	1	1	1	1	1	1	1	1	1	1	1	39	0	0	0	0	0	0	0	0	0	0	0	0	0	0	0	0	0	0	0	0	0	0	0	0	0	0	0	0	0	0	0	0	0	0	0	0	0	0	19	7	7	6	5	5	5	5	6	5	5	5	5	5	5	5	5	5	5	5	5	5	5	5	5	5	5	5	6	6	5	5	5	5	5	5	5	207	0	0	0	0	0	0	0	0	0	0	0	0	0	0	0	0	0	0	0	0	0	0	0	0	0	0	0	0	0	0	0	0	0	0	0	0	0	0	7	7	7	7	7	7	7	7	8	7	7	7	7	7	7	7	7	7	7	7	7	7	7	7	7	7	7	7	7	7	7	7	7	7	7	7	7	260	4	2	3	2	2	2	2	2	2	2	2	2	2	2	2	2	2	2	2	2	2	2	2	2	2	2	2	2	2	2	2	2	2	2	2	2	2	77	0	0	0	0	0	0	0	0	0	0	0	0	0	0	0	0	0	0	0	0	0	0	0	0	0	0	0	0	0	0	0	0	0	0	0	0	0	0	0	0	0	0	0	0	0	0	0	0	0	0	0	0	0	0	0	0	0	0	0	0	0	0	0	0	0	0	0	0	0	0	0	0	0	0	0	0	0	0	0	0	0	0	0	0	0	0	0	0	0	0	0	0	0	0	0	0	0	0	0	0	0	0	0	0	0	0	0	0	0	0	0	0	0	0	64	32	38	32	32	32	32	33	34	33	34	32	32	32	34	32	32	32	32	33	32	32	33	33	32	33	32	32	32	35	32	33	32	32	33	33	32	1240	10	1	1	1	1	1	1	1	1	1	1	1	1	1	1	1	1	1	1	1	1	1	1	1	1	1	1	1	1	2	1	1	1	1	1	1	1	47	0	0	0	0	0	0	0	0	0	0	0	0	0	0	0	0	0	0	0	0	0	0	0	0	0	0	0	0	0	0	0	0	0	0	0	0	0	0	10	6	6	6	6	6	7	6	6	6	6	6	6	6	6	6	6	6	6	6	6	6	7	7	6	6	6	6	6	6	6	7	6	6	7	7	6	232	0	0	0	0	0	0	0	0	0	0	0	0	0	0	0	0	0	0	0	0	0	0	0	0	0	0	0	0	0	0	0	0	0	0	0	0	0	0	0	0	0	0	0	0	0	0	0	0	0	0	0	0	0	0	0	0	0	0	0	0	0	0	0	0	0	0	0	0	0	0	0	0	0	0	0	0	3	2	2	2	2	2	2	2	2	2	3	2	2	2	2	2	2	2	2	2	2	2	2	2	2	2	2	2	2	3	2	2	2	2	2	2	2	77	0	0	0	0	0	0	0	0	0	0	0	0	0	0	0	0	0	0	0	0	0	0	1	1	0	0	0	0	0	0	0	1	0	0	1	1	0	5	4	3	3	3	3	3	3	3	3	3	3	3	3	3	3	3	3	3	3	3	3	3	3	3	3	3	3	3	3	3	3	3	3	3	3	3	3	112	0	0	0	0	0	0	0	0	0	0	0	0	0	0	0	0	0	0	0	0	0	0	0	0	0	0	0	0	0	0	0	0	0	0	0	0	0	0	0	0	0	0	0	0	0	0	0	0	0	0	0	0	0	0	0	0	0	0	0	0	0	0	0	0	0	0	0	0	0	0	0	0	0	0	0	0	0	0	0	0	0	0	0	0	0	0	0	0	0	0	0	0	0	0	0	0	0	0	1	1	0	0	0	0	0	0	0	1	0	0	1	1	0	5	6	0	0	0	0	0	0	0	1	0	0	0	0	0	0	0	0	0	0	0	0	0	0	0	0	0	0	0	0	0	0	0	0	0	0	0	0	7	5	4	4	4	5	4	4	4	4	5	4	4	4	4	4	4	4	5	4	4	4	4	5	4	4	5	4	4	4	4	4	5	4	4	4	5	5	157	313	133	37	102	29	7	0	19	25999	21	43	4	865	110	24	10	6	32	0	13	122	9	12	5	43	5	0	0	0	0	0	1	0	3	0	0	0	19	1	0	39	0	3	0	3	55	0	0	1	0	7	14690	17777	389	801	12332	10092	1483	995	52	5233	1752	5451	595	161	3534	123	196	194	66	0	28025	5156	34298	3232	82	472	9	25	171	551	22	783	470	22	1202	2254	152690	1	0	1	0	0	0	0	0	1	1	2	0	0	3	0	1	0	0	5	1	0	2	1	0	0	0	0	0	0	0	2	0	0	0	0	0	21	714	254	1067	5	24	518	155	751	33	469	55	13	59	2	0	7	2	2	2	25	40	47	0	8	30	0	3	9	10	14	46	0	5	6	8	0	25	6	23	6	16	0	12	137	1	0	9	0	444	0	0	1	15	1	6	10	0	3	0	0	1	2	0	0	243	0	1	0	0	0	24	33	3	0	2	18	0	0	28	4	0	1	11	0	4	0	0	0	1	3	15	9	2	30	1	12	0	39	0	0	0	0	1246	3	0	0	603	62	0	92	1	1	341	3	0	0	0	645	14	12	12	981	0	0	0	0	0	0	4	35	87	0	209	0	9636	14	22	9	4	1	26	24	3	2	8	36	22	4	5	1	15	3	0	5	10	32	1	1	1	0	2	1	11	1	2	21	0	1	41	1	55	6	1	12	38	3	0	2	24
2	2	2	3	2	2	3	2	2	2	2	2	2	2	2	2	2	2	2	2	2	2	2	2	2	2	2	2	2	4	2	2	3	2	2	2	2	79	12	6	6	6	6	6	6	6	6	6	6	6	6	6	6	6	6	6	6	6	6	6	6	6	6	6	6	6	6	6	6	6	6	6	6	6	6	228	24	6	6	7	6	6	7	7	6	6	6	6	6	6	6	6	6	6	6	6	6	6	6	6	6	6	6	6	6	9	6	6	6	6	6	6	7	247	2	0	0	0	0	0	0	0	0	0	0	0	0	0	0	0	0	0	0	0	0	0	0	0	0	0	0	0	0	0	0	0	0	0	0	0	0	2	0	0	0	0	0	0	0	0	0	0	0	0	0	0	0	0	0	0	0	0	0	0	0	0	0	0	0	0	0	1	0	0	0	0	0	0	0	1	16	7	8	6	6	6	6	6	6	6	6	6	6	6	6	6	6	6	6	6	6	6	6	6	6	6	6	6	6	6	6	6	6	6	6	6	6	235	0	0	0	0	0	0	0	0	0	0	0	0	0	0	0	0	0	0	0	0	0	0	0	0	0	0	0	0	0	0	0	0	0	0	0	0	0	0	5	4	4	4	4	5	4	4	5	4	4	4	4	4	5	4	4	4	4	5	4	4	4	4	4	4	4	4	4	4	4	4	4	4	4	4	4	153	6	5	5	5	5	5	5	5	5	5	7	5	5	6	5	5	6	5	5	5	5	5	5	5	5	5	5	5	5	6	5	5	5	5	5	5	5	191	1	1	1	1	1	1	1	1	1	1	1	1	1	1	1	1	1	1	1	1	1	1	1	1	1	1	1	1	1	1	1	1	1	1	1	1	1	37	0	0	0	0	0	0	0	0	0	0	0	0	0	0	0	0	0	0	0	0	0	0	0	0	0	0	0	0	0	0	0	0	0	0	0	0	0	0	0	0	0	0	0	0	0	0	0	0	0	0	0	0	0	0	0	0	0	0	0	0	0	0	0	0	0	0	0	0	0	0	0	0	0	0	0	0	57	30	31	31	30	31	31	33	31	30	30	30	30	31	32	30	30	31	30	31	30	30	30	30	30	30	30	30	30	33	31	30	30	30	30	30	35	1159	9	0	2	0	0	1	0	0	0	0	0	0	0	0	0	0	1	0	0	0	0	0	0	0	0	0	0	0	0	3	0	0	0	0	0	0	0	16	0	0	0	0	0	0	0	0	0	0	0	0	0	0	1	0	0	0	0	0	0	0	0	0	0	0	0	0	0	0	0	0	0	0	0	0	0	1	10	7	6	6	8	7	8	7	6	6	8	6	6	6	7	6	7	7	7	6	6	6	6	6	7	7	7	7	7	8	7	6	7	7	6	6	9	252	1	1	1	1	1	1	1	1	1	1	1	1	1	1	1	1	1	1	1	1	1	1	1	1	1	1	1	1	1	1	1	1	1	1	1	1	1	37	1	0	0	0	0	0	0	0	0	0	0	0	0	0	0	0	0	0	0	0	0	0	0	0	0	0	0	0	0	0	0	0	0	0	0	0	0	1	1	1	1	1	1	1	1	1	1	1	1	1	1	1	1	1	1	1	1	1	1	1	1	1	1	1	1	1	1	1	1	1	1	1	1	1	1	37	4	4	4	4	4	4	4	6	4	4	4	4	4	4	5	4	4	4	4	4	4	4	4	4	4	4	4	4	4	4	4	4	4	4	4	4	5	152	3	3	3	3	3	3	3	3	3	3	3	3	3	3	3	3	3	3	3	3	3	3	3	3	3	3	3	3	3	3	3	3	3	3	3	3	3	111	1	1	1	1	1	1	1	1	1	1	1	1	1	1	1	1	1	1	1	1	1	1	1	1	1	1	1	1	1	1	1	1	1	1	1	1	1	37	1	1	1	1	1	1	1	1	1	1	1	1	1	1	1	1	1	1	1	1	1	1	1	1	1	1	1	1	1	1	1	1	1	1	1	1	1	37	0	0	0	0	0	0	0	0	0	0	0	0	0	0	0	0	0	0	0	0	0	0	0	0	0	0	0	0	0	0	0	0	0	0	0	0	0	0	13	1	2	2	1	2	1	1	1	1	1	1	1	1	2	1	1	1	1	1	1	1	1	1	1	1	1	1	1	2	3	1	1	1	1	1	3	58	9	4	3	3	3	3	4	3	3	3	3	3	3	3	3	3	3	3	3	3	3	3	3	3	3	3	3	3	3	3	3	3	3	3	3	3	3	119	409	178	68	144	34	2	17	55	36066	33	31	12	1274	104	71	24	1	44	1	16	87	5	7	1	107	0	0	0	0	0	0	17	0	1	0	0	0	33	7	0	101	4	13	0	21	100	0	12	5	0	6	22344	10237	577	2016	18617	30700	2423	559	221	4380	996	4868	474	2178	4121	261	54	1149	283	0	4953	1900	8085	100876	75	175	32	156	29	739	8	401	71506	17	424	296	296130	1	0	1	0	1	0	0	1	1	3	2	0	0	2	2	2	0	1	4	0	0	12	0	0	0	1	1	0	0	0	2	1	1	1	0	0	40	1263	413	1379	3	12	731	244	910	8	591	52	35	22	0	2	10	9	0	4	70	97	76	0	1	21	2	0	97	23	11	36	0	0	0	17	0	26	0	25	0	0	0	45	220	2	0	9	0	363	0	0	4	12	3	4	11	0	0	0	1	13	0	0	0	254	2	10	0	0	0	30	52	27	2	3	3	0	0	23	20	0	3	1	0	2	0	0	0	0	5	5	20	7	31	12	13	0	42	0	0	0	0	1541	2	0	0	675	44	0	87	0	0	374	2	0	0	0	679	5	13	1	1534	0	0	0	0	0	0	1	48	108	0	211	0	10524	12	23	9	4	1	26	24	3	2	9	35	16	4	5	1	15	3	0	6	11	30	1	1	1	0	2	1	12	1	3	24	0	1	41	1	48	6	2	13	46	3	0	2	26
0	2	0	0	0	0	0	0	0	0	0	0	0	0	0	0	0	0	0	0	1	0	0	0	0	0	0	0	0	0	0	0	0	0	0	0	0	3	9	6	4	4	4	4	4	4	4	4	4	4	4	4	4	4	4	4	4	4	4	4	4	4	4	4	4	4	4	4	4	4	4	4	4	4	4	155	27	9	12	9	9	9	10	11	9	9	9	9	9	9	9	9	9	12	9	10	9	9	9	9	9	9	9	9	9	9	9	9	9	9	9	9	9	361	4	4	4	4	4	4	4	4	4	4	4	4	4	4	4	4	4	4	4	4	4	4	4	4	4	4	4	4	4	4	4	4	4	4	4	4	4	148	1	0	0	0	0	0	0	0	0	0	0	0	0	0	0	0	0	0	0	0	0	0	1	0	0	0	0	0	0	1	0	0	0	0	0	0	0	3	18	5	3	3	3	3	3	3	4	3	3	3	3	3	4	3	3	3	3	3	3	3	3	3	3	4	3	3	3	3	3	3	3	3	3	3	3	131	0	0	0	0	0	0	0	0	0	0	0	0	0	0	0	0	0	0	0	0	0	0	0	0	0	0	0	0	0	0	0	0	0	0	0	0	0	0	9	8	8	8	8	8	9	8	8	8	8	8	8	8	8	8	8	8	8	8	8	8	8	8	8	8	8	8	8	8	8	8	8	8	8	8	8	298	5	4	4	4	4	4	4	4	4	5	4	4	4	4	4	4	4	4	4	4	4	5	4	4	4	4	4	4	4	4	4	4	4	4	4	4	4	151	0	0	0	0	0	0	0	0	0	0	0	0	0	0	0	0	0	0	0	0	0	0	0	0	0	0	0	0	0	0	0	0	0	0	0	0	0	0	0	0	0	0	0	0	0	0	0	0	0	0	0	0	0	0	0	0	0	0	0	0	0	0	0	0	0	0	0	0	0	0	0	0	0	0	0	0	0	0	0	0	0	0	0	0	0	0	0	0	0	0	0	0	0	0	0	0	0	0	0	0	0	0	0	0	0	0	0	0	0	0	0	0	0	0	60	37	39	37	36	36	39	38	36	36	36	36	36	36	36	36	36	39	36	37	36	36	36	36	36	36	36	36	36	36	36	36	36	36	36	36	38	1372	16	5	3	3	3	3	3	3	3	4	3	3	3	3	4	3	3	3	3	3	3	4	3	3	3	3	3	3	3	4	3	3	3	3	3	3	4	131	0	0	0	0	0	0	0	0	0	0	0	0	0	0	0	0	0	0	0	0	0	0	0	0	0	0	0	0	0	0	0	0	0	0	0	0	0	0	7	5	5	5	6	5	5	5	5	5	5	5	5	5	6	5	5	5	5	5	5	5	5	5	5	5	5	5	5	6	5	5	5	5	5	5	6	191	2	2	2	2	2	2	2	2	2	2	2	2	2	2	2	2	2	2	2	2	2	2	2	2	2	2	2	2	2	2	2	2	2	2	2	2	2	74	0	0	0	0	0	0	0	0	0	0	0	0	0	0	0	0	0	0	0	0	0	0	0	0	0	0	0	0	0	0	0	0	0	0	0	0	0	0	3	2	2	2	2	2	2	2	2	2	2	2	2	2	2	2	2	2	2	2	2	2	2	2	2	2	2	2	2	2	2	2	2	2	2	2	2	75	2	2	2	2	2	2	2	2	2	2	2	2	2	2	2	2	2	2	2	2	2	2	2	2	2	2	2	2	2	2	2	2	2	2	2	2	2	74	5	5	5	5	5	5	5	5	5	5	5	5	5	5	5	5	5	5	5	5	5	5	5	5	5	5	5	5	5	5	5	5	5	5	5	5	5	185	0	0	0	0	0	0	0	0	0	0	0	0	0	0	0	0	0	0	0	0	0	0	0	0	0	0	0	0	0	0	0	0	0	0	0	0	0	0	0	0	0	0	0	0	0	0	0	0	0	0	0	0	0	0	0	0	0	0	0	0	0	0	0	0	0	0	0	0	0	0	0	0	0	0	0	0	0	0	0	0	0	0	0	0	0	0	0	0	0	0	0	0	0	0	0	0	0	0	0	0	0	0	0	0	0	0	0	0	0	0	0	0	0	0	2	3	0	0	0	0	0	0	0	0	0	0	0	1	1	0	0	0	0	0	0	0	0	0	0	0	0	0	0	1	0	0	0	0	0	0	2	10	2	1	1	1	1	1	1	1	1	1	1	2	1	1	1	1	1	1	1	1	1	1	1	1	1	1	1	1	1	1	1	1	1	1	1	1	1	39	385	159	55	136	56	0	0	41	44557	17	23	13	1416	136	61	9	1	32	1	18	159	29	20	1	69	2	0	0	0	0	0	1	0	0	0	0	6	46	6	9	81	11	30	0	13	91	0	13	4	0	10	10662	10028	2352	314	16491	18449	1364	617	25	2407	717	1629	327	326	1054	173	94	310	125	0	2268	4460	2164	10833	111	177	17	76	32	239	60	270	5799	15	2043	303	96331	2	1	0	0	0	1	2	0	2	0	3	0	0	0	0	0	0	1	5	2	0	0	0	0	1	0	1	0	0	1	2	1	0	1	0	1	27	1085	325	1213	4	18	673	154	814	18	535	67	31	25	2	0	39	1	0	0	2	75	71	0	2	21	0	5	72	43	12	28	4	3	14	13	0	26	0	24	1	0	0	18	171	4	0	6	0	514	0	0	5	13	0	9	9	0	5	0	1	28	0	0	0	227	3	11	0	0	0	30	27	21	0	0	7	0	0	30	8	0	2	18	0	0	0	0	0	3	1	50	16	39	52	2	19	0	42	0	0	0	0	1220	2	0	0	638	25	0	78	1	0	221	0	0	0	0	647	1	20	4	1673	0	0	0	0	0	0	3	28	48	0	313	0	9687	14	22	10	4	1	27	23	3	3	9	34	15	4	5	1	14	3	0	6	14	29	1	1	1	0	2	1	13	1	2	22	0	1	50	1	48	6	2	12	56	3	0	3	26
1	1	1	1	1	1	1	1	1	1	1	1	1	1	1	1	1	1	1	1	1	1	1	1	1	1	1	1	1	1	1	1	1	1	1	1	1	37	13	6	7	7	6	6	6	6	6	6	7	6	6	6	7	6	7	6	6	6	6	6	6	6	6	6	6	6	6	6	6	6	6	6	6	6	6	234	32	4	4	3	3	3	4	3	3	3	3	3	3	3	3	3	4	4	3	3	3	3	3	3	3	3	3	3	3	5	3	3	3	3	3	3	3	147	4	3	3	3	3	3	3	4	3	3	3	3	3	3	3	3	3	3	3	3	3	3	3	3	3	3	3	3	3	3	3	3	3	3	3	3	3	113	0	0	0	0	0	0	0	0	0	0	0	0	0	0	0	0	0	0	0	0	0	0	0	0	0	0	0	0	0	0	0	0	0	0	0	0	0	0	19	7	8	8	7	8	7	7	7	7	8	7	7	7	7	7	8	7	7	7	7	7	7	7	7	7	7	7	7	7	7	7	7	7	7	7	7	276	0	0	0	0	0	0	0	0	0	0	0	0	0	0	0	0	0	0	0	0	0	0	0	0	0	0	0	0	0	0	0	0	0	0	0	0	0	0	7	7	7	7	7	7	7	8	7	7	7	7	7	7	7	7	7	7	7	7	7	7	7	7	7	7	7	7	7	7	7	7	7	8	7	7	7	261	1	2	1	1	1	1	1	1	1	1	1	1	1	1	1	1	1	1	1	1	1	1	1	1	1	1	1	1	1	1	1	1	1	1	1	1	1	38	0	0	0	0	0	0	0	0	0	0	0	0	0	0	0	0	0	0	0	0	0	0	0	0	0	0	0	0	0	0	0	0	0	0	0	0	0	0	0	0	0	0	0	0	0	0	0	0	0	0	0	0	0	0	0	0	0	0	0	0	0	0	0	0	0	0	0	0	0	0	0	0	0	0	0	0	0	0	0	0	0	0	0	0	0	0	0	0	0	0	0	0	0	0	0	0	0	0	0	0	0	0	0	0	0	0	0	0	0	0	0	0	0	0	61	25	25	23	23	23	25	28	23	23	24	23	23	23	23	23	24	25	23	23	23	23	24	24	23	23	23	23	23	25	23	24	23	24	24	25	25	915	12	1	1	1	1	1	1	2	1	1	1	1	1	2	1	1	1	1	1	1	1	1	1	1	1	1	1	1	1	1	1	1	1	1	1	1	1	50	0	0	0	0	0	0	0	0	0	0	0	0	0	0	0	0	0	0	0	0	0	0	0	0	0	0	0	0	0	0	0	0	0	0	0	0	0	0	6	5	5	5	5	5	6	6	5	5	6	5	5	7	6	5	5	5	5	5	6	5	6	6	5	5	5	5	5	5	5	6	5	5	6	6	7	200	0	0	0	0	0	0	0	0	0	0	0	0	0	0	0	0	0	0	0	0	0	0	0	0	0	0	0	0	0	0	0	0	0	0	0	0	0	0	0	0	0	0	0	0	0	0	0	0	0	0	0	0	0	0	0	0	0	0	0	0	0	0	0	0	0	0	0	0	0	0	0	0	0	0	0	0	1	1	1	1	1	1	1	1	1	1	1	1	1	1	1	1	1	1	1	1	1	1	1	1	1	1	1	1	1	1	1	1	1	1	1	1	1	37	1	1	1	1	1	1	1	1	1	1	1	1	1	1	1	1	1	1	1	1	1	1	1	1	1	1	1	1	1	1	1	1	1	1	1	1	1	37	4	4	4	4	4	4	4	4	4	4	4	4	4	4	4	4	4	4	4	4	4	4	4	4	4	4	4	4	4	4	4	4	4	4	4	4	4	148	0	0	0	0	0	0	0	0	0	0	0	0	0	0	0	0	0	0	0	0	0	0	0	0	0	0	0	0	0	0	0	0	0	0	0	0	0	0	0	0	0	0	0	0	1	0	0	0	0	0	0	0	0	0	0	0	0	0	0	0	0	0	0	0	0	0	0	0	0	0	0	0	0	0	0	1	0	0	0	0	0	0	0	0	0	0	0	0	0	0	0	0	0	0	0	0	0	0	0	0	0	0	0	0	0	0	0	0	0	0	0	0	0	0	5	1	1	1	1	1	1	1	1	1	2	1	1	1	1	1	1	1	1	1	3	1	1	1	1	1	1	1	1	1	1	1	1	1	1	1	2	45	10	7	7	7	7	7	8	7	7	8	7	7	7	7	7	7	7	7	7	7	7	7	7	7	7	7	7	7	7	7	7	7	8	7	7	7	7	265	449	174	156	85	40	2	9	59	37237	24	18	7	1625	144	68	17	6	49	4	14	149	5	6	2	64	0	0	0	0	0	0	15	0	0	0	0	0	51	3	7	100	14	1	0	10	78	1	1	1	0	16	7470	6748	878	346	20733	24770	1132	540	312	3430	981	2952	588	843	2758	77	236	242	683	0	8134	3598	18437	10302	49	247	14	17	20	130	23	338	2685	17	1137	210	121077	1	2	2	2	1	1	1	2	1	0	0	0	0	1	1	0	2	3	9	1	0	8	0	0	4	2	3	2	1	3	1	0	0	3	0	3	60	1435	362	1571	2	29	956	268	1028	16	537	41	37	33	13	2	44	2	0	0	51	67	92	0	12	25	0	0	37	17	21	28	2	7	19	14	0	33	4	18	2	3	0	1	297	8	2	20	0	432	3	0	0	15	1	7	10	1	7	3	1	7	0	0	0	288	0	1	0	0	0	9	57	19	0	2	0	0	0	16	21	2	7	19	0	0	2	0	4	5	3	6	25	5	40	5	22	0	33	0	0	0	0	1080	6	0	0	715	26	0	66	0	2	204	0	0	0	0	530	11	7	3	1389	0	0	0	0	0	0	2	37	50	0	252	0	9146	15	20	8	4	1	22	20	2	2	8	32	15	3	5	1	14	3	0	6	10	27	1	1	1	0	2	1	11	1	2	18	0	1	52	1	49	5	1	11	48	2	0	2	22
0	0	0	0	0	0	0	0	0	0	0	0	0	0	0	0	0	0	0	0	0	0	0	0	0	0	0	0	0	0	0	0	1	0	0	0	0	1	10	2	2	2	2	2	2	2	2	2	2	2	2	2	2	2	2	2	2	2	2	2	2	2	2	2	2	2	2	2	2	2	2	2	2	2	2	82	25	9	11	8	8	8	9	10	8	8	8	8	8	8	8	8	8	8	8	8	8	8	8	8	8	8	8	8	8	8	8	8	8	8	8	8	8	320	3	1	1	1	1	1	1	1	1	1	1	1	1	1	1	1	1	1	1	1	1	1	1	1	1	1	1	1	1	1	1	1	1	1	1	1	1	39	0	0	0	0	0	0	0	0	0	0	0	0	0	0	0	0	0	0	0	0	0	0	0	0	0	0	0	0	0	0	0	0	0	0	0	0	0	0	16	3	1	2	1	1	1	1	1	1	1	1	1	2	1	1	1	1	1	1	1	1	1	1	1	1	1	1	1	1	1	1	1	1	1	1	1	56	3	0	0	0	0	0	0	0	0	0	0	0	0	0	0	0	0	0	0	0	0	0	0	0	0	0	0	0	0	0	0	0	0	0	0	0	0	3	6	5	5	5	5	5	5	5	5	5	5	5	5	5	5	5	5	5	5	5	5	5	6	6	5	5	5	5	5	5	5	6	5	5	6	6	5	191	13	9	9	9	9	9	9	10	9	9	9	9	9	9	9	9	9	9	9	9	9	9	9	9	9	9	9	9	9	9	9	9	9	9	9	9	9	338	2	2	2	2	2	2	2	2	2	2	2	2	2	2	2	2	2	2	2	2	2	2	2	2	2	2	2	2	2	2	2	2	2	2	2	2	2	74	0	0	0	0	0	0	0	0	0	0	0	0	0	0	0	0	0	0	0	0	0	0	0	0	0	0	0	0	0	0	0	0	0	0	0	0	0	0	0	0	0	0	0	0	0	0	0	0	0	0	0	0	0	0	0	0	0	0	0	0	0	0	0	0	0	0	0	0	0	0	0	0	0	0	0	0	55	24	27	24	23	23	24	25	23	23	24	23	23	23	23	23	23	23	23	24	23	23	24	24	23	23	23	23	23	23	23	24	23	23	24	24	24	900	9	3	3	3	3	3	3	3	3	3	4	3	3	3	3	3	3	3	3	3	3	3	3	3	3	3	3	3	3	3	3	3	3	3	3	3	4	119	0	0	0	0	0	0	0	0	0	0	0	0	0	0	0	0	0	0	0	0	0	0	0	0	0	0	0	0	0	0	0	0	0	0	0	0	0	0	9	6	5	5	7	5	6	6	5	5	7	5	5	5	5	5	6	6	6	5	5	5	6	6	6	6	7	6	6	7	5	6	5	6	6	6	6	214	0	0	0	0	0	0	0	0	0	0	0	0	0	0	0	0	0	0	0	0	0	0	0	0	0	0	0	0	0	0	0	0	0	0	0	0	0	0	0	0	0	0	0	0	0	0	0	0	0	0	0	0	0	0	0	0	0	0	0	0	0	0	0	0	0	0	0	0	0	0	0	0	0	0	0	0	0	0	0	0	0	0	0	0	0	0	0	0	0	0	0	0	0	0	0	0	0	0	0	0	0	0	0	0	0	0	0	0	0	0	0	0	0	0	2	2	2	2	2	2	2	2	2	2	2	2	2	2	2	2	2	2	2	2	2	2	2	2	2	2	2	2	2	2	2	2	2	2	2	2	2	74	2	1	1	1	1	1	1	1	1	1	1	1	1	1	1	1	1	1	1	1	1	1	1	1	1	1	1	1	1	1	1	1	1	1	1	1	1	38	0	0	0	0	0	0	0	0	0	0	0	0	0	0	0	0	0	0	0	0	0	0	0	0	0	0	0	0	0	0	0	0	0	0	0	0	0	0	0	0	0	0	0	0	0	0	0	0	0	0	0	0	0	0	0	0	0	0	0	0	0	0	0	0	0	0	0	0	0	0	0	0	0	0	0	0	0	0	0	0	0	0	0	0	0	0	0	0	0	0	0	0	0	0	0	0	0	0	0	0	0	0	0	0	0	0	0	0	0	0	0	0	0	0	10	0	2	1	0	0	0	1	0	0	0	0	0	0	0	0	0	0	0	0	0	0	0	0	0	0	0	0	0	0	0	0	0	0	0	0	0	14	8	7	6	6	6	6	6	6	6	6	6	6	6	6	6	6	7	6	6	6	6	7	6	6	6	6	6	6	6	6	6	6	6	6	6	6	8	229	252	128	26	58	32	0	0	26	19727	8	6	8	731	95	83	4	0	29	0	12	84	5	9	5	21	1	0	0	0	0	0	5	0	2	0	0	2	19	1	0	57	4	17	0	41	60	0	10	3	0	5	62977	20787	2237	38983	26030	25351	1215	952	89	5389	1311	18006	1146	481	3707	214	156	246	90	0	200000	5542	20689	10832	156	589	57	273	147	140	34575	603	2174	22	383	1127	486676	2	2	1	3	2	8	1	1	1	4	2	0	0	5	2	5	1	2	6	1	0	0	0	0	2	1	2	1	1	2	4	3	1	1	0	1	68	1192	232	898	6	13	451	102	576	24	269	6	4	8	1	0	37	3	1	2	15	38	53	0	2	13	1	1	12	38	6	22	1	3	1	1	3	14	0	13	0	4	0	4	164	0	0	3	0	192	13	0	1	10	0	0	5	0	0	0	2	9	0	3	0	148	0	9	0	0	0	13	45	3	0	0	0	0	0	26	1	0	3	3	0	0	1	0	0	0	4	15	4	17	30	2	14	0	32	3	8	0	0	1025	1	8	10	885	21	0	37	0	1	198	0	1	3	1	629	11	16	9	1290	0	1	1	0	0	12	1	36	36	1	208	0	9611	18	23	8	3	1	23	26	3	2	8	31	18	3	5	1	15	3	0	6	11	35	1	1	1	0	2	1	11	1	2	18	0	1	48	1	48	5	1	11	41	3	0	1	23
2	0	0	0	1	0	0	0	0	0	0	0	0	0	0	0	0	0	0	0	1	0	0	0	0	0	0	0	0	0	0	0	0	0	0	0	0	4	27	9	10	8	8	9	8	8	8	8	8	8	8	8	8	8	9	8	8	8	8	8	8	8	8	8	8	8	9	8	8	8	8	8	8	8	8	321	36	5	5	5	4	4	6	4	4	4	4	5	4	4	5	4	4	4	4	4	4	4	4	4	4	4	4	4	5	5	4	4	4	4	4	4	5	190	0	0	0	0	0	0	0	0	0	0	0	0	0	0	0	0	0	0	0	0	0	0	0	0	0	0	0	0	0	0	0	0	0	0	0	0	0	0	0	0	0	0	0	0	0	0	0	0	0	0	0	0	0	0	0	0	0	0	0	0	0	0	0	0	0	0	0	1	0	0	0	0	0	0	0	1	33	7	8	6	6	7	6	6	6	6	6	6	6	6	6	6	7	7	6	6	6	6	6	6	6	6	6	6	6	6	6	6	6	6	6	6	8	257	0	0	0	0	0	0	0	0	0	0	0	0	0	0	0	0	0	0	0	0	0	0	0	0	0	0	0	0	0	0	0	0	0	0	0	0	0	0	7	6	6	6	6	6	6	6	6	6	6	6	6	6	6	6	6	6	6	6	6	6	6	6	6	6	6	6	6	6	6	6	6	6	6	6	6	223	9	8	8	8	8	8	8	10	8	8	8	8	8	8	8	8	8	8	8	8	8	8	8	8	8	8	8	8	8	8	8	8	8	8	8	8	9	300	3	3	3	3	3	3	3	3	3	3	3	3	3	3	3	3	3	3	3	3	3	3	3	3	3	3	3	3	3	3	3	3	3	3	3	3	3	111	0	0	0	0	0	0	0	0	0	0	0	0	0	0	0	0	0	0	0	0	0	0	0	0	0	0	0	0	0	0	0	0	0	0	0	0	0	0	0	0	0	0	0	0	0	0	0	0	0	0	0	0	0	0	0	0	0	0	0	0	0	0	0	0	0	0	0	0	0	0	0	0	0	0	0	0	71	30	29	29	29	28	30	28	29	28	28	29	28	29	29	28	28	28	28	28	28	28	28	28	28	28	28	28	30	29	28	28	28	29	28	28	30	1096	12	2	2	1	1	1	1	1	1	1	3	1	1	1	1	1	1	1	1	1	1	2	1	1	1	1	1	1	1	1	1	1	1	1	1	1	1	53	0	0	0	0	0	0	0	0	0	0	0	0	0	0	0	0	0	0	0	0	0	0	0	0	0	0	0	0	0	0	0	0	0	0	0	0	0	0	5	3	3	3	4	3	3	3	4	3	5	3	3	4	4	3	3	3	3	3	3	4	4	4	3	3	3	3	3	3	5	4	3	3	5	4	3	128	0	0	0	0	0	0	0	0	0	0	0	0	0	0	0	0	0	0	0	0	0	0	0	0	0	0	0	0	0	0	0	0	0	0	0	0	0	0	0	0	0	0	0	0	0	0	0	0	0	0	0	0	0	0	0	0	0	0	0	0	0	0	0	0	0	0	0	0	0	0	0	0	0	0	0	0	0	0	0	0	0	0	0	0	0	0	0	0	0	0	0	0	0	0	0	0	0	0	0	0	0	0	0	0	0	0	0	0	0	0	0	0	0	0	2	1	1	1	2	1	1	1	1	1	1	1	1	2	1	1	1	1	1	1	1	1	1	1	1	1	1	1	1	1	1	1	1	1	1	1	1	40	0	0	0	0	0	0	0	0	0	0	0	0	0	0	0	0	0	0	0	0	0	0	0	0	0	0	0	0	0	0	0	0	0	0	0	0	0	0	0	0	0	0	0	0	0	0	0	0	0	0	0	0	0	0	0	0	0	0	0	0	0	0	0	0	0	0	0	0	0	0	0	0	0	0	0	0	0	0	0	0	0	0	0	0	0	0	0	0	0	0	0	0	0	0	0	0	0	0	0	0	0	0	0	0	0	0	0	0	0	0	0	0	0	0	0	0	0	0	0	0	0	0	0	0	0	0	0	0	0	0	0	0	0	0	0	0	0	0	0	0	0	0	0	0	0	0	0	0	0	0	0	0	5	2	1	0	0	0	0	0	0	0	0	0	0	0	1	0	0	0	0	1	0	1	0	0	0	0	0	0	0	1	0	0	0	0	0	0	1	13	14	8	8	8	8	8	8	8	8	8	8	8	8	8	9	8	8	8	8	8	8	8	8	8	8	8	8	8	8	8	8	8	9	8	8	8	9	305	189	76	36	74	23	0	0	23	17207	8	13	8	703	77	43	8	1	14	1	10	65	0	14	6	27	0	0	0	0	0	0	0	0	0	0	0	0	5	1	0	31	0	14	1	5	54	4	11	1	0	4	17001	5338	1462	222	1328	4926	927	922	133	5140	392	2574	197	5101	1690	177	264	5327	38	0	19384	1534	1103	5381	29	79	20	52	27	5854	26	154	4622	139	702	369	92634	1	0	1	0	0	1	0	0	2	0	3	0	0	0	0	1	0	0	4	2	0	0	0	0	0	0	0	0	0	0	0	0	0	0	0	0	15	771	160	883	3	30	452	93	522	0	352	20	26	12	2	0	44	1	0	0	12	33	57	0	4	16	1	0	25	10	3	58	1	6	0	4	0	31	0	18	0	0	0	20	78	0	0	16	1	180	0	0	0	15	0	2	11	0	10	0	2	10	0	0	0	138	0	1	0	2	0	19	16	9	0	1	0	0	0	26	0	0	4	0	0	0	0	0	0	1	2	0	5	11	19	1	16	0	18	14	11	0	0	1093	7	6	12	662	23	0	49	0	3	211	0	1	0	3	609	6	30	2	1455	0	1	0	1	0	15	1	50	45	1	260	0	9306	24	24	8	4	1	26	22	3	2	8	29	16	3	5	1	14	3	0	6	11	35	1	1	1	0	2	1	11	1	2	25	0	1	49	1	48	6	1	30	32	2	0	1	25
3	2	1	1	1	1	1	2	1	1	1	1	1	1	1	1	1	1	1	1	1	1	1	1	1	1	1	1	1	1	1	1	1	1	1	1	1	41	23	11	11	11	11	12	11	11	11	11	11	11	11	11	11	11	11	11	11	11	11	11	11	11	11	12	11	11	11	11	11	11	11	11	11	11	12	422	20	6	4	4	4	4	6	4	5	4	4	5	4	4	4	4	4	4	4	4	4	4	4	4	4	4	4	4	5	4	4	4	4	4	4	4	5	172	1	1	0	0	0	0	0	0	0	0	0	0	0	0	0	0	0	0	0	0	0	1	0	0	0	0	0	0	0	0	0	0	0	0	0	0	0	3	0	0	0	0	0	0	0	0	0	0	0	0	0	0	0	0	0	0	0	0	0	0	0	0	0	0	0	0	0	0	0	0	0	0	0	0	0	0	23	9	9	9	8	9	8	8	8	8	8	8	8	8	8	8	9	8	8	8	8	8	8	8	8	9	8	8	8	8	8	8	8	8	8	8	9	318	0	0	0	0	0	0	0	0	0	0	0	0	0	0	0	0	0	0	0	0	0	0	0	0	0	0	0	0	0	0	0	0	0	0	0	0	0	0	6	6	6	6	6	6	6	6	6	6	6	6	6	6	6	6	6	7	6	6	6	6	7	7	6	6	6	6	6	6	6	7	6	6	7	7	6	228	7	7	7	8	7	7	7	7	7	7	7	7	8	7	7	7	7	7	7	7	7	7	7	7	7	7	7	7	7	7	7	7	7	7	7	7	7	261	1	1	1	1	1	1	1	1	1	1	1	1	2	1	1	1	1	1	1	1	1	1	1	1	1	1	1	1	1	1	1	1	1	1	1	1	1	38	0	0	0	0	0	0	0	0	0	0	0	0	0	0	0	0	0	0	0	0	0	0	0	0	0	0	0	0	0	0	0	0	0	0	0	0	0	0	0	0	0	0	0	0	0	0	0	0	0	0	0	0	0	0	0	0	0	0	0	0	0	0	0	0	0	0	0	0	0	0	0	0	0	0	0	0	77	44	40	42	40	41	43	42	41	40	40	41	40	40	41	40	40	42	40	40	40	40	41	41	40	40	40	40	41	43	40	41	40	41	41	41	41	1545	11	1	2	1	1	2	1	1	2	1	1	1	1	1	3	1	1	1	1	1	2	2	1	1	1	1	1	1	2	1	2	1	1	1	1	1	1	56	0	0	0	0	0	0	0	0	0	0	0	0	0	0	0	0	0	0	0	0	0	0	0	0	0	0	0	0	0	0	0	0	0	0	0	0	0	0	7	6	5	5	6	5	6	6	5	6	5	5	6	6	6	5	6	6	6	5	5	5	6	6	6	6	6	6	7	6	5	6	5	6	7	6	6	213	0	0	0	0	0	0	0	0	0	0	0	0	0	0	0	0	0	0	0	0	0	0	0	0	0	0	0	0	0	0	0	0	0	0	0	0	0	0	0	0	0	0	0	0	0	0	0	0	0	0	0	0	0	0	0	0	0	0	0	0	0	0	0	0	0	0	0	0	0	0	0	0	0	0	0	0	0	0	0	0	0	0	0	0	0	0	0	0	0	0	0	0	0	0	0	0	0	0	0	0	0	0	0	0	0	0	0	0	0	0	0	0	0	0	4	3	3	3	3	3	3	3	3	3	3	3	3	3	3	3	3	3	3	3	3	3	3	3	3	3	3	3	3	3	3	3	3	3	3	3	3	112	3	3	3	3	3	3	3	3	3	3	3	3	3	3	3	3	3	3	3	3	3	3	3	3	3	3	3	3	3	3	3	3	3	3	3	3	3	111	0	0	0	0	0	0	0	0	0	0	0	0	0	0	0	0	0	0	0	0	0	0	0	0	0	0	0	0	0	0	0	0	0	0	0	0	0	0	1	1	1	1	1	1	1	1	1	1	1	1	1	1	1	1	1	1	1	1	1	1	1	1	1	1	1	1	1	1	1	1	1	1	1	1	1	37	0	0	0	0	0	0	0	0	0	0	0	0	0	0	0	0	0	0	0	0	0	0	0	0	0	0	0	0	0	0	0	0	0	0	0	0	0	0	9	3	0	0	1	1	1	2	0	1	0	0	0	0	2	0	1	1	1	0	1	0	0	0	1	1	1	1	1	1	1	0	0	1	0	0	0	32	7	3	2	2	2	2	2	2	2	2	2	2	2	2	2	2	2	2	2	2	2	2	4	2	2	2	2	2	2	2	2	2	2	2	2	3	2	83	216	135	32	26	19	0	0	53	30497	16	15	11	922	81	85	15	0	15	0	22	37	14	34	15	43	0	0	0	0	0	0	0	0	0	0	0	0	18	4	5	55	10	13	0	13	82	0	0	0	0	6	5154	9655	980	186	875	3886	909	349	90	6531	426	1163	217	146	1045	1140	154	563	31	0	7768	1672	9597	3204	52	113	340	37	62	3947	63	139	4628	27	372	193	65714	0	1	0	0	1	1	0	0	0	0	1	0	0	1	1	0	0	0	5	2	0	3	0	0	0	1	0	0	0	0	0	0	0	0	0	0	17	868	176	874	2	12	526	141	597	6	382	21	25	44	1	0	23	2	1	0	18	65	62	0	2	5	1	0	48	16	3	10	5	15	11	7	0	31	0	14	4	7	0	11	143	5	4	4	0	204	4	0	1	8	0	13	10	0	8	0	0	6	0	1	0	206	0	4	0	0	0	12	48	4	0	0	4	0	0	11	2	0	7	5	0	0	0	0	0	1	0	25	0	6	29	3	14	0	57	14	9	0	0	1392	4	21	6	724	22	0	40	0	1	282	0	0	2	3	602	19	6	4	698	1	0	2	0	0	6	1	39	60	1	231	0	9257	26	24	7	3	2	25	23	2	2	8	35	11	3	5	1	13	3	0	5	11	44	1	1	1	0	2	1	11	1	2	22	0	1	61	1	49	7	1	51	20	3	0	1	21
3	1	1	1	1	1	1	1	1	1	1	1	1	1	1	1	1	1	1	1	1	1	1	1	1	1	1	1	1	1	1	1	1	1	1	1	1	39	22	12	12	13	12	12	12	13	13	13	12	12	12	12	12	12	12	12	12	12	12	12	12	12	12	12	12	12	12	12	12	12	12	12	12	12	13	459	14	3	8	3	3	3	3	3	3	3	3	3	3	3	3	3	3	3	3	3	3	3	3	3	3	3	3	3	3	3	3	3	3	4	3	3	3	128	4	3	4	3	3	3	3	3	3	3	3	3	3	3	3	3	3	3	3	3	3	4	3	3	3	3	3	3	3	3	3	3	3	3	3	3	3	114	2	1	2	1	1	1	1	1	1	1	1	1	1	1	1	1	1	1	1	1	1	1	1	1	1	1	1	1	1	2	1	1	1	2	1	1	1	41	31	14	14	15	14	14	14	15	15	14	15	14	14	14	14	14	14	14	14	14	14	14	14	14	14	14	14	14	14	15	14	14	14	14	14	14	14	540	1	1	1	1	1	1	1	1	1	1	1	1	1	1	1	1	1	1	1	1	1	1	1	1	1	1	1	1	1	1	1	1	1	1	1	1	1	37	4	4	4	4	4	4	4	4	6	4	4	4	4	4	4	4	4	6	4	6	4	4	4	4	4	4	4	4	4	4	4	4	4	6	4	4	5	157	7	5	5	5	5	5	5	6	5	6	5	5	5	5	5	5	6	5	5	5	5	5	5	5	5	5	5	5	5	5	5	5	5	5	5	5	7	192	2	2	2	2	2	2	2	2	2	3	2	2	2	2	2	2	2	2	2	2	2	2	2	2	2	2	2	2	2	2	2	2	2	2	2	2	2	75	0	0	0	0	0	0	0	0	0	0	0	0	0	0	0	0	0	0	0	0	0	0	0	0	0	0	0	0	0	0	0	0	0	0	0	0	0	0	0	0	0	0	0	0	0	0	0	0	0	0	0	0	0	0	0	0	0	0	0	0	0	0	0	0	0	0	0	0	0	0	0	0	0	0	0	0	58	43	44	38	40	38	40	40	40	39	39	38	38	38	38	38	40	43	40	40	38	38	38	39	40	40	40	40	41	41	38	38	38	43	38	38	40	1480	11	5	4	3	3	3	3	4	3	3	3	4	3	4	3	3	4	3	3	3	3	3	3	3	3	3	3	3	3	4	3	3	3	4	3	3	4	129	1	1	1	1	1	1	1	1	1	1	1	1	1	1	1	1	1	1	1	1	1	1	1	1	1	1	1	1	1	1	1	1	1	1	1	1	1	37	6	4	4	5	4	4	4	4	4	8	5	4	4	5	4	4	4	4	4	4	4	4	4	4	4	4	4	4	4	4	4	4	4	4	4	4	4	157	0	0	0	0	0	0	0	0	0	0	0	0	0	0	0	0	0	0	0	0	0	0	0	0	0	0	0	0	0	0	0	0	0	0	0	0	0	0	2	2	2	2	2	2	2	2	2	2	2	2	2	2	2	2	2	2	2	2	2	2	2	2	2	2	2	2	2	2	2	2	2	2	2	2	2	74	3	3	3	3	3	3	3	3	3	3	3	3	3	3	3	3	3	3	3	3	3	3	3	3	3	3	3	3	3	3	3	3	3	3	3	3	3	111	3	3	3	3	3	3	3	3	3	3	3	3	3	3	3	3	3	3	3	3	3	3	3	3	3	3	3	3	3	3	3	3	3	3	3	3	3	111	4	5	4	4	5	4	5	5	4	4	4	4	4	4	4	4	5	5	5	4	4	4	4	4	5	5	5	5	5	5	4	4	4	5	4	4	4	162	0	0	0	0	0	0	0	0	0	0	0	0	0	0	0	0	0	0	0	0	0	0	0	0	0	0	0	0	0	0	0	0	0	0	0	0	0	0	0	0	0	0	0	0	0	0	0	0	0	0	0	0	0	0	0	0	0	0	0	0	0	0	0	0	0	0	0	0	0	0	0	0	0	0	0	0	0	0	0	0	0	0	0	0	0	0	0	0	0	0	0	0	0	0	0	0	0	0	0	1	0	0	0	0	0	0	0	0	0	0	0	0	0	1	8	0	0	0	0	0	0	1	0	1	0	1	0	1	0	0	1	0	0	0	1	1	0	0	0	0	0	0	0	1	0	0	0	0	0	0	1	17	22	16	14	16	14	14	14	14	14	14	14	14	14	14	14	14	14	14	14	14	14	15	14	14	14	14	14	14	14	14	14	14	14	14	14	14	14	531	217	91	34	61	14	0	3	30	21267	3	16	3	798	114	123	13	0	11	0	11	64	22	3	17	34	7	0	0	0	0	0	0	0	0	0	0	0	15	6	0	68	12	40	0	11	60	0	0	9	0	2	6923	6953	743	224	735	2324	567	1950	236	7283	656	2368	1001	568	1404	293	77	584	289	0	3748	798	2577	1290	73	644	39	267	42	475	13	205	1069	106	209	194	46927	0	2	2	3	1	0	1	2	3	1	1	0	0	1	0	1	4	2	6	0	0	10	0	0	3	1	1	4	3	3	0	3	1	3	0	0	62	722	184	848	0	9	431	100	499	4	265	14	4	17	1	0	14	0	2	2	11	45	38	0	0	12	3	0	35	26	3	16	0	9	1	6	0	15	0	11	0	1	0	2	158	0	0	8	0	301	0	0	0	11	5	4	9	0	1	0	1	0	2	0	0	177	0	3	0	0	4	10	41	14	0	0	10	0	0	15	4	0	2	2	0	4	0	0	1	7	0	11	12	4	25	0	5	3	16	9	2	0	0	1067	8	41	6	737	14	0	57	0	5	442	0	5	2	1	621	4	17	3	617	2	0	0	0	0	13	1	41	57	1	164	0	9048	18	29	10	4	2	25	32	3	2	8	39	13	4	7	1	12	3	0	6	14	35	1	1	1	0	3	1	14	1	2	24	0	1	95	1	64	7	1	25	13	3	0	1	22
4	1	1	1	1	1	1	1	1	1	1	1	1	1	1	1	1	1	1	1	1	1	1	1	1	1	1	1	1	1	1	1	1	1	1	1	2	41	12	10	9	10	9	9	9	9	9	9	9	9	9	9	9	9	9	9	9	9	9	9	9	9	9	9	9	9	9	10	9	9	9	9	9	10	10	341	20	6	5	5	4	4	5	6	4	4	4	4	4	4	4	5	4	4	4	4	4	4	4	4	4	4	5	4	4	5	4	4	4	4	4	4	5	175	4	1	1	1	1	1	2	1	1	1	1	1	1	1	2	1	1	1	1	1	1	1	1	1	1	1	1	1	1	1	1	1	1	1	1	1	1	42	0	0	0	0	0	0	0	0	0	0	0	0	0	0	0	0	0	0	0	0	0	0	0	0	0	0	0	0	0	1	0	0	0	0	0	0	0	1	22	12	11	12	11	11	11	12	11	11	12	11	11	11	11	11	11	11	11	11	11	11	11	11	11	11	11	11	11	12	11	11	11	11	11	12	15	428	0	0	0	0	0	0	0	0	0	0	0	0	0	0	0	0	0	0	0	0	0	1	0	0	0	0	0	0	0	0	0	0	0	0	0	0	0	1	6	4	4	4	4	4	4	4	4	4	4	4	4	4	4	4	4	4	4	4	4	4	4	4	4	4	4	4	4	4	4	4	4	4	4	4	4	150	8	3	3	3	3	3	3	3	3	3	3	3	3	3	3	3	3	3	3	3	3	3	3	3	3	3	3	3	3	3	3	3	3	3	3	3	4	117	0	0	0	0	0	0	0	0	0	0	0	0	0	0	0	0	0	0	0	0	0	0	0	0	0	0	0	0	0	0	0	0	0	0	0	0	0	0	0	0	0	0	0	0	0	0	0	0	0	0	0	0	0	0	0	0	0	0	0	0	0	0	0	0	0	0	0	0	0	0	0	0	0	0	0	0	0	0	0	0	0	0	0	0	0	0	0	0	0	0	0	0	0	0	0	0	0	0	0	0	0	0	0	0	0	0	0	0	0	0	0	0	0	0	52	35	30	31	30	29	32	32	30	30	30	29	29	30	30	33	30	30	30	29	29	30	29	29	30	30	31	30	31	31	29	29	29	32	29	29	31	1139	16	4	2	2	2	3	2	2	2	2	4	3	2	4	5	2	2	3	2	2	2	2	2	2	2	2	2	2	2	3	2	2	2	2	2	2	5	104	0	0	0	0	0	0	0	0	0	0	0	0	0	0	0	0	0	0	0	0	0	0	0	0	0	0	0	0	0	0	0	0	0	0	0	0	0	0	10	9	6	6	6	6	6	8	6	6	8	6	6	7	6	8	6	6	6	6	6	6	7	6	6	6	6	6	6	8	6	6	6	6	6	6	7	240	0	0	0	0	0	0	0	0	0	0	0	0	0	0	0	0	0	0	0	0	0	0	0	0	0	0	0	0	0	0	0	0	0	0	0	0	0	0	0	0	0	0	0	0	0	0	0	0	0	0	0	0	0	0	0	0	0	0	0	0	0	0	0	0	0	0	0	0	0	0	0	0	0	0	0	0	0	0	0	0	0	0	0	0	0	0	0	0	0	0	0	0	0	0	0	0	0	0	0	0	0	0	0	0	0	0	0	0	0	0	0	0	0	0	2	2	2	2	2	2	2	2	2	2	2	2	2	2	2	2	2	2	2	2	2	2	2	2	2	2	2	2	2	2	2	2	2	2	2	2	3	75	3	3	3	3	3	3	3	3	3	3	3	3	3	3	3	3	3	3	3	3	3	3	3	3	3	3	3	3	3	3	3	3	3	3	3	3	3	111	0	0	0	0	0	0	0	0	0	0	0	0	0	0	0	0	0	0	0	0	0	0	0	0	0	0	0	0	0	0	0	0	0	0	0	0	0	0	1	0	0	0	0	0	0	0	0	0	0	0	0	0	0	0	0	0	0	0	0	0	0	0	0	0	0	0	0	0	0	0	0	0	0	0	0	1	0	0	0	0	0	0	0	0	0	0	0	0	0	0	0	0	0	0	0	0	0	0	0	0	0	0	0	0	0	0	0	0	0	0	0	0	0	0	13	4	3	3	2	5	2	2	2	2	2	3	2	4	6	3	2	3	2	2	3	2	2	2	2	2	2	2	2	2	2	2	2	2	2	2	4	104	11	7	6	6	6	6	6	6	6	6	6	6	6	6	6	6	6	6	6	6	6	6	6	6	6	6	6	7	6	6	6	6	6	6	6	6	6	229	166	75	69	62	17	0	0	17	24411	10	25	5	754	89	55	11	0	17	0	33	41	9	8	1	43	1	0	0	0	0	0	1	0	0	0	0	1	6	1	0	89	7	10	0	18	65	0	0	0	0	2	11029	7568	1321	465	594	4118	1237	1233	315	15750	1019	3711	653	476	6479	3805	585	509	66	0	10414	1863	12288	2603	62	326	43	185	58	366	73	521	1442	40	462	421	92100	1	2	1	0	2	2	3	2	1	1	4	0	0	2	1	0	3	1	7	1	0	3	5	0	3	1	2	4	2	1	6	4	5	1	0	3	74	776	257	743	3	7	416	125	500	9	246	13	10	18	0	0	33	2	1	0	44	29	38	0	0	16	0	1	28	43	0	14	0	7	9	25	0	14	0	9	0	0	0	22	167	0	0	3	0	170	10	0	0	6	0	11	7	0	12	3	3	3	0	0	1	172	0	1	0	9	0	18	25	1	0	0	0	0	0	14	5	0	4	2	0	1	0	0	0	1	0	40	0	1	43	9	17	0	32	31	8	0	0	1173	3	4	10	611	61	0	53	0	2	313	0	4	6	2	729	15	6	5	659	0	0	1	0	0	9	0	69	79	2	177	0	9180	17	26	8	4	1	24	25	2	2	8	33	12	3	7	1	12	3	0	7	13	27	1	1	1	0	2	1	12	1	2	25	0	1	100	1	65	7	1	18	14	2	0	1	21
5	3	3	3	3	3	3	3	3	3	3	3	3	3	4	3	3	3	3	3	3	4	3	3	3	3	3	3	3	3	3	3	3	3	3	3	5	117	14	8	6	6	6	6	6	7	7	6	6	6	6	6	6	6	6	6	6	6	6	6	6	6	6	6	6	6	6	6	6	6	6	6	6	6	6	234	34	17	17	16	14	14	14	14	15	14	15	14	14	15	15	14	14	14	14	14	14	15	14	14	14	14	14	14	14	16	14	14	14	14	14	14	14	553	1	0	0	0	0	0	0	0	0	0	0	0	0	0	0	0	0	0	0	0	0	0	0	0	0	0	0	0	0	0	0	0	0	0	0	0	0	1	1	1	1	1	1	1	1	1	1	1	1	1	1	1	1	1	1	1	1	1	1	1	1	1	1	1	1	1	1	1	1	1	1	1	1	1	1	37	24	13	9	10	9	9	9	9	10	9	9	9	9	9	10	9	9	9	9	9	9	9	9	9	9	9	9	9	9	9	9	9	9	9	9	9	9	355	1	0	0	0	0	0	0	0	0	0	0	0	0	0	0	0	0	0	0	0	0	0	0	0	0	0	0	0	0	0	0	0	0	0	0	0	0	1	5	3	3	3	3	3	3	3	3	3	3	3	3	3	3	3	3	3	3	3	3	3	3	3	3	3	3	3	3	3	3	3	3	3	3	3	3	113	4	3	3	3	3	3	3	3	3	3	3	3	3	3	3	3	3	3	3	3	3	3	3	3	3	3	3	3	3	3	3	3	3	3	3	3	3	112	0	0	0	0	0	0	0	0	0	0	0	0	0	0	0	0	0	0	0	0	0	0	0	0	0	0	0	0	0	0	0	0	0	0	0	0	0	0	0	0	0	0	0	0	0	0	0	0	0	0	0	0	0	0	0	0	0	0	0	0	0	0	0	0	0	0	0	0	0	0	0	0	0	0	0	0	0	0	0	0	0	0	0	0	0	0	0	0	0	0	0	0	0	0	0	0	0	0	0	0	0	0	0	0	0	0	0	0	0	0	0	0	0	0	61	38	38	37	35	37	35	35	37	35	36	35	35	36	39	35	35	35	35	35	36	36	35	35	35	35	36	35	35	38	35	35	35	36	35	35	37	1348	19	5	6	5	5	5	5	6	7	5	5	5	5	6	8	5	5	5	5	6	5	6	5	5	5	5	6	5	5	5	5	5	5	5	5	5	5	210	0	0	0	0	0	0	0	0	0	0	0	0	0	0	0	0	0	0	0	0	0	0	0	0	0	0	0	0	0	0	0	0	0	0	0	0	0	0	8	6	6	7	7	7	6	7	6	6	6	6	6	6	7	6	6	6	6	6	6	6	6	6	6	6	6	6	6	7	6	6	6	6	6	6	8	232	0	0	0	0	0	0	0	0	0	0	0	0	0	0	0	0	0	0	0	0	0	0	0	0	0	0	0	0	0	0	0	0	0	0	0	0	0	0	2	2	2	2	2	2	2	2	2	2	2	2	2	2	2	2	2	2	2	2	2	2	2	2	2	2	2	2	2	2	2	2	2	2	2	2	2	74	0	0	0	0	0	0	0	0	0	0	0	0	0	0	0	0	0	0	0	0	0	0	0	0	0	0	0	0	0	0	0	0	0	0	0	0	0	0	3	3	3	3	3	3	3	3	3	3	3	3	3	3	3	3	3	3	3	3	3	3	3	3	3	3	3	3	3	3	3	3	3	3	3	3	3	111	3	3	3	3	3	3	3	3	3	3	3	3	3	3	3	3	3	3	3	3	3	3	3	3	3	3	3	3	3	3	3	3	3	3	3	3	3	111	1	1	1	1	1	1	1	1	1	1	1	1	1	1	1	1	1	1	1	1	1	1	1	1	1	1	1	1	1	1	1	1	1	1	1	1	1	37	0	0	0	0	0	0	0	0	0	0	0	0	0	0	0	0	0	0	0	0	0	0	0	0	0	0	0	0	0	0	0	0	0	0	0	0	0	0	1	1	1	1	1	1	1	1	1	1	1	1	1	1	2	1	1	1	1	1	1	1	1	1	1	1	1	1	1	1	1	1	1	1	1	1	2	39	5	3	3	3	2	3	3	3	3	2	2	2	2	3	6	2	2	2	2	3	3	3	2	2	2	2	2	2	2	2	2	2	2	2	2	2	4	94	13	5	5	5	5	5	5	5	5	5	5	5	5	5	5	5	5	5	5	5	5	5	5	5	5	5	5	5	6	5	5	5	5	5	5	5	5	194	457	187	126	99	70	0	0	38	36702	21	25	7	1155	178	58	13	0	29	0	10	139	9	2	2	61	0	0	0	0	0	0	2	0	0	0	0	0	40	2	12	108	8	24	0	38	105	0	4	0	0	6	36269	9558	635	1686	1994	9024	3346	1131	98	35053	759	3378	796	763	16222	1669	71	827	81	0	2520	2010	2102	3066	48	333	43	26	52	445	18	1994	3200	62	248	420	139947	0	0	0	0	2	1	1	1	1	1	0	0	0	1	0	1	1	0	7	0	0	0	0	0	2	1	2	1	1	1	1	1	0	2	0	0	29	1633	449	1145	6	13	737	245	843	30	564	50	31	12	3	5	23	0	2	2	19	68	65	1	0	7	0	8	31	24	10	22	1	7	2	7	0	32	0	20	0	7	0	16	310	0	0	4	0	221	3	0	0	18	3	14	14	1	5	0	1	6	4	0	2	297	0	1	0	0	0	35	39	10	0	0	1	0	0	34	10	0	0	12	2	7	3	2	1	4	2	26	4	6	73	0	7	2	57	58	10	0	0	824	3	15	14	555	31	0	48	1	0	325	0	2	0	2	650	11	6	5	621	2	1	2	2	0	6	0	28	111	0	180	0	8325	28	26	9	4	5	22	22	2	2	9	32	12	3	7	1	12	4	0	6	12	26	1	1	1	0	2	1	11	1	2	22	0	1	74	1	64	7	1	17	15	2	0	1	22
2	0	0	0	0	0	0	0	0	0	0	0	0	0	0	0	0	0	0	0	0	0	0	0	0	0	0	0	0	0	0	0	0	0	0	0	0	2	15	12	9	8	8	8	8	8	8	8	8	8	8	8	8	8	8	8	8	8	8	9	8	8	8	8	8	8	8	8	8	8	8	8	8	8	10	311	20	9	10	6	6	6	7	7	6	6	8	6	6	6	6	6	6	7	6	6	6	6	7	6	6	6	6	6	6	7	6	6	6	6	6	6	6	250	3	2	1	1	2	1	2	2	1	1	1	1	1	1	1	1	2	2	2	1	1	1	1	1	2	2	2	2	2	2	1	1	1	2	1	1	1	53	1	0	0	0	0	0	0	0	0	0	0	0	0	0	0	0	0	0	0	0	0	0	0	0	0	0	0	0	0	0	0	0	0	0	0	0	0	1	17	12	9	8	9	9	9	9	8	8	8	8	8	8	8	8	9	9	9	8	8	9	8	8	9	9	9	9	9	9	8	8	8	9	8	8	12	329	0	1	0	0	1	0	1	1	0	0	0	0	0	0	0	0	1	1	1	0	0	0	0	0	1	1	1	1	1	1	0	0	0	1	0	0	0	14	8	8	8	8	8	8	8	8	8	8	8	8	8	8	8	8	8	8	8	8	8	8	8	8	8	8	8	8	8	8	8	8	8	9	8	8	8	297	7	6	6	6	6	6	7	6	6	6	6	6	6	6	6	6	6	6	6	6	6	6	6	6	6	6	6	6	6	6	6	6	6	6	6	6	6	224	0	0	0	0	0	0	0	0	0	0	0	0	0	0	0	0	0	0	0	0	0	0	0	0	0	0	0	0	0	0	0	0	0	0	0	0	0	0	0	0	0	0	0	0	0	0	0	0	0	0	0	0	1	0	0	0	0	0	0	0	0	0	0	0	0	0	0	0	0	0	0	0	0	0	0	1	0	0	0	0	0	0	0	0	0	0	0	0	0	0	0	0	0	0	0	0	0	0	0	0	0	0	0	0	0	0	0	0	0	0	0	0	0	0	53	33	34	30	30	30	31	31	30	31	32	30	30	30	32	30	30	32	30	30	30	30	31	30	30	30	30	30	30	31	30	30	30	31	30	30	32	1154	16	6	4	4	4	3	5	4	3	3	3	3	3	3	4	3	4	4	4	4	3	3	4	3	4	4	4	4	4	5	3	3	3	4	3	3	3	147	0	0	0	0	0	0	0	0	0	0	0	0	0	0	0	0	0	0	0	0	0	0	0	0	0	0	0	0	0	0	0	0	0	0	0	0	0	0	5	3	3	3	3	4	3	3	3	5	3	3	4	3	4	3	3	4	3	3	4	3	3	3	3	3	3	3	3	3	3	3	3	3	4	3	4	122	0	0	0	0	0	0	0	0	0	0	0	0	0	0	0	0	0	0	0	0	0	0	0	0	0	0	0	0	0	0	0	0	0	0	0	0	0	0	0	0	0	0	0	0	0	0	0	0	0	0	0	0	0	0	0	0	0	0	0	0	0	0	0	0	0	0	0	0	0	0	0	0	0	0	0	0	1	1	1	1	1	1	1	1	1	1	1	1	1	1	1	1	1	1	1	1	1	1	1	1	1	1	1	1	1	1	1	1	1	1	1	1	1	37	1	1	1	1	1	1	1	1	1	2	1	1	1	1	1	1	1	1	1	1	1	1	1	1	1	1	1	1	1	1	1	1	1	1	1	1	2	39	5	5	5	5	5	5	5	5	5	5	5	5	5	5	5	5	5	5	5	5	5	5	5	5	5	5	5	5	5	5	5	5	5	5	5	5	6	186	1	1	1	1	1	1	1	1	1	1	1	1	1	1	1	1	1	1	1	1	1	1	1	1	1	1	1	1	1	1	1	1	1	1	1	1	1	37	1	1	1	1	1	1	1	1	1	1	1	1	1	1	1	1	1	1	1	1	1	1	1	1	1	1	1	1	1	1	1	1	1	1	1	1	1	37	0	0	0	0	0	0	0	0	0	0	0	0	0	0	0	0	0	1	0	0	0	0	0	0	0	0	0	0	0	0	0	0	0	0	0	0	0	1	12	8	4	5	3	3	3	3	4	3	3	3	3	3	5	3	3	4	3	4	3	6	3	3	3	3	3	3	3	6	3	4	4	3	3	3	4	142	12	7	6	5	6	5	7	7	5	5	5	5	5	5	6	5	7	7	6	5	5	5	5	5	6	6	6	7	6	7	5	5	6	7	5	5	5	217	278	146	55	88	40	2	0	51	29635	15	25	11	1089	134	147	12	1	26	0	19	86	4	4	6	58	0	0	0	0	0	0	2	0	1	0	0	0	18	5	2	125	15	58	0	11	118	0	23	0	0	6	14818	17499	1483	2385	2759	8715	4800	1236	353	20046	1362	4209	503	262	12529	1377	58	921	42	0	4537	3835	12199	1441	34	145	35	27	30	313	28	1171	2348	7	516	507	122530	2	1	1	0	0	0	1	0	0	0	2	0	0	0	0	0	0	0	4	0	0	0	2	0	0	0	0	0	0	0	1	3	2	0	0	2	21	1166	183	1045	2	15	763	204	681	9	486	58	28	12	0	0	9	1	0	5	32	74	61	0	3	30	4	1	25	21	12	20	3	8	8	26	0	21	0	16	0	7	0	15	279	0	0	5	0	213	8	0	7	9	9	8	14	0	2	0	3	2	0	1	0	182	1	0	0	0	0	9	53	8	0	0	4	0	0	13	14	0	9	3	1	0	6	0	2	4	2	37	6	0	40	3	22	0	58	32	12	0	0	721	8	5	10	590	17	0	74	1	0	242	0	3	4	0	631	22	4	2	749	1	0	1	2	0	13	0	36	94	1	157	0	8647	17	23	10	3	2	20	24	2	3	9	31	12	3	6	1	13	3	0	5	13	27	1	1	1	0	2	1	13	1	2	22	0	1	82	1	83	7	1	13	26	2	0	1	21
3	3	3	4	3	3	4	3	3	3	3	3	3	3	3	3	4	3	3	3	3	3	3	3	3	3	3	3	3	3	3	3	3	3	3	3	4	115	23	16	12	12	12	12	12	12	12	12	12	12	12	12	13	12	12	12	12	12	12	12	12	12	12	13	12	12	12	12	12	12	12	12	12	12	12	461	30	6	3	3	1	1	3	1	1	1	1	1	1	2	1	1	1	1	1	1	1	1	1	1	1	1	1	1	1	1	1	1	1	1	1	1	2	79	4	3	3	3	3	3	3	3	3	3	3	3	3	3	3	3	3	4	3	3	3	3	3	3	3	3	3	3	3	3	3	3	3	3	3	3	3	113	1	1	1	1	1	1	1	1	1	1	1	1	1	1	1	1	1	2	1	1	1	1	1	1	1	1	1	1	1	1	1	1	1	1	1	1	1	38	26	14	10	10	10	10	10	10	10	10	10	10	10	10	11	10	10	10	10	10	10	10	10	10	10	11	10	10	10	10	10	10	11	10	10	10	10	393	1	0	0	0	0	0	0	0	0	0	0	0	0	0	0	0	0	0	0	0	0	0	0	0	0	0	0	0	0	0	0	0	0	0	0	0	0	1	2	1	1	1	1	1	1	1	2	1	1	1	1	1	1	1	1	3	1	2	1	1	1	1	1	1	1	1	1	1	1	1	1	2	1	1	1	43	4	3	3	3	3	3	3	3	3	3	4	3	3	3	3	3	3	3	3	3	3	3	3	3	3	3	3	3	3	3	3	3	3	3	3	3	3	113	0	0	0	0	0	0	0	0	0	0	0	0	0	0	0	0	0	0	0	0	0	0	0	0	0	0	0	0	0	0	0	0	0	0	0	0	0	0	0	0	0	0	0	0	0	0	0	0	0	0	0	0	0	0	0	0	0	0	0	0	0	0	0	0	0	0	0	0	0	0	0	0	0	0	0	0	1	1	1	1	1	1	1	1	1	1	1	1	1	1	1	1	1	1	1	1	1	1	1	1	1	1	1	1	1	1	1	1	1	1	1	1	1	37	71	36	30	30	28	28	30	28	29	28	28	28	28	29	28	28	28	30	28	29	28	28	28	28	28	28	28	28	28	28	28	28	28	29	28	28	30	1101	16	7	4	3	3	3	5	3	3	3	5	3	3	3	4	3	3	3	3	3	3	3	3	3	3	3	3	3	3	3	3	3	3	3	3	3	4	135	0	0	0	0	0	0	0	0	0	0	0	0	0	0	0	0	0	0	0	0	0	0	0	0	0	0	0	0	0	0	0	0	0	0	0	0	0	0	11	7	6	6	6	6	6	6	6	6	6	6	6	7	6	8	6	6	6	6	6	7	6	6	6	6	6	6	6	6	6	6	6	6	6	6	7	233	0	0	0	0	0	0	0	0	0	0	0	0	0	0	0	0	0	0	0	0	0	0	0	0	0	0	0	0	0	0	0	0	0	0	0	0	0	0	2	2	2	2	2	2	2	2	2	2	2	2	2	2	2	2	2	2	2	2	2	2	2	2	2	2	2	2	2	2	2	2	2	2	2	2	2	74	0	0	0	0	0	0	0	0	0	0	0	0	0	0	0	0	0	0	0	0	0	0	0	0	0	0	0	0	0	0	0	0	0	0	0	0	0	0	1	1	1	1	1	1	1	1	1	1	1	1	1	1	1	1	1	1	1	1	1	1	1	1	1	1	1	1	1	1	1	1	1	1	1	1	1	37	3	3	3	3	3	3	3	3	3	3	3	3	3	3	3	3	3	3	3	3	3	3	3	3	3	3	3	3	3	3	3	3	3	3	3	3	3	111	1	1	1	1	1	1	1	1	1	1	1	1	1	1	1	1	1	1	1	1	1	1	1	1	1	1	1	1	1	1	1	1	1	1	1	1	1	37	2	2	2	2	2	2	2	2	2	2	2	2	2	2	2	2	2	2	2	2	2	2	2	2	2	2	2	2	2	2	2	2	2	2	2	2	2	74	0	0	0	0	0	0	0	0	0	0	0	0	0	0	0	0	0	0	0	0	0	0	0	0	0	0	0	0	0	0	0	0	0	0	0	0	0	0	10	4	0	1	0	0	0	1	0	1	1	2	0	0	0	0	0	0	0	0	0	0	0	0	0	0	0	0	0	0	0	0	0	0	0	0	0	20	21	9	10	9	9	9	9	9	9	9	9	9	9	9	10	9	9	9	9	9	9	9	9	9	9	9	9	9	9	9	9	9	9	9	9	9	10	348	256	143	49	83	13	0	0	53	30714	7	11	6	838	100	97	5	3	16	8	2	123	1	4	5	53	0	0	0	0	0	0	1	0	0	0	0	0	34	0	5	112	2	33	0	32	85	0	0	0	0	2	6184	8831	4092	579	2310	7112	1724	1372	760	17269	2393	2402	478	128	4120	2222	84	528	479	0	2659	4453	1758	3095	73	1226	19	73	21	584	21	372	2522	6	3110	482	83541	0	2	1	0	1	0	1	0	0	0	1	0	0	2	1	0	0	1	5	0	0	0	4	0	0	1	1	0	1	1	2	3	4	1	0	3	36	911	241	1007	8	18	615	137	580	0	394	15	14	21	0	2	59	1	1	2	8	52	67	0	1	15	1	0	47	31	7	46	2	15	8	4	1	12	0	13	0	0	0	21	218	10	0	2	0	167	0	0	1	4	0	20	8	0	17	0	0	0	0	0	0	243	0	1	4	0	0	15	43	0	0	0	4	1	0	17	8	0	1	5	2	3	0	0	0	1	1	6	2	3	25	0	17	7	33	23	11	0	0	124	13	1	12	611	29	0	55	1	0	274	0	3	6	6	597	33	66	2	791	3	4	1	5	1	10	1	62	73	1	228	1	8036	16	23	8	3	1	20	22	2	3	8	29	12	2	6	1	13	3	0	4	11	25	1	1	1	0	2	1	11	1	2	20	0	1	76	1	65	8	1	13	30	2	0	1	20
2	1	0	0	0	0	0	1	0	0	0	0	0	0	0	0	0	0	1	0	0	0	0	0	0	0	0	0	0	0	0	0	0	0	0	0	0	5	15	8	8	8	7	7	7	7	7	7	7	7	7	7	7	7	7	7	7	7	7	7	7	7	7	7	7	7	7	7	7	7	7	7	7	7	8	271	50	7	6	4	5	6	7	5	4	4	5	5	4	5	4	4	5	5	4	4	4	5	4	4	4	5	4	4	4	6	4	4	4	4	4	4	4	215	2	2	2	2	2	2	2	2	2	2	2	2	2	2	2	2	2	2	2	2	2	2	2	2	2	2	2	2	2	2	2	2	2	2	2	2	2	74	0	0	0	0	0	0	0	0	0	0	0	0	0	0	0	0	0	0	0	0	0	0	0	0	0	0	0	0	0	0	0	0	0	0	0	0	0	0	22	8	8	8	7	7	7	7	7	8	7	7	7	7	8	7	7	7	7	7	7	7	7	7	7	7	7	7	7	7	7	7	7	7	7	7	8	280	0	0	0	0	0	0	0	0	0	0	0	0	0	0	0	0	0	0	0	0	0	0	0	0	0	0	0	0	0	0	0	0	0	0	0	0	0	0	1	1	1	1	1	1	1	1	1	1	1	1	1	1	1	1	1	1	1	1	1	1	1	1	1	1	1	1	1	1	1	1	1	1	1	1	1	37	4	2	2	2	2	2	2	3	2	2	2	2	2	2	2	2	2	2	2	2	2	2	2	2	2	2	2	2	2	2	2	2	2	2	2	2	2	77	0	0	0	0	0	0	0	0	0	0	0	0	0	0	0	0	0	0	0	0	0	0	0	0	0	0	0	0	0	0	0	0	0	0	0	0	0	0	0	0	0	0	0	0	0	0	0	0	0	0	0	0	0	0	0	0	0	0	0	0	0	0	0	0	0	0	0	0	0	0	0	0	0	0	0	0	0	0	0	0	0	0	0	0	0	0	0	0	0	0	0	0	0	0	0	0	0	0	0	0	0	0	0	0	0	0	0	0	0	0	0	0	0	0	76	24	22	19	21	21	24	21	19	20	21	20	19	20	20	19	22	21	20	19	20	20	19	19	20	21	20	20	21	23	19	20	19	20	19	19	20	807	19	1	2	2	1	1	1	1	1	1	2	1	1	2	2	1	1	1	1	1	1	1	1	1	1	1	1	1	1	1	1	1	1	1	1	1	1	60	1	0	0	0	0	0	0	0	0	0	0	0	0	0	0	0	0	0	0	0	0	0	0	0	0	0	0	0	0	0	0	0	0	0	0	0	0	1	8	8	6	6	8	8	7	7	6	7	6	6	6	6	7	6	7	8	7	6	7	6	6	6	7	7	7	8	7	7	6	7	6	7	6	6	6	248	0	0	0	0	0	0	0	0	0	0	0	0	0	0	0	0	0	0	0	0	0	0	0	0	0	0	0	0	0	0	0	0	0	0	0	0	0	0	0	0	0	0	0	0	0	0	0	0	0	0	0	0	0	0	0	0	0	0	0	0	0	0	0	0	0	0	0	0	0	0	0	0	0	0	0	0	1	1	1	1	1	1	1	1	1	1	1	1	1	1	1	1	1	1	1	1	1	1	1	1	1	1	1	1	1	1	1	1	1	1	1	1	1	37	1	1	1	1	1	2	1	1	1	1	1	1	1	1	1	1	1	1	1	1	1	1	1	1	1	1	1	1	1	1	1	1	1	1	1	1	1	38	0	0	0	0	0	0	0	0	0	0	0	0	0	0	0	0	0	0	0	0	0	0	0	0	0	0	0	0	0	0	0	0	0	0	0	0	0	0	0	0	0	0	0	0	0	0	0	0	0	0	0	0	0	0	0	0	0	0	0	0	0	0	0	0	0	0	0	0	0	0	0	0	0	0	0	0	0	0	0	0	0	0	0	0	0	0	0	0	0	0	0	0	0	0	0	0	0	0	0	0	0	0	0	0	0	0	0	0	0	0	0	0	1	1	1	0	0	0	0	0	0	0	0	0	0	0	0	0	0	0	0	0	0	0	0	0	0	0	0	0	0	0	0	0	0	1	0	0	0	0	0	2	18	2	1	2	2	1	1	1	1	1	1	2	1	1	2	1	1	1	1	1	1	1	2	1	1	1	1	1	1	1	1	1	1	1	1	1	1	60	8	5	5	5	5	5	5	5	5	6	5	5	5	5	5	5	5	5	5	5	5	5	5	5	5	5	5	5	5	5	5	5	5	5	5	5	6	190	303	193	63	36	40	0	0	61	36209	14	24	18	1191	123	114	14	2	23	4	41	54	11	12	1	86	1	0	0	0	0	0	2	0	0	0	0	0	38	8	8	55	11	28	0	14	102	6	3	4	0	1	23807	8283	1487	2560	514	7491	48960	938	52	20251	1621	4667	701	184	5435	2982	69	1015	382	0	4791	4946	2126	3045	33	188	14	69	63	178	346	408	6781	39	2876	3098	160400	1	0	1	0	0	0	0	0	1	0	2	0	0	1	0	0	0	0	4	1	0	5	1	0	0	0	0	0	0	0	1	0	0	0	0	0	18	1301	271	1093	7	14	720	159	751	27	360	64	40	4	3	0	35	0	0	1	35	41	28	0	0	12	2	4	10	25	11	22	0	18	9	20	0	27	0	26	1	8	0	26	169	7	0	13	0	273	14	0	0	6	3	14	35	0	6	0	0	7	4	0	0	299	0	0	0	0	1	16	29	5	1	0	3	0	0	26	12	2	0	11	0	4	1	1	3	0	1	20	12	4	49	0	12	0	56	29	1	0	0	182	5	2	12	630	14	0	57	0	0	260	0	1	3	2	544	24	3	6	901	0	3	0	0	0	12	0	37	69	0	139	0	7845	15	26	10	4	1	22	24	3	3	8	31	14	3	7	1	15	3	0	5	12	29	1	1	1	0	2	1	12	1	2	23	0	1	54	1	69	8	1	12	32	2	0	2	22
5	1	1	1	1	1	1	2	1	1	1	1	1	1	1	1	1	1	1	1	1	1	1	1	1	1	1	1	1	1	1	1	1	1	1	1	1	42	17	10	10	10	10	10	10	10	10	10	10	10	10	10	10	10	10	10	10	10	10	10	10	10	10	10	10	10	10	10	10	10	10	10	10	10	10	377	44	7	6	6	4	4	6	8	4	4	4	4	4	4	7	5	5	5	4	4	4	4	4	4	4	4	4	5	4	7	4	4	5	5	4	4	5	214	2	1	1	1	1	1	1	2	1	1	1	1	1	1	1	1	1	1	1	1	1	1	1	1	1	1	1	1	1	1	1	1	1	1	1	1	1	39	0	0	0	0	0	0	0	0	0	0	0	0	0	0	0	0	0	0	0	0	0	0	0	0	0	0	0	0	0	0	0	0	0	0	0	0	0	0	22	14	13	12	12	12	12	12	12	12	12	12	12	12	12	12	12	12	12	12	12	13	12	12	12	12	12	12	12	12	12	12	12	12	12	12	12	458	1	0	0	0	0	0	0	0	0	0	0	0	0	0	0	0	0	0	0	0	0	0	0	0	0	0	0	0	0	0	0	0	0	0	0	0	0	1	4	2	2	2	2	2	2	2	2	2	2	2	2	2	2	2	2	2	2	2	2	2	2	2	2	2	2	2	2	2	2	2	2	2	2	2	2	76	10	7	7	7	7	7	7	8	7	7	7	7	7	7	7	7	7	7	7	7	7	7	7	7	7	7	7	7	7	7	7	7	7	7	7	7	7	263	2	2	2	2	2	2	2	2	2	2	2	2	2	2	2	2	2	2	2	2	2	2	2	2	2	2	2	2	2	2	2	2	2	2	2	2	2	74	0	0	0	0	0	0	0	0	0	0	0	0	0	0	0	0	0	0	0	0	0	0	0	0	0	0	0	0	0	0	0	0	0	0	0	0	0	0	0	0	0	0	0	0	0	0	0	0	0	0	0	0	0	0	0	0	0	0	0	0	0	0	0	0	0	0	0	0	0	0	0	0	0	0	0	0	84	39	38	38	36	36	38	40	37	36	36	37	36	36	41	37	37	37	36	36	36	36	37	37	36	36	36	37	36	39	36	37	37	37	37	37	40	1418	15	3	3	2	2	2	3	6	2	2	2	2	2	2	2	3	3	3	2	2	2	2	2	2	3	2	2	3	2	3	2	2	4	3	2	3	3	105	3	0	0	0	0	0	0	0	0	0	0	0	0	0	0	0	0	0	0	0	0	0	0	0	0	0	0	0	0	0	0	0	0	0	0	0	0	3	12	6	6	6	6	7	6	6	6	6	7	6	6	7	7	7	6	6	6	6	6	6	7	7	6	6	6	6	6	6	6	7	6	6	7	7	7	239	1	1	1	1	1	1	1	1	1	1	1	1	1	1	1	1	1	1	1	1	1	1	1	1	1	1	1	1	1	1	1	1	1	1	1	1	1	37	0	0	0	0	0	0	0	0	0	0	0	0	0	0	0	0	0	0	0	0	0	0	0	0	0	0	0	0	0	0	0	0	0	0	0	0	0	0	0	0	0	0	0	0	0	0	0	0	0	0	0	0	0	0	0	0	0	0	0	0	0	0	0	0	0	0	0	0	0	0	0	0	0	0	0	0	3	1	1	1	1	1	1	1	1	1	1	1	1	1	1	1	1	1	1	1	1	1	1	1	1	1	1	1	1	1	1	1	1	1	1	1	1	39	6	6	6	6	6	6	6	6	6	6	6	6	6	6	6	6	6	6	6	6	6	6	6	6	6	6	6	6	6	6	6	6	6	6	6	6	7	223	1	1	1	1	1	1	1	1	1	1	1	1	1	1	1	1	1	1	1	1	1	1	1	1	1	1	1	1	1	1	1	1	1	1	1	1	1	37	0	0	0	0	0	0	0	0	0	0	0	0	0	0	0	0	0	0	0	0	0	0	1	1	0	0	0	0	0	0	0	1	0	0	1	1	0	5	0	0	0	0	0	0	0	0	0	0	0	0	0	0	1	0	0	0	0	0	0	0	0	0	0	0	0	0	0	0	0	0	0	0	0	0	0	1	21	2	2	1	1	1	2	3	1	1	2	1	1	1	4	2	2	2	2	1	3	1	1	1	2	1	1	2	2	2	1	1	3	2	1	2	2	81	10	4	3	3	3	3	3	3	3	3	3	3	3	3	3	3	3	3	3	3	3	3	3	3	3	3	3	3	3	3	3	3	3	3	3	3	3	119	525	218	69	143	33	1	0	38	58008	42	13	24	1644	200	227	10	2	36	1	47	201	5	9	1	96	4	0	0	0	0	0	12	0	0	0	0	0	23	0	9	166	5	122	0	31	149	0	1	7	0	10	5568	9712	1630	604	1164	6642	1879	901	129	11574	800	3509	616	202	2827	2480	48	441	173	0	2144	3242	3024	2734	58	135	21	93	36	389	20	288	18596	14	742	886	83321	1	0	1	0	1	0	0	1	1	3	0	0	0	4	1	3	0	1	5	0	0	9	0	0	1	1	1	0	0	0	1	2	1	1	0	0	39	1715	416	1597	4	42	991	307	966	21	688	48	36	30	1	2	44	2	2	2	49	54	68	0	4	15	3	2	83	45	14	48	0	12	7	18	0	19	0	18	6	11	0	21	254	5	0	5	0	389	7	0	1	21	1	15	40	0	10	2	0	13	0	1	1	264	0	1	0	0	4	22	49	13	1	0	20	0	0	40	13	0	5	2	4	5	1	1	0	9	0	27	16	4	38	1	39	0	58	28	10	0	0	261	13	9	8	704	34	0	47	0	0	250	0	1	1	0	487	30	22	5	895	0	1	0	1	1	6	0	37	81	0	243	0	8481	13	26	9	3	1	21	21	2	3	7	32	14	3	6	1	13	3	0	5	12	29	1	1	1	0	2	1	12	1	2	22	0	1	53	1	59	7	1	11	16	2	0	2	19
1	0	0	0	0	0	0	0	0	0	0	0	0	0	0	0	0	0	0	0	0	0	0	0	0	0	0	0	0	0	0	0	0	0	0	0	0	1	13	7	6	7	6	6	6	6	6	6	6	6	6	6	6	6	6	6	6	6	6	6	6	6	6	6	6	6	6	6	6	6	6	6	6	6	6	231	39	4	2	6	2	2	11	4	5	2	3	2	2	3	2	3	2	2	2	2	2	4	2	2	2	2	2	2	2	3	2	2	2	2	2	2	2	137	2	1	1	1	1	1	1	1	1	1	1	1	1	1	1	1	1	1	1	1	1	1	1	1	1	1	1	1	1	1	1	1	1	1	1	1	1	38	0	0	0	0	0	0	0	0	0	0	0	0	0	0	0	0	0	0	0	0	0	0	0	0	0	0	0	0	0	0	0	0	0	0	0	0	0	0	20	10	8	10	8	8	8	8	8	8	8	8	8	8	8	8	8	8	8	8	8	8	8	8	8	8	8	8	8	8	8	8	8	8	8	8	8	312	1	0	0	0	0	0	0	0	0	0	0	0	0	0	0	0	0	0	0	0	0	0	0	0	0	0	0	0	0	0	0	0	0	0	0	0	0	1	3	3	3	3	3	3	3	4	3	3	3	3	3	3	3	3	3	3	3	3	3	3	3	3	3	3	3	3	3	3	3	3	3	3	3	3	3	112	11	12	11	11	11	11	11	11	11	11	12	11	11	11	11	11	11	11	11	11	11	11	11	11	11	11	11	11	11	11	11	11	11	11	11	11	11	409	5	5	5	5	5	5	5	5	5	5	5	5	5	5	5	5	5	5	5	5	5	5	5	5	5	5	5	5	5	5	5	5	5	5	5	5	5	185	0	0	0	0	0	0	0	0	0	0	0	0	0	0	0	0	0	0	0	0	0	0	0	0	0	0	0	0	0	0	0	0	0	0	0	0	0	0	0	0	0	0	0	0	0	0	0	0	0	0	0	0	0	0	0	0	0	0	0	0	0	0	0	0	0	0	0	0	0	0	0	0	0	0	0	0	64	24	22	26	22	22	31	25	26	22	23	22	22	23	22	23	22	22	22	22	22	24	22	22	22	22	22	22	22	23	22	22	22	22	22	22	22	884	14	2	3	2	2	2	2	2	4	2	3	2	2	2	3	2	3	2	2	2	2	3	2	2	2	3	2	2	2	3	3	2	2	2	2	2	2	96	0	0	0	0	0	0	0	0	0	0	0	0	0	0	0	0	0	0	0	0	0	0	0	0	0	0	0	0	0	0	0	0	0	0	0	0	0	0	7	8	7	7	7	7	7	7	7	7	7	7	7	8	7	7	7	7	7	7	7	7	7	7	7	7	7	7	7	7	7	7	7	7	7	7	8	262	0	0	0	0	0	0	0	0	0	0	0	0	0	0	0	0	0	0	0	0	0	0	0	0	0	0	0	0	0	0	0	0	0	0	0	0	0	0	1	1	1	1	1	1	1	1	1	1	1	1	1	1	1	1	1	1	1	1	1	1	1	1	1	1	1	1	1	1	1	1	1	1	1	1	1	37	0	0	0	0	0	0	0	0	0	0	0	0	0	0	0	0	0	0	0	0	0	0	0	0	0	0	0	0	0	0	0	0	0	0	0	0	0	0	5	4	4	4	4	4	4	4	4	4	4	4	4	4	4	4	4	4	4	4	4	4	4	4	4	4	4	4	4	4	4	4	4	4	4	4	4	149	5	3	3	3	3	3	3	3	3	3	3	3	3	3	3	3	3	3	3	3	3	3	3	3	3	3	3	3	3	3	3	3	3	3	3	3	3	113	0	0	0	0	0	0	0	0	0	0	0	0	0	0	0	0	0	0	0	0	0	0	0	0	0	0	0	0	0	0	0	0	0	0	0	0	0	0	1	1	1	1	1	1	1	1	1	1	1	1	1	1	1	1	1	1	1	1	1	1	1	1	1	1	1	1	1	1	1	1	1	1	1	1	1	37	1	1	1	1	1	1	1	1	1	1	1	1	1	1	1	1	1	1	1	1	1	1	1	1	1	1	1	1	1	1	1	1	1	1	1	1	1	37	12	4	4	1	1	1	2	2	4	1	1	2	1	1	4	1	1	1	1	1	1	2	1	1	1	2	1	1	1	2	2	1	1	1	1	1	2	68	14	8	6	6	6	6	6	6	6	6	7	6	6	6	6	6	6	6	6	6	6	6	6	6	6	6	6	6	6	6	6	6	6	6	6	6	6	233	356	173	74	65	24	0	0	90	42554	7	6	8	1441	124	142	17	0	22	6	32	138	9	11	1	58	1	0	0	0	0	0	2	0	0	0	1	0	40	2	0	156	4	48	0	28	107	0	6	2	0	7	5700	9720	2479	4214	358	2836	1950	967	185	6115	559	1839	812	117	2668	524	139	334	282	0	6617	4018	1652	2586	32	212	481	58	27	360	4	563	2139	21	340	813	61721	2	1	0	0	0	1	2	0	2	0	2	0	0	0	1	0	0	1	5	2	0	0	0	0	0	0	1	0	0	1	1	0	0	1	0	0	23	1567	305	1338	3	24	1043	251	733	7	538	23	18	1	1	0	52	2	2	7	12	60	41	0	9	40	2	0	44	41	15	14	3	29	4	26	0	26	2	29	0	3	4	35	232	6	0	4	0	313	2	0	0	10	3	39	12	0	7	0	1	9	2	2	0	216	0	11	0	0	0	23	33	5	0	0	0	0	0	40	6	0	7	4	0	4	1	1	0	0	4	60	3	9	47	1	20	0	88	16	1	0	0	238	2	15	16	642	16	0	60	0	0	250	0	4	1	1	601	22	11	3	820	0	0	1	0	1	3	1	34	25	0	208	0	7897	12	24	9	3	1	20	21	2	2	7	29	13	2	6	1	12	3	0	5	10	27	1	1	1	0	2	1	11	1	2	20	0	1	72	1	61	7	1	9	23	2	0	1	18
1	2	1	1	2	1	2	3	1	1	1	1	1	1	1	1	2	2	2	1	1	1	1	1	2	2	3	2	2	2	1	1	1	2	1	1	1	53	21	15	13	13	13	13	13	14	13	13	13	13	13	13	13	13	13	13	13	13	13	13	13	13	13	13	13	13	13	13	13	13	13	13	13	13	14	493	38	3	11	3	2	2	7	5	2	2	3	2	2	2	2	2	4	2	2	3	2	7	2	2	2	2	3	3	4	6	2	2	2	2	2	2	2	146	3	1	1	1	1	1	1	1	1	1	1	1	1	1	1	1	1	1	1	1	1	1	1	1	1	1	1	1	1	1	1	1	1	1	1	1	1	39	0	0	0	0	0	0	0	0	0	0	0	0	0	0	0	0	0	0	0	0	0	0	0	0	0	0	0	0	0	0	0	0	0	0	0	0	0	0	29	16	14	14	14	14	14	14	14	14	15	14	14	14	14	14	14	14	14	14	14	14	14	14	14	14	14	14	14	14	14	14	14	14	14	14	15	537	1	0	0	0	0	0	0	0	0	0	0	0	0	0	0	0	0	0	0	0	0	0	0	0	0	0	0	0	0	0	0	0	0	0	0	0	0	1	1	1	1	1	1	1	1	1	1	2	1	1	1	1	1	1	1	1	1	1	1	1	1	1	1	1	1	1	1	1	1	1	1	1	1	1	1	38	7	5	5	5	5	5	5	5	5	5	6	5	5	5	5	5	5	5	5	5	5	5	5	5	5	5	5	5	5	5	5	5	5	5	5	5	5	188	1	1	1	1	1	1	1	1	1	1	1	1	1	1	1	1	1	1	1	1	1	1	1	1	1	1	1	1	1	1	1	1	1	1	1	1	1	37	0	0	0	0	0	0	0	0	0	0	0	0	0	0	0	0	0	0	0	0	0	0	0	0	0	0	0	0	0	0	0	0	0	0	0	0	0	0	0	0	0	0	0	0	0	0	0	0	0	0	0	0	0	0	0	0	0	0	0	0	0	0	0	0	0	0	0	0	0	0	0	0	0	0	0	0	65	29	38	28	27	27	33	30	27	28	28	27	27	27	28	27	29	27	27	28	27	32	27	27	27	27	28	28	30	32	27	27	27	27	27	27	28	1082	13	7	7	6	5	6	5	5	5	7	7	5	5	5	7	5	6	5	5	5	5	6	5	5	5	5	5	5	6	5	5	5	5	5	5	5	5	208	0	0	0	0	0	0	0	0	0	0	0	0	0	0	0	0	0	0	0	0	0	0	0	0	0	0	0	0	0	0	0	0	0	0	0	0	0	0	10	9	7	7	8	7	8	9	7	7	7	7	7	8	7	7	8	8	8	7	7	7	7	7	9	8	8	8	8	8	7	7	7	8	7	7	10	283	0	0	0	0	0	0	0	0	0	0	0	0	0	0	0	0	0	0	0	0	0	0	0	0	0	0	0	0	0	0	0	0	0	0	0	0	0	0	0	0	0	0	0	0	0	0	0	0	0	0	0	0	0	0	0	0	0	0	0	0	0	0	0	0	0	0	0	0	0	0	0	0	0	0	0	0	0	0	0	0	0	0	0	0	0	0	0	0	0	0	0	0	0	0	0	0	0	0	0	0	0	0	0	0	0	0	0	0	0	0	0	0	0	0	4	4	4	4	4	4	4	4	4	4	4	4	4	4	4	4	4	4	4	4	4	4	4	4	4	4	4	4	4	4	4	4	4	4	4	4	5	149	4	4	4	4	4	4	4	4	4	4	4	4	4	4	4	4	4	4	4	4	4	4	4	4	4	4	4	4	4	4	4	4	4	4	4	4	4	148	0	0	0	0	0	0	0	0	0	0	0	0	0	0	0	0	0	0	0	0	0	0	0	0	0	0	0	0	0	0	0	0	0	0	0	0	0	0	2	2	2	2	2	2	2	2	2	2	2	2	2	2	2	2	2	2	2	2	2	2	2	2	2	2	2	2	2	2	2	2	2	2	2	2	2	74	0	0	0	0	0	0	0	0	0	0	0	0	0	0	0	0	0	0	0	0	0	0	0	0	0	0	0	0	0	0	0	0	0	0	0	0	0	0	6	6	2	1	1	4	3	3	1	3	2	1	1	1	5	1	1	1	1	1	1	1	1	1	1	1	1	1	1	2	2	1	1	1	1	1	2	65	8	3	4	3	3	3	3	3	3	3	3	3	3	3	4	3	3	3	3	3	3	4	3	3	3	3	3	3	3	3	3	3	3	3	3	3	7	123	455	226	95	135	33	3	0	59	41935	51	29	19	1924	200	248	9	0	23	0	27	172	15	19	2	69	2	0	0	0	0	0	1	0	0	0	0	0	51	0	2	157	17	73	0	34	155	2	19	1	2	23	8383	7730	1077	1207	758	6355	865	663	175	9448	2091	6340	139	131	4439	573	1309	428	99	0	11696	2218	1228	2737	27	83	171	144	46	187	4	348	1799	36	543	1185	74662	1	3	2	3	1	1	1	2	1	0	0	0	0	1	1	0	2	3	8	1	0	8	0	0	4	3	3	2	1	3	1	0	0	3	0	3	62	2028	569	1516	11	16	1257	348	922	17	779	63	32	61	16	0	40	7	0	6	68	66	85	1	1	20	1	4	71	300	19	54	4	8	15	26	0	44	0	34	2	6	0	38	346	12	3	25	2	397	17	0	0	3	2	15	28	0	13	0	2	4	1	0	0	290	0	0	0	0	1	36	58	23	6	1	5	0	5	20	12	2	8	11	0	2	1	1	1	0	4	48	13	24	69	0	39	0	164	28	3	0	0	353	6	7	2	638	16	0	53	1	0	219	0	3	0	7	560	11	4	5	884	0	1	0	0	0	6	0	46	48	0	229	0	7745	13	24	8	3	1	20	19	2	2	7	28	14	2	5	1	13	2	0	5	10	28	1	1	1	0	2	1	10	1	2	23	0	1	57	1	59	6	1	11	23	2	0	2	16
2	1	1	1	1	1	1	1	1	1	1	1	1	1	1	1	1	1	1	1	1	1	1	1	1	1	1	1	1	1	1	1	1	1	1	1	2	39	16	9	9	9	8	8	8	8	8	8	8	8	8	8	8	8	8	8	8	8	8	8	8	8	8	8	8	8	8	8	8	8	8	8	8	8	8	307	23	9	6	6	4	4	6	4	5	4	4	4	4	4	4	4	4	4	4	4	4	4	4	4	4	4	5	5	4	4	4	4	4	4	4	4	6	183	4	3	3	3	3	3	4	3	3	3	3	3	3	3	3	3	4	3	3	3	4	3	3	3	3	3	3	3	3	3	3	3	3	3	3	3	3	115	2	0	0	0	0	0	0	0	0	0	0	0	0	0	0	0	0	0	0	0	0	0	0	0	0	0	0	0	0	0	0	0	0	0	0	0	0	2	22	11	9	9	8	8	9	9	8	8	8	8	8	8	9	8	8	8	8	8	8	8	8	8	8	8	9	8	8	8	8	8	8	8	8	8	9	320	0	0	0	0	0	0	0	0	0	0	0	0	0	0	0	0	0	0	0	0	0	0	0	0	0	0	0	0	0	0	0	0	0	0	0	0	0	0	1	1	1	1	1	1	1	1	1	1	1	2	1	2	1	1	1	1	1	1	1	1	1	1	1	1	1	1	1	1	1	1	1	1	1	1	1	39	10	7	7	8	7	7	7	7	7	7	7	7	7	7	7	7	7	7	7	7	7	7	7	7	7	7	7	7	7	7	7	7	7	7	7	7	8	264	4	3	3	3	3	3	3	3	3	3	3	3	3	3	3	3	3	3	3	3	3	3	3	3	3	3	3	3	3	3	3	3	3	3	3	3	4	113	0	0	0	0	0	0	0	0	0	0	0	0	0	0	0	0	0	0	0	0	0	0	0	0	0	0	0	0	0	0	0	0	0	0	0	0	0	0	0	0	0	0	0	0	0	0	0	0	0	0	0	0	0	0	0	0	0	0	0	0	0	0	0	0	0	0	0	0	0	0	0	0	0	0	0	0	51	30	27	26	24	24	26	25	25	25	25	25	24	26	24	26	24	24	24	24	25	24	24	24	24	24	25	25	24	26	24	24	24	24	24	24	26	944	19	0	0	1	0	0	4	0	1	1	0	0	0	0	1	0	1	0	0	6	1	0	0	0	0	0	0	0	0	0	0	0	0	0	0	0	1	36	1	1	1	1	1	1	1	1	1	1	1	1	1	1	1	1	1	1	1	1	1	1	1	1	1	1	1	1	1	1	1	1	1	1	1	1	1	37	4	4	4	4	4	4	4	4	4	4	4	4	4	5	4	5	4	4	4	4	4	4	4	4	4	4	4	4	4	4	4	4	4	4	4	4	4	150	0	0	0	0	0	0	0	0	0	0	0	0	0	0	0	0	0	0	0	0	0	0	0	0	0	0	0	0	0	0	0	0	0	0	0	0	0	0	1	0	0	0	0	0	0	0	0	0	0	0	0	0	0	0	0	0	0	0	0	0	0	0	0	0	0	0	0	0	0	0	0	0	0	0	0	1	1	1	1	1	1	1	1	1	1	1	1	1	1	1	1	1	1	1	1	1	1	1	1	1	1	1	1	1	1	1	1	1	1	1	1	1	1	37	3	3	3	3	3	3	3	3	3	3	3	3	3	3	3	4	3	3	3	3	3	3	3	3	3	3	3	3	3	3	3	3	3	3	3	3	3	112	2	2	2	2	2	2	2	2	2	2	2	2	2	2	2	2	2	2	2	2	2	2	2	2	2	2	2	2	2	2	2	2	2	2	2	2	2	74	1	1	1	1	1	1	1	1	1	1	1	1	1	1	1	1	1	1	1	1	1	1	1	1	1	1	1	1	1	1	1	1	1	1	1	1	1	37	0	0	0	0	0	0	0	0	0	0	0	0	0	0	0	0	0	0	0	0	0	0	0	0	0	0	0	0	0	0	0	0	0	0	0	0	0	0	0	0	0	0	0	0	0	0	0	0	0	0	0	0	0	0	0	0	0	0	0	0	0	0	0	0	0	0	0	0	0	0	0	0	0	0	0	0	8	3	3	2	1	1	6	1	3	2	1	1	1	1	4	1	2	1	1	7	1	2	1	1	1	1	1	1	1	1	1	1	1	1	1	1	1	68	9	5	4	4	4	4	4	4	4	4	4	4	4	4	4	4	4	4	4	4	4	4	4	4	4	5	4	4	4	4	4	4	4	4	4	4	4	155	253	154	118	78	4	1	0	36	24787	8	9	10	1018	164	232	11	3	13	0	7	100	2	17	3	39	0	0	0	0	0	0	4	1	0	1	0	0	21	0	0	107	2	48	0	24	111	1	0	1	0	1	15427	6969	873	584	592	3584	1023	740	215	13943	949	2163	303	586	1989	3187	450	466	267	0	8783	3276	1779	3529	125	284	66	124	33	310	1876	1325	1006	22	160	665	77673	2	3	1	2	2	8	1	1	1	1	2	0	0	1	2	1	1	2	7	1	0	0	0	0	2	1	2	1	1	2	1	3	1	1	0	1	55	1807	284	996	10	18	734	113	716	18	387	14	13	21	1	0	5	4	2	0	34	44	35	0	0	7	1	0	10	33	14	22	5	5	15	3	0	26	0	20	0	1	0	27	333	1	0	4	0	281	5	0	3	10	0	17	18	5	5	0	0	1	0	0	0	203	0	2	2	0	0	13	40	6	2	1	1	0	0	27	3	2	3	7	0	0	1	1	0	0	1	14	9	1	59	0	29	0	60	18	3	0	2	392	11	1	3	719	18	0	52	0	1	188	0	1	15	0	652	8	24	2	899	0	0	0	0	0	7	2	49	37	0	273	0	8351	12	25	6	3	1	22	16	2	2	6	27	16	2	5	1	14	2	0	5	10	30	1	1	1	0	2	1	10	1	2	23	0	1	73	1	58	6	1	10	20	2	0	2	17
4	3	3	3	4	3	3	3	3	3	3	3	3	3	3	3	3	3	3	3	3	3	3	3	3	3	3	3	3	3	3	3	3	3	3	3	3	113	19	8	6	7	7	6	7	7	6	6	6	6	6	6	6	6	7	7	7	7	6	6	6	6	7	7	7	7	7	7	6	6	6	7	6	6	9	255	20	3	5	2	2	2	13	4	5	2	2	2	2	2	2	2	3	2	2	2	2	3	2	2	3	2	2	2	2	4	2	2	3	2	2	2	2	118	1	0	0	0	0	0	0	0	0	0	0	0	0	0	0	0	0	0	0	0	0	0	0	0	0	0	0	0	0	0	0	0	0	0	0	0	0	1	1	0	0	0	0	0	0	0	0	0	0	0	0	0	0	0	0	0	0	0	0	0	0	0	0	0	0	0	0	0	0	0	0	0	0	0	0	1	27	9	6	7	7	6	7	7	6	6	6	6	6	6	6	6	7	7	7	7	6	6	6	6	7	7	7	7	7	7	6	6	6	7	6	6	9	264	1	0	0	0	0	0	0	0	0	0	0	0	0	0	0	0	0	0	0	0	0	0	0	0	0	0	0	0	0	0	0	0	0	0	0	0	0	1	5	5	5	5	5	5	5	5	5	5	5	5	5	5	5	5	5	5	5	5	5	5	5	5	5	5	5	5	5	5	5	5	5	6	5	5	5	186	19	7	8	10	8	7	7	7	7	7	7	7	7	8	7	7	7	7	7	7	7	7	7	7	7	7	7	7	7	7	7	7	7	7	7	7	7	277	4	4	5	4	4	4	4	4	4	4	4	4	4	4	4	4	4	4	4	4	4	4	4	4	4	4	4	4	4	4	4	4	4	4	4	4	4	149	0	0	0	0	0	0	0	0	0	0	0	0	0	0	0	0	0	0	0	0	0	0	0	0	0	0	0	0	0	0	0	0	0	0	0	0	0	0	0	0	0	0	0	0	0	0	0	0	0	0	0	0	0	0	0	0	0	0	0	0	0	0	0	0	0	0	0	0	0	0	0	0	0	0	0	0	53	33	35	31	31	31	45	34	34	32	31	31	31	31	32	31	33	32	31	31	31	32	31	31	32	31	31	32	31	34	31	31	33	33	31	31	33	1212	19	5	6	6	5	4	8	4	4	4	4	5	4	4	7	4	4	4	4	4	4	4	4	4	4	4	4	4	4	4	6	4	4	4	4	4	4	179	3	2	2	2	2	2	2	2	2	2	2	2	2	2	2	2	2	2	2	2	2	2	2	2	2	2	2	2	2	2	2	2	2	2	2	2	2	75	13	10	10	9	10	9	11	10	9	9	9	9	9	10	10	9	10	10	9	9	10	9	9	9	9	9	9	10	9	10	9	9	10	10	9	9	10	353	0	0	0	0	0	0	0	0	0	1	0	0	0	0	0	0	0	0	0	0	0	0	0	0	0	0	0	0	0	0	0	0	0	0	0	0	0	1	0	0	0	0	0	0	0	0	0	0	0	0	0	0	0	0	0	0	0	0	0	0	0	0	0	0	0	0	0	0	0	0	0	0	0	0	0	0	1	1	1	1	1	1	1	1	1	1	1	1	1	1	1	1	1	1	1	1	1	1	1	1	1	1	1	1	1	1	1	1	1	1	1	1	1	37	3	3	3	3	3	3	3	3	3	3	3	3	3	3	4	3	3	3	3	3	3	3	3	3	3	3	3	3	3	3	3	3	3	3	3	3	3	112	4	4	4	4	4	4	4	4	4	4	4	4	4	4	4	4	4	4	4	4	4	4	4	4	4	4	4	4	4	4	4	4	4	4	4	4	4	148	0	0	0	0	0	0	0	0	0	0	0	0	0	0	0	0	0	0	0	0	0	0	0	0	0	0	0	0	0	0	0	0	0	0	0	0	0	0	1	1	1	0	0	0	2	1	0	0	0	0	0	0	0	0	1	1	0	0	0	0	0	0	0	0	0	1	0	1	0	0	1	1	0	0	0	12	1	1	1	1	1	1	1	1	1	1	1	1	1	1	1	1	1	1	1	1	1	1	1	1	1	1	1	1	1	1	1	1	1	1	1	1	1	37	12	5	4	1	0	0	13	1	2	0	0	0	0	0	3	0	3	0	0	0	0	0	0	0	0	0	0	0	0	0	4	0	0	0	0	0	2	50	9	8	4	5	5	4	5	5	4	4	4	4	4	4	4	4	5	5	6	4	4	4	4	4	5	5	5	5	5	5	4	4	4	5	4	4	7	175	250	49	24	28	31	0	0	33	17895	16	20	6	649	76	86	15	0	16	0	2	60	0	16	0	43	0	0	0	0	0	0	0	0	0	0	0	0	0	0	11	64	1	14	0	40	44	0	6	0	0	4	6940	6833	719	773	620	2891	1823	461	31	7801	1642	2093	374	178	3289	2189	228	467	69	0	9266	2926	3724	10634	33	374	57	247	36	691	36	178	1454	24	347	1187	70635	1	0	1	0	0	1	0	0	2	3	2	0	0	3	0	7	0	0	4	2	0	3	0	0	0	0	0	0	0	0	2	0	0	0	0	0	31	995	220	938	6	23	477	94	584	5	301	28	8	32	0	0	44	2	2	1	40	25	21	0	2	8	2	0	20	20	0	16	0	5	0	5	0	23	0	7	0	0	0	7	170	0	0	9	0	129	5	0	0	2	0	13	9	0	1	0	0	3	0	0	0	192	0	0	0	0	0	13	57	7	0	0	0	0	0	12	3	0	0	0	0	2	0	0	0	0	2	20	9	1	19	0	5	0	41	3	5	2	0	404	11	14	2	576	19	0	78	3	0	146	0	1	11	0	591	12	5	6	862	0	0	0	0	0	5	0	30	17	0	207	0	7728	11	25	8	3	1	22	20	2	2	7	31	15	2	6	1	15	3	0	5	10	30	1	1	1	0	2	1	10	1	2	25	0	1	73	2	57	6	1	10	12	2	0	2	20
2	2	2	2	2	2	2	2	2	2	2	2	2	2	2	2	2	2	2	2	2	2	2	2	2	2	2	2	2	2	2	2	2	2	2	2	3	75	20	7	7	7	7	7	8	8	7	7	7	7	7	7	7	7	7	7	7	7	7	7	7	7	7	7	7	7	7	7	7	7	7	7	7	7	10	277	39	12	8	7	6	7	10	8	6	6	7	6	6	6	8	7	6	8	6	7	6	6	6	6	6	6	6	6	6	8	6	6	6	6	6	6	8	282	1	1	1	1	1	1	1	1	1	1	1	1	1	1	1	1	1	1	1	1	1	1	1	1	1	1	1	1	1	1	1	1	1	1	1	1	1	37	0	0	0	0	0	0	0	0	0	0	0	0	0	0	0	0	0	0	0	0	0	0	0	0	0	0	0	0	0	0	0	0	0	0	0	0	0	0	26	11	9	9	9	9	10	9	9	10	9	9	9	10	9	9	9	9	9	9	9	9	9	9	9	9	9	9	9	9	9	9	9	9	9	9	12	358	1	0	0	0	0	0	0	0	0	0	0	0	0	0	0	0	0	0	0	0	0	0	0	0	0	0	0	0	0	0	0	0	0	0	0	0	0	1	2	2	2	2	2	3	2	2	2	2	2	2	2	2	2	2	2	2	2	2	2	2	2	2	2	2	2	2	2	3	2	2	2	2	2	2	3	77	25	14	13	13	13	13	14	14	13	13	13	13	13	13	13	13	14	13	13	13	13	13	13	13	13	13	13	13	13	13	13	13	13	13	13	13	23	507	2	1	1	1	1	1	2	1	1	1	1	1	1	1	1	1	1	1	1	1	1	1	1	1	1	1	1	1	1	1	1	1	1	1	1	1	3	41	0	0	0	0	0	0	0	0	0	0	0	0	0	0	0	0	0	0	0	0	0	0	0	0	0	0	0	0	0	0	0	0	0	0	0	0	0	0	0	0	0	0	0	0	0	0	0	0	0	0	0	0	0	0	0	0	0	0	0	0	0	0	0	0	0	0	0	0	0	0	0	0	0	0	0	0	73	39	34	33	32	33	36	34	32	33	33	32	32	32	34	33	32	35	32	34	32	32	32	32	32	32	32	32	32	35	32	32	32	32	32	32	36	1259	21	4	1	1	1	5	2	1	1	1	2	1	1	1	2	1	4	1	1	1	1	2	1	1	1	1	1	1	2	1	1	1	1	1	1	1	2	73	0	0	0	0	0	0	0	0	0	0	0	0	0	0	0	0	0	0	0	0	0	0	0	0	0	0	0	0	0	0	0	0	0	0	0	0	0	0	6	5	5	5	5	5	5	6	5	6	5	5	5	5	7	5	5	5	5	5	5	6	6	6	5	5	5	5	5	5	5	6	5	5	6	6	5	196	1	1	1	1	1	1	1	1	1	1	1	1	1	1	1	1	1	1	1	1	1	1	1	1	1	1	1	1	1	1	1	1	1	1	1	1	1	37	2	2	2	2	2	2	2	2	2	2	2	2	2	2	2	2	2	2	2	2	2	2	2	2	2	2	2	2	2	2	2	2	2	2	2	2	2	74	0	0	0	0	0	0	0	0	0	0	0	0	0	0	0	0	0	0	0	0	0	0	0	0	0	0	0	0	0	0	0	0	0	0	0	0	0	0	3	3	3	3	3	3	3	3	3	3	3	3	3	3	3	3	3	3	3	3	3	3	3	3	3	3	3	3	3	3	3	3	3	3	3	3	4	112	3	3	3	3	3	3	3	3	3	3	3	3	3	3	3	3	3	3	3	3	3	3	3	3	3	3	3	3	3	3	3	3	3	3	3	3	3	111	1	1	1	1	1	1	1	1	1	1	1	1	1	1	1	1	1	1	1	1	1	1	1	1	1	1	1	1	1	1	1	1	1	1	1	1	1	37	0	0	0	0	0	0	0	0	0	0	0	0	0	0	0	0	0	0	0	0	0	0	0	0	0	0	0	0	0	0	0	0	0	0	0	0	0	0	1	1	1	1	1	1	1	1	1	1	1	1	1	1	1	1	1	1	1	1	1	1	1	1	1	1	1	1	1	1	1	1	1	1	1	1	1	37	25	11	3	3	2	6	4	5	5	2	3	2	2	2	2	2	3	2	2	2	2	4	2	2	2	2	2	2	3	2	2	2	4	2	2	2	3	128	8	4	3	3	4	3	4	4	3	3	4	3	3	3	3	4	4	4	4	3	3	3	3	3	4	4	4	5	4	4	3	3	3	4	3	3	5	135	295	134	47	85	49	0	0	22	22884	11	13	11	1081	120	199	8	0	12	0	16	56	0	17	4	34	0	3	0	0	0	0	2	0	0	0	0	0	16	0	0	65	5	72	0	29	79	0	0	1	0	7	12018	9220	1345	684	1922	6059	1417	793	1189	22867	2451	3548	702	510	2458	2528	130	254	98	0	3362	2354	3098	4556	248	262	29	44	59	812	15	772	991	77	915	316	88103	0	1	0	0	1	1	0	0	0	0	1	0	0	1	1	0	0	0	4	2	0	5	0	0	0	1	0	0	0	0	0	0	0	0	0	0	18	1265	217	973	4	14	632	178	581	6	325	10	23	37	0	0	23	2	1	3	14	36	44	0	3	6	4	0	42	81	2	12	0	4	6	14	0	8	0	12	1	2	0	11	225	0	0	10	0	246	2	0	1	15	0	9	19	0	0	0	1	2	0	2	0	228	0	1	0	3	0	10	42	13	0	0	0	0	0	12	1	4	0	2	0	0	1	0	0	0	2	31	7	4	50	3	4	0	38	15	6	0	0	464	10	5	10	661	42	0	84	3	1	186	1	1	3	0	668	11	9	23	820	0	0	0	0	1	6	2	19	21	0	188	0	8700	11	27	8	3	1	24	24	4	2	7	30	16	2	6	1	15	3	0	5	10	31	1	1	1	0	2	1	10	1	2	23	0	1	61	2	60	6	1	10	13	2	0	1	20
0	0	0	0	0	0	0	0	0	0	0	0	0	0	0	0	0	0	0	0	0	0	0	0	0	0	0	0	0	0	0	0	0	0	0	0	0	0	17	8	8	7	7	7	7	7	7	7	7	7	7	8	7	7	7	7	7	7	7	7	7	7	7	7	7	7	7	7	7	7	7	7	7	7	9	274	21	11	8	7	5	5	12	9	7	5	5	5	5	5	6	6	7	8	5	5	5	5	5	5	5	7	6	7	8	18	5	5	7	6	5	5	5	256	5	4	4	5	4	4	4	4	4	4	4	4	4	4	4	4	4	4	4	4	4	4	4	4	4	4	4	4	4	4	4	4	4	4	4	4	4	150	0	0	0	0	0	0	0	0	0	0	0	0	0	0	0	0	0	0	0	0	0	0	0	0	0	0	0	0	0	0	0	0	0	0	0	0	0	0	19	8	7	6	6	6	6	6	6	6	6	6	6	6	6	6	6	6	6	6	6	6	6	6	6	6	6	6	6	6	6	6	6	6	6	6	8	240	0	0	0	0	0	0	0	0	0	0	0	0	0	0	0	0	0	0	0	0	0	0	0	0	0	0	0	0	0	0	0	0	0	0	0	0	0	0	1	1	1	1	1	1	1	1	2	1	1	1	1	2	1	1	1	1	1	1	1	1	1	1	1	1	1	1	1	1	1	1	1	1	1	1	1	39	17	9	11	8	8	8	9	9	8	9	8	8	8	8	8	8	9	9	8	8	8	8	8	8	8	8	8	9	8	9	8	8	9	9	8	8	9	319	5	4	4	3	3	3	4	4	3	3	3	3	3	3	3	3	4	4	3	3	3	3	3	3	3	3	3	4	3	4	3	3	4	4	3	3	3	123	1	1	1	1	1	1	1	1	1	1	1	1	1	1	1	1	1	1	1	1	1	1	1	1	1	1	1	1	1	1	1	1	1	1	1	1	1	37	0	0	0	0	0	0	0	0	0	0	0	0	0	0	0	0	0	0	0	0	0	0	0	0	0	0	0	0	0	0	0	0	0	0	0	0	0	0	66	47	44	44	41	42	51	46	44	41	41	41	41	43	43	42	43	46	41	41	41	41	41	41	41	43	42	43	44	54	42	41	43	42	42	41	42	1612	25	5	6	4	3	3	3	3	3	3	5	3	3	3	4	3	3	3	3	3	3	3	3	3	3	3	3	3	3	3	3	3	3	3	3	3	4	143	0	0	0	0	0	0	0	0	0	0	0	0	0	0	0	0	0	0	0	0	0	0	0	0	0	0	0	0	0	0	0	0	0	0	0	0	0	0	1	0	0	0	0	1	0	0	0	0	1	0	0	1	0	0	0	0	0	0	0	0	0	0	0	0	0	0	0	0	1	0	0	0	3	0	0	8	0	0	0	0	0	0	0	0	0	0	0	0	0	0	0	0	0	0	0	0	0	0	0	0	0	0	0	0	0	0	0	0	0	0	0	0	0	0	0	0	0	0	0	0	0	0	0	0	0	0	0	0	0	0	0	0	0	0	0	0	0	0	0	0	0	0	0	0	0	0	0	0	0	0	0	0	1	1	1	1	1	1	1	1	1	1	1	1	1	1	1	1	1	1	1	1	1	1	1	1	1	1	1	1	1	1	1	1	1	1	1	1	1	37	2	2	2	2	2	2	2	2	2	2	2	2	2	2	2	2	2	2	2	2	2	2	2	2	2	2	2	2	2	2	3	2	2	2	2	2	2	75	5	5	5	5	5	5	5	5	5	5	5	5	5	5	5	5	5	5	5	5	5	5	5	5	5	5	5	5	5	5	5	5	5	5	5	5	5	185	2	1	1	1	1	1	1	1	1	1	1	1	1	1	1	1	1	1	1	1	1	1	1	1	1	1	1	1	1	1	1	1	1	1	1	1	1	38	0	0	0	0	0	0	1	0	0	0	0	0	0	0	0	0	0	0	0	0	0	0	0	0	0	0	0	0	0	0	0	0	0	0	0	0	0	1	0	0	0	0	0	0	0	0	0	0	0	0	0	0	0	0	0	0	0	0	0	0	0	0	0	0	0	0	0	0	0	0	0	0	0	0	0	0	16	4	1	0	1	0	9	2	0	0	1	0	0	0	2	0	2	1	1	0	0	0	0	0	1	1	1	1	1	1	0	0	0	1	0	0	3	50	11	5	5	5	5	5	5	5	5	6	5	5	5	5	5	5	5	5	5	5	6	6	5	5	5	5	5	5	5	5	5	5	5	5	5	5	5	194	286	120	42	91	38	0	0	32	26187	15	9	29	970	128	166	10	1	19	0	47	34	3	2	1	58	0	0	0	0	0	0	1	0	0	0	0	1	6	0	0	100	13	72	0	34	90	0	5	2	0	7	7754	13427	1047	2348	15964	18577	3487	1249	826	18446	1247	4543	201	712	7418	4362	58	475	163	0	3250	3037	1703	3166	43	305	20	384	87	302	7	965	1515	33	946	225	118292	0	2	2	3	0	0	1	2	3	1	1	0	0	0	0	1	4	2	6	1	0	8	0	0	3	1	1	4	3	3	1	1	1	3	0	0	58	1238	363	1146	4	19	653	161	706	20	456	29	15	20	3	1	33	0	1	5	28	70	46	0	1	12	3	0	48	16	5	18	3	15	22	8	4	19	0	23	0	8	0	31	229	10	0	7	0	212	10	0	3	12	0	3	7	0	8	0	1	9	7	0	1	257	0	2	0	0	0	23	24	8	0	1	6	0	0	31	15	0	5	2	0	2	1	0	0	0	0	15	0	6	30	0	16	0	72	21	17	1	0	763	13	22	4	651	24	0	80	4	0	345	1	1	3	0	663	14	28	12	708	0	0	0	0	0	7	1	24	24	1	231	1	9168	12	27	8	3	1	21	22	3	2	8	27	19	2	7	1	14	3	0	6	10	29	1	1	1	0	2	1	9	1	2	22	0	1	54	1	61	6	1	10	20	2	0	1	19
0	0	0	0	0	0	2	0	0	0	0	0	0	0	0	0	0	0	0	2	0	0	0	0	0	0	0	0	0	0	0	0	0	0	0	0	0	4	12	9	8	9	8	8	8	8	8	8	8	8	8	8	8	8	8	8	8	8	8	8	8	8	8	8	8	8	8	8	8	8	8	8	8	8	9	303	37	9	9	11	8	7	12	11	8	7	9	7	7	7	7	7	8	9	8	9	7	9	7	7	8	10	8	9	8	9	7	7	7	8	7	7	8	330	2	2	2	2	2	2	2	2	2	2	2	2	2	2	2	2	2	3	2	2	2	2	2	2	2	2	2	2	2	2	2	2	2	2	2	2	2	75	0	0	0	0	0	0	0	0	0	0	0	0	0	0	0	0	0	0	0	0	0	0	0	0	0	0	0	0	0	0	0	0	0	0	0	0	0	0	17	6	6	7	6	6	6	6	6	7	6	6	6	6	6	6	6	6	6	6	6	6	6	6	6	6	6	6	6	6	6	6	6	6	6	6	9	238	0	0	1	0	0	0	0	0	0	0	0	0	0	0	0	0	0	0	0	0	0	0	0	0	0	0	0	0	0	0	0	0	0	0	0	0	0	1	4	3	3	3	3	3	3	3	4	3	3	3	3	3	3	3	3	3	3	3	3	3	3	3	3	3	3	3	3	3	3	3	3	3	3	3	3	113	10	6	6	5	5	5	6	6	5	5	5	5	5	5	5	5	6	6	5	5	5	5	5	5	5	5	5	6	5	6	5	5	6	6	5	5	6	201	1	1	1	1	1	1	1	1	1	1	1	1	1	1	1	1	1	1	1	1	1	1	1	1	1	1	1	1	1	1	1	1	1	1	1	1	1	37	0	0	0	0	0	0	0	0	0	0	0	0	0	0	0	0	0	0	0	0	0	0	0	0	0	0	0	0	0	0	0	0	0	0	0	0	0	0	0	0	0	0	0	0	0	0	0	0	0	0	0	0	0	0	0	0	0	0	0	0	0	0	0	0	0	0	0	0	0	0	0	0	0	0	0	0	63	30	29	31	28	27	33	33	29	27	29	27	27	27	27	27	30	32	28	29	27	31	27	27	28	30	28	30	29	31	27	27	28	29	27	27	28	1094	13	1	1	1	0	1	0	1	0	0	1	0	0	0	0	0	0	0	0	0	0	4	0	0	0	0	0	0	0	0	0	0	1	0	0	0	0	24	0	0	0	0	0	0	0	0	0	0	0	0	0	0	0	0	0	0	0	0	0	0	0	0	0	0	0	0	0	0	0	0	0	0	0	0	0	0	1	1	1	1	1	2	1	1	1	2	1	1	1	1	2	1	1	1	1	1	1	1	1	1	1	1	1	1	1	1	1	1	1	1	1	1	1	40	0	0	0	0	0	0	0	0	0	0	0	0	0	0	0	0	0	0	0	0	0	0	0	0	0	0	0	0	0	0	0	0	0	0	0	0	0	0	0	0	0	0	0	0	0	0	0	0	0	0	0	0	0	0	0	0	0	0	0	0	0	0	0	0	0	0	0	0	0	0	0	0	0	0	0	0	1	1	1	1	1	1	1	1	1	1	1	1	1	1	1	1	1	1	1	1	1	1	1	1	1	1	1	1	1	1	1	1	1	1	1	1	1	37	4	4	4	4	4	4	4	4	4	4	4	4	4	4	4	4	4	4	4	4	4	4	4	4	4	4	4	4	4	4	4	4	4	4	4	4	4	148	1	1	1	1	1	1	1	1	1	1	1	1	1	1	1	1	1	1	1	1	1	1	1	1	1	1	1	1	1	1	1	1	1	1	1	1	1	37	1	1	1	1	1	1	1	1	1	1	1	1	1	1	1	1	1	1	1	1	1	1	1	1	1	1	1	1	1	1	1	1	1	1	1	1	1	37	0	0	0	0	0	0	0	0	0	0	0	0	0	0	0	0	0	0	0	0	0	0	0	0	0	0	0	0	0	0	0	0	0	0	0	0	0	0	0	0	0	0	0	0	0	0	0	0	0	0	0	0	0	0	0	0	0	0	0	0	0	0	0	0	0	0	0	0	0	0	0	0	0	0	0	0	9	1	0	1	0	0	4	2	0	0	2	0	0	0	0	0	1	1	1	0	0	1	0	0	0	0	0	0	0	0	0	0	2	0	0	0	0	25	10	10	10	10	10	10	10	10	10	10	10	10	10	10	10	10	10	10	10	10	10	10	10	10	10	10	10	10	10	10	10	10	10	10	10	10	11	371	289	197	49	137	22	0	0	28	40718	23	16	18	1290	127	113	16	0	29	0	51	123	0	17	5	61	5	0	0	0	0	0	2	0	0	0	0	0	54	0	0	111	18	54	0	35	69	2	6	0	0	9	7996	13037	1104	2855	737	4393	7539	1204	86	15213	2702	2589	225	205	2826	2273	80	339	162	0	3241	61531	1196	1512	43	1705	92	88	27	306	508	1157	2145	42	60181	725	200064	1	2	1	0	3	2	4	3	1	1	3	0	0	3	1	0	3	1	7	1	0	2	6	0	3	1	3	5	3	1	4	6	5	1	0	3	80	1494	344	1291	15	28	783	283	703	3	419	84	44	14	7	1	25	4	0	0	30	58	49	1	0	15	0	3	23	95	3	44	0	12	1	22	0	21	0	23	0	0	0	4	273	3	0	6	0	383	13	0	2	10	1	26	11	0	12	0	0	6	1	0	0	181	0	2	0	0	0	27	79	4	0	2	6	0	0	23	6	0	6	11	0	2	1	6	2	5	1	24	4	1	42	5	23	0	118	20	10	3	1	820	9	15	6	685	31	0	94	2	0	281	0	1	10	1	688	28	162	2	727	0	0	0	1	0	10	3	16	53	1	939	0	10797	12	26	15	4	1	20	19	3	2	7	26	16	2	5	1	12	3	0	6	9	29	1	1	1	0	2	1	9	1	2	24	0	1	54	2	65	6	1	11	15	2	0	1	17
1	1	1	1	1	3	1	3	1	1	1	1	1	1	1	1	1	1	1	1	1	1	1	1	1	1	1	1	1	1	1	1	1	1	1	1	1	41	13	5	5	5	6	5	5	5	5	5	5	5	5	5	5	5	5	5	5	5	5	5	5	5	5	5	5	5	5	5	5	5	5	5	5	5	5	194	35	9	7	4	4	4	7	4	6	4	8	4	4	4	5	6	4	4	4	5	4	5	4	4	4	5	4	4	4	5	4	4	4	4	4	4	6	205	1	1	1	1	1	1	1	1	1	1	1	1	1	1	1	1	1	1	1	1	1	1	1	1	1	1	1	1	1	1	1	1	1	1	1	1	1	37	0	0	0	0	0	0	0	0	0	0	0	0	0	0	0	0	0	0	0	0	0	0	0	0	0	0	0	0	0	0	0	0	0	0	0	0	0	0	18	4	3	3	3	3	3	3	3	3	3	3	3	3	4	3	3	3	3	3	3	3	3	3	3	3	3	3	3	3	3	3	3	3	3	3	3	128	1	0	0	0	0	0	0	0	0	0	0	0	0	0	0	0	0	0	0	0	0	0	0	0	0	0	0	0	0	0	0	0	0	0	0	0	0	1	3	3	3	3	3	3	3	3	3	3	3	3	3	3	3	3	3	3	3	3	3	3	3	3	3	3	3	3	3	3	3	3	3	3	3	3	4	112	9	8	8	8	8	8	8	8	8	8	8	8	8	9	8	8	9	8	8	8	8	8	8	8	8	8	8	8	8	8	8	8	8	8	8	8	12	303	3	2	2	2	2	2	2	2	2	2	2	2	2	2	2	2	2	2	2	2	2	2	2	2	2	2	2	2	2	2	2	2	2	2	2	2	6	79	0	0	0	0	0	0	0	0	0	0	0	0	0	0	0	0	0	0	0	0	0	0	0	0	0	0	0	0	0	0	0	0	0	0	0	0	0	0	0	0	0	0	0	0	0	0	0	0	0	0	0	0	0	0	0	0	0	0	0	0	0	0	0	0	0	0	0	0	0	0	0	0	0	0	0	0	65	34	32	29	29	29	32	29	31	29	33	29	29	31	30	31	29	29	29	30	29	30	30	29	29	30	29	29	29	30	29	29	29	29	29	29	35	1142	24	10	8	7	7	7	7	7	7	7	8	8	7	8	7	7	9	7	7	7	7	8	7	7	7	8	7	7	7	7	7	7	7	7	7	7	9	289	1	1	0	0	0	0	0	0	0	0	0	0	0	0	0	0	0	0	0	0	0	0	0	0	0	0	0	0	0	0	0	0	0	0	0	0	0	2	3	3	3	3	4	3	3	3	3	3	3	3	3	5	3	3	3	3	3	3	4	3	3	3	3	3	3	3	3	3	3	3	3	3	3	3	7	119	0	0	0	0	0	0	0	0	0	0	0	0	0	0	0	0	0	0	0	0	0	0	0	0	0	0	0	0	0	0	0	0	0	0	0	0	0	0	1	1	1	1	1	1	1	1	1	1	1	1	1	1	1	1	1	1	1	1	1	1	1	1	1	1	1	1	1	1	1	1	1	1	1	1	1	37	1	1	1	1	1	1	1	1	1	1	1	1	1	1	1	1	1	1	1	1	1	1	1	1	1	1	1	1	1	1	1	1	1	1	1	1	1	37	2	2	2	2	2	2	2	2	2	2	2	2	2	3	2	2	2	2	2	2	2	2	2	2	2	2	2	2	2	2	2	2	2	2	2	2	4	77	1	1	1	1	1	1	1	1	1	1	1	1	1	1	1	1	1	1	1	1	1	1	1	1	1	1	1	1	1	1	1	1	1	1	1	1	1	37	0	0	0	0	0	0	0	0	0	0	0	0	0	0	0	0	0	0	0	0	0	0	0	0	0	0	0	0	0	0	0	0	0	0	0	0	0	0	1	1	1	1	1	1	1	1	1	1	1	1	1	1	1	1	1	1	1	1	1	1	1	1	1	1	1	1	1	1	1	1	1	1	1	1	1	37	0	0	0	0	0	0	0	0	0	0	0	0	0	0	0	0	0	0	0	0	0	0	0	0	0	0	0	0	0	0	0	0	0	0	0	0	0	0	24	6	1	0	0	1	2	2	1	0	1	1	0	0	0	0	1	1	0	0	0	1	0	0	0	1	1	0	0	0	0	0	0	1	0	0	0	45	9	6	6	6	6	6	6	6	6	6	6	6	6	6	6	6	6	6	6	6	6	6	6	6	6	6	6	6	6	7	6	6	6	6	6	6	6	226	402	224	57	29	26	2	2	26	54250	11	21	5	1329	139	193	18	2	18	0	76	134	8	9	0	33	0	0	0	0	0	0	1	1	0	4	0	0	35	0	18	201	20	70	0	41	93	1	10	0	1	24	10602	6773	1934	1335	1311	5317	1507	1239	34	12887	1701	5610	374	320	4861	3610	265	213	43	0	2349	5075	781	3204	68	316	16	74	126	259	13	506	826	41	3665	102	77357	2	0	0	0	2	1	0	0	1	1	0	0	0	1	0	1	0	0	6	0	0	0	0	0	2	1	1	0	0	1	1	1	0	2	0	0	24	1452	354	1124	9	25	956	281	757	21	661	41	9	20	4	0	23	2	1	2	22	56	91	2	5	5	0	2	22	23	11	28	0	11	24	39	2	34	0	36	0	7	0	27	274	2	0	19	0	328	0	0	2	17	0	22	21	0	5	0	0	7	3	0	4	186	0	5	0	0	1	22	55	2	0	0	15	0	0	9	9	0	2	11	4	0	0	2	1	0	0	21	0	0	42	5	11	0	54	14	6	4	0	463	10	8	7	665	59	0	103	2	0	159	1	0	9	0	718	25	23	6	918	1	0	0	0	1	16	2	13	43	0	208	2	9202	12	25	14	3	1	24	20	3	3	8	26	17	2	5	1	11	2	0	5	9	30	1	1	1	0	2	1	9	1	2	23	0	1	54	1	63	7	1	10	18	2	0	1	18
0	0	0	0	0	0	0	0	0	1	0	0	0	0	0	0	0	0	0	0	0	1	0	0	0	0	0	0	0	0	0	0	0	0	0	0	0	2	22	11	11	11	11	11	11	11	11	11	11	11	11	11	11	11	11	11	11	11	11	11	11	11	11	11	11	11	11	11	11	11	11	11	11	11	12	419	30	8	8	7	7	8	8	7	7	7	7	7	7	7	7	7	7	8	7	7	7	8	7	7	7	7	7	7	8	7	7	7	7	7	7	7	11	293	6	5	5	5	5	5	5	5	5	5	6	5	5	5	5	5	5	5	5	5	5	5	5	5	5	5	5	5	5	5	5	5	5	5	5	5	5	187	1	2	1	1	1	1	1	1	1	1	1	1	1	1	1	1	1	1	1	1	1	1	1	1	1	1	1	1	1	1	1	1	1	1	1	1	1	38	23	9	9	10	9	9	9	9	9	9	9	9	9	9	9	9	9	9	9	9	9	9	9	9	9	9	9	9	9	9	9	9	9	9	9	9	10	349	1	0	0	0	0	0	0	0	0	0	0	1	0	0	0	0	0	0	0	0	0	1	0	0	0	0	0	0	0	0	0	0	0	0	0	0	0	3	1	1	1	1	1	1	1	1	1	2	1	1	1	1	2	1	1	1	1	1	1	1	1	1	1	1	1	1	1	1	1	1	1	1	1	1	1	39	14	10	9	10	9	9	10	10	9	9	9	9	9	9	9	9	9	10	9	9	9	9	10	9	9	9	9	9	9	10	9	9	9	9	9	9	11	347	6	7	6	6	6	6	7	7	6	6	6	6	6	6	6	6	6	7	6	6	6	6	7	6	6	6	6	6	6	7	6	6	6	6	6	6	7	229	0	0	0	0	0	0	0	0	0	0	0	0	0	0	0	0	0	0	0	0	0	0	0	0	0	0	0	0	0	0	1	0	0	0	0	0	0	1	0	0	0	0	0	0	0	0	0	0	0	0	0	0	0	0	0	0	0	0	0	0	0	0	0	0	0	0	0	0	0	0	0	0	0	0	0	0	66	39	39	38	38	40	39	38	38	39	39	38	38	38	39	38	38	39	38	38	38	39	38	38	38	38	38	38	39	38	38	38	38	38	38	38	43	1450	30	0	1	2	0	0	1	1	0	0	2	1	0	0	1	0	1	0	0	1	1	2	0	0	0	0	0	0	1	1	0	0	0	0	0	0	1	47	0	0	0	0	0	0	0	0	0	0	0	0	0	0	0	0	0	0	0	0	0	0	0	0	0	0	0	0	0	0	0	0	0	0	0	0	0	0	11	9	9	9	9	10	10	9	9	9	9	9	9	9	10	9	9	9	9	9	9	9	9	9	9	9	9	9	9	9	10	9	9	9	9	9	9	339	1	1	1	1	1	1	1	1	1	1	1	1	1	1	1	1	1	1	1	1	1	1	1	1	1	1	1	1	1	1	1	1	1	1	1	1	1	37	2	1	1	1	1	1	1	1	1	1	1	1	1	1	1	1	1	1	1	1	1	1	1	1	1	1	1	1	1	1	1	1	1	1	1	1	1	38	0	0	0	0	0	0	0	0	0	0	0	0	0	0	0	0	0	0	0	0	0	0	0	0	0	0	0	0	0	0	0	0	0	0	0	0	0	0	2	2	2	2	2	2	2	2	2	2	2	2	2	2	2	2	2	2	2	2	2	2	2	2	2	2	2	2	2	2	2	2	2	2	2	2	2	74	3	3	3	3	3	3	3	3	3	3	3	3	3	3	3	3	3	3	3	3	3	3	3	3	3	3	3	3	3	3	3	3	3	3	3	3	4	112	1	1	1	1	1	1	1	1	1	1	1	1	1	1	1	1	1	1	1	1	1	1	1	1	1	1	1	1	1	1	1	1	1	1	1	1	1	37	0	0	0	0	0	0	0	0	0	0	0	0	0	0	0	0	0	0	0	0	0	0	0	0	0	0	0	0	0	0	0	0	0	0	0	0	0	0	3	3	3	3	3	3	3	3	3	3	3	3	3	3	3	3	3	3	3	3	3	3	3	3	3	3	3	3	3	3	3	3	3	3	3	3	3	111	7	2	1	1	0	0	0	1	0	0	2	0	0	0	1	1	1	0	0	1	1	3	1	0	0	0	0	0	0	1	0	0	0	0	0	0	1	25	4	2	2	2	2	2	2	2	2	2	2	2	2	2	2	2	2	2	2	2	2	2	2	2	2	2	2	2	2	2	2	2	2	2	2	2	2	76	320	127	50	69	27	2	0	58	36931	18	19	7	1151	154	177	18	3	30	0	68	79	3	34	3	42	6	0	0	0	0	0	0	0	0	0	0	2	10	0	0	224	14	62	0	40	84	0	8	0	0	13	10553	5612	1393	2343	733	11314	2097	1098	178	11570	1740	5240	162	290	4338	2569	54	2451	82	0	3751	4783	666	2034	35	296	60	18	25	213	6	517	756	18	7872	363	85230	2	1	1	0	0	0	1	0	0	0	2	0	0	0	0	0	0	0	4	0	0	0	4	0	0	0	0	0	0	0	1	5	5	0	0	4	30	1323	245	1245	6	13	787	178	678	11	438	40	25	2	1	0	17	1	0	0	27	59	34	0	1	2	0	4	37	41	0	30	9	13	0	45	2	19	0	9	0	0	2	24	237	0	0	5	0	240	4	0	4	4	0	6	9	0	0	0	2	4	0	0	0	214	2	2	0	0	1	20	35	11	0	0	1	0	0	25	19	0	0	3	1	7	0	3	0	0	6	12	0	4	28	2	14	9	74	9	8	2	2	631	19	3	10	657	18	0	76	2	0	153	0	2	10	0	625	25	16	1	915	2	0	2	0	0	8	0	23	41	0	169	0	9002	11	24	14	3	1	21	23	4	3	8	24	14	2	5	1	12	2	0	4	27	27	1	1	1	0	1	1	28	1	2	22	1	1	53	1	65	6	1	12	26	2	0	2	18
0	0	0	0	0	0	0	0	0	0	0	0	0	0	0	0	0	0	0	0	0	0	0	0	0	0	0	0	0	0	0	0	0	0	0	0	1	1	13	4	4	4	4	5	4	4	4	4	4	5	4	4	4	4	5	4	4	4	4	4	4	4	4	4	4	4	4	4	4	4	4	4	4	4	4	160	34	11	9	10	9	9	9	9	11	9	9	9	9	10	9	11	9	9	9	9	9	10	9	9	9	9	9	9	10	16	9	9	9	9	9	9	9	375	1	1	1	1	1	1	1	1	1	1	1	1	1	1	1	1	1	1	1	1	1	1	1	1	1	1	1	1	1	1	1	1	1	1	1	1	1	37	0	0	0	0	0	0	0	0	0	0	0	0	0	0	0	0	0	0	0	0	0	0	0	0	0	0	0	0	0	0	0	0	0	0	0	0	0	0	16	9	8	8	8	8	8	8	8	8	8	8	8	8	8	8	9	8	8	8	8	8	8	8	8	8	8	8	8	9	8	8	8	8	8	8	8	307	0	0	0	0	0	0	0	0	0	0	0	0	0	0	0	0	0	0	0	0	0	0	0	0	0	0	0	0	0	0	0	0	0	0	0	0	0	0	4	4	4	4	4	4	4	4	4	4	5	4	4	4	4	4	4	4	4	5	4	4	4	4	4	4	4	4	4	4	4	4	4	4	4	4	4	150	8	4	4	4	4	4	4	4	4	4	4	4	4	4	4	4	4	4	4	4	4	4	4	4	4	4	4	4	4	4	4	4	4	4	4	4	6	154	0	0	0	0	0	0	0	0	0	0	0	0	0	0	0	0	0	0	0	0	0	0	0	0	0	0	0	0	0	0	0	0	0	0	0	0	1	1	0	0	0	0	0	0	0	0	0	0	0	0	0	0	0	0	0	0	0	0	0	0	0	0	0	0	0	0	0	0	0	0	0	0	0	0	0	0	1	0	0	0	0	0	0	0	0	0	0	0	0	0	0	0	0	0	0	0	0	0	0	0	0	0	0	0	0	0	0	0	0	0	0	0	0	1	64	35	33	34	33	35	33	33	35	33	34	34	33	36	33	36	33	33	33	34	34	34	33	33	33	33	33	33	34	40	33	33	33	33	33	34	33	1279	15	2	1	1	2	1	2	2	1	1	1	1	1	3	1	1	2	2	2	1	2	1	1	1	2	2	2	2	2	3	1	1	1	2	1	1	1	69	0	0	0	0	0	0	0	0	0	0	0	0	0	0	0	0	0	0	0	0	0	0	0	0	0	0	0	0	0	0	0	0	0	0	0	0	0	0	3	1	2	1	1	4	1	1	1	1	1	2	1	1	1	1	1	1	1	1	2	2	1	1	1	1	1	1	1	1	2	1	1	1	1	1	1	47	0	0	0	0	0	0	0	0	0	0	0	0	0	0	0	0	0	0	0	0	0	0	0	0	0	0	0	0	0	0	0	0	0	0	0	0	0	0	3	2	2	2	2	2	2	2	2	2	2	2	2	2	2	2	2	2	2	2	2	2	2	2	2	2	2	2	2	2	2	2	2	2	2	2	2	75	0	0	0	0	0	0	0	0	0	0	1	0	0	0	0	0	0	0	0	0	0	0	0	0	0	0	0	0	0	0	0	0	0	0	0	0	0	1	4	2	2	2	2	2	2	2	2	2	2	2	2	2	2	2	2	2	2	2	3	2	2	2	2	2	2	2	2	2	2	2	2	2	2	2	2	77	7	7	7	7	7	7	7	7	7	7	7	7	7	7	7	7	7	7	7	7	7	7	7	7	7	7	7	7	7	7	7	7	7	7	7	7	7	259	0	0	0	0	0	0	0	0	0	0	0	0	0	0	0	0	0	0	0	0	0	0	0	0	0	0	0	0	0	0	0	0	0	0	0	0	0	0	0	0	0	0	0	0	0	0	0	0	0	0	0	0	0	0	0	0	0	0	0	0	0	0	0	0	0	0	0	0	0	0	0	0	0	0	0	0	1	1	1	1	1	1	1	1	1	1	1	2	1	1	1	1	1	1	1	1	1	1	1	1	1	1	1	1	1	1	1	1	1	1	1	1	1	38	16	3	1	1	2	1	2	3	1	1	3	2	1	2	1	1	3	2	2	1	2	1	1	1	2	2	2	2	3	2	1	1	1	2	1	1	2	76	8	4	4	4	4	4	4	4	4	5	4	4	4	4	4	5	4	4	4	4	4	5	4	4	4	4	4	4	4	4	4	4	4	4	4	4	4	155	190	81	66	52	12	2	8	24	33095	11	10	0	801	105	261	22	0	17	0	14	103	0	2	0	44	6	0	0	0	0	0	2	0	0	0	0	0	38	0	0	114	9	115	0	9	68	0	7	0	0	6	35065	13372	2110	1512	828	5816	2979	2910	137	15033	2148	7282	689	947	3265	5587	390	702	425	0	5693	5565	1303	4795	96	283	31	86	400	1681	607	387	39870	85	2100	137	164316	0	2	1	0	1	0	1	0	0	0	2	0	0	2	1	0	0	1	5	0	0	0	0	0	0	1	1	0	1	1	2	1	1	1	0	1	26	1117	295	1044	0	8	653	174	642	14	435	66	16	28	0	0	35	1	2	0	38	58	31	0	1	12	0	4	32	42	8	14	1	2	1	19	0	25	0	14	0	6	0	4	197	0	0	2	0	217	4	0	0	26	10	14	10	0	30	1	2	4	0	0	2	242	0	0	0	0	2	16	29	8	0	7	2	0	0	11	7	0	6	0	0	0	0	0	0	0	2	22	9	4	33	8	28	0	76	14	9	3	1	555	18	5	5	676	22	0	104	0	0	150	1	3	25	0	536	23	13	1	810	0	1	0	1	1	8	1	22	44	0	162	0	8374	10	23	11	3	1	20	19	2	2	7	23	17	2	4	1	12	2	0	4	12	27	1	1	1	0	1	1	12	1	2	19	1	1	46	2	61	6	1	12	23	1	0	1	17
4	4	3	2	2	4	2	2	2	2	2	2	2	2	2	2	2	2	2	2	2	2	2	2	2	2	2	2	2	2	2	2	2	2	2	2	2	81	11	4	4	4	4	4	4	4	4	4	4	4	4	4	4	4	4	5	4	4	4	4	4	4	4	4	4	4	4	4	4	4	4	4	4	4	4	156	37	8	4	4	4	4	5	4	4	4	5	4	4	4	5	4	5	5	4	4	4	4	4	4	4	4	4	4	4	4	5	4	4	4	4	4	7	194	5	3	3	3	3	3	3	3	3	3	3	3	3	3	3	3	3	3	3	3	3	3	3	3	3	3	3	3	3	3	3	3	3	3	3	3	3	113	0	0	0	0	0	0	0	0	0	0	0	0	0	0	0	0	0	0	0	0	0	0	0	0	0	0	0	0	0	0	0	0	0	0	0	0	0	0	21	12	8	8	8	8	8	8	8	8	8	8	8	9	8	8	8	8	8	8	8	8	8	8	8	8	8	8	8	8	8	8	8	8	8	8	8	314	1	0	0	0	0	1	0	0	1	0	0	0	0	0	0	0	0	0	0	0	0	0	0	0	0	0	0	0	0	0	0	0	0	0	0	0	0	3	3	3	3	3	3	3	3	4	3	3	3	3	3	3	4	3	3	4	3	3	3	3	3	3	3	3	3	3	3	4	3	3	3	3	3	3	4	116	15	13	12	12	12	14	12	12	12	12	12	12	12	12	12	12	12	12	12	12	12	12	12	12	12	12	12	12	12	12	12	12	12	12	12	12	18	456	2	1	1	1	1	1	1	1	1	1	1	1	1	1	1	1	1	1	1	1	1	1	1	1	1	1	1	1	1	1	1	1	1	1	1	1	4	41	0	0	0	0	0	0	0	0	0	0	0	0	0	0	0	0	0	0	0	0	0	0	0	0	0	0	0	0	0	0	0	0	0	0	0	0	0	0	0	0	0	0	0	0	0	0	0	0	0	0	0	0	0	0	0	0	0	0	0	0	0	0	0	0	0	0	0	0	0	0	0	0	0	0	0	0	68	33	29	29	28	30	29	31	28	28	29	28	28	28	30	28	29	30	28	28	28	28	28	28	28	28	28	28	28	30	30	28	28	28	28	28	34	1105	17	3	3	3	3	3	5	3	3	3	3	3	3	3	3	3	4	3	3	3	3	3	3	3	3	3	3	3	3	3	3	3	3	3	3	3	4	129	0	0	0	0	0	0	0	0	0	0	0	0	0	0	0	0	0	0	0	0	0	0	0	0	0	0	0	0	0	0	0	0	0	0	0	0	1	1	6	6	5	5	6	6	6	7	5	5	5	5	5	5	8	5	6	6	6	5	5	5	5	5	6	6	6	6	6	6	6	5	5	6	5	5	5	206	0	0	0	0	0	0	0	0	0	0	0	0	0	0	0	0	0	0	0	0	0	0	0	0	0	0	0	0	0	0	0	0	0	0	0	0	0	0	0	0	0	0	0	0	0	0	0	0	0	0	0	0	0	0	0	0	0	0	0	0	0	0	0	0	0	0	0	0	0	0	0	0	0	0	0	0	0	0	0	0	0	0	0	0	0	0	0	0	0	0	0	0	0	0	0	0	0	0	0	0	0	0	0	0	0	0	0	0	0	0	0	0	0	0	4	3	3	3	3	3	3	4	3	3	3	3	3	3	3	3	3	3	3	3	3	3	3	3	3	3	3	3	3	3	4	3	3	3	3	3	3	114	3	2	2	2	2	2	2	2	2	2	2	2	2	2	2	2	2	2	2	2	2	2	2	2	2	2	2	2	2	2	2	2	2	2	2	2	2	75	1	1	1	1	1	1	1	1	1	1	1	1	1	1	1	1	1	1	1	1	1	1	1	1	1	1	1	1	1	1	1	1	1	1	1	1	1	37	0	0	0	0	0	0	0	0	0	0	0	0	0	0	0	0	0	0	0	0	0	0	0	0	0	0	0	0	0	0	0	0	0	0	0	0	0	0	1	1	1	1	1	1	1	1	1	1	1	1	1	1	1	1	1	1	1	1	1	1	1	1	1	1	1	1	1	1	1	1	1	1	1	1	1	37	14	0	0	0	0	0	3	1	0	0	0	0	0	0	0	0	1	0	0	1	0	1	0	0	0	1	0	0	0	0	2	0	0	0	0	0	0	24	4	2	2	2	2	2	2	2	2	2	2	2	2	2	2	2	2	2	2	2	2	2	2	2	2	2	2	2	2	2	2	2	2	2	2	2	3	77	264	158	75	51	22	1	0	23	22129	9	25	8	834	127	148	13	0	20	0	28	49	11	5	2	53	0	0	0	0	0	0	1	0	0	0	0	0	10	4	3	87	5	39	0	14	51	1	0	1	0	10	12366	9058	1001	3493	2101	4994	3355	1085	185	33242	1462	6428	1858	261	3793	1824	254	209	108	0	3580	2510	1535	2350	42	200	18	190	143	626	68	200	18166	151	555	140	117551	1	0	1	0	0	0	0	0	1	1	2	0	0	3	0	1	0	0	4	1	0	14	1	0	0	0	0	0	0	0	1	0	0	0	0	0	31	1117	219	925	4	26	616	169	602	13	428	17	13	14	0	0	9	0	0	1	11	60	45	0	3	5	0	0	14	13	12	16	2	7	5	10	0	25	0	23	0	5	0	13	178	4	0	1	0	265	3	0	3	9	0	8	20	0	7	0	0	1	0	0	0	231	2	2	0	2	1	11	55	7	0	0	0	0	0	14	1	0	9	2	0	1	0	0	0	1	0	19	0	9	45	2	15	0	40	12	3	2	0	612	19	22	4	719	25	0	84	2	0	112	0	3	21	0	534	20	8	2	771	0	0	1	0	0	4	1	15	36	0	322	0	8175	12	24	11	3	1	22	25	3	3	8	27	15	2	4	1	12	2	1	5	14	29	1	1	1	0	2	1	13	1	2	26	0	1	28	2	69	6	1	10	22	2	0	1	19
2	3	1	1	2	1	2	2	1	2	1	1	1	1	1	1	2	2	2	1	1	1	1	1	2	2	2	2	2	2	1	1	1	2	1	1	1	54	15	9	8	8	8	8	8	8	8	8	9	8	8	8	10	8	8	8	8	8	8	8	8	8	8	8	8	8	8	8	8	8	8	8	8	8	8	307	40	10	10	8	8	8	8	9	9	8	9	8	8	8	9	9	8	9	8	8	8	11	8	8	8	8	8	8	8	9	8	8	8	8	8	8	11	345	9	7	7	7	7	7	7	7	7	7	7	7	7	7	7	7	7	7	7	7	7	8	7	7	7	7	7	7	7	7	7	7	7	7	7	7	7	262	1	1	1	1	1	1	1	1	1	1	1	1	1	1	1	1	1	1	1	1	1	1	1	1	1	1	1	1	1	1	1	1	1	1	1	1	1	37	23	10	7	7	8	7	8	8	7	7	7	7	7	7	8	7	8	8	8	7	7	7	7	7	8	8	8	8	8	8	7	7	7	8	7	7	7	292	2	0	0	0	0	0	0	0	0	0	0	0	0	0	1	0	0	0	0	0	0	0	0	0	0	0	0	0	0	0	0	0	0	0	0	0	0	3	5	5	5	5	5	5	5	5	5	5	5	5	5	5	5	5	5	5	5	5	5	5	5	5	5	5	5	5	5	5	5	5	5	5	5	5	5	185	7	6	6	6	6	6	6	7	6	6	6	6	6	6	6	7	6	6	6	6	6	6	6	6	6	6	6	6	6	6	6	6	6	6	6	6	7	226	2	2	2	2	2	2	2	3	2	2	2	2	2	2	2	2	2	2	2	2	2	2	2	2	2	2	2	2	2	2	2	2	2	2	2	2	3	76	0	0	0	0	0	0	0	0	0	0	0	0	0	0	0	0	0	0	0	0	0	0	0	0	0	0	0	0	0	0	0	0	0	0	0	0	0	0	0	0	0	0	0	0	0	0	0	0	0	0	0	0	0	0	0	0	0	0	0	0	0	0	0	0	0	0	0	0	0	0	0	0	0	0	0	0	77	46	45	43	43	43	43	44	44	44	45	43	43	45	46	44	43	44	43	43	43	47	43	43	43	43	43	43	44	44	43	43	43	43	43	43	46	1651	11	3	2	2	2	2	2	3	2	3	2	2	2	2	3	2	2	2	2	2	2	2	2	2	2	2	2	2	2	2	3	2	2	2	2	2	3	89	0	0	0	0	0	0	0	0	0	0	0	0	0	0	0	0	0	0	0	0	0	0	0	0	0	0	0	0	0	0	0	0	0	0	0	0	0	0	6	6	6	6	6	6	6	6	6	6	6	6	6	7	6	6	6	6	6	6	6	6	6	6	6	6	6	6	6	6	6	6	6	6	6	6	6	223	0	0	0	0	0	0	0	0	0	0	0	0	0	0	0	0	0	0	0	0	0	0	0	0	0	0	0	0	0	0	0	0	0	0	0	0	0	0	0	0	0	0	0	0	0	0	0	0	0	0	0	0	0	0	0	0	0	0	0	0	0	0	0	0	0	0	0	0	0	0	0	0	0	0	0	0	0	0	0	0	0	0	0	0	0	0	0	0	0	0	0	0	0	0	0	0	0	0	0	0	0	0	0	0	0	0	0	0	0	0	0	0	0	0	1	1	1	1	1	1	1	1	1	1	1	1	1	2	1	1	1	1	1	1	1	1	1	1	1	1	1	1	1	1	1	1	1	1	1	1	1	38	4	4	4	4	4	4	4	4	4	5	4	4	4	4	4	4	4	4	4	4	4	4	4	4	4	4	4	4	4	4	4	4	4	4	4	4	4	149	0	0	0	0	0	0	0	0	0	0	0	0	0	0	0	0	0	0	0	0	0	0	0	0	0	0	0	0	0	0	0	0	0	0	0	0	0	0	0	0	0	0	0	0	0	0	0	0	0	0	0	0	0	0	0	0	0	0	0	0	0	0	0	0	0	0	0	0	0	0	0	0	0	0	0	0	0	0	0	0	0	0	0	0	0	0	0	0	0	0	0	0	0	0	0	0	0	1	0	0	0	0	0	0	0	0	0	0	0	0	0	0	0	1	14	3	1	0	0	1	0	0	3	1	0	0	0	0	1	1	0	0	0	1	1	1	0	0	0	0	0	0	0	0	0	0	0	0	0	0	1	29	7	6	6	6	6	6	6	6	6	6	6	6	6	6	6	6	6	6	6	6	6	6	6	6	6	6	6	6	6	6	6	6	6	6	6	7	6	224	218	110	40	33	2	0	0	13	24971	30	34	11	690	106	180	28	2	13	0	21	60	3	0	1	26	0	0	0	0	0	0	1	0	2	0	0	0	29	2	18	163	2	88	0	19	65	0	6	0	0	4	4904	7014	2859	1117	646	2555	1596	1253	35	16061	2020	3112	329	320	3519	7692	180	196	116	0	3802	2261	564	6167	29	292	26	59	34	269	50	601	2168	229	521	1435	74031	1	0	1	0	1	0	0	1	1	3	0	0	0	4	1	2	0	1	5	0	0	0	0	0	0	1	1	0	0	0	1	2	1	1	0	0	28	706	142	895	0	8	509	148	451	29	275	30	9	12	4	0	24	0	1	0	4	21	22	0	0	12	2	2	32	38	8	16	4	2	7	7	1	9	0	10	3	0	0	37	166	2	0	0	2	107	0	0	6	6	0	13	7	0	0	0	0	3	0	0	0	173	0	4	0	0	1	10	26	1	1	0	0	0	0	18	0	0	7	0	0	3	0	0	0	4	0	12	6	12	28	6	15	0	48	11	2	2	1	707	17	9	4	768	24	0	69	1	0	132	0	1	8	0	601	14	5	4	700	0	0	0	1	1	10	1	9	26	0	245	0	8402	12	26	11	3	1	21	24	3	3	8	31	16	2	4	1	12	3	1	5	12	28	1	1	1	0	2	1	11	1	2	23	1	1	28	2	60	6	1	10	20	1	0	1	19
3	2	2	2	2	2	2	2	2	2	2	2	2	2	2	2	2	2	2	2	2	2	2	2	2	2	2	2	2	2	2	2	2	2	2	2	4	77	14	11	10	10	10	10	10	10	10	10	10	10	10	10	10	10	10	10	11	10	10	10	10	10	10	10	10	10	10	10	10	10	10	10	10	10	11	377	29	11	11	10	8	8	9	11	8	8	8	8	8	8	8	8	8	9	8	8	8	8	8	8	8	8	8	8	8	8	8	8	8	8	8	8	9	331	0	0	0	0	0	0	0	1	0	0	0	0	0	0	0	0	0	0	0	0	0	0	0	0	0	0	0	0	0	0	0	0	0	0	0	0	0	1	0	0	0	0	0	0	0	0	0	0	0	0	0	0	0	0	0	0	0	0	0	0	0	0	0	0	0	0	0	0	0	0	0	0	0	0	0	0	29	14	12	12	12	12	12	12	12	12	12	12	12	12	12	12	12	12	13	12	12	12	12	12	12	12	12	12	12	12	12	12	12	12	12	12	14	466	1	0	0	0	0	0	0	0	0	0	0	0	0	0	0	0	0	0	0	0	0	0	0	0	0	0	0	0	0	0	0	0	0	0	0	0	0	1	8	8	8	8	8	8	8	8	8	8	8	8	8	8	8	8	8	8	8	8	8	8	8	8	8	8	8	8	8	8	8	8	8	8	8	8	9	297	11	8	8	9	8	8	8	9	8	8	8	8	8	8	8	8	8	8	8	8	9	9	8	8	8	8	8	8	8	8	8	8	8	8	8	8	10	305	0	0	0	0	0	0	0	0	0	0	0	0	0	0	0	0	0	0	0	0	0	0	0	0	0	0	0	0	0	0	0	0	0	0	0	0	1	1	1	1	1	1	1	1	1	1	1	1	1	1	1	1	1	1	1	1	1	1	1	1	1	1	1	1	1	1	1	1	1	1	1	1	1	1	1	37	0	0	0	0	0	0	0	0	0	0	0	0	0	0	0	0	0	0	0	0	0	0	0	0	0	0	0	0	0	0	0	0	0	0	0	0	0	0	64	44	44	43	41	41	42	44	41	41	41	42	41	45	41	41	41	42	41	42	42	41	41	44	42	41	41	41	41	41	41	41	41	41	42	41	47	1571	15	6	5	5	5	5	5	5	5	5	6	5	5	5	5	5	5	5	5	5	6	5	5	5	5	5	5	5	5	5	5	5	5	5	5	5	5	198	0	0	0	0	0	0	0	0	0	0	0	0	0	0	0	0	0	0	0	0	0	0	0	0	0	0	0	0	0	0	0	0	0	0	0	0	0	0	9	9	9	9	9	9	9	9	9	9	9	9	9	12	9	9	9	9	9	9	9	10	9	9	9	9	9	9	9	9	9	9	9	9	10	9	11	340	0	0	0	0	0	0	0	0	0	0	0	0	0	0	0	0	0	0	0	0	0	0	0	0	0	0	0	0	0	0	0	0	0	0	0	0	0	0	0	0	0	0	0	0	0	0	0	0	0	0	0	0	0	0	0	0	0	0	0	0	0	0	0	0	0	0	0	0	0	0	0	0	0	0	0	0	0	0	0	0	0	0	0	0	0	0	0	0	0	0	0	0	0	0	0	0	0	0	0	0	0	0	0	0	0	0	0	0	0	0	0	0	0	0	1	1	1	1	1	1	1	1	1	1	1	1	1	1	1	1	1	1	1	1	1	1	1	1	1	1	1	1	1	1	1	1	1	1	1	1	1	37	5	5	5	5	5	5	5	5	5	5	5	5	5	5	5	5	5	5	5	5	5	5	5	5	5	5	5	5	5	5	5	5	5	5	5	5	5	185	0	0	0	0	0	0	0	0	0	0	0	0	0	0	0	0	0	0	0	0	0	0	0	0	0	0	0	0	0	0	0	0	0	0	0	0	0	0	0	0	0	0	0	0	0	0	0	0	0	0	0	0	0	0	0	0	0	0	0	0	0	0	0	0	0	0	0	0	0	0	0	0	0	0	0	0	1	1	1	1	1	1	1	1	1	1	1	1	1	2	1	1	1	1	1	1	1	1	1	1	1	1	1	1	1	1	1	1	1	1	2	1	1	39	25	1	1	3	1	1	2	1	1	2	2	1	1	1	2	1	1	2	1	1	2	1	1	1	1	1	1	1	1	1	1	1	3	1	1	1	1	71	8	5	3	4	3	3	3	3	3	3	3	3	3	3	3	3	4	3	3	3	3	3	3	3	3	3	3	3	3	3	3	3	4	3	3	3	3	121	235	110	69	59	8	0	0	7	26015	7	15	6	761	93	162	8	0	8	0	75	58	0	12	0	52	8	0	0	0	0	0	0	0	0	0	0	0	14	0	5	138	7	73	0	30	70	0	0	0	0	3	7279	9097	2388	2336	6436	6867	3098	698	51	12320	1651	2662	530	228	2715	3414	60	314	163	1	2471	2909	831	4085	346	330	30	49	83	712	30	461	1168	28	684	2402	78927	2	1	0	0	0	1	2	0	2	0	2	0	0	0	1	0	0	1	5	2	0	2	0	0	1	0	1	0	0	1	1	0	0	1	0	0	26	910	172	717	6	15	585	113	498	4	300	39	16	2	0	1	22	1	0	0	15	40	34	1	0	17	1	4	18	15	12	12	0	10	1	19	0	22	0	28	0	3	0	12	182	0	0	8	0	168	0	0	0	0	0	20	0	1	6	0	3	8	0	0	0	195	0	4	0	0	0	14	37	2	0	0	9	0	0	28	0	0	3	2	1	0	0	0	0	1	1	15	1	0	46	0	18	0	93	11	9	1	0	937	17	6	0	731	25	0	72	2	1	137	0	3	1	0	585	14	10	8	686	0	0	1	0	0	7	1	18	22	0	272	0	8617	11	25	10	3	1	21	24	3	3	8	28	14	2	5	1	13	3	1	5	11	26	1	1	1	0	2	1	11	1	2	26	1	1	28	2	55	6	1	11	21	2	0	1	20
0	0	0	0	0	0	0	0	0	0	0	0	0	0	0	0	0	0	0	0	0	0	0	0	0	0	0	0	0	0	0	0	0	0	0	0	0	0	15	6	6	6	6	6	6	8	6	6	6	6	6	7	6	6	6	6	6	6	6	6	6	6	6	6	6	6	6	6	6	6	6	6	6	6	6	234	31	13	10	11	10	10	11	12	11	10	10	10	10	10	10	10	10	10	10	10	10	10	10	10	10	11	10	11	10	10	10	10	10	10	10	10	12	403	3	3	3	3	3	3	3	3	3	3	3	3	3	3	3	3	3	3	3	3	3	3	3	3	3	3	3	3	3	3	3	3	3	3	3	3	3	111	0	0	0	0	0	0	0	0	0	0	0	0	0	0	0	0	0	0	0	0	0	0	0	0	0	0	0	0	0	0	0	0	0	0	0	0	0	0	21	7	7	7	7	7	7	9	7	7	7	7	7	7	9	7	7	7	7	7	8	7	7	7	7	7	7	7	7	7	7	7	7	7	7	7	7	278	1	0	0	0	0	0	0	0	0	0	0	0	0	0	0	0	0	0	0	0	0	0	0	0	0	0	0	0	0	0	0	0	0	0	0	0	0	1	2	2	2	2	2	3	2	2	3	2	2	2	2	2	2	2	2	2	2	2	2	2	2	2	2	2	2	2	2	3	2	3	2	2	2	2	2	78	25	24	24	24	24	24	24	24	24	24	24	24	24	24	24	24	24	24	24	24	24	24	24	24	24	24	24	24	24	24	24	24	24	24	24	24	26	891	2	2	2	2	2	2	2	2	2	2	2	2	2	2	2	2	2	2	2	2	2	2	2	2	2	2	2	2	2	2	2	2	2	2	2	2	2	74	0	0	0	0	0	0	0	0	0	0	0	0	0	0	0	0	0	0	0	0	0	0	0	0	0	0	0	0	0	0	0	0	0	0	0	0	0	0	0	0	0	0	0	0	0	0	0	0	0	0	0	0	0	0	0	0	0	0	0	0	0	0	0	0	0	0	0	0	0	0	0	0	0	0	0	0	71	46	43	45	43	44	45	45	45	44	44	43	43	44	43	43	43	43	43	43	44	43	43	43	43	44	43	44	43	44	45	47	43	43	43	43	47	1648	17	2	2	2	2	2	2	2	2	2	2	2	2	2	2	2	2	2	2	2	2	4	2	2	2	2	2	2	2	2	2	2	2	2	2	2	2	91	0	0	0	0	0	0	0	0	0	0	0	0	0	0	0	0	0	0	0	0	0	0	0	0	0	0	0	0	0	0	0	0	0	0	0	0	0	0	6	4	4	4	4	4	5	4	4	4	5	4	4	4	4	4	4	4	4	4	4	4	4	4	4	4	4	4	4	4	5	4	4	4	4	4	9	158	0	0	0	0	0	0	0	0	0	0	0	0	0	0	0	0	0	0	0	0	0	0	0	0	0	0	0	0	0	0	0	0	0	0	0	0	0	0	0	0	0	0	0	0	0	0	0	0	0	0	0	0	0	0	0	0	0	0	0	0	0	0	0	0	0	0	0	0	0	0	0	0	0	0	0	0	1	1	1	1	1	1	1	1	1	1	1	1	1	1	1	1	1	1	1	1	1	1	1	1	1	1	1	1	1	1	1	1	1	1	1	1	1	37	1	0	0	0	0	0	0	0	0	0	0	0	0	0	0	0	0	0	0	0	0	0	0	0	0	0	0	0	0	0	0	0	0	0	0	0	1	2	6	6	6	6	6	6	6	6	6	7	6	6	6	6	6	6	6	6	6	6	6	6	6	6	6	6	6	6	6	6	6	6	6	6	6	6	6	223	1	1	1	1	1	1	1	1	1	1	1	1	1	1	1	1	1	1	1	1	1	1	1	1	1	1	1	1	1	1	1	1	1	1	1	1	1	37	0	0	0	0	0	0	0	0	0	0	0	0	0	0	0	0	0	0	0	0	0	0	0	0	0	0	0	0	0	0	0	0	0	0	0	0	1	1	8	7	7	7	7	7	7	7	7	7	7	7	7	7	7	7	7	7	7	7	7	7	7	7	7	7	7	7	7	7	7	10	7	7	7	7	7	263	19	3	2	1	1	1	1	1	2	1	1	2	1	1	1	1	1	1	2	1	1	4	1	1	1	1	1	2	1	2	1	1	1	1	1	1	3	68	10	10	10	10	10	10	12	10	10	13	10	10	10	10	10	10	10	10	10	11	10	10	10	11	10	10	10	10	10	11	10	10	10	10	10	10	10	378	260	127	51	55	4	0	6	24	26582	9	19	5	908	107	324	7	1	17	0	25	80	2	11	2	27	1	0	0	0	0	0	3	1	2	0	1	0	26	0	13	94	9	82	0	30	55	0	0	1	0	6	8396	4550	886	607	12483	14408	2040	771	90	13296	2412	8041	403	385	9485	3127	232	952	58	1	4265	3343	1294	3732	227	151	21	24	220	270	57	255	1668	37	1288	8137	107612	3	4	4	4	1	1	1	2	1	0	0	0	0	1	1	0	2	3	7	3	0	6	0	0	4	4	3	2	1	3	1	0	0	3	0	3	68	1142	249	1076	4	23	716	101	569	0	369	33	8	22	0	6	26	1	2	0	52	26	56	0	2	19	3	4	24	40	0	40	1	13	3	15	0	23	0	28	0	0	0	21	207	0	0	5	0	165	1	0	2	15	0	19	10	0	18	0	0	6	0	0	0	250	2	3	0	0	0	19	43	4	0	0	1	0	0	10	8	0	4	2	0	6	0	0	0	0	1	12	2	0	50	6	13	0	58	5	2	2	0	549	6	16	2	680	20	0	75	0	0	135	0	0	4	0	580	12	11	14	690	0	0	0	0	1	4	2	28	18	0	315	0	8236	11	24	13	3	1	19	65	8	2	9	25	13	2	4	1	14	3	1	5	10	28	1	1	1	0	2	1	10	1	2	24	1	1	25	1	59	6	1	10	19	1	0	1	17
1	1	1	1	1	1	1	1	1	1	1	1	3	1	1	1	1	1	1	1	1	1	1	1	1	1	1	2	1	1	1	1	1	1	1	1	2	41	18	5	5	5	5	6	5	5	5	5	5	5	5	5	5	5	5	5	5	5	5	5	5	5	6	5	5	5	5	5	5	5	5	5	5	5	9	204	26	8	7	7	8	7	8	8	8	7	7	7	7	7	7	8	7	8	7	7	7	7	7	7	7	7	7	7	7	8	7	7	7	8	7	7	9	289	3	2	2	2	2	2	2	2	2	2	2	2	2	2	2	2	2	2	2	2	2	2	2	2	2	2	2	2	2	2	2	2	2	2	2	2	3	76	1	0	0	0	0	0	0	0	0	0	0	0	0	0	0	0	0	0	0	0	0	0	0	0	0	0	0	0	0	0	0	0	0	0	0	0	0	1	25	7	7	8	7	7	7	7	7	7	7	7	7	7	10	7	7	7	7	7	7	8	7	7	8	7	7	7	7	7	7	7	7	7	7	7	10	286	0	0	0	0	1	0	0	0	0	0	0	0	0	0	0	0	0	0	0	0	0	2	0	0	0	0	0	0	0	0	0	0	0	0	0	0	0	3	3	3	3	3	3	3	3	4	4	3	3	3	3	3	3	3	3	3	3	3	3	3	3	3	3	3	3	3	3	3	3	3	3	3	3	3	4	114	12	12	11	11	12	11	12	11	11	11	11	11	11	11	11	11	11	11	11	11	11	11	11	11	11	11	11	11	11	11	11	11	11	11	11	11	12	412	3	3	3	3	3	3	3	3	3	3	3	3	3	3	3	3	3	3	3	3	3	3	3	3	3	3	3	3	3	3	3	3	3	3	3	3	3	111	0	0	0	0	0	0	0	0	0	0	0	0	0	0	0	0	0	0	0	0	0	0	0	0	0	0	0	0	0	0	0	0	0	0	0	0	0	0	0	0	0	0	0	0	0	0	0	0	0	0	0	0	0	0	0	0	0	0	0	0	0	0	0	0	0	0	0	0	0	0	0	0	0	0	0	0	49	29	28	30	30	29	29	32	30	28	28	29	28	29	29	29	28	31	28	28	28	29	28	28	29	28	28	28	28	30	28	28	29	29	29	28	33	1089	12	2	2	2	2	2	3	2	2	2	2	2	2	2	4	2	2	2	2	2	2	2	2	2	2	2	2	2	2	2	2	2	2	2	2	2	4	89	0	0	0	0	0	0	0	0	0	0	0	0	0	0	0	0	0	0	0	0	0	0	0	0	0	0	0	0	0	0	0	0	0	0	0	0	0	0	3	1	1	1	2	2	1	1	1	1	1	2	1	1	3	1	1	1	1	1	1	1	1	1	2	1	1	1	1	1	1	1	3	1	2	1	6	53	0	0	0	0	0	0	0	0	0	0	0	0	0	0	0	0	0	0	0	0	0	0	0	0	0	0	0	0	0	0	0	0	0	0	0	0	0	0	1	1	1	1	1	1	1	1	1	1	1	1	1	1	1	1	1	1	1	1	1	1	1	1	1	1	1	1	1	1	1	1	1	1	1	1	1	37	0	0	0	0	0	0	0	0	0	0	0	0	0	0	0	0	0	0	0	0	0	0	0	0	0	0	0	0	0	0	0	0	0	0	0	0	0	0	4	4	4	4	4	4	4	4	4	4	4	4	4	4	4	4	4	4	4	4	4	4	4	4	4	4	4	4	4	4	4	4	4	4	4	4	4	148	1	1	1	1	1	1	1	1	1	1	1	1	1	1	1	1	1	1	1	1	1	1	1	1	1	1	1	1	1	1	1	1	1	1	1	1	1	37	0	0	0	0	0	0	0	0	0	0	0	0	0	0	0	0	0	0	0	0	0	0	0	0	0	0	0	0	0	0	0	0	0	0	0	0	0	0	0	0	0	0	1	0	0	0	0	0	0	0	0	0	0	0	0	0	0	0	0	0	0	0	0	0	0	0	0	0	0	0	0	0	0	0	0	1	0	0	0	0	0	0	0	0	0	0	0	0	0	0	0	0	0	0	0	0	0	1	0	0	1	0	0	0	0	0	0	0	1	0	1	0	0	4	28	3	3	1	1	1	2	1	1	1	1	1	1	1	3	1	1	1	1	1	2	1	1	1	1	1	1	1	1	1	1	1	1	2	1	1	3	75	7	5	4	4	4	4	4	4	4	4	4	4	4	4	4	4	4	4	4	4	4	4	4	4	4	4	4	4	4	4	4	4	4	4	4	4	6	154	210	79	53	51	15	1	6	5	19369	18	6	4	501	94	237	3	0	11	0	19	55	2	8	2	26	0	0	0	0	0	0	1	0	0	0	0	1	23	0	2	81	5	59	0	48	97	0	0	0	1	3	6847	10518	1829	776	30713	34279	2091	1624	33	11737	1552	2979	10447	10548	6853	1621	946	314	718	0	3837	3833	2331	3811	188	1115	111	89	68	305	10	149	1146	59	1147	5563	160187	2	4	1	3	2	8	1	1	1	1	2	0	0	2	2	2	1	2	7	1	0	0	0	0	2	2	2	1	1	2	1	3	1	1	0	1	60	1522	171	917	9	14	619	84	469	1	298	13	16	21	2	0	15	0	4	0	4	61	18	0	0	18	2	2	34	18	1	28	8	1	2	2	0	12	0	14	0	2	0	8	218	0	0	17	0	202	5	0	0	3	3	13	10	0	15	0	0	2	0	0	0	188	0	5	0	0	0	3	33	7	0	5	2	0	0	12	0	0	0	4	0	0	8	3	3	0	0	7	10	0	61	2	19	0	55	12	0	0	0	427	12	4	2	724	13	0	85	1	0	179	1	0	1	0	615	18	16	5	817	0	0	1	0	0	2	2	12	17	0	232	7	8932	12	27	10	4	1	23	33	3	2	9	29	14	2	5	1	15	3	1	6	11	31	1	1	1	0	2	1	12	1	3	30	1	1	30	2	78	9	1	14	21	2	0	2	21
2	0	0	0	2	4	0	0	0	0	0	0	0	0	0	0	0	0	0	0	0	0	0	0	0	0	0	0	0	0	0	0	0	0	0	0	0	8	12	7	5	5	7	5	6	6	5	5	5	5	5	5	6	5	5	5	5	5	5	5	5	5	5	5	5	5	5	5	5	5	5	5	5	5	6	200	21	5	4	3	3	3	4	3	3	3	4	3	3	3	3	3	3	3	3	3	3	3	3	3	3	3	3	3	5	4	3	3	3	4	3	3	5	140	2	0	0	0	0	0	0	0	0	0	0	0	0	0	0	0	0	0	0	0	0	0	0	0	0	0	0	0	0	0	0	0	0	0	0	0	0	2	0	0	0	0	0	0	0	0	0	0	0	0	0	0	0	0	0	0	0	0	0	0	0	0	0	0	0	0	0	0	0	0	0	0	0	0	0	0	22	10	5	5	6	5	7	5	6	5	5	5	5	5	5	5	5	7	5	6	5	5	5	5	5	5	5	5	5	5	5	5	5	6	5	5	9	219	0	0	0	0	0	2	0	0	0	0	0	0	0	0	0	0	0	0	0	0	0	0	0	0	0	0	0	0	0	0	0	0	0	0	0	0	0	2	2	2	2	2	2	2	3	3	2	2	2	2	2	2	3	2	2	2	2	2	2	2	2	2	2	2	2	2	2	2	2	2	2	3	2	2	2	78	6	4	3	3	4	3	4	4	3	3	4	3	3	3	3	3	4	4	4	3	3	3	3	3	4	4	4	4	4	4	3	3	3	4	3	3	7	133	0	1	0	0	1	0	1	1	0	0	0	0	0	0	0	0	1	1	1	0	0	0	0	0	1	1	1	1	1	1	0	0	0	1	0	0	2	16	0	0	0	0	0	0	0	0	0	0	0	0	0	0	0	0	0	0	0	0	0	0	0	0	0	0	0	0	0	0	0	0	0	0	0	0	0	0	0	0	0	0	0	0	0	0	0	0	0	0	0	0	0	0	0	0	0	0	0	0	0	0	0	0	0	0	0	0	0	0	0	0	0	0	0	0	55	34	33	32	35	32	34	35	32	32	33	32	32	33	33	33	32	32	32	32	32	32	32	32	32	32	32	32	34	33	32	32	32	34	33	32	39	1235	15	2	2	2	3	5	2	2	2	2	3	2	2	2	2	2	2	2	2	2	2	2	2	2	2	2	2	2	2	2	2	2	2	2	2	2	3	93	0	0	0	0	1	0	0	0	0	0	0	0	0	0	0	0	0	0	0	0	0	0	0	0	0	0	0	0	0	0	0	0	0	0	0	0	0	1	6	4	4	4	7	4	4	4	4	5	4	4	4	5	5	6	4	4	4	4	4	5	4	4	4	4	4	4	4	4	4	4	4	4	5	5	6	163	0	0	0	0	0	0	0	0	0	0	0	0	0	0	0	0	0	0	0	0	0	0	0	0	0	0	0	0	0	0	0	0	0	0	0	0	0	0	0	0	0	0	0	0	0	0	0	0	0	0	0	0	0	0	0	0	0	0	0	0	0	0	0	0	0	0	0	0	0	0	0	0	0	0	0	0	1	1	1	1	1	1	1	1	1	1	1	1	1	1	1	1	1	1	1	1	1	1	1	1	1	1	1	1	1	1	1	1	1	1	1	1	1	37	5	4	4	4	4	4	4	4	4	4	4	4	4	5	4	5	4	4	4	4	4	4	4	4	4	4	4	4	4	4	4	4	4	4	4	4	5	152	2	2	2	2	2	2	2	2	2	2	2	2	2	2	2	2	2	2	2	2	2	2	2	2	2	2	2	2	2	2	2	2	2	2	2	2	2	74	0	0	0	0	0	0	0	0	0	0	0	0	0	0	0	0	0	0	0	0	0	0	0	0	0	0	0	0	0	0	0	0	0	0	0	0	0	0	1	1	1	1	1	1	1	1	1	1	1	1	1	1	1	1	1	1	1	1	1	1	1	1	1	1	1	1	1	1	1	1	1	1	1	1	2	38	0	0	0	0	0	0	0	0	0	0	0	0	0	0	0	0	0	0	0	0	0	0	0	0	0	0	0	0	0	0	0	0	0	0	0	0	0	0	21	2	0	0	1	3	0	0	0	0	0	0	0	0	0	0	1	0	1	0	1	0	0	0	0	0	0	0	0	0	0	0	0	0	0	1	1	32	9	4	4	4	7	4	5	4	4	4	4	4	4	5	4	4	4	4	4	4	4	4	4	4	4	4	4	4	4	4	4	4	4	4	4	4	4	158	202	86	51	81	1	0	0	24	15970	7	11	3	703	72	126	6	0	16	0	19	68	0	2	0	9	0	0	0	0	0	0	4	0	0	0	0	0	2	0	0	117	0	30	0	18	60	0	0	0	0	3	19608	21426	10310	2141	200000	200000	3334	3094	2122	26076	2023	8051	788	413	15448	3902	4064	1508	1639	0	2747	6392	1198	9730	7807	726	606	425	714	3347	262	210	2119	136	661	1320	564347	1	0	1	0	0	1	0	0	0	3	2	0	0	2	0	4	0	0	4	2	0	0	0	0	0	0	0	0	0	0	2	0	0	0	0	0	22	690	194	773	3	5	472	125	442	3	308	37	16	5	0	0	0	7	0	0	11	47	36	3	0	2	0	0	24	18	6	24	1	6	4	23	0	10	2	13	5	2	0	21	165	1	0	4	0	114	9	0	1	7	0	5	3	0	4	0	0	0	0	0	5	143	0	1	0	0	3	6	28	0	0	0	0	0	0	4	1	0	2	0	0	0	4	1	0	0	0	7	3	3	28	0	6	0	21	16	0	1	1	1449	14	7	2	635	18	0	86	2	1	305	0	0	2	0	547	11	4	2	724	0	0	0	0	0	6	1	16	13	0	288	0	8934	17	27	11	4	1	27	34	3	3	9	34	16	2	6	1	13	3	1	6	12	33	1	1	1	0	2	1	13	1	3	31	1	1	33	2	75	9	2	14	23	2	0	2	23
3	2	2	2	8	8	2	2	2	2	2	2	2	2	2	2	2	2	2	2	2	3	2	2	2	2	2	2	2	2	2	2	2	2	2	2	4	90	18	7	7	7	13	8	7	7	7	7	7	7	7	8	8	7	7	7	7	7	7	7	7	7	7	7	7	7	7	7	7	7	7	8	7	7	10	283	23	7	6	6	6	6	6	7	6	6	6	6	6	6	6	6	6	6	6	6	6	6	6	6	6	6	6	6	6	6	6	6	6	6	6	6	8	243	0	0	0	0	0	0	1	0	0	0	0	0	0	0	0	0	0	0	0	0	0	0	0	0	0	0	0	0	0	0	0	0	0	0	0	0	0	1	0	0	0	0	0	0	0	0	0	0	0	0	0	0	0	0	0	0	0	0	0	0	0	0	0	0	0	0	0	0	0	0	0	0	0	0	0	0	27	6	6	6	8	7	7	6	6	6	6	6	6	7	7	6	6	6	6	6	6	6	6	6	6	6	6	6	6	6	6	6	6	6	6	6	7	250	0	0	0	0	0	4	0	0	0	0	0	0	0	0	0	0	0	0	0	0	0	0	0	0	0	0	0	0	0	0	0	0	0	0	0	0	0	4	7	6	6	6	6	6	6	6	6	6	6	6	6	6	6	6	6	6	6	6	6	6	6	6	6	6	6	6	6	6	6	6	6	7	6	6	6	224	13	10	10	10	10	10	10	10	10	10	11	10	10	10	10	11	10	10	10	10	10	10	10	10	10	10	10	10	10	10	10	10	10	10	10	10	16	381	2	2	2	2	2	2	2	2	2	2	2	2	2	2	2	2	2	2	2	2	2	2	2	2	2	2	2	2	2	2	2	2	2	2	2	2	3	75	0	0	0	0	0	0	0	0	0	0	0	0	0	0	0	0	0	0	0	0	0	0	0	0	0	0	0	0	0	0	0	0	0	0	0	0	0	0	0	0	0	0	0	0	0	0	0	0	0	0	0	0	0	0	0	0	0	0	0	0	0	0	0	0	0	0	0	0	0	0	0	0	0	0	0	0	55	35	34	34	44	39	35	35	34	34	34	34	34	35	36	34	34	34	34	34	34	34	34	34	34	34	34	34	34	35	34	34	34	35	34	34	45	1313	25	3	2	3	2	10	2	2	2	2	3	2	2	3	2	2	2	2	2	2	2	2	2	2	2	2	2	2	3	2	2	2	2	2	2	2	2	110	0	0	0	0	0	0	0	0	0	0	0	0	0	0	0	0	0	0	0	0	0	0	0	0	0	0	0	0	0	0	0	0	0	0	0	0	0	0	9	4	3	3	9	3	5	4	3	4	3	4	3	3	4	4	4	4	4	3	3	4	3	3	4	4	4	4	4	4	3	3	3	4	3	3	4	143	0	0	0	0	0	0	0	0	0	0	0	0	0	0	0	0	0	0	0	0	0	0	0	0	0	0	0	0	0	0	0	0	0	0	0	0	0	0	0	0	0	0	0	0	0	0	0	0	0	0	0	0	0	0	0	0	0	0	0	0	0	0	0	0	0	0	0	0	0	0	0	0	0	0	0	0	0	0	0	0	0	0	0	0	0	0	0	0	0	0	0	0	0	0	0	0	0	0	0	0	0	0	0	0	0	0	0	0	0	0	0	0	0	0	4	4	4	4	5	4	5	4	4	4	4	4	4	4	4	4	4	4	4	4	4	4	4	4	4	4	4	4	4	4	4	4	4	4	4	4	4	150	3	3	3	3	3	3	3	3	3	3	3	3	3	3	3	3	3	3	3	3	3	3	3	3	3	3	3	3	3	3	3	3	3	3	3	3	3	111	0	0	0	0	0	0	0	0	0	0	0	0	0	0	0	0	0	0	0	0	0	0	0	0	0	0	0	0	0	0	0	0	0	0	0	0	0	0	1	1	1	1	1	1	1	1	1	1	1	1	1	1	1	1	1	1	1	1	1	1	1	1	1	1	1	1	1	1	1	1	1	1	1	1	1	37	0	0	0	0	0	0	0	0	0	0	0	0	0	0	0	0	0	0	0	0	0	0	0	0	0	0	0	0	0	0	0	0	0	0	0	0	0	0	26	6	2	2	2	26	2	2	1	1	2	1	1	2	1	1	1	2	1	1	1	2	1	1	1	1	1	1	1	1	1	1	1	1	1	1	1	101	4	2	2	2	4	4	2	2	2	2	2	2	2	2	2	2	2	2	2	2	2	2	2	2	3	2	2	2	2	2	2	2	2	2	2	2	6	85	308	93	83	68	0	0	0	35	15783	15	22	8	600	75	195	5	3	20	0	34	93	1	6	2	39	0	0	0	0	0	0	0	0	0	0	0	2	31	0	0	94	2	44	0	9	67	0	0	0	0	6	22799	54691	8467	3221	200000	200000	6732	3890	406	57522	3924	2953	1033	834	7847	6776	753	826	5764	0	5432	4266	4557	15109	5829	2660	215	1389	662	680	72	383	3871	134	982	1169	635848	0	1	0	0	1	1	0	0	2	0	1	0	0	1	1	0	0	0	4	1	0	3	0	0	0	1	0	0	0	0	0	0	0	0	0	0	17	970	144	859	4	15	574	118	439	6	337	17	5	12	1	0	64	0	0	5	16	30	59	0	3	7	0	0	21	18	0	30	2	10	1	17	1	11	2	9	0	3	0	7	233	1	0	3	0	231	0	0	0	8	0	13	5	0	0	0	0	4	2	0	1	194	0	3	0	0	0	7	34	0	0	0	1	0	0	32	0	0	3	1	0	0	0	1	0	0	0	20	7	3	33	5	5	6	29	11	5	4	1	2517	19	19	0	731	23	0	83	4	0	289	0	0	4	1	572	18	19	25	542	0	0	0	0	1	3	1	39	16	0	381	0	10302	17	27	12	5	1	27	35	4	2	11	36	15	3	6	1	16	4	1	6	12	29	1	1	1	0	2	1	12	1	3	32	1	1	33	2	73	11	2	13	29	2	0	3	23
3	2	2	2	4	3	2	2	2	2	2	2	2	2	2	2	2	2	2	2	2	3	2	2	3	2	2	2	2	2	2	2	2	2	2	2	2	80	18	8	8	8	11	8	8	8	8	8	8	8	8	9	8	8	8	8	8	8	8	8	8	8	8	8	8	8	8	8	8	8	8	8	8	8	10	312	16	3	4	3	3	5	3	6	4	3	3	3	3	3	4	3	3	3	3	3	3	3	3	3	3	3	3	3	3	4	3	3	3	3	3	3	8	138	2	2	2	2	2	2	2	2	2	2	2	2	2	2	2	2	2	2	2	2	2	2	2	2	2	2	2	2	2	2	2	2	2	2	2	2	2	74	0	0	0	0	0	0	0	0	0	0	0	0	0	0	0	0	0	0	0	0	0	0	0	0	0	0	0	0	0	0	0	0	0	0	0	0	0	0	27	6	4	4	4	4	4	4	4	4	4	4	4	4	4	4	4	4	4	4	4	4	4	4	4	4	4	4	4	4	4	4	4	4	4	4	6	175	0	0	0	0	0	0	0	0	0	0	0	0	0	0	0	0	0	0	0	0	0	1	0	0	0	0	0	0	0	0	0	0	0	0	0	0	0	1	1	0	0	0	0	0	0	0	0	0	0	0	0	1	0	0	0	0	0	0	0	0	0	0	0	0	0	0	0	0	0	0	0	0	0	0	0	2	13	8	8	8	9	8	8	8	8	8	8	8	8	8	8	9	8	8	8	8	8	8	8	8	9	8	8	8	8	8	8	8	8	8	8	8	12	308	1	1	1	1	1	1	1	1	1	1	1	1	1	1	1	1	1	1	1	1	1	1	1	1	1	1	1	1	1	1	1	1	1	1	1	1	2	38	0	0	0	0	0	1	0	0	0	1	0	0	1	0	0	0	0	0	0	0	1	0	0	0	0	0	0	0	0	0	0	0	0	0	0	0	0	4	0	0	0	0	0	0	0	0	0	0	0	0	0	0	0	0	0	0	0	0	0	0	0	0	0	0	0	0	0	0	0	0	0	0	0	0	0	0	48	31	31	30	35	33	30	34	31	30	30	30	30	32	31	30	30	31	30	30	30	31	30	30	30	30	30	30	30	31	31	30	30	30	30	30	38	1158	17	2	3	1	1	24	1	2	1	1	1	1	1	1	1	1	1	1	1	1	1	1	1	1	2	1	1	1	1	1	1	1	1	1	1	1	2	82	0	0	0	0	0	0	0	0	0	0	0	0	0	0	0	0	0	0	0	0	0	0	0	0	0	0	0	0	0	0	0	0	0	0	0	0	0	0	3	4	2	2	11	4	3	3	2	3	2	2	3	5	3	2	3	4	3	2	3	3	2	2	3	3	3	3	3	3	2	2	2	3	2	2	3	110	0	0	0	0	0	0	0	0	0	0	0	0	0	0	0	0	0	0	0	0	0	1	0	0	0	0	0	0	0	0	0	0	0	0	0	0	0	1	1	1	1	1	1	1	1	1	1	1	1	1	1	1	1	1	1	1	1	1	1	1	1	1	1	1	1	1	1	1	1	1	1	1	1	1	1	37	0	0	0	0	0	0	0	0	0	0	0	0	0	0	0	0	0	0	0	0	0	0	0	0	0	0	0	0	0	0	0	0	0	0	0	0	0	0	3	3	3	3	4	3	3	3	3	3	3	3	3	4	3	3	3	3	3	3	3	3	3	3	3	3	3	3	3	3	3	3	3	3	3	3	3	113	5	5	5	5	5	5	5	5	5	5	5	5	5	5	5	5	5	5	5	5	5	5	5	5	5	5	5	5	5	5	5	5	5	5	5	5	5	185	0	0	0	0	0	0	0	0	0	0	0	0	0	0	0	0	0	0	0	0	0	0	0	0	0	0	0	0	0	0	0	0	0	0	0	0	0	0	0	0	0	0	2	0	0	0	0	0	0	0	0	0	0	0	0	0	0	0	0	0	0	0	0	0	0	0	0	0	0	0	0	0	0	0	0	2	1	2	1	1	1	1	1	1	1	1	1	1	1	1	1	1	1	2	1	1	1	1	1	1	1	1	1	1	1	1	1	1	1	1	1	1	1	39	18	3	2	0	0	27	1	0	0	0	0	0	0	0	0	0	0	1	0	0	0	1	0	0	0	0	0	0	0	0	0	0	0	0	0	0	1	54	2	2	2	2	4	2	2	3	3	2	2	2	2	2	2	2	2	2	2	2	2	2	2	2	2	2	2	2	2	2	2	2	2	2	2	2	6	82	251	79	21	18	3	1	0	17	22092	18	36	12	550	56	280	7	0	16	0	4	50	2	6	11	45	0	0	0	0	0	0	0	0	0	0	0	0	16	0	9	102	12	87	0	3	63	0	0	2	0	6	8475	29702	2692	3098	200000	200000	4337	8045	205	13710	2138	3275	1404	776	4935	2857	523	944	1784	0	2385	3373	818	22294	3209	728	222	515	3804	913	30	137	2982	84	983	259	531636	0	2	2	3	1	0	1	2	3	1	1	0	0	0	0	1	4	1	6	0	0	8	0	0	3	1	1	4	3	3	1	2	1	3	0	0	58	757	162	748	1	10	541	128	392	9	205	18	12	18	3	5	4	4	1	1	34	46	42	0	2	4	2	0	23	42	9	6	0	4	4	25	5	11	0	8	0	3	0	18	233	0	0	9	0	118	7	0	1	11	15	6	2	0	3	0	0	2	0	0	0	148	0	0	0	0	0	5	21	3	0	0	0	0	0	7	1	0	3	8	0	2	5	0	0	0	4	17	5	5	30	1	10	0	57	21	8	1	0	2162	28	17	0	777	17	0	97	0	1	238	3	0	3	0	560	15	16	1	857	0	1	0	0	1	4	1	31	32	0	523	0	10450	12	28	10	5	1	25	39	4	2	9	33	15	3	6	1	16	4	1	6	13	26	1	1	1	0	2	1	13	1	3	29	1	1	31	2	72	11	1	13	27	2	0	4	22
0	1	0	0	0	6	0	0	0	0	0	0	0	0	0	0	0	0	0	0	0	0	0	0	0	0	0	0	0	5	0	0	0	0	0	0	1	13	16	8	6	7	10	8	7	8	6	6	6	6	6	6	6	6	7	7	7	6	6	6	6	6	7	7	7	7	7	7	6	6	6	7	6	6	8	256	23	5	6	4	5	4	5	5	4	4	4	4	4	4	6	4	5	5	5	4	4	4	4	4	5	5	6	5	5	5	4	4	4	5	4	4	6	188	4	2	2	2	3	2	2	3	2	2	2	2	2	2	2	2	2	2	2	2	2	2	2	2	2	2	2	2	2	2	2	2	2	2	2	2	2	78	0	0	0	0	0	0	0	0	0	0	0	0	0	0	0	0	0	0	0	0	0	0	0	0	0	0	0	0	0	0	0	0	0	0	0	0	0	0	34	3	3	3	2	2	2	2	2	3	2	2	2	2	3	2	2	2	2	2	2	2	2	2	2	2	2	2	2	2	2	2	2	2	2	2	6	115	0	0	0	0	0	1	0	0	0	0	0	0	0	0	0	0	0	0	0	0	0	0	0	0	0	0	0	0	0	0	0	0	0	0	0	0	0	1	9	9	9	9	9	9	9	10	9	9	9	9	9	9	9	9	9	9	9	9	9	9	9	9	9	9	9	9	9	9	9	9	9	9	9	9	9	334	12	12	12	12	12	12	12	12	12	12	12	12	12	12	12	12	12	12	12	12	12	12	12	12	12	12	12	12	12	12	12	12	12	12	12	12	14	446	7	7	7	7	7	7	7	7	7	7	7	7	7	7	7	7	7	7	7	7	7	7	7	7	7	7	7	7	7	7	7	7	7	7	7	7	7	259	0	0	0	0	0	1	0	0	0	0	0	0	0	0	0	0	0	0	0	0	0	0	0	0	0	0	0	0	0	0	0	0	0	0	0	0	0	1	0	0	0	0	0	0	0	0	0	0	0	0	0	0	0	0	0	0	0	0	0	0	0	0	0	0	0	0	0	0	0	0	0	0	0	0	0	0	59	41	42	40	45	41	41	43	41	40	40	40	40	40	42	40	41	42	41	40	40	40	40	40	42	41	42	41	41	41	40	40	41	41	40	40	46	1535	25	4	4	4	3	10	3	3	3	3	5	3	3	3	3	3	3	3	3	3	3	3	3	3	3	3	4	3	3	3	4	3	4	3	3	3	3	148	3	2	2	2	5	2	2	2	2	2	2	2	2	2	2	2	2	2	2	2	2	2	2	2	2	2	2	2	2	2	2	2	2	2	2	2	2	78	6	7	4	4	12	9	7	9	4	4	4	4	4	4	4	4	7	8	8	4	4	4	4	4	8	7	8	7	7	7	4	4	4	7	4	4	5	209	0	0	0	0	0	0	0	0	0	0	0	0	0	0	0	0	0	0	0	0	0	0	0	0	0	0	0	0	0	0	0	0	0	0	0	0	0	0	1	1	1	1	1	1	1	1	1	1	1	1	1	1	1	1	1	1	1	1	1	1	1	1	1	1	1	1	1	1	1	1	1	1	1	1	2	38	1	1	1	1	1	1	1	1	1	1	1	1	1	1	1	1	1	1	1	1	1	1	1	1	1	1	1	1	1	1	1	1	1	1	1	1	1	37	6	6	6	6	6	6	6	6	6	6	6	6	6	6	6	6	6	6	6	6	6	6	6	6	6	6	6	6	6	6	6	6	6	6	6	6	6	222	2	2	2	2	2	2	2	2	2	2	2	2	2	2	2	2	2	2	2	2	2	2	2	2	2	2	2	2	2	2	2	2	2	2	2	2	3	75	0	0	0	0	0	0	0	0	0	0	0	0	0	0	0	0	0	0	0	0	0	0	0	0	0	0	0	0	0	0	0	0	0	0	0	0	0	0	1	1	1	1	1	1	1	1	1	1	1	1	1	1	1	1	1	1	1	1	1	1	1	1	1	1	1	1	1	1	1	1	1	1	1	1	1	37	3	3	3	3	3	3	3	3	3	3	3	3	3	3	3	3	3	4	3	3	3	3	3	3	3	3	3	3	3	3	3	3	3	3	3	3	3	112	29	2	4	4	2	8	2	3	2	3	4	2	2	2	2	2	2	2	2	2	2	2	2	2	2	2	2	2	2	3	3	2	2	2	2	2	2	117	4	3	3	3	4	5	3	3	3	3	3	3	3	3	3	3	3	3	3	3	3	3	3	3	3	3	3	3	3	3	3	3	3	3	3	3	11	123	179	57	79	90	0	0	1	6	22063	23	3	2	856	101	223	7	0	18	0	63	69	7	17	0	23	2	0	0	0	0	0	1	0	0	0	0	0	12	2	0	81	11	105	0	21	62	0	11	1	0	13	16588	34888	2632	889	200000	200000	3155	3200	926	14442	2783	2114	435	1302	2939	5526	576	546	6520	0	4538	7147	634	3160	7998	653	565	134	2772	1527	34	489	5118	178	3088	654	538150	1	1	1	0	2	2	3	2	1	1	3	0	0	3	1	0	1	0	6	2	0	4	5	0	2	1	2	3	1	1	5	4	5	1	0	3	67	784	215	870	0	15	644	177	464	0	318	23	14	6	0	0	0	0	0	0	22	14	57	0	0	19	1	0	9	30	13	20	3	3	16	9	1	12	0	10	0	1	0	2	222	0	0	4	0	162	3	0	1	23	0	13	18	0	1	0	0	2	2	0	0	144	0	0	0	0	0	19	30	5	0	0	0	0	0	11	0	0	4	3	0	2	0	0	2	1	0	21	2	1	38	6	4	0	30	19	0	0	0	2987	34	11	3	905	24	0	91	0	0	188	1	0	2	0	662	14	8	0	958	0	0	0	0	0	4	0	9	33	0	488	0	12263	11	26	11	5	1	25	30	3	2	10	28	14	2	5	1	12	3	1	6	13	24	1	1	1	0	2	1	12	1	3	28	1	1	30	2	67	8	1	13	23	2	0	4	22
0	0	0	0	0	1	0	0	0	0	0	0	0	0	1	0	0	0	0	0	0	1	0	0	0	0	0	1	0	0	0	0	0	0	0	0	2	6	18	11	10	10	12	10	11	11	10	10	10	11	10	10	11	10	11	11	11	10	10	11	11	11	11	11	11	11	11	11	10	11	10	11	11	11	10	401	32	11	9	8	7	7	8	7	7	7	9	7	7	8	7	7	7	8	7	8	7	7	7	7	7	7	7	7	7	10	7	7	7	7	7	7	13	306	1	1	1	1	1	1	1	1	1	1	1	1	1	1	1	1	1	1	1	1	1	1	1	1	1	1	1	1	1	1	1	1	1	1	1	1	1	37	0	0	0	0	0	0	0	0	0	0	0	0	0	0	0	0	0	0	0	0	0	0	0	0	0	0	0	0	0	0	0	0	0	0	0	0	0	0	32	10	9	9	10	9	9	10	9	9	9	9	9	9	9	9	9	9	9	9	9	9	9	9	9	9	9	9	9	9	9	9	9	9	9	9	9	359	0	0	0	0	0	0	0	0	0	0	0	0	0	0	1	0	0	0	0	0	0	0	0	0	0	0	0	0	0	0	0	0	0	0	0	0	0	1	4	4	4	2	2	2	2	2	1	1	3	1	1	1	1	1	2	2	2	1	1	1	1	1	2	2	2	2	2	2	2	1	1	2	1	1	3	66	21	16	15	15	18	15	16	16	15	15	15	17	15	15	18	15	16	16	16	15	15	16	15	15	16	16	16	16	16	16	16	15	15	16	15	15	22	591	2	2	1	1	2	1	2	2	1	1	1	2	1	1	2	1	2	2	2	1	1	1	1	1	2	2	2	2	2	2	1	1	1	2	1	1	3	56	0	0	0	0	0	0	0	0	0	0	0	0	0	0	0	0	0	0	0	0	0	0	0	0	0	0	0	0	0	0	0	0	0	0	0	0	0	0	0	0	0	0	0	0	0	0	0	0	0	0	0	0	0	0	0	0	0	0	0	0	0	0	0	0	0	0	0	0	0	0	0	0	0	0	0	0	65	37	34	33	35	32	33	32	31	31	33	32	31	32	31	31	32	36	32	32	34	32	31	32	32	32	32	32	33	38	33	31	31	32	31	31	49	1251	31	3	1	1	2	2	2	2	1	1	1	2	1	1	3	1	2	2	2	1	1	1	1	1	2	2	2	2	2	3	1	1	1	2	1	1	2	88	1	0	1	0	2	0	0	0	0	0	0	0	0	0	0	0	0	0	0	0	0	0	0	0	0	0	0	0	0	0	0	0	0	0	0	0	0	4	8	7	4	4	8	3	5	5	2	2	4	3	2	2	3	2	5	5	5	2	2	4	3	4	5	5	5	5	5	6	3	3	2	5	3	3	4	148	1	1	1	1	1	1	1	1	1	1	1	1	1	1	1	1	1	1	1	1	1	1	1	1	1	1	1	1	1	1	1	1	1	1	1	1	1	37	1	1	1	1	1	1	1	1	1	1	1	1	1	1	1	1	1	1	1	1	1	1	1	1	1	1	1	1	1	1	1	1	1	1	1	1	1	37	0	0	0	0	0	0	0	0	0	0	0	0	0	0	0	0	0	0	0	0	0	0	0	0	0	0	0	0	0	0	0	0	0	0	0	0	0	0	6	6	6	6	6	6	6	6	6	6	6	7	6	6	6	6	6	6	6	6	6	6	6	6	6	6	6	6	6	6	7	6	6	6	6	6	7	225	6	6	6	6	6	6	6	6	6	6	6	6	6	6	6	6	6	6	6	6	6	6	6	6	6	6	6	6	6	6	6	6	6	6	6	6	6	222	0	0	0	0	0	0	0	0	0	0	0	0	0	0	0	0	0	0	0	0	0	0	0	0	0	0	0	0	0	0	0	0	0	0	0	0	1	1	1	1	1	1	2	1	1	1	1	1	1	1	1	1	1	1	1	1	1	1	1	1	1	1	1	1	1	1	1	1	1	1	1	1	1	1	3	40	0	0	0	0	0	0	0	0	0	0	0	0	0	0	0	0	0	0	0	0	0	0	0	1	0	0	0	0	0	1	0	0	0	0	0	0	0	2	24	1	0	0	3	5	0	2	1	0	0	1	0	0	0	0	0	0	0	0	1	2	0	0	0	0	0	0	0	0	0	0	0	0	0	1	1	42	6	2	2	2	2	2	2	2	2	2	2	2	2	2	2	2	2	2	2	2	2	2	2	2	2	2	2	2	2	2	2	2	2	2	2	2	3	79	219	108	44	116	26	0	9	37	24965	13	4	2	846	114	390	24	7	10	0	61	64	0	2	0	22	0	0	0	0	0	0	0	2	0	0	0	6	11	0	0	227	12	167	0	13	59	0	0	3	0	12	13067	18292	1448	892	200000	200000	4418	4016	254	13091	1169	1938	323	377	3294	6220	1112	1262	1811	0	1635	2764	2960	4158	2331	864	53	306	257	2098	23	313	2365	35	583	129	493858	2	2	0	0	2	1	1	1	1	1	0	0	0	1	0	1	2	0	7	0	0	2	0	0	3	1	2	2	2	1	1	1	0	2	0	0	39	1101	198	1085	2	8	774	252	563	0	387	36	13	10	6	1	0	2	1	0	20	27	45	0	5	5	5	1	29	19	16	8	10	16	1	17	3	14	0	31	7	2	0	7	252	3	0	0	0	121	0	0	1	17	0	17	10	0	1	0	4	1	0	0	1	181	0	0	0	5	6	16	35	3	8	0	2	0	0	12	0	1	0	0	0	0	2	0	0	0	1	11	0	4	36	2	6	0	61	20	3	1	1	3684	18	7	2	816	24	0	109	0	2	158	0	0	0	0	638	14	5	2	762	0	0	0	1	0	9	0	23	45	0	290	0	11949	11	28	10	4	1	21	34	4	2	10	28	13	2	5	1	12	3	1	6	10	25	1	1	1	0	2	1	11	1	3	27	1	1	32	2	73	7	1	11	27	2	0	4	22
2	0	0	0	1	1	0	0	0	0	0	0	0	0	0	0	0	0	0	0	0	2	0	0	0	0	0	0	0	0	0	0	0	0	0	0	3	9	18	11	11	11	13	11	11	11	12	11	11	11	11	11	13	11	11	11	11	11	11	11	11	11	11	11	11	11	11	11	11	11	11	12	11	12	14	424	28	13	6	4	4	4	5	5	5	4	5	4	4	5	5	4	4	4	4	4	4	4	4	4	4	4	4	4	4	10	4	4	4	4	4	4	9	200	0	0	0	1	0	0	0	0	0	0	0	0	0	0	0	0	0	0	0	0	0	0	0	0	0	0	0	0	0	0	0	0	0	0	0	0	2	3	0	0	0	0	0	0	0	0	0	0	0	0	0	0	0	0	0	0	0	0	0	0	0	0	0	0	0	0	0	0	0	0	0	0	0	0	0	0	34	16	13	14	14	13	13	15	14	13	13	13	13	14	15	13	14	13	14	13	13	13	13	13	13	13	13	14	13	13	13	13	13	16	13	14	19	526	0	0	0	0	0	0	0	0	0	0	0	0	0	0	0	0	0	0	0	0	0	1	0	0	0	0	0	0	0	0	0	0	0	0	0	0	0	1	0	0	0	0	0	0	0	0	0	0	0	0	0	0	0	0	0	0	0	0	0	0	0	0	0	0	0	0	0	0	0	0	0	0	0	0	1	1	11	8	8	8	8	8	8	8	8	8	8	8	8	8	9	8	8	8	8	8	8	8	8	8	8	8	8	8	8	8	8	8	8	8	8	8	10	302	1	0	0	0	0	0	0	0	0	0	0	0	0	0	0	0	0	0	0	0	0	0	0	0	0	0	0	0	0	0	0	0	0	0	0	0	1	2	0	0	0	0	0	0	0	0	0	0	0	0	0	0	0	0	0	0	0	0	0	0	0	0	0	0	0	0	0	0	0	0	0	0	0	0	0	0	0	0	0	0	0	0	0	0	0	0	0	0	0	0	0	0	0	0	0	0	0	0	0	0	0	0	0	0	0	0	0	0	0	0	0	0	0	0	63	46	38	36	47	36	39	38	37	36	39	36	36	37	38	36	37	37	37	36	36	36	36	36	37	37	37	37	37	43	36	36	36	37	36	36	54	1428	44	10	2	2	2	2	1	1	2	3	2	1	1	1	3	1	1	1	1	1	1	1	1	1	1	1	1	1	1	2	1	1	1	1	1	1	4	103	0	0	0	0	0	0	0	0	0	0	0	0	0	0	0	0	0	0	0	0	0	0	0	0	0	0	0	0	0	0	0	0	0	0	0	0	0	0	6	3	2	2	8	3	3	3	2	2	2	3	2	2	4	2	3	3	3	2	2	3	3	2	3	3	3	3	3	4	2	2	2	3	2	2	6	108	2	2	2	2	2	2	2	2	2	2	2	2	2	2	2	2	2	2	2	2	2	2	2	2	2	2	2	2	2	2	2	2	2	2	2	2	2	74	0	0	0	0	0	0	0	0	0	0	0	0	0	0	0	0	0	0	0	0	0	0	0	0	0	0	0	0	0	0	0	0	0	0	0	0	0	0	1	1	1	1	1	1	1	1	1	1	1	1	1	1	1	1	1	1	1	1	1	1	1	1	1	1	1	1	1	1	1	1	1	1	1	1	1	37	4	4	4	4	6	4	4	4	4	4	4	4	4	4	4	4	4	4	4	4	4	4	4	4	4	4	4	4	4	4	4	4	4	4	4	4	4	150	1	1	1	1	1	1	1	1	1	1	1	1	1	1	1	1	1	1	1	1	1	1	1	1	1	1	1	1	1	1	1	1	1	1	1	1	3	39	0	0	0	0	0	0	0	0	0	0	0	0	0	0	0	0	0	0	0	0	0	0	0	0	0	0	0	0	0	0	0	0	0	0	0	0	1	1	2	2	2	2	2	2	2	2	2	2	2	2	2	2	2	2	2	2	2	2	2	2	2	2	2	2	2	2	2	2	2	2	2	2	2	2	2	74	1	1	1	1	1	1	1	1	1	1	1	1	1	1	1	1	1	1	1	1	1	1	1	1	1	1	1	1	1	1	1	1	1	1	1	1	1	37	30	2	3	1	2	1	1	0	1	2	1	0	0	0	1	0	0	0	0	0	0	0	0	0	0	0	0	0	0	2	0	0	0	0	0	0	0	47	5	1	1	1	2	2	2	2	1	1	1	1	1	1	1	1	1	1	1	1	1	1	1	1	1	1	1	1	1	1	1	1	2	1	1	1	4	49	225	78	33	26	7	0	0	41	16600	14	27	10	720	78	200	14	0	8	0	62	79	0	6	2	21	0	0	0	0	0	0	0	0	0	0	0	0	23	0	0	147	15	70	0	10	51	0	0	0	2	7	18112	10442	1593	2148	200000	200000	2088	1968	93	21669	2118	1853	2852	1460	2049	10369	321	1215	1340	0	7668	2558	519	2702	1286	518	41	173	1187	494	15	277	5063	108	836	147	505282	1	1	1	0	0	0	1	0	0	0	1	0	0	0	0	0	0	0	5	0	0	0	6	0	0	0	0	0	0	0	2	6	5	0	0	5	34	955	209	862	0	19	596	149	451	8	323	36	15	3	0	0	19	1	2	0	14	28	67	3	0	1	3	1	20	20	4	22	0	3	2	10	0	31	0	15	2	5	0	8	220	0	0	5	0	216	5	0	1	12	0	8	15	0	1	0	1	3	0	0	0	138	0	3	0	0	0	12	33	1	0	0	0	0	2	10	5	0	3	7	0	0	0	0	0	0	0	0	2	7	46	0	7	0	50	28	6	3	0	4410	49	37	1	937	12	1	130	0	0	162	0	1	0	0	567	22	7	0	1069	1	0	0	1	0	3	0	16	47	0	236	1	13180	10	26	10	4	1	20	27	3	2	8	28	13	2	5	1	12	3	1	5	11	32	1	1	1	0	2	1	10	1	3	24	1	1	32	2	71	8	1	9	24	2	0	3	19
4	1	1	1	2	2	1	1	1	1	1	1	1	1	1	3	1	1	1	1	1	1	1	1	2	1	1	1	1	1	1	1	1	1	1	1	4	48	19	9	9	9	9	9	9	9	9	9	10	9	9	9	10	9	9	9	9	9	9	9	9	9	9	9	9	9	9	9	9	9	9	9	9	9	16	352	31	7	6	5	5	5	6	8	5	6	7	5	5	6	5	5	6	6	5	6	5	5	6	5	5	5	6	5	5	16	5	5	5	6	5	6	16	251	3	2	2	2	2	2	2	2	2	2	2	2	2	2	2	2	2	2	2	2	2	2	2	2	2	2	2	2	2	2	2	2	2	2	2	2	2	75	0	0	0	0	0	0	0	0	0	0	0	0	0	0	0	0	0	0	0	0	0	0	0	0	0	0	0	0	0	0	0	0	0	0	0	0	0	0	35	9	9	9	10	9	9	9	9	9	10	10	9	9	11	9	9	9	9	9	9	9	9	9	9	9	9	9	9	9	9	9	9	9	9	9	13	368	0	0	0	0	0	0	0	0	0	1	0	0	0	0	0	0	0	0	0	0	0	0	0	0	0	0	0	0	0	0	0	0	0	0	0	0	0	1	2	1	1	1	1	2	1	1	1	2	1	1	1	1	1	1	1	2	1	2	1	1	1	1	1	1	1	1	1	1	1	1	1	1	1	1	1	42	9	3	3	3	3	5	3	3	3	3	3	3	3	3	3	3	3	3	3	3	3	4	3	3	3	3	3	3	3	3	3	3	3	3	3	3	7	124	1	0	0	0	0	0	0	0	0	0	0	0	0	0	0	0	0	0	0	0	0	0	0	0	0	0	0	0	0	0	0	0	0	0	0	0	0	1	0	0	0	0	0	0	0	0	0	0	0	0	0	0	0	0	0	0	0	0	0	0	0	0	0	0	0	0	0	0	0	0	0	0	0	0	0	0	0	0	0	0	0	0	0	0	0	0	0	0	0	0	0	0	0	0	0	0	0	0	0	0	0	0	0	0	0	0	0	0	0	0	0	0	0	0	64	31	28	27	29	29	29	31	27	29	30	30	27	28	29	27	29	30	28	30	27	27	29	27	28	28	29	28	28	39	27	27	27	29	27	29	53	1121	47	1	1	1	1	2	1	1	2	1	2	2	1	1	3	1	1	1	1	1	1	2	1	1	1	1	2	1	1	1	1	1	1	1	1	1	4	94	0	0	0	0	1	0	0	0	0	0	0	0	0	0	0	0	0	0	0	0	0	0	0	0	0	0	0	0	0	0	0	0	0	0	0	0	0	1	4	5	4	4	5	3	5	5	3	4	3	4	3	4	3	3	5	5	4	3	3	4	3	3	4	4	4	5	4	5	3	3	4	5	3	3	6	145	1	1	1	1	1	1	1	1	1	1	1	1	1	1	1	1	1	1	1	1	1	1	1	1	1	1	1	1	1	1	1	1	1	1	1	1	1	37	1	1	1	1	1	1	1	1	1	1	1	1	1	1	1	1	1	1	1	1	1	1	1	1	1	1	1	1	1	1	1	1	1	1	1	1	1	37	0	0	0	0	0	0	0	0	0	0	0	0	0	0	0	0	0	0	0	0	0	0	0	0	0	0	0	0	0	0	0	0	0	0	0	0	0	0	2	3	2	2	3	2	3	3	2	3	2	2	2	2	2	2	3	3	3	2	2	2	2	2	3	3	3	3	3	3	2	2	2	3	2	2	3	90	1	1	1	1	1	1	1	1	1	1	1	1	1	1	1	1	1	1	1	1	1	1	1	1	1	1	1	1	1	1	1	1	1	1	1	1	2	38	0	0	0	0	0	0	0	0	0	0	0	0	0	0	0	0	0	0	0	0	0	0	0	0	0	0	0	0	0	0	0	0	0	0	0	0	0	0	0	0	0	0	0	0	0	0	0	0	0	0	0	0	0	0	0	0	0	0	0	0	0	0	0	0	0	0	0	0	0	0	0	0	0	0	1	1	0	0	0	0	0	0	0	0	0	0	0	0	0	0	0	0	0	0	0	0	0	0	0	0	0	0	0	0	0	0	0	0	0	0	0	0	0	0	34	1	0	0	0	0	0	2	6	1	0	1	0	0	2	1	0	0	0	0	0	1	0	0	0	0	0	0	0	2	1	0	0	0	0	0	0	52	12	5	4	5	6	4	5	5	5	4	4	4	4	4	8	4	4	4	4	4	4	4	4	4	4	4	4	4	4	5	5	4	4	4	5	4	7	173	235	102	27	17	10	0	4	1	18538	17	7	5	793	101	142	15	3	16	0	38	52	12	5	13	26	0	0	0	0	0	0	0	0	0	0	0	0	14	1	1	142	9	61	0	18	75	0	0	2	0	3	11963	13002	2026	1597	200000	200000	2249	3483	296	40843	2067	7665	2942	1075	4223	27334	506	550	758	0	3688	6974	377	9155	742	1956	89	140	444	293	137	1092	3510	79	8470	138	559863	0	2	1	0	1	0	1	0	0	0	1	0	0	1	1	0	0	1	4	0	0	0	0	0	0	1	1	0	1	1	1	0	1	1	0	0	20	1136	168	940	4	17	606	181	546	11	313	2	4	12	0	0	0	0	0	0	12	34	37	0	0	6	2	1	13	33	6	6	0	8	2	29	2	17	0	20	0	2	0	13	280	1	0	12	0	122	2	0	2	4	0	9	10	0	0	0	1	0	0	0	0	195	0	1	0	0	0	23	27	1	0	0	4	0	0	20	0	1	4	8	0	0	0	0	1	0	4	14	7	2	34	3	9	0	56	16	1	1	0	5113	37	15	2	975	20	0	92	3	0	184	0	1	0	1	623	14	23	2	1139	1	1	1	0	0	3	0	27	48	0	333	0	14091	10	26	9	4	1	21	32	3	2	9	25	14	2	4	1	12	3	1	5	10	28	1	1	1	0	1	1	10	1	3	22	1	1	32	2	75	8	1	9	24	2	0	2	19
1	1	1	1	4	1	1	1	1	2	2	1	1	1	2	1	1	1	1	1	2	1	1	1	1	1	1	1	1	1	1	1	1	1	1	1	5	48	13	8	7	7	7	7	8	8	7	7	7	7	7	7	8	7	7	7	7	7	7	7	7	7	7	7	7	7	7	7	7	7	7	7	7	7	12	274	26	4	3	3	4	3	4	4	5	5	3	3	3	3	3	3	3	3	3	3	3	3	3	3	3	3	3	3	3	6	3	3	3	4	3	3	11	154	0	0	0	0	0	0	0	0	0	0	0	0	0	0	0	0	0	0	0	0	0	0	0	0	0	0	0	0	0	0	0	0	0	0	0	0	0	0	0	0	0	0	0	0	0	0	0	0	0	0	0	0	0	0	0	0	0	0	0	0	0	0	0	0	0	0	0	0	0	0	0	0	0	0	0	0	26	10	6	6	6	7	7	7	6	6	6	6	6	6	8	6	6	6	6	6	6	7	6	6	6	6	6	6	6	8	6	6	6	6	6	6	15	263	0	0	0	0	0	0	0	0	0	0	0	0	0	0	0	0	0	0	0	0	0	0	0	0	0	0	0	0	0	0	0	0	0	0	0	0	0	0	3	1	2	1	1	3	2	2	2	1	2	1	1	1	2	1	1	1	1	1	2	1	1	1	1	1	1	1	1	2	1	2	2	1	1	1	6	56	10	9	8	8	7	7	7	7	7	7	8	7	7	7	7	7	8	7	7	7	7	7	7	7	7	7	7	7	7	7	7	7	7	7	7	7	17	278	2	2	2	2	2	2	2	2	2	2	2	2	2	2	2	2	2	2	2	2	2	2	2	2	2	2	2	2	2	2	2	2	2	2	2	2	5	77	0	0	0	0	0	0	0	0	0	0	0	0	0	0	0	0	0	0	0	0	0	0	0	0	0	0	0	0	0	0	0	0	0	0	0	0	0	0	0	0	0	0	0	0	0	0	0	0	0	0	0	0	0	0	0	0	0	0	0	0	0	0	0	0	0	0	0	0	0	0	0	0	0	0	0	0	47	17	17	17	21	18	18	19	21	21	17	16	16	16	20	16	16	17	16	16	17	16	16	16	16	16	17	16	16	20	16	17	17	17	16	16	50	697	41	3	0	0	0	2	0	0	2	1	0	0	0	0	1	0	0	1	0	1	1	0	0	0	0	0	0	0	0	4	1	0	0	0	0	0	6	64	0	0	0	0	1	0	0	0	0	0	0	0	0	0	0	0	0	0	0	0	0	0	0	0	0	0	0	0	0	0	0	0	0	0	0	0	0	1	2	0	1	0	2	1	0	0	0	3	1	0	0	0	0	0	1	0	0	0	0	0	0	0	0	0	0	0	0	0	0	0	0	0	0	0	12	23	0	0	0	0	0	0	0	0	0	0	0	0	0	0	0	0	0	0	0	0	0	0	0	0	0	0	0	0	0	0	0	0	0	0	0	0	0	0	0	0	0	0	0	0	0	0	0	0	0	0	0	0	0	0	0	0	0	0	0	0	0	0	0	0	0	0	0	0	0	0	0	0	0	0	0	0	1	1	1	1	1	1	1	1	1	1	1	1	1	1	1	1	1	1	1	1	1	1	1	1	1	1	1	1	1	1	1	1	1	1	1	1	1	37	0	0	0	0	0	0	0	0	0	1	0	0	0	0	0	0	0	0	0	0	0	0	0	0	0	0	0	0	0	0	0	0	0	0	0	0	4	5	1	1	1	1	1	1	1	1	1	1	1	1	1	1	1	1	1	1	1	1	1	1	1	1	1	1	1	1	1	1	1	1	1	1	1	1	2	38	0	0	0	0	0	0	0	0	0	0	0	0	0	0	0	0	0	0	0	0	0	0	0	0	0	0	0	0	0	0	0	0	0	0	0	0	0	0	0	0	0	0	1	0	0	0	0	0	0	0	0	0	0	0	0	0	0	0	0	0	0	0	0	0	0	0	0	0	0	0	0	0	0	0	1	2	0	0	0	0	0	0	0	0	0	0	0	0	0	0	0	0	0	0	0	0	0	0	0	0	0	0	0	0	0	0	0	0	0	0	0	0	0	0	36	4	0	0	1	4	0	0	1	1	1	0	0	0	1	0	0	1	0	1	0	2	0	0	0	0	0	0	0	7	1	0	0	1	0	0	1	63	6	2	1	2	2	1	2	3	1	1	1	1	1	1	1	1	1	1	1	1	1	1	1	1	1	1	1	1	1	2	1	1	1	1	1	1	6	54	181	67	35	20	22	0	0	15	22691	25	7	9	708	113	185	7	0	14	0	38	51	6	3	1	21	0	0	0	0	0	0	1	0	0	0	0	0	13	0	0	157	4	85	0	9	68	0	7	0	0	5	10386	56614	5632	2367	200000	200000	4783	5079	588	23043	1826	1791	7594	410	3691	5432	1255	467	652	2	5477	5689	732	2623	5482	521	28	417	205	738	10	1318	19752	43	732	4398	579777	1	0	1	0	0	0	0	0	1	1	2	0	0	4	0	1	0	0	4	1	0	3	2	0	0	0	0	0	0	0	1	0	0	0	0	0	22	1092	193	1074	2	10	646	158	603	0	412	28	20	0	0	0	12	0	1	0	19	53	33	0	9	17	1	1	5	22	7	10	0	5	2	32	3	23	0	6	3	2	0	20	322	0	0	0	0	138	0	0	1	8	7	21	5	0	1	0	0	25	0	0	0	162	1	0	0	3	0	11	43	3	0	0	1	0	0	19	7	0	4	7	0	1	0	0	1	0	0	15	11	10	40	6	7	0	49	13	5	0	0	4741	45	6	1	886	27	0	116	1	0	205	0	1	0	1	545	32	9	1	917	0	0	0	0	0	4	0	7	33	0	351	0	13425	10	31	10	4	1	25	31	3	2	9	31	23	3	5	1	12	3	1	5	11	26	1	1	1	0	2	1	10	1	3	26	1	1	33	2	69	8	1	9	23	2	0	2	19
2	0	0	0	1	1	0	0	0	0	0	0	0	0	0	0	0	0	0	0	0	0	0	0	0	0	0	0	0	0	0	0	0	0	0	0	2	6	11	3	3	4	2	2	2	2	2	3	3	2	2	2	3	2	2	2	2	2	2	2	4	2	2	2	2	2	2	3	2	2	2	2	2	3	8	100	17	5	4	6	5	5	6	4	7	3	5	3	3	3	4	3	3	3	3	4	3	4	3	3	3	3	3	3	3	9	3	3	3	3	3	3	10	161	2	2	3	2	2	2	2	2	2	2	2	2	2	2	2	2	2	2	2	2	2	2	2	2	2	2	2	2	2	2	2	2	2	2	2	2	5	78	0	0	0	0	0	0	0	0	0	0	0	0	0	0	0	0	0	0	0	0	0	0	0	0	0	0	0	0	0	0	0	0	0	0	0	0	0	0	30	4	3	6	2	2	2	2	2	3	3	2	2	2	4	2	2	2	2	2	2	3	4	2	3	2	2	2	2	3	2	2	2	2	2	3	10	127	1	0	0	0	0	0	0	0	0	0	0	0	0	0	0	0	0	0	0	0	0	0	0	0	0	0	0	0	0	0	0	0	0	0	0	0	0	1	2	3	2	2	2	2	3	3	2	2	2	2	2	2	3	2	3	2	2	2	2	2	2	2	2	2	2	2	2	4	2	2	2	2	2	2	3	82	3	2	2	2	2	2	2	2	2	2	2	2	2	2	2	2	3	2	2	2	2	2	2	2	2	2	2	2	2	2	2	2	2	2	2	2	14	88	1	1	1	1	1	1	1	1	1	1	1	1	1	1	1	1	1	1	1	1	1	1	1	1	1	1	1	1	1	1	1	1	1	1	1	1	2	38	0	0	0	0	0	0	0	0	0	0	0	0	0	0	0	0	0	0	0	0	0	0	0	0	0	0	0	0	0	0	0	0	0	0	0	0	0	0	0	0	0	0	0	0	0	0	0	0	0	0	0	0	0	0	0	0	0	0	0	0	0	0	0	0	0	0	0	0	0	0	0	0	0	0	0	0	35	21	19	22	20	20	22	20	23	19	21	19	18	19	20	18	19	19	18	21	20	20	18	18	18	18	18	18	18	28	18	18	18	18	18	18	44	759	45	5	2	6	2	4	3	2	3	2	2	2	2	2	2	3	3	2	2	3	2	3	2	2	3	3	2	2	2	5	2	3	2	2	2	2	4	140	1	0	0	0	0	0	0	0	0	0	0	0	0	0	0	0	0	0	0	0	0	0	0	0	0	0	0	0	0	0	0	0	0	0	0	0	0	1	5	2	1	1	3	1	1	1	1	1	3	2	1	2	1	2	1	1	1	3	3	2	1	1	1	1	1	1	1	1	1	1	1	1	1	1	6	59	0	0	0	0	0	0	0	0	0	0	0	0	0	0	0	0	0	0	0	0	0	0	0	0	0	0	0	0	0	0	0	0	0	0	0	0	1	1	0	0	0	0	0	0	0	0	0	0	0	0	0	0	0	0	0	0	0	0	0	0	0	0	0	0	0	0	0	0	0	0	0	0	0	0	0	0	0	0	0	0	0	0	0	0	0	0	0	0	0	0	0	0	0	0	0	0	0	0	0	0	0	0	0	0	0	0	0	0	0	0	0	0	2	2	1	1	1	1	1	1	1	1	1	1	1	1	1	1	1	1	1	1	1	1	1	1	1	1	1	1	1	1	1	1	1	1	1	1	1	1	3	39	1	1	1	1	1	1	1	1	1	1	1	1	1	1	1	1	1	1	1	1	1	1	1	1	1	1	1	1	1	1	1	1	1	1	1	1	3	39	2	2	2	2	2	2	2	2	2	2	2	2	2	2	2	2	2	2	2	2	2	2	2	2	2	2	2	2	2	2	2	2	2	2	2	2	2	74	1	0	0	0	0	0	0	0	0	0	0	0	0	0	0	0	0	0	0	0	0	0	0	0	0	0	0	0	0	0	0	0	0	0	0	0	4	5	1	1	1	1	1	1	1	1	1	2	1	1	1	1	1	1	1	1	1	3	3	1	1	1	1	1	1	1	1	1	1	1	1	1	1	1	2	43	31	2	1	4	2	2	2	3	0	0	0	0	0	0	1	1	0	1	0	0	2	0	0	0	0	1	1	0	0	2	1	1	0	0	0	0	0	58	6	3	3	3	3	3	3	3	3	3	3	3	3	3	3	3	3	3	3	3	3	3	3	3	3	3	3	3	3	3	3	3	4	3	3	3	7	119	227	106	70	42	14	1	0	21	28814	10	16	5	940	101	279	9	4	12	0	62	93	19	4	3	23	2	0	0	0	0	0	4	0	0	0	0	0	14	0	11	188	6	117	0	47	107	0	3	1	0	21	12169	44048	2688	2072	200000	200000	3571	1646	246	31142	1480	1831	1729	893	6607	9570	1226	451	718	0	21669	6282	1311	6400	643	754	95	836	441	638	150	333	10336	35	2700	8127	582837	1	0	1	0	1	0	0	1	1	3	1	0	0	3	2	2	0	1	5	0	0	11	0	0	0	1	1	0	0	0	1	2	1	1	0	0	40	1227	209	998	0	17	692	147	458	19	416	18	11	9	3	0	11	0	0	2	22	38	48	0	0	17	3	1	23	34	20	4	0	5	9	21	0	29	0	22	1	2	0	4	250	0	1	3	0	202	2	0	0	22	0	11	5	0	14	0	0	6	0	0	3	128	8	0	0	0	0	17	42	4	3	0	2	9	0	15	3	0	5	0	0	0	0	0	0	0	1	12	0	12	49	5	8	0	55	12	1	0	1	4161	68	9	5	900	14	0	127	4	0	159	0	1	0	0	648	57	7	2	1051	0	0	2	0	0	4	1	3	32	0	652	0	12983	13	30	10	4	1	25	32	3	2	9	32	23	2	5	1	13	3	1	5	10	29	1	1	1	0	2	1	10	1	3	25	1	1	32	3	67	7	1	10	24	2	0	2	20
8	4	2	2	3	2	3	3	2	2	2	2	2	2	2	2	3	3	3	2	2	2	2	2	3	3	3	3	3	3	2	2	2	3	2	2	3	96	10	8	9	8	8	8	8	8	8	8	8	8	8	9	8	8	8	9	8	8	8	8	8	8	8	8	8	8	8	8	8	8	8	8	8	9	14	308	29	6	9	4	6	4	5	5	6	4	4	4	4	4	6	4	4	7	4	4	4	4	4	4	4	4	4	4	4	10	5	4	4	4	4	4	12	206	2	2	1	1	1	1	1	2	2	1	1	1	1	1	2	1	1	1	1	1	1	1	1	1	1	1	1	1	1	1	1	1	1	1	1	1	1	42	0	0	0	0	0	0	0	0	0	0	0	0	0	0	0	0	0	0	0	0	0	0	0	0	0	0	0	0	0	0	0	0	0	0	0	0	0	0	24	11	11	11	11	10	11	12	10	10	10	10	10	10	10	10	11	12	11	10	10	10	10	10	11	11	11	11	12	11	10	10	10	11	10	11	16	410	0	0	0	0	0	0	0	0	0	0	0	0	0	0	0	0	0	0	0	0	0	0	0	0	0	0	0	0	0	0	0	0	0	0	0	0	0	0	2	2	2	2	2	2	2	2	2	2	2	2	2	2	2	2	2	2	2	2	2	2	2	2	2	2	2	2	2	2	2	2	2	2	2	2	3	75	2	0	0	0	0	0	0	0	0	0	0	0	0	0	0	0	0	0	0	0	0	0	0	0	0	0	0	0	0	0	0	0	0	0	0	0	6	8	0	0	0	0	0	0	0	0	0	0	0	0	0	0	0	0	0	0	0	0	0	0	0	0	0	0	0	0	0	0	0	0	0	0	0	0	3	3	0	0	0	0	0	0	0	0	0	0	0	0	0	0	0	0	0	0	0	0	0	0	0	0	0	0	0	0	0	0	0	0	0	0	0	0	0	0	0	0	0	0	0	0	0	0	0	0	0	0	0	0	0	0	0	0	0	0	0	0	0	0	0	0	0	0	0	0	0	0	0	0	0	0	0	0	66	30	32	27	29	27	28	30	31	29	28	27	27	28	35	27	27	31	27	29	29	27	28	27	27	27	27	27	28	34	28	27	28	27	27	27	55	1115	44	2	1	2	2	4	2	1	2	1	1	1	1	1	2	1	1	3	1	2	1	1	2	1	1	1	1	1	1	4	2	1	1	1	1	1	3	99	1	1	1	1	1	1	1	1	1	1	1	1	1	1	1	1	1	1	1	1	1	1	1	1	1	1	1	1	1	1	1	1	1	1	1	1	1	37	1	0	0	1	1	0	0	1	1	2	1	1	0	0	3	3	1	0	0	1	1	0	1	0	0	0	0	0	1	1	1	0	1	0	0	0	5	28	1	1	1	1	1	1	1	1	1	1	1	1	1	1	1	1	1	1	1	1	1	1	1	1	1	1	1	1	1	1	1	1	1	1	1	1	1	37	0	0	0	0	0	0	0	0	0	0	0	0	0	0	0	0	0	0	0	0	0	0	0	0	0	0	0	0	0	0	0	0	0	0	0	0	0	0	2	1	1	1	1	1	1	1	1	1	1	1	1	1	2	1	1	1	1	1	1	1	1	1	1	1	1	1	1	1	1	1	1	1	1	1	2	40	3	2	2	2	2	2	2	3	3	2	2	2	2	2	4	2	2	2	2	3	2	2	3	2	2	2	2	2	3	3	2	2	3	2	2	2	3	85	2	2	2	2	2	2	2	2	2	2	2	2	2	2	2	2	2	2	2	2	2	2	2	2	2	2	2	2	2	2	2	2	2	2	2	2	4	76	0	0	0	0	0	0	0	0	0	0	0	0	0	0	0	0	0	0	0	0	0	0	0	0	0	0	0	0	0	0	0	0	0	0	0	0	0	0	0	0	0	0	1	0	0	0	0	0	0	0	0	0	0	0	0	0	0	0	0	0	0	0	0	0	0	0	0	0	0	0	0	0	0	0	0	1	0	0	0	0	0	0	0	0	0	1	0	0	0	0	0	0	0	0	0	0	1	0	0	0	0	0	0	0	0	0	0	0	0	0	0	0	1	3	35	1	2	4	2	3	2	2	1	1	1	1	1	1	2	1	1	5	1	2	1	2	2	1	1	1	1	1	1	6	3	1	1	1	1	1	3	97	4	4	3	3	3	3	4	3	3	3	3	3	3	3	3	3	3	4	3	3	3	3	3	3	3	3	3	3	3	3	3	3	3	4	3	3	5	118	196	176	26	67	19	1	8	25	41783	29	11	10	985	150	172	8	0	10	0	97	65	14	2	4	16	0	0	0	0	0	0	0	0	0	0	0	0	12	0	0	158	11	57	0	111	93	0	0	1	0	8	9274	16344	4033	3165	200000	200000	3699	2638	2587	20355	2206	17044	2313	1507	6717	5843	701	484	390	0	17654	2305	4345	5658	1309	524	901	892	391	2120	19	250	6103	71	881	1032	543755	2	1	0	0	0	1	2	0	2	0	2	0	0	0	0	0	0	1	5	2	0	0	0	0	1	0	1	0	0	1	1	0	0	1	0	0	23	1295	181	1066	1	10	932	198	604	17	424	53	32	14	1	0	13	3	0	0	18	41	30	0	0	15	0	2	25	34	2	32	4	1	8	32	0	4	0	14	0	7	0	3	384	10	0	0	0	157	0	0	1	10	7	7	7	3	13	0	3	14	0	0	0	150	0	1	0	0	5	11	28	0	0	0	8	0	0	22	0	0	2	6	0	0	0	0	0	0	5	42	0	6	37	5	14	0	40	11	2	0	0	4126	66	3	0	885	12	0	89	2	0	127	3	3	1	1	581	57	12	0	1207	0	0	0	0	0	1	1	5	28	0	406	0	12686	11	30	11	5	1	24	34	3	2	9	31	17	2	6	1	13	3	1	5	10	25	1	1	1	0	2	1	10	1	3	28	1	1	32	2	72	8	1	9	29	2	0	3	38
0	0	0	0	0	2	0	0	0	0	0	0	0	0	1	0	0	0	0	1	0	0	0	0	0	0	0	0	0	3	0	0	0	0	0	0	0	7	3	3	3	3	4	3	3	3	3	4	4	3	3	3	3	3	3	3	3	3	3	4	3	3	3	3	3	3	3	3	3	4	3	3	3	4	8	122	30	3	4	3	2	3	5	3	6	2	2	2	2	4	2	2	2	2	3	5	2	3	2	2	2	2	2	2	2	7	2	2	2	2	2	2	13	138	2	1	1	1	1	1	1	1	1	1	1	1	1	1	1	1	1	1	1	1	1	1	1	1	1	1	1	1	1	1	1	1	1	1	1	1	1	38	0	0	0	0	0	0	0	0	0	0	0	0	0	0	0	0	0	0	0	0	0	0	0	0	0	0	0	0	0	0	0	0	0	0	0	0	0	0	16	7	6	7	6	6	7	6	6	7	6	6	6	6	8	6	6	6	6	6	6	6	6	6	6	6	6	6	6	6	6	6	6	6	6	6	10	242	0	0	0	0	0	0	0	0	0	0	0	0	0	0	0	0	0	0	0	0	0	0	0	0	0	0	0	0	0	0	0	0	0	0	0	0	0	0	0	0	0	0	1	0	0	0	0	0	0	0	0	0	0	0	0	0	0	0	0	0	0	0	0	0	0	0	0	0	0	0	0	0	0	0	1	2	6	2	2	2	2	2	2	2	2	2	2	2	2	3	2	2	2	2	2	2	2	2	2	2	2	2	2	2	2	2	2	2	2	2	2	2	9	86	0	0	0	0	0	0	0	0	0	0	0	0	0	0	0	0	0	0	0	0	0	0	0	0	0	0	0	0	0	0	0	0	0	0	0	0	3	3	0	0	0	0	0	0	0	0	0	0	0	0	0	0	0	0	0	0	0	0	0	0	0	0	0	0	0	0	0	0	0	0	0	0	0	0	0	0	0	0	0	0	0	0	0	0	0	0	0	0	0	0	0	0	0	0	0	0	0	0	0	0	0	0	0	0	0	0	0	0	0	0	0	0	0	0	56	25	26	25	29	26	27	25	29	25	25	24	24	27	25	24	24	25	25	28	24	26	24	24	24	24	24	24	24	31	25	24	24	24	24	25	52	991	43	2	3	2	2	2	2	2	3	2	2	2	2	2	4	2	2	3	2	2	2	2	2	2	2	2	2	2	2	3	6	2	2	2	2	2	4	127	0	0	0	0	0	0	0	0	0	0	0	0	0	0	0	0	0	0	0	0	0	0	0	0	0	0	0	0	0	0	0	0	0	0	0	0	0	0	3	1	2	1	4	2	1	1	1	1	2	1	1	2	2	1	1	1	1	1	1	3	1	1	1	1	1	1	1	1	1	2	1	1	1	2	5	55	1	1	1	1	1	1	1	1	1	1	1	1	1	1	1	1	1	1	1	1	1	1	1	1	1	1	1	1	1	1	1	1	1	1	1	1	1	37	1	1	1	1	1	1	1	1	1	1	1	1	1	1	1	1	1	1	1	1	1	1	1	1	1	1	1	1	1	1	1	1	1	1	1	1	1	37	0	0	0	0	0	0	0	0	0	0	0	0	0	0	0	0	0	0	0	0	0	0	0	0	0	0	0	0	0	0	0	0	0	0	0	0	0	0	2	2	2	2	2	2	2	2	2	2	2	2	2	2	2	2	2	2	2	2	2	2	2	2	2	2	2	2	2	2	2	2	2	2	2	2	4	76	3	3	3	3	3	4	3	3	3	3	3	3	3	3	4	3	3	3	3	4	3	3	3	3	3	3	3	3	3	4	3	3	3	3	3	3	3	115	0	0	0	0	0	0	0	0	0	0	0	0	0	0	0	0	0	0	0	0	0	0	0	0	0	0	0	0	0	0	0	0	0	0	0	0	0	0	0	0	0	0	0	0	0	0	0	0	0	0	0	0	0	0	0	0	0	0	0	0	0	0	0	0	0	0	0	0	0	0	0	0	0	0	0	0	1	1	1	1	1	1	1	1	1	1	1	1	1	1	1	1	1	1	1	1	1	1	1	1	1	1	1	1	1	1	1	1	1	1	1	1	1	37	39	1	2	1	0	2	0	1	1	1	0	0	0	0	6	0	0	0	2	0	0	2	0	0	0	0	0	0	0	0	4	0	0	0	0	0	0	62	12	3	2	2	2	2	3	2	2	2	2	2	2	2	2	2	2	2	2	2	2	2	2	2	2	2	2	2	2	2	2	2	2	2	2	2	4	88	290	235	118	61	8	1	6	43	31757	25	42	9	1174	121	302	17	1	28	0	40	118	11	14	3	43	0	3	0	0	0	0	2	1	0	0	0	0	38	5	0	174	8	84	0	55	101	3	0	1	0	5	14812	12418	2180	1463	200000	200000	1807	3137	965	18517	5615	5779	1281	956	7242	5110	1018	773	301	1	25842	2218	5855	3337	549	233	209	186	118	582	10	2460	5709	112	252	160	531207	2	3	3	3	1	1	1	2	1	0	0	0	0	1	1	0	2	3	7	2	0	8	0	0	4	3	3	2	1	3	2	0	0	3	0	3	65	1434	228	1072	13	21	999	219	598	5	586	24	10	10	5	1	43	0	2	1	35	54	65	0	1	9	1	3	43	43	15	26	0	7	12	27	6	36	0	20	0	8	0	8	375	4	6	1	0	176	0	0	0	6	0	29	12	0	0	0	0	5	1	0	4	282	0	5	0	0	0	12	32	3	0	0	0	0	0	22	4	0	0	0	0	0	0	0	0	4	1	14	10	5	60	6	20	0	80	15	0	0	1	4024	47	8	0	789	8	0	109	1	0	128	0	4	0	1	555	30	7	0	852	0	0	0	0	0	7	0	6	22	0	436	0	11531	11	26	9	4	1	22	29	3	2	8	28	17	2	5	1	14	3	1	5	10	25	1	1	1	0	2	1	10	1	3	25	1	1	29	2	69	9	1	8	29	1	0	3	25
1	0	0	0	0	0	0	0	0	0	0	0	0	0	0	0	2	0	0	0	0	0	0	0	0	0	0	0	0	0	0	0	0	0	0	0	0	3	8	4	4	3	3	3	4	4	3	3	3	3	3	3	3	3	4	4	3	3	3	3	3	3	3	3	3	4	3	4	3	3	4	4	3	3	3	126	4	2	2	2	2	2	3	2	3	2	2	2	2	3	2	2	2	2	2	2	2	2	2	2	2	2	2	2	2	2	2	2	2	2	2	2	2	79	3	0	0	1	0	0	0	0	0	0	0	0	0	0	0	0	0	0	0	0	0	0	0	0	0	0	0	0	0	1	0	0	1	1	0	0	0	7	2	0	0	0	0	0	1	0	0	0	0	0	0	0	0	0	0	0	0	0	0	0	0	0	0	0	0	0	0	0	0	0	0	0	0	0	0	3	6	2	1	1	1	1	2	1	2	1	1	1	1	1	1	1	1	1	1	1	1	1	1	1	1	1	1	1	1	1	1	1	1	1	1	1	1	45	0	0	0	0	0	0	0	0	0	0	0	0	0	0	0	0	0	0	0	0	0	0	0	0	0	0	0	0	0	0	0	0	0	0	0	0	0	0	1	1	1	1	1	1	1	1	1	1	1	1	1	1	1	1	1	1	1	1	1	1	1	1	1	1	1	1	1	1	1	1	1	1	1	1	1	37	1	2	1	1	2	1	2	2	1	1	1	2	1	1	1	1	2	2	2	1	1	1	1	1	2	2	2	2	2	2	1	1	1	2	1	1	1	52	0	0	0	0	0	0	0	0	0	0	0	0	0	0	0	0	0	0	0	0	0	0	0	0	0	0	0	0	0	0	0	0	0	0	0	0	0	0	0	0	0	0	0	0	0	0	0	0	0	0	0	0	0	0	0	0	0	0	0	0	0	0	0	0	0	0	0	0	0	0	0	0	0	0	1	1	0	0	0	0	0	0	0	0	0	0	0	0	0	0	0	0	0	0	0	0	0	0	0	0	0	0	0	0	0	0	0	0	0	0	0	0	0	0	9	7	8	7	8	7	7	7	7	8	7	7	7	8	7	7	7	7	7	7	7	7	7	7	7	7	7	7	7	7	7	7	7	7	7	7	8	266	3	1	0	0	0	0	0	0	0	0	0	0	0	0	0	0	0	0	0	0	0	0	0	0	0	0	0	0	0	0	0	0	0	0	0	0	0	4	0	0	0	0	0	0	0	0	0	0	0	0	0	0	0	0	0	0	0	0	0	0	0	0	0	0	0	0	0	0	0	0	0	0	0	0	0	0	2	0	1	0	0	1	0	0	0	0	1	0	0	0	0	0	0	0	0	0	0	0	0	0	0	0	0	1	0	1	0	0	0	0	0	0	0	7	0	0	0	0	0	0	0	0	0	0	0	0	0	0	0	0	0	0	0	0	0	0	0	0	0	0	0	0	0	0	0	0	0	0	0	0	0	0	0	0	0	0	0	0	0	0	0	0	0	0	0	0	0	0	0	0	0	0	0	0	0	0	0	0	0	0	0	0	0	0	0	0	0	0	0	0	0	0	0	0	0	0	0	0	0	0	0	0	0	0	0	0	0	0	0	0	0	0	0	0	0	0	0	0	0	0	0	0	0	0	0	0	0	0	0	0	0	0	0	0	0	0	0	0	0	0	0	0	0	0	0	0	0	0	0	0	0	0	0	0	0	0	0	0	0	0	0	0	0	0	0	0	0	0	0	0	0	0	0	0	0	0	0	0	0	0	0	0	0	0	0	0	0	0	0	0	0	0	0	0	0	0	0	0	0	0	0	0	0	0	0	0	0	0	0	0	0	0	0	0	0	0	0	0	0	0	0	0	0	0	0	0	0	0	0	0	0	0	0	0	0	0	0	0	0	0	0	0	0	0	0	0	0	0	0	0	0	0	0	0	0	0	0	0	0	0	0	0	0	0	0	0	0	0	0	0	0	0	0	0	0	0	0	0	0	0	0	0	0	0	0	0	0	0	0	0	0	0	0	0	0	0	0	0	0	0	0	0	0	0	0	0	0	0	0	0	0	0	0	0	0	0	0	0	9	1	0	0	0	0	0	0	0	0	0	0	0	0	0	0	0	0	0	0	1	0	0	0	0	0	0	0	0	0	0	0	0	0	0	0	0	11	1	1	1	1	1	1	1	1	1	1	1	1	1	1	1	1	1	1	1	1	1	1	1	1	1	1	1	1	1	1	1	1	1	1	1	1	1	37	290	235	118	61	8	1	6	43	31757	25	42	9	1174	121	302	17	1	28	0	40	118	11	14	3	43	0	3	0	0	0	0	2	1	0	0	0	0	38	5	0	174	8	84	0	55	101	3	0	1	0	5	468	472	458	284	278	282	459	273	291	459	280	278	432	439	281	264	425	449	416	15	287	287	283	270	399	446	289	373	376	456	280	288	442	466	291	475	531207	3	2	2	2	0	8	1	1	1	8	3	0	0	5	1	10	1	1	6	1	0	0	0	0	2	1	2	1	1	2	3	3	1	1	0	1	65	6	6	4	8	8	0	8	6	0	4	4	2	2	12	0	0	4	4	0	2	4	2	2	2	0	0	0	6	0	0	0	0	2	0	2	4	2	0	4	4	0	0	4	0	0	0	0	0	2	0	2	0	0	4	0	0	2	0	4	4	0	0	2	2	0	2	2	0	0	2	4	0	0	2	0	0	6	0	0	0	0	0	0	0	2	0	2	0	4	0	0	0	0	0	0	0	0	0	19	1	0	0	4171	47	2	6	871	10	0	114	0	0	151	0	0	1	0	623	17	5	1	754	0	1	0	0	0	5	0	0	22	0	535	0	12517	10	27	9	4	1	22	28	2	2	9	29	19	2	5	1	14	3	1	6	11	26	1	1	1	0	2	1	10	1	3	26	1	1	32	2	76	10	1	9	26	2	0	3	24
2	0	0	0	0	1	0	0	0	0	0	0	0	0	1	0	1	0	0	0	0	0	0	0	0	0	0	0	0	0	0	0	1	0	0	0	0	6	8	4	4	4	4	4	4	4	4	4	4	4	4	4	4	4	4	4	4	4	4	4	4	4	4	4	4	4	4	4	4	4	4	4	4	4	5	153	8	3	1	2	1	1	4	1	1	1	1	1	1	1	1	1	1	1	1	1	1	1	1	1	1	1	1	1	1	2	1	1	1	1	1	1	2	52	1	0	0	0	0	0	0	0	0	0	0	0	0	0	0	0	0	1	0	0	0	0	0	0	0	0	0	0	0	0	0	0	0	0	0	0	1	3	1	0	0	0	0	0	0	0	0	0	0	0	0	0	1	0	0	0	0	0	0	0	0	0	0	0	0	0	0	0	0	0	0	0	0	0	0	2	4	1	0	1	1	0	0	0	0	0	0	0	0	0	0	0	0	0	0	0	0	0	0	0	0	0	0	0	0	0	0	0	0	0	0	0	0	7	1	1	1	0	0	0	0	0	0	0	0	0	0	0	0	0	0	0	0	0	0	0	0	0	0	0	0	0	0	1	0	0	0	0	0	0	0	4	0	0	0	0	0	0	0	0	0	0	0	0	0	0	0	0	0	0	0	0	0	0	0	0	0	0	0	0	0	0	0	0	0	0	0	0	0	0	2	0	0	0	0	0	0	0	0	0	0	0	0	0	0	0	0	0	0	0	0	0	0	0	0	0	0	0	0	0	0	0	0	0	0	0	1	3	0	0	0	0	0	0	0	0	0	0	0	0	0	0	0	0	0	0	0	0	0	0	0	0	0	0	0	0	0	0	0	0	0	0	0	0	0	0	1	1	1	1	1	1	1	1	1	1	1	1	1	1	1	1	1	1	1	1	1	1	1	1	1	1	1	1	1	1	1	1	1	1	1	1	1	37	0	0	0	0	0	0	0	0	0	0	0	0	0	0	0	0	0	0	0	0	0	0	0	0	0	0	0	0	0	0	0	0	0	0	0	0	0	0	7	2	2	2	3	2	2	2	2	2	2	2	2	3	2	2	2	2	3	2	2	2	2	2	2	2	2	2	2	2	2	2	2	2	2	2	2	82	1	1	0	0	0	1	0	0	0	0	0	0	0	0	1	0	0	0	0	0	0	0	0	0	0	0	0	0	1	0	0	0	0	0	0	0	0	5	0	0	0	0	0	0	0	0	0	0	0	0	0	0	0	0	0	0	0	0	0	0	0	0	0	0	0	0	0	0	0	0	0	0	0	0	0	0	0	1	0	1	2	0	1	1	0	0	0	0	0	0	0	0	1	1	1	0	0	0	0	0	1	2	1	1	1	1	1	0	0	1	0	0	0	18	0	0	0	0	0	0	0	0	0	0	0	0	0	0	0	0	0	0	0	0	0	0	0	0	0	0	0	0	0	0	0	0	0	0	0	0	0	0	0	0	0	0	0	0	0	0	0	0	0	0	0	0	0	0	0	0	0	0	0	0	0	0	0	0	0	0	0	0	0	0	0	0	0	0	0	0	0	0	0	0	0	0	0	0	0	0	0	0	0	0	0	0	0	0	0	0	0	0	0	0	0	0	0	0	0	0	0	0	0	0	0	0	0	0	0	0	0	0	0	0	0	0	0	0	0	0	0	0	0	0	0	0	0	0	0	0	0	0	0	0	0	0	0	0	0	0	0	0	0	0	0	0	0	0	0	0	0	0	0	0	0	0	0	0	0	0	0	0	0	0	0	0	0	0	0	0	0	0	0	0	0	0	0	0	0	0	0	0	0	0	0	0	0	0	0	0	0	0	0	0	0	0	0	0	0	0	0	0	0	0	0	0	0	0	0	0	0	0	0	0	0	0	0	0	0	0	0	0	0	0	0	0	0	0	0	0	0	0	0	0	0	0	0	0	0	0	0	0	0	0	0	0	0	0	0	0	0	0	0	0	0	0	0	0	0	0	0	0	0	0	0	0	0	0	0	0	0	0	0	0	0	0	0	0	0	0	0	0	0	0	0	0	0	0	0	0	0	0	0	0	0	0	0	0	3	1	0	0	0	0	0	0	0	1	0	0	0	0	1	0	0	0	0	1	0	0	0	0	0	1	0	0	0	0	0	0	1	0	0	0	0	9	3	0	0	0	1	0	0	0	0	0	0	0	0	0	1	0	0	0	0	0	0	0	0	0	0	0	0	0	0	0	0	0	0	0	0	0	1	6	290	235	118	61	8	1	6	43	31757	25	42	9	1174	121	302	17	1	28	0	40	118	11	14	3	43	0	3	0	0	0	0	2	1	0	0	0	0	38	5	0	174	8	84	0	55	101	3	0	1	0	5	466	472	458	284	279	282	459	274	291	459	281	278	431	439	281	264	425	449	416	15	287	286	283	270	399	446	289	373	376	456	280	288	442	466	291	474	531207	1	0	0	0	0	2	0	0	0	0	2	1	0	0	1	2	0	0	4	1	3	0	1	0	0	1	0	0	0	0	0	0	0	0	0	0	65	4	2	4	2	8	0	10	10	2	2	2	0	0	4	0	2	6	2	0	4	4	4	4	6	0	4	0	2	0	0	0	0	6	0	2	4	0	2	0	4	2	0	2	0	0	0	0	0	4	0	4	0	0	4	0	0	4	0	2	0	0	0	0	2	0	6	0	2	0	4	2	2	4	0	0	0	8	0	0	0	0	0	0	0	0	0	2	0	0	0	0	0	0	0	2	6	2	0	12	2	0	0	4176	73	1	2	755	15	0	126	2	0	205	0	0	0	0	508	17	6	1	420	0	0	0	0	0	8	0	1	31	0	468	0	11331	12	29	11	4	1	23	33	3	2	9	31	17	2	5	1	16	3	1	6	11	26	1	1	1	0	2	1	11	1	3	26	1	1	34	3	82	11	1	9	26	2	0	2	23
1	0	0	0	0	0	0	0	0	0	1	0	0	0	0	0	0	0	0	2	0	1	0	0	0	0	0	0	1	0	0	0	0	0	0	0	0	6	2	1	1	1	1	1	1	1	1	1	1	1	1	1	1	1	1	1	1	1	1	1	1	1	1	1	1	1	1	1	1	1	1	1	1	1	2	39	7	5	4	4	4	4	4	4	4	4	4	4	4	4	4	4	4	4	4	4	4	4	4	4	4	4	6	4	4	4	4	4	4	4	4	4	4	154	2	1	0	0	0	0	0	1	0	0	0	0	0	0	0	0	0	0	0	0	0	0	0	0	0	0	0	0	0	0	0	0	0	0	0	0	0	4	3	0	0	0	0	0	0	0	0	0	0	0	0	0	0	0	0	0	0	0	0	0	0	0	0	0	0	0	0	0	0	0	0	0	0	0	0	3	12	1	1	2	1	1	1	1	1	2	1	1	1	1	1	1	1	1	1	1	1	1	1	1	1	1	1	1	1	1	1	1	1	1	1	1	2	51	0	0	0	0	0	0	0	0	1	0	0	0	0	0	2	0	0	0	0	0	0	0	0	0	0	0	0	0	0	0	0	0	0	0	0	0	0	3	1	1	1	1	1	1	1	1	1	1	1	1	1	1	1	1	1	1	1	1	1	1	1	1	1	1	1	1	1	1	1	1	1	1	1	1	1	37	5	4	2	2	3	2	4	4	2	2	2	3	2	2	2	2	4	4	3	2	2	2	2	2	4	3	3	4	3	4	3	2	3	4	2	2	3	104	0	0	0	0	0	0	0	0	0	0	0	0	0	0	0	0	0	0	0	0	0	0	0	0	0	0	0	0	0	0	0	0	0	0	0	0	0	0	0	1	0	0	1	0	1	1	0	0	0	0	0	0	0	0	1	1	1	0	0	0	0	0	1	1	1	1	1	1	0	0	0	1	0	0	0	14	0	0	0	0	0	0	0	0	0	0	0	0	0	0	0	0	0	0	0	0	0	0	0	0	0	0	0	0	0	0	0	0	0	0	0	0	0	0	4	2	2	2	2	2	2	2	2	2	2	2	2	3	2	2	2	3	2	2	5	2	2	2	2	2	2	2	2	2	2	2	2	2	2	2	2	81	5	0	0	0	0	1	0	0	0	0	0	0	0	0	1	0	0	0	0	0	0	0	0	0	0	0	0	0	0	0	0	0	0	0	1	0	1	9	0	0	0	0	0	0	0	0	0	0	0	0	0	0	0	0	0	0	0	0	0	0	0	0	0	0	0	0	0	0	0	0	0	0	0	0	0	0	2	2	2	3	2	4	2	2	2	3	2	2	2	2	2	2	2	2	2	2	2	2	2	2	2	2	2	2	2	2	2	2	2	2	2	2	2	78	0	0	0	0	0	0	0	0	0	0	0	0	0	0	0	0	0	0	0	0	0	0	0	0	0	0	0	0	0	0	0	0	0	0	0	0	0	0	0	0	0	0	0	0	0	0	0	0	0	0	0	0	0	0	0	0	0	0	0	0	0	0	0	0	0	0	0	0	0	0	0	0	0	0	0	0	0	0	0	0	0	0	0	0	0	0	0	0	0	0	0	0	0	0	0	0	0	0	0	0	0	0	0	0	0	0	0	0	0	0	0	0	0	0	0	0	0	0	0	0	0	0	0	0	0	0	0	0	0	0	0	0	0	0	0	0	0	0	0	0	0	0	0	0	0	0	0	0	0	0	0	0	0	0	0	0	0	0	0	0	0	0	0	0	0	0	0	0	0	0	0	0	0	0	0	0	0	0	0	0	0	0	0	0	0	0	0	0	0	0	0	0	0	0	0	0	0	0	0	0	0	0	0	0	0	0	0	0	0	0	0	0	0	0	0	0	0	0	0	0	0	0	0	0	0	0	0	0	0	0	0	0	0	0	0	0	0	0	0	0	0	0	0	0	0	0	0	0	0	0	0	0	0	0	0	0	0	0	0	0	0	0	0	0	0	0	0	0	0	0	0	0	0	0	0	0	0	0	0	0	0	0	0	0	0	0	0	0	0	0	0	0	0	0	0	0	0	0	0	0	0	0	0	0	4	0	1	1	1	1	0	0	0	0	0	0	0	0	3	0	0	1	2	0	0	0	0	0	0	0	0	0	0	0	0	0	0	0	0	0	0	14	0	0	0	0	0	0	0	0	0	0	0	0	0	0	0	0	0	0	0	0	0	1	0	0	0	0	0	0	0	0	0	0	0	0	0	0	0	1	290	235	118	61	8	1	6	43	31757	25	42	9	1174	121	302	17	1	28	0	40	118	11	14	3	43	0	3	0	0	0	0	2	1	0	0	0	0	38	5	0	174	8	84	0	55	101	3	0	1	0	5	463	471	459	284	279	285	459	273	291	459	281	278	429	438	281	264	425	449	416	15	287	287	283	270	399	446	289	373	376	240	280	288	442	466	293	473	531207	0	0	0	0	0	1	0	0	0	0	1	1	0	1	0	0	0	0	4	1	6	0	0	0	0	1	0	0	0	0	0	0	0	0	0	0	65	4	6	4	2	2	0	10	6	2	8	8	4	6	6	0	0	4	0	2	2	4	4	2	4	0	0	0	2	0	0	0	0	2	0	2	8	0	6	0	2	0	0	0	0	0	0	2	0	2	0	2	0	0	4	0	0	6	0	2	2	4	0	0	2	0	2	4	0	0	2	2	2	4	2	0	0	4	0	4	0	0	0	0	0	0	0	0	0	2	0	0	0	0	0	0	4	0	0	9	2	1	0	4667	80	10	4	874	15	0	103	1	0	205	0	0	2	0	550	19	13	0	669	0	1	0	0	0	0	0	3	18	0	433	0	12456	11	28	10	4	1	23	36	3	1	10	30	16	2	5	1	14	2	1	6	11	20	1	1	1	1	2	1	11	1	3	28	1	1	36	2	85	14	1	11	20	2	0	2	23
2	1	0	0	0	0	1	0	0	1	0	0	0	0	0	0	0	0	0	0	0	0	0	0	0	0	0	0	0	0	0	0	0	0	0	0	1	6	2	3	2	2	2	2	2	2	2	2	2	2	2	2	2	2	2	2	2	2	3	2	2	2	2	2	2	2	2	2	2	2	2	2	2	2	2	76	12	2	3	2	2	2	2	2	2	2	2	2	2	2	2	2	2	2	2	2	2	2	2	2	2	2	2	2	2	2	2	2	2	2	2	2	2	85	2	0	0	0	0	0	0	0	0	0	0	0	0	0	0	0	0	0	0	0	0	0	0	0	0	0	0	0	0	0	0	0	0	0	0	0	1	3	3	0	0	0	0	0	0	0	0	0	0	0	0	0	0	0	0	0	0	0	0	0	0	0	0	0	0	0	0	0	0	0	0	0	0	0	0	3	8	3	1	2	1	1	2	1	1	1	1	1	1	1	1	1	1	1	1	1	1	1	1	1	1	1	1	1	1	1	1	1	1	1	1	1	1	48	2	1	0	0	0	0	0	1	0	0	0	0	0	0	0	1	0	0	0	0	0	0	0	0	0	0	0	0	0	0	0	0	0	0	0	0	0	5	1	1	1	1	1	1	1	1	1	1	1	1	1	1	1	1	1	1	1	1	1	1	1	1	1	1	1	1	1	1	1	1	1	1	1	1	1	37	3	2	2	2	2	2	2	2	2	2	2	2	2	2	2	2	2	2	2	2	2	2	2	2	2	2	2	2	2	2	2	2	2	2	2	2	2	75	0	0	0	0	0	0	0	0	0	0	0	0	0	0	0	0	0	0	0	0	0	0	0	0	0	0	0	0	0	0	0	0	0	0	0	0	0	0	1	1	1	1	1	1	1	1	1	1	1	1	1	1	1	1	1	1	1	1	1	1	1	1	1	1	1	1	1	1	1	1	1	1	1	1	1	37	0	0	0	0	0	0	0	0	0	0	0	0	0	0	0	0	0	0	0	0	0	0	0	0	0	0	0	0	0	0	0	0	0	0	0	0	0	0	13	7	7	7	7	7	7	7	7	7	7	7	7	7	7	7	7	7	7	7	7	7	7	7	7	7	7	7	7	7	8	7	7	7	7	7	8	267	6	1	0	0	0	0	0	0	1	0	0	0	0	0	0	0	0	0	0	0	0	0	0	0	0	0	0	1	0	1	0	0	0	0	0	0	0	10	0	0	0	0	0	0	0	0	0	0	0	0	0	0	0	0	0	0	0	0	0	0	0	0	0	0	0	0	0	0	0	0	0	0	0	0	0	0	4	2	2	2	2	2	2	2	2	2	2	2	2	3	2	2	2	2	2	2	2	2	3	3	2	2	2	2	3	2	2	3	2	2	3	3	3	84	0	0	0	0	0	0	0	0	0	0	0	0	0	0	0	0	0	0	0	0	0	0	0	0	0	0	0	0	0	0	0	0	0	0	0	0	0	0	0	0	0	0	0	0	0	0	0	0	0	0	0	0	0	0	0	0	0	0	0	0	0	0	0	0	0	0	0	0	0	0	0	0	0	0	0	0	0	0	0	0	0	0	0	0	0	0	0	0	0	0	0	0	0	0	0	0	0	0	0	0	0	0	0	0	0	0	0	0	0	0	0	0	0	0	0	0	0	0	0	0	0	0	0	0	0	0	0	0	0	0	0	0	0	0	0	0	0	0	0	0	0	0	0	0	0	0	0	0	0	0	0	0	0	0	0	0	0	0	0	0	0	0	0	0	0	0	0	0	0	0	0	0	0	0	0	0	0	0	0	0	0	0	0	0	0	0	0	0	0	0	0	0	0	0	0	0	0	0	0	0	0	0	0	0	0	0	0	0	0	0	0	0	0	0	0	0	0	0	0	0	0	0	0	0	0	0	0	0	0	0	0	0	0	0	0	0	0	0	0	0	0	0	0	0	0	0	0	0	0	0	0	0	0	0	0	0	0	0	0	0	0	0	0	0	0	0	0	0	0	0	0	0	0	0	0	0	0	0	0	0	0	0	0	0	0	0	0	0	0	0	0	0	0	0	0	0	0	0	0	0	0	0	0	0	8	2	2	2	1	1	1	1	1	1	1	1	1	1	2	2	1	1	1	1	1	2	1	1	1	1	2	1	1	1	1	1	1	1	1	1	1	51	2	0	0	0	0	0	0	1	0	0	0	0	0	0	0	0	0	0	0	0	0	1	0	1	0	0	0	0	0	0	0	0	0	0	0	0	0	5	290	235	118	61	8	1	6	43	31757	25	42	9	1174	121	302	17	1	28	0	40	118	11	14	3	43	0	3	0	0	0	0	2	1	0	0	0	0	38	5	0	174	8	84	0	55	101	3	0	1	0	5	475	468	455	284	283	279	455	272	291	456	283	278	432	443	282	265	425	447	416	15	285	281	284	270	400	443	289	373	375	457	280	288	442	466	293	473	531207	0	1	1	3	0	0	1	2	2	1	1	3	0	0	3	3	3	1	7	0	5	3	6	0	3	1	1	4	0	3	4	6	3	3	0	4	65	12	2	4	2	2	0	10	4	0	0	6	0	0	4	0	0	6	2	0	4	4	2	0	8	0	2	2	2	0	0	0	0	4	0	4	12	0	2	0	4	4	0	2	0	0	0	2	0	2	0	2	0	0	6	0	0	2	2	2	2	2	0	2	6	0	8	2	2	0	2	0	2	2	2	0	0	2	2	0	2	0	4	0	0	0	0	2	0	0	0	0	0	4	0	0	2	0	0	12	2	0	0	4177	84	5	2	798	10	1	127	0	0	167	0	2	2	0	553	12	20	0	742	0	0	0	0	0	5	0	1	27	0	369	0	12087	11	25	9	4	1	20	31	3	1	9	28	17	2	5	1	14	3	1	5	10	18	1	1	1	1	2	1	10	1	3	25	0	1	31	2	85	13	1	11	19	2	0	2	20
3	1	1	1	1	1	1	1	1	1	2	1	1	1	1	1	1	1	1	1	1	1	1	1	1	1	1	2	1	1	1	1	2	1	1	1	2	43	5	2	2	2	2	2	2	2	2	2	2	2	2	2	2	2	2	2	2	2	2	2	2	2	2	2	2	2	2	2	2	2	2	2	2	2	2	77	10	2	7	4	2	2	2	2	3	2	2	2	2	2	2	2	2	2	2	2	2	2	2	2	2	2	2	2	2	2	2	2	2	2	2	2	3	91	1	2	0	0	0	0	0	0	0	0	0	0	0	0	0	0	0	0	0	0	0	0	0	0	0	0	0	0	0	0	0	0	0	0	0	0	0	3	2	2	0	0	0	0	0	0	0	0	0	0	0	0	1	0	0	0	1	0	0	0	0	0	0	0	0	0	1	1	0	0	0	0	0	0	0	8	4	1	0	0	0	0	0	0	0	0	0	0	0	0	0	0	0	0	0	0	0	0	0	0	1	0	0	0	0	0	0	0	0	0	0	0	0	6	1	0	0	2	0	0	0	0	0	0	0	1	0	0	0	0	0	0	0	0	0	0	0	0	0	0	0	0	0	0	0	0	0	0	0	0	0	4	1	1	1	1	1	1	1	1	1	1	1	1	1	1	2	1	1	1	1	1	1	2	1	1	1	1	1	1	1	1	1	1	1	1	1	1	2	40	2	0	0	0	0	1	0	0	0	0	0	0	0	0	0	1	0	0	0	0	0	0	0	0	0	0	0	0	0	0	0	0	0	0	0	0	3	7	0	0	0	0	0	0	0	0	0	0	0	0	0	0	0	0	0	0	0	0	0	0	0	0	0	0	0	0	0	0	0	0	0	0	0	0	0	0	1	0	1	0	0	0	1	0	0	1	1	0	0	1	0	0	1	0	0	0	0	0	0	0	0	0	0	0	0	0	0	0	0	0	0	0	1	8	0	0	0	0	0	0	0	0	0	0	0	0	0	0	0	0	0	0	0	0	0	0	0	0	0	0	0	0	0	0	0	0	0	0	0	0	0	0	10	9	8	8	8	8	9	8	8	8	8	8	8	8	8	8	8	8	8	8	8	8	8	8	8	8	8	8	8	8	8	8	8	8	8	8	9	301	3	0	1	0	0	0	0	0	0	0	0	1	0	0	0	0	0	0	0	0	0	2	0	0	0	0	0	0	0	0	0	0	0	0	0	0	0	7	2	0	0	0	0	0	0	0	0	0	0	0	0	0	0	0	0	0	0	0	0	0	0	0	0	0	0	0	0	0	0	0	0	0	0	0	0	2	3	2	2	2	2	2	2	2	2	2	4	2	2	3	2	2	2	2	2	2	2	2	2	2	2	2	2	2	2	2	2	2	2	2	2	2	2	78	0	0	0	0	0	0	0	0	0	0	0	0	0	0	0	0	0	0	0	0	0	0	0	0	0	0	0	0	0	0	0	0	0	0	0	0	0	0	0	0	0	0	0	0	0	0	0	0	0	0	0	0	0	0	0	0	0	0	0	0	0	0	0	0	0	0	0	0	0	0	0	0	0	0	0	0	0	0	0	0	0	0	0	0	0	0	0	0	0	0	0	0	0	0	0	0	0	0	0	0	0	0	0	0	0	0	0	0	0	0	0	0	0	0	0	0	0	0	0	0	0	0	0	0	0	0	0	0	0	0	0	0	0	0	0	0	0	0	0	0	0	0	0	0	0	0	0	0	0	0	0	0	0	0	0	0	0	0	0	0	0	0	0	0	0	0	0	0	0	0	0	0	0	0	0	0	0	0	0	0	0	0	0	0	0	0	0	0	0	0	0	0	0	0	0	0	0	0	0	0	0	0	0	0	0	0	0	0	0	0	0	0	0	0	0	0	0	0	0	0	0	0	0	0	0	0	0	0	0	0	0	0	0	0	0	0	0	0	0	0	0	0	0	0	0	0	0	0	0	0	0	0	0	0	0	0	0	0	0	0	0	0	0	0	0	0	0	0	0	0	0	0	0	0	0	0	0	0	0	0	0	0	0	0	0	0	0	0	0	0	0	0	0	0	0	0	0	0	0	0	0	0	0	0	4	0	0	0	0	0	0	0	1	0	0	0	0	0	0	0	0	0	0	1	0	0	0	0	0	0	0	0	0	0	0	0	0	0	0	0	1	7	5	3	2	2	3	2	3	4	2	2	2	2	2	2	2	2	2	2	2	2	2	2	2	2	2	2	2	2	2	3	2	2	2	2	2	2	2	83	290	235	118	61	8	1	6	43	31757	25	42	9	1174	121	302	17	1	28	0	40	118	11	14	3	43	0	3	0	0	0	0	2	1	0	0	0	0	38	5	0	174	8	84	0	55	101	3	0	1	0	5	471	468	455	284	282	278	453	272	291	456	284	278	432	445	282	265	425	447	416	15	285	280	284	270	400	443	289	373	375	457	280	288	443	466	293	472	531207	1	3	0	0	0	3	4	3	1	3	3	1	0	3	1	0	3	1	6	1	1	1	0	0	3	1	3	5	1	1	2	1	2	1	0	0	65	8	12	2	0	0	0	10	4	2	2	2	0	2	0	2	0	2	0	0	2	6	2	4	0	0	0	0	10	0	0	0	0	0	0	8	4	0	6	0	2	4	0	4	0	0	0	0	0	4	0	0	0	0	2	2	0	4	0	0	4	0	0	0	2	0	2	2	0	0	2	4	2	0	0	0	0	8	0	0	0	0	0	0	0	2	0	6	0	2	0	0	0	0	0	0	6	2	0	12	2	1	0	4848	257	4	4	928	16	0	126	2	0	333	0	3	0	0	619	22	51	0	589	0	2	1	0	0	4	0	2	103	0	459	0	13701	11	27	11	4	1	20	34	3	2	9	30	18	2	6	1	12	3	1	5	10	18	1	1	1	1	2	1	10	1	3	26	1	1	34	2	94	14	1	12	22	1	0	2	21
1	0	0	0	0	1	0	0	0	0	0	0	0	0	1	0	0	0	0	0	0	0	0	0	0	0	1	0	0	0	0	0	0	0	0	0	0	4	3	2	2	3	2	3	2	2	2	2	2	2	2	2	2	2	2	2	2	2	2	2	2	2	2	2	2	2	2	2	2	2	2	2	2	2	2	77	9	2	4	2	2	2	2	2	2	2	2	2	2	2	2	2	2	2	2	2	2	2	2	2	2	2	2	2	2	2	2	2	2	2	2	2	2	83	4	1	2	1	1	1	1	1	1	1	1	1	1	1	1	1	1	1	1	1	1	1	1	1	1	1	1	1	1	1	1	1	1	1	1	1	2	42	2	1	1	1	1	1	1	1	3	2	1	1	1	1	3	1	1	1	1	1	1	1	1	1	1	1	1	1	1	1	1	1	1	2	1	1	1	44	3	0	0	0	0	0	0	0	0	0	0	0	0	0	1	0	0	0	0	0	0	0	0	0	0	0	0	0	1	0	0	0	0	0	0	0	0	5	2	1	1	1	1	1	1	1	2	1	1	1	1	1	2	1	1	1	1	1	1	1	1	1	2	1	1	1	1	1	1	1	1	1	1	1	1	41	0	0	0	0	0	0	0	0	0	0	0	0	0	0	0	0	0	0	0	0	0	0	0	0	0	0	0	0	0	0	0	0	0	0	0	0	0	0	1	0	0	0	0	0	0	0	0	0	0	0	0	0	0	0	0	0	0	0	0	0	0	0	0	0	0	0	0	0	0	0	0	0	0	0	0	1	0	0	0	0	0	0	0	0	0	0	0	0	0	0	0	0	0	0	0	0	0	0	0	0	0	0	0	0	0	0	0	0	0	0	0	0	0	0	0	0	0	0	0	0	0	0	0	0	0	0	0	0	0	0	0	0	0	0	0	0	0	0	0	0	0	0	0	0	0	0	0	0	0	0	0	0	0	0	0	0	0	0	0	0	0	0	0	0	0	0	0	0	0	0	0	0	0	0	0	0	0	0	0	0	0	0	0	0	0	0	0	0	0	0	11	6	6	6	6	6	6	6	6	6	7	6	6	6	6	6	6	6	6	6	6	6	6	6	6	6	7	6	6	6	6	6	6	6	6	7	7	231	3	0	0	0	0	0	0	0	0	0	0	0	0	0	0	0	1	0	0	0	0	0	0	0	0	0	0	0	0	0	0	0	0	0	0	0	0	4	0	0	0	0	0	0	0	0	0	0	0	0	0	0	0	0	0	0	0	0	0	0	0	0	0	0	0	0	0	0	0	0	0	0	0	0	0	0	0	1	0	0	0	0	0	0	0	0	0	0	0	0	0	0	0	0	0	0	0	0	0	0	0	0	0	0	0	1	0	0	0	0	0	1	0	3	0	0	0	0	0	0	0	0	0	0	0	0	0	0	0	0	0	0	0	0	0	0	0	0	0	0	0	0	0	0	0	0	0	0	0	0	0	0	0	0	0	0	0	0	0	0	0	0	0	0	0	0	0	0	0	0	0	0	0	0	0	0	0	0	0	0	0	0	0	0	0	0	0	0	0	0	0	0	0	0	0	0	0	0	0	0	0	0	0	0	0	0	0	0	0	0	0	0	0	0	0	0	0	0	0	0	0	0	0	0	0	0	0	0	0	0	0	0	0	0	0	0	0	0	0	0	0	0	0	0	0	0	0	0	0	0	0	0	0	0	0	0	0	0	0	0	0	0	0	0	0	0	0	0	0	0	0	0	0	0	0	0	0	0	0	0	0	0	0	0	0	0	0	0	0	0	0	0	0	0	0	0	0	0	0	0	0	0	0	0	0	0	0	0	0	0	0	0	0	0	0	0	0	0	0	0	0	0	0	0	0	0	0	0	0	0	0	0	0	0	0	0	0	0	0	0	0	0	0	0	0	0	0	0	0	0	0	0	0	0	0	0	0	0	0	0	0	0	0	0	0	0	0	0	0	0	0	0	0	0	0	0	0	0	0	0	0	0	0	0	0	0	0	0	0	0	0	0	0	0	0	0	0	0	0	0	0	0	0	0	0	0	0	0	0	0	0	0	0	0	0	0	0	0	3	0	1	0	0	0	0	0	1	0	0	0	0	1	0	0	2	0	0	0	0	0	0	0	0	0	0	0	0	0	0	0	0	0	0	0	0	8	0	1	0	0	0	0	0	0	0	0	0	0	0	1	0	0	0	0	0	0	0	0	0	0	0	0	0	0	0	0	0	0	0	0	0	0	2	4	290	235	118	61	8	1	6	43	31757	25	42	9	1174	121	302	17	1	28	0	40	118	11	14	3	43	0	3	0	0	0	0	2	1	0	0	0	0	38	5	0	174	8	84	0	55	101	3	0	1	0	5	472	467	455	284	283	278	452	272	291	456	285	278	434	446	282	265	425	447	416	15	285	277	284	270	400	443	289	373	375	457	280	288	443	466	293	471	531207	1	0	0	0	0	1	0	0	0	2	0	2	0	1	1	2	0	0	7	0	3	0	4	0	2	1	1	0	0	1	2	4	3	2	0	4	65	2	2	6	0	4	0	10	4	0	8	4	0	8	4	0	0	0	0	2	2	2	4	0	2	0	2	0	4	2	0	0	2	10	0	0	4	0	0	0	8	2	0	2	0	0	0	4	0	0	0	2	0	0	8	4	0	10	0	4	6	0	0	0	6	0	0	4	0	0	6	0	4	2	0	0	4	2	0	2	2	0	0	0	0	0	2	6	0	0	0	0	0	0	0	0	6	10	0	14	2	2	0	5130	320	12	2	817	17	0	114	1	0	396	0	0	0	1	532	35	5	1	746	1	0	1	0	2	5	0	2	24	0	412	0	13857	13	25	11	4	1	20	35	3	1	9	30	20	2	5	1	12	3	1	5	10	18	1	1	1	1	2	1	10	1	3	27	1	1	33	3	96	14	1	12	19	2	0	2	21
4	0	0	0	4	1	0	0	0	0	0	0	0	0	0	0	0	0	0	0	0	0	0	0	0	0	0	0	0	0	0	0	0	0	0	0	0	9	5	2	2	2	3	2	2	2	2	2	2	2	2	2	3	2	2	2	2	2	2	2	2	2	2	3	2	2	2	2	2	2	2	2	2	2	3	81	6	2	2	2	1	1	1	1	1	1	2	1	1	1	1	1	2	1	1	1	1	1	1	1	1	1	1	1	1	1	1	1	1	1	1	1	2	48	3	0	0	0	0	0	0	0	0	0	0	0	0	0	0	0	0	0	1	0	0	0	0	0	0	0	0	0	0	0	0	0	1	1	0	0	0	6	2	0	0	0	0	0	0	0	0	0	0	0	0	0	0	0	0	0	0	1	0	0	0	0	0	0	0	0	0	0	0	0	0	0	0	0	0	3	5	1	1	1	1	1	1	1	1	1	1	1	1	1	1	1	1	1	1	1	1	1	1	1	1	1	1	1	1	2	1	1	1	1	1	1	1	42	0	2	0	0	0	1	0	0	0	0	0	0	0	0	0	0	0	0	0	0	0	0	0	0	0	0	0	0	0	0	0	0	0	0	0	0	0	3	2	2	2	2	2	2	2	2	2	2	2	2	2	2	2	2	2	2	2	2	2	2	2	2	2	2	2	2	2	2	2	2	2	2	2	2	2	74	7	7	7	7	7	7	7	7	7	7	7	7	7	7	7	7	7	7	7	7	7	7	7	7	7	7	7	7	7	7	7	7	7	7	7	7	8	260	0	0	0	0	0	0	0	0	0	0	0	0	0	0	0	0	0	0	0	0	0	0	0	0	0	0	0	0	0	0	0	0	0	0	0	0	0	0	2	0	0	0	0	0	0	1	0	0	0	0	0	0	0	0	0	0	0	0	0	0	0	0	0	0	0	0	0	0	0	0	0	0	0	0	1	4	0	0	0	0	0	0	0	0	0	0	0	0	0	0	0	0	0	0	0	0	0	0	0	0	0	0	0	0	0	0	0	0	0	0	0	0	0	0	19	14	14	14	15	15	14	14	15	14	14	14	14	14	15	14	14	14	14	14	14	14	14	14	15	14	14	14	14	14	14	14	14	14	14	14	15	529	3	2	2	1	1	3	1	1	1	1	1	1	1	1	1	1	1	1	1	1	1	1	1	1	1	1	1	1	1	1	1	1	1	1	1	1	1	43	0	0	0	0	0	0	0	0	0	0	0	0	0	0	0	0	0	0	0	0	0	0	0	0	0	0	0	0	0	0	0	0	0	0	0	0	0	0	0	0	0	0	0	0	0	0	1	0	0	0	0	0	1	0	0	0	0	0	0	0	1	1	0	0	0	0	0	0	0	1	0	0	1	1	0	7	0	0	0	0	0	0	0	0	0	0	0	0	0	0	0	0	0	0	0	0	0	0	0	0	0	0	0	0	0	0	0	0	0	0	0	0	0	0	0	0	0	0	0	0	0	0	0	0	0	0	0	0	0	0	0	0	0	0	0	0	0	0	0	0	0	0	0	0	0	0	0	0	0	0	0	0	0	0	0	0	0	0	0	0	0	0	0	0	0	0	0	0	0	0	0	0	0	0	0	0	0	0	0	0	0	0	0	0	0	0	0	0	0	0	0	0	0	0	0	0	0	0	0	0	0	0	0	0	0	0	0	0	0	0	0	0	0	0	0	0	0	0	0	0	0	0	0	0	0	0	0	0	0	0	0	0	0	0	0	0	0	0	0	0	0	0	0	0	0	0	0	0	0	0	0	0	0	0	0	0	0	0	0	0	0	0	0	0	0	0	0	0	0	0	0	0	0	0	0	0	0	0	0	0	0	0	0	0	0	0	0	0	0	0	0	0	0	0	0	0	0	0	0	0	0	0	0	0	0	0	0	0	0	0	0	0	0	0	0	0	0	0	0	0	0	0	0	0	0	0	0	0	0	0	0	0	0	0	0	0	0	0	0	0	0	0	0	0	0	0	0	0	0	0	0	0	0	0	0	0	0	0	0	0	0	0	0	0	0	0	0	0	0	0	0	0	0	0	0	0	0	0	0	0	3	1	0	0	0	2	1	0	0	0	0	0	0	0	0	0	0	0	0	0	0	0	0	0	0	0	0	0	0	0	0	0	0	0	0	0	0	7	3	2	2	2	3	2	2	2	2	2	2	2	2	2	2	2	2	2	2	2	2	2	2	2	2	2	2	2	2	2	2	2	2	2	2	2	2	76	290	235	118	61	8	1	6	43	31757	25	42	9	1174	121	302	17	1	28	0	40	118	11	14	3	43	0	3	0	0	0	0	2	1	0	0	0	0	38	5	0	174	8	84	0	55	101	3	0	1	0	5	472	466	456	283	282	280	451	272	291	456	285	277	434	446	282	265	425	447	416	15	285	274	284	270	399	443	289	373	375	457	280	288	443	466	293	471	531207	1	0	1	0	0	0	1	0	0	0	1	3	0	0	1	0	0	0	5	0	3	0	1	0	0	0	0	0	0	0	1	2	2	0	0	1	65	10	4	16	2	2	0	10	0	4	6	8	4	4	0	2	0	8	2	0	4	4	4	0	0	0	0	0	2	0	0	0	0	10	0	4	4	0	6	2	0	2	0	0	0	0	0	4	0	2	0	8	0	0	2	0	0	2	2	2	6	2	0	0	2	0	2	0	0	0	2	2	0	2	0	0	0	6	0	0	2	0	0	0	0	2	0	4	0	2	0	0	0	0	0	0	6	0	0	15	3	0	0	4833	332	20	8	905	10	0	141	0	0	484	0	3	0	0	633	20	7	0	752	0	0	0	0	0	6	1	4	34	0	449	0	14396	12	27	9	4	1	17	32	3	1	9	28	18	2	5	1	13	3	1	5	10	18	1	1	1	1	1	1	9	1	3	21	1	1	31	2	99	84	1	12	22	2	0	1	21
4	1	0	0	1	0	0	0	0	0	0	0	0	0	0	0	0	0	0	0	0	0	0	0	0	0	0	0	0	0	0	0	0	0	0	0	1	7	8	4	4	4	4	4	4	4	4	4	4	4	4	4	4	4	4	4	4	4	4	4	4	4	4	4	4	4	4	4	4	4	4	4	4	4	4	152	9	4	5	3	3	3	3	3	4	3	3	3	3	3	3	3	3	3	3	3	3	3	3	3	3	3	3	3	3	3	3	3	4	3	3	3	3	122	1	0	0	0	0	0	0	0	0	0	0	0	0	0	0	1	0	0	0	0	0	0	0	0	0	0	0	0	0	0	0	0	1	0	0	0	0	3	1	2	0	0	0	0	0	0	1	0	0	0	0	0	2	0	0	0	0	0	0	0	0	0	0	0	0	0	0	0	0	0	0	0	0	0	1	7	4	0	0	1	0	0	0	0	0	0	0	0	0	0	0	0	0	0	0	0	0	0	0	0	0	0	0	0	0	0	0	0	0	0	0	0	1	6	0	0	0	0	0	0	0	0	0	0	0	1	0	0	0	0	0	0	0	0	0	1	0	0	0	0	0	0	0	0	0	1	0	0	0	0	1	4	0	1	0	0	0	0	0	0	1	0	0	0	0	0	0	0	0	1	0	1	0	0	0	0	0	0	0	0	0	0	0	0	0	0	0	0	0	4	4	1	1	1	1	1	1	1	1	1	1	1	1	1	1	1	1	1	1	1	1	1	1	1	1	1	1	1	1	1	1	1	1	1	1	1	1	40	0	0	0	0	0	0	0	0	0	0	0	0	0	0	0	0	0	0	0	0	0	0	0	0	0	0	0	0	0	0	0	0	0	0	0	0	0	0	0	0	0	0	0	0	0	0	0	0	0	0	0	0	0	0	0	0	0	0	1	0	0	0	0	0	0	0	0	0	0	0	0	0	0	0	0	1	0	0	0	0	0	0	0	0	0	0	0	0	0	0	0	0	0	0	0	0	0	0	0	0	0	0	0	0	0	0	0	0	0	0	0	0	0	0	13	11	9	9	10	9	11	10	9	9	9	9	9	9	10	9	10	10	10	9	9	9	9	9	10	10	10	10	10	10	9	9	9	10	9	9	9	354	7	0	0	0	0	0	0	0	0	0	1	0	0	0	0	0	0	0	0	0	0	0	0	0	0	0	0	0	0	1	0	0	0	0	0	0	0	9	0	0	0	0	0	0	0	0	0	0	0	0	0	0	0	0	0	0	0	0	0	0	0	0	0	0	0	0	0	0	0	0	0	0	0	0	0	0	2	0	0	0	0	0	0	0	0	0	1	0	0	0	0	0	0	0	0	0	0	0	0	0	0	0	0	0	0	0	0	0	0	0	0	0	1	4	0	0	0	0	0	0	0	0	0	0	0	0	0	0	0	0	0	0	0	0	0	0	0	0	0	0	0	0	0	0	0	0	0	0	0	0	0	0	0	0	0	0	0	0	0	0	0	0	0	0	0	0	0	0	0	0	0	0	0	0	0	0	0	0	0	0	0	0	0	0	0	0	0	0	0	0	0	0	0	0	0	0	0	0	0	0	0	0	0	0	0	0	0	0	0	0	0	0	0	0	0	0	0	0	0	0	0	0	0	0	0	0	0	0	0	0	0	0	0	0	0	0	0	0	0	0	0	0	0	0	0	0	0	0	0	0	0	0	0	0	0	0	0	0	0	0	0	0	0	0	0	0	0	0	0	0	0	0	0	0	0	0	0	0	0	0	0	0	0	0	0	0	0	0	0	0	0	0	0	0	0	0	0	0	0	0	0	0	0	0	0	0	0	0	0	0	0	0	0	0	0	0	0	0	0	0	0	0	0	0	0	0	0	0	0	0	0	0	0	0	0	0	0	0	0	0	0	0	0	0	0	0	0	0	0	0	0	0	0	0	0	0	0	0	0	0	0	0	0	0	0	0	0	0	0	0	0	0	0	0	0	0	0	0	0	0	0	0	0	0	0	0	0	0	0	0	0	0	0	0	0	0	0	0	0	0	0	0	0	0	0	0	0	0	0	0	0	0	0	0	0	0	0	0	6	0	3	0	0	0	1	0	0	0	0	0	0	0	0	0	0	0	0	0	0	0	0	0	0	0	0	0	0	0	0	0	0	0	0	0	0	10	3	2	2	2	2	2	2	2	2	2	2	2	2	2	2	2	2	2	2	2	2	2	2	2	2	2	2	2	2	2	2	2	2	2	2	2	3	76	290	235	118	61	8	1	6	43	31757	25	42	9	1174	121	302	17	1	28	0	40	118	11	14	3	43	0	3	0	0	0	0	2	1	0	0	0	0	38	5	0	174	8	84	0	55	101	3	0	1	0	5	473	467	456	283	281	280	451	272	291	456	285	277	434	446	282	266	425	448	416	15	285	274	284	270	399	443	289	373	375	457	280	288	443	466	292	472	531207	0	0	0	0	0	0	1	0	0	0	1	1	0	1	1	0	0	1	4	0	0	0	0	0	0	1	1	0	1	1	1	0	1	1	0	0	65	8	2	6	0	4	0	10	4	0	2	6	2	4	8	0	0	10	2	0	0	8	4	0	6	0	0	2	4	0	0	0	0	2	0	2	12	0	2	2	2	0	0	0	0	0	0	2	0	0	0	0	0	0	6	0	0	8	0	2	4	0	0	0	4	0	2	4	0	0	4	0	0	0	0	0	0	0	0	2	2	0	0	0	0	4	0	8	0	2	0	0	0	0	0	0	2	0	2	12	1	0	0	5221	333	0	10	913	6	1	196	1	0	303	0	1	0	1	641	10	10	1	906	0	0	0	0	0	3	0	3	30	0	392	0	14950	9	27	9	4	1	18	34	3	1	9	28	20	2	5	1	12	3	1	4	9	17	1	1	1	1	2	1	9	1	3	22	1	1	33	3	100	16	1	11	18	2	0	1	21
3	1	1	1	1	1	1	1	1	1	1	1	1	1	1	1	1	1	1	1	1	3	1	1	1	1	1	2	1	1	1	1	1	1	1	1	1	42	6	3	3	3	3	3	3	3	3	3	3	3	3	4	3	3	3	3	3	3	3	3	3	3	3	3	3	3	3	3	3	3	3	3	3	3	5	117	9	2	2	2	2	2	3	3	2	2	2	2	2	2	2	2	2	2	2	2	2	2	2	2	2	2	2	2	2	3	2	2	2	2	2	2	3	85	2	0	0	0	0	0	0	0	0	0	0	0	0	0	0	0	0	0	0	0	0	0	0	0	0	0	0	0	0	0	0	0	0	0	0	0	0	2	0	0	0	0	0	0	1	0	0	0	1	0	0	0	0	0	0	0	0	0	0	0	0	0	0	0	0	0	0	0	0	0	0	0	0	0	0	2	4	1	0	0	0	0	0	0	0	0	0	0	0	0	1	0	0	1	0	0	0	0	0	0	0	1	0	0	0	0	0	0	0	0	0	0	0	8	1	0	0	0	0	0	0	0	0	0	0	0	0	0	1	0	0	0	0	0	0	0	0	0	0	0	0	0	0	0	0	0	0	0	0	0	0	2	3	3	3	2	3	2	3	3	2	2	2	2	2	2	2	2	3	3	3	2	2	2	2	2	3	3	3	3	3	3	2	2	2	3	2	2	2	90	5	2	2	2	2	2	2	2	2	2	2	2	2	2	2	2	2	2	2	2	2	2	2	2	2	2	2	2	2	2	2	2	2	2	2	2	2	77	0	0	0	0	0	0	0	0	0	0	0	0	0	0	0	0	0	0	0	0	0	0	0	0	0	0	0	0	0	0	0	0	0	0	0	0	0	0	0	0	0	0	0	0	0	0	0	0	0	0	0	0	0	0	0	0	0	0	0	0	0	0	0	0	0	0	0	0	0	0	0	0	0	0	0	0	0	0	0	0	0	0	0	0	0	0	0	0	0	0	0	0	0	0	0	0	0	0	0	0	0	0	0	0	0	0	0	0	0	0	0	0	0	0	19	15	15	15	15	15	15	15	15	15	15	15	15	15	17	15	15	15	15	15	15	15	15	15	15	15	15	15	15	15	15	15	15	15	15	15	16	562	5	0	0	0	0	0	0	0	0	1	0	0	0	0	0	0	0	0	0	0	0	1	0	0	0	0	0	0	0	0	0	0	0	0	0	0	0	7	1	0	1	0	0	0	0	0	0	0	0	0	0	0	0	0	0	0	0	0	0	0	0	0	0	0	0	0	0	0	0	0	0	0	0	0	0	2	2	2	2	2	2	2	2	2	2	2	2	3	2	2	3	2	2	2	2	2	2	3	2	2	2	2	2	2	2	2	2	2	2	2	2	2	2	77	0	0	0	0	0	0	0	0	0	0	0	0	0	0	0	0	0	0	0	0	0	0	0	0	0	0	0	0	0	0	0	0	0	0	0	0	0	0	0	0	0	0	0	0	0	0	0	0	0	0	0	0	0	0	0	0	0	0	0	0	0	0	0	0	0	0	0	0	0	0	0	0	0	0	0	0	0	0	0	0	0	0	0	0	0	0	0	0	0	0	0	0	0	0	0	0	0	0	0	0	0	0	0	0	0	0	0	0	0	0	0	0	0	0	0	0	0	0	0	0	0	0	0	0	0	0	0	0	0	0	0	0	0	0	0	0	0	0	0	0	0	0	0	0	0	0	0	0	0	0	0	0	0	0	0	0	0	0	0	0	0	0	0	0	0	0	0	0	0	0	0	0	0	0	0	0	0	0	0	0	0	0	0	0	0	0	0	0	0	0	0	0	0	0	0	0	0	0	0	0	0	0	0	0	0	0	0	0	0	0	0	0	0	0	0	0	0	0	0	0	0	0	0	0	0	0	0	0	0	0	0	0	0	0	0	0	0	0	0	0	0	0	0	0	0	0	0	0	0	0	0	0	0	0	0	0	0	0	0	0	0	0	0	0	0	0	0	0	0	0	0	0	0	0	0	0	0	0	0	0	0	0	0	0	0	0	0	0	0	0	0	0	0	0	0	0	0	0	0	0	0	0	0	0	3	0	1	0	0	0	0	0	0	0	0	0	0	0	0	0	0	0	0	0	0	1	0	0	0	0	0	0	0	1	0	0	0	1	0	0	0	7	1	0	0	0	0	0	0	0	0	0	0	0	0	0	0	0	0	0	0	0	0	0	0	0	0	0	0	0	0	0	0	0	0	0	0	0	1	2	290	235	118	61	8	1	6	43	31757	25	42	9	1174	121	302	17	1	28	0	40	118	11	14	3	43	0	3	0	0	0	0	2	1	0	0	0	0	38	5	0	174	8	84	0	55	101	3	0	1	0	5	474	467	457	283	279	281	450	272	291	456	285	277	435	447	282	266	425	448	417	15	285	275	284	270	399	444	289	373	375	457	280	288	443	466	292	471	531207	1	0	1	0	0	0	0	0	1	1	2	1	0	3	2	1	0	0	4	1	4	4	2	0	0	0	0	0	0	0	2	1	0	0	0	1	65	6	6	2	6	4	0	10	8	4	10	12	4	4	0	0	0	0	0	0	0	4	2	0	2	0	2	0	4	0	0	0	0	10	0	2	0	2	0	2	0	4	2	0	0	0	0	0	0	0	0	4	0	0	0	2	0	2	2	4	6	2	0	0	2	0	6	0	2	0	0	0	0	4	0	0	0	4	0	2	2	0	2	0	0	0	0	4	0	0	0	0	0	2	0	0	2	2	0	10	3	1	0	4448	507	3	4	871	20	0	144	0	0	303	0	0	1	1	551	16	11	2	1095	0	0	0	1	0	2	0	1	21	0	402	0	14176	10	29	12	4	1	20	36	4	1	9	32	21	3	5	1	12	3	1	5	13	17	1	1	1	0	2	1	11	1	3	24	1	1	35	3	93	16	1	11	21	2	0	1	20
5	0	0	0	0	0	1	0	0	1	0	0	0	0	0	0	1	0	0	0	0	0	0	0	0	0	0	0	0	0	0	0	0	0	0	0	1	9	11	4	4	4	4	4	4	4	4	4	5	4	4	4	4	4	4	4	4	4	4	4	4	4	4	5	4	4	4	4	4	4	4	4	4	4	5	158	10	1	2	1	1	1	2	1	1	2	2	1	1	1	1	1	1	1	1	1	1	1	1	1	1	1	1	1	1	1	1	1	1	1	1	1	1	50	4	2	1	1	1	1	1	1	1	1	1	1	1	1	1	1	1	1	1	1	1	1	1	1	1	1	1	1	1	1	1	1	1	1	1	1	1	41	2	0	0	0	0	0	0	0	1	0	0	0	0	0	0	0	0	0	0	0	0	0	0	0	0	0	1	0	0	0	0	0	0	0	0	0	0	4	6	1	1	1	1	2	1	1	1	1	1	1	1	1	1	1	1	1	1	1	1	1	1	1	1	1	1	1	1	1	1	1	2	1	1	1	1	44	1	0	0	0	0	0	1	0	0	0	0	0	0	0	1	0	0	0	0	0	0	0	0	0	0	0	0	0	0	0	0	0	0	0	0	0	0	3	1	2	1	1	1	1	2	2	1	1	1	1	1	1	1	1	2	1	1	1	1	1	1	1	1	1	1	1	1	2	1	1	1	1	1	1	1	42	2	2	3	2	2	3	2	2	2	2	2	2	2	2	2	2	2	2	2	2	2	2	2	2	2	2	2	2	2	2	2	2	2	2	2	2	2	76	0	0	0	0	0	0	0	0	0	0	0	0	0	0	0	0	0	0	0	0	0	0	0	0	0	0	0	0	0	0	0	0	0	0	0	0	0	0	2	2	3	2	2	2	2	2	2	2	2	2	2	2	3	2	2	2	2	2	2	2	2	2	2	2	2	2	2	2	2	2	2	2	2	2	2	76	0	0	0	0	0	0	0	0	0	0	0	0	0	0	0	0	0	0	0	0	0	0	0	0	0	0	0	0	0	0	0	0	0	0	0	0	0	0	19	9	9	9	8	8	8	8	9	8	8	8	8	8	9	8	8	8	8	8	8	8	8	8	8	8	8	8	8	8	8	8	8	8	8	8	9	313	6	1	1	1	1	1	1	1	1	1	1	1	1	1	1	1	1	1	1	1	1	1	1	1	1	1	1	1	1	3	1	1	1	1	1	1	1	44	1	0	0	0	0	0	0	0	0	0	0	0	0	0	0	0	0	0	0	0	0	0	0	0	0	0	0	0	0	0	0	0	0	0	0	0	0	1	3	4	3	3	3	3	3	3	3	3	3	3	3	3	3	3	3	3	3	3	3	4	3	3	3	3	3	3	3	4	3	4	3	3	3	4	5	118	0	0	0	0	0	0	0	0	0	0	0	0	0	0	0	0	0	0	0	0	0	0	0	0	0	0	0	0	0	0	0	0	0	0	0	0	0	0	0	0	0	0	0	0	0	0	0	0	0	0	0	0	0	0	0	0	0	0	0	0	0	0	0	0	0	0	0	0	0	0	0	0	0	0	0	0	0	0	0	0	0	0	0	0	0	0	0	0	0	0	0	0	0	0	0	0	0	0	0	0	0	0	0	0	0	0	0	0	0	0	0	0	0	0	0	0	0	0	0	0	0	0	0	0	0	0	0	0	0	0	0	0	0	0	0	0	0	0	0	0	0	0	0	0	0	0	0	0	0	0	0	0	0	0	0	0	0	0	0	0	0	0	0	0	0	0	0	0	0	0	0	0	0	0	0	0	0	0	0	0	0	0	0	0	0	0	0	0	0	0	0	0	0	0	0	0	0	0	0	0	0	0	0	0	0	0	0	0	0	0	0	0	0	0	0	0	0	0	0	0	0	0	0	0	0	0	0	0	0	0	0	0	0	0	0	0	0	0	0	0	0	0	0	0	0	0	0	0	0	0	0	0	0	0	0	0	0	0	0	0	0	0	0	0	0	0	0	0	0	0	0	0	0	0	0	0	0	0	0	0	0	0	0	0	0	0	0	0	0	0	0	0	0	0	0	0	0	0	0	0	0	0	0	0	4	2	2	1	1	1	1	2	1	1	2	1	1	1	1	1	1	1	2	1	1	1	1	1	1	1	1	1	1	1	1	1	1	1	1	1	1	45	6	2	2	2	2	2	3	2	2	2	2	2	2	2	2	2	2	2	2	2	2	2	2	2	2	2	2	2	2	2	2	2	2	2	2	2	2	79	290	235	118	61	8	1	6	43	31757	25	42	9	1174	121	302	17	1	28	0	40	118	11	14	3	43	0	3	0	0	0	0	2	1	0	0	0	0	38	5	0	174	8	84	0	55	101	3	0	1	0	5	473	466	457	283	284	282	450	272	291	457	285	277	435	447	282	266	425	448	417	15	285	277	284	270	399	443	289	373	375	456	280	288	443	466	293	472	531207	1	0	0	0	0	0	0	1	1	6	1	0	0	3	2	2	0	1	5	0	1	1	0	0	0	1	1	0	0	0	0	1	1	1	0	0	65	12	2	2	2	4	0	10	4	2	0	6	2	2	8	0	0	2	0	0	0	4	2	0	6	0	0	2	6	0	0	0	0	8	0	0	8	0	0	0	2	4	0	2	0	0	0	0	0	0	0	6	0	0	2	2	0	4	0	2	4	4	0	0	4	0	2	0	0	0	4	4	2	0	0	0	0	0	0	0	2	0	0	0	0	2	0	4	0	0	0	0	0	0	0	0	2	0	0	17	2	1	1	4526	377	2	4	853	11	0	158	0	0	233	0	0	0	0	534	7	511	0	1436	0	0	1	0	0	5	0	4	28	0	2052	0	16679	11	30	11	4	1	26	38	5	1	9	36	22	2	5	1	12	3	1	5	12	19	1	1	1	1	2	1	12	1	3	25	1	1	37	3	88	16	1	12	21	2	0	2	22
2	2	0	0	0	0	0	0	0	0	0	0	0	0	0	0	0	0	0	0	0	0	0	0	0	0	0	0	0	0	0	0	0	0	0	0	0	4	5	1	0	0	0	0	0	0	0	0	0	0	0	0	0	0	0	0	0	0	0	0	0	0	0	0	0	0	0	0	0	0	0	0	0	1	0	7	6	0	0	0	0	0	1	0	0	0	0	0	0	0	0	0	0	1	0	0	0	0	0	0	0	0	0	0	0	1	0	0	0	0	0	0	0	9	2	1	1	1	1	1	1	1	1	1	1	1	1	1	1	1	1	1	1	1	1	1	1	1	1	1	1	1	1	1	1	1	1	1	1	1	1	38	0	0	0	0	0	0	0	0	0	0	0	1	0	0	0	0	0	0	0	0	0	1	0	0	0	0	0	0	0	0	0	0	0	1	0	0	0	3	5	2	0	0	1	0	0	0	1	0	0	0	0	0	0	0	0	0	0	0	0	0	0	0	0	1	0	0	0	0	0	0	0	0	0	0	0	10	0	0	0	0	0	0	0	0	0	0	0	0	0	0	0	0	0	0	0	0	0	0	0	0	0	0	0	0	0	0	0	0	0	0	0	0	0	0	0	0	0	1	0	0	0	0	0	0	0	0	0	1	0	0	0	0	0	0	0	0	0	0	0	0	0	0	0	0	0	0	0	0	0	0	0	2	3	2	2	2	2	2	2	2	2	2	2	2	2	2	2	2	2	2	2	2	2	2	2	2	2	2	2	2	2	2	2	2	2	2	2	2	3	76	0	0	0	0	0	0	0	0	0	0	0	0	0	0	0	0	0	0	0	0	0	0	0	0	0	0	0	0	0	0	0	0	0	0	0	0	0	0	1	0	0	0	0	0	0	0	0	0	1	0	0	0	0	0	0	0	0	0	0	0	0	0	0	0	0	0	0	0	0	0	0	0	0	0	0	2	0	0	0	0	0	0	0	0	0	0	0	0	0	0	0	0	0	0	0	0	0	0	0	0	0	0	0	0	0	0	0	0	0	0	0	0	0	0	12	7	7	7	7	7	7	7	7	7	7	7	7	7	7	7	7	7	7	7	8	7	7	7	7	7	7	7	7	7	7	7	7	7	7	7	9	267	2	1	1	1	1	1	1	1	1	1	2	1	2	1	2	1	1	1	1	1	1	1	1	1	2	1	1	1	1	1	1	1	1	1	1	1	1	42	0	0	0	0	0	0	0	0	0	0	0	0	0	0	0	0	0	0	0	0	0	0	0	0	0	0	0	0	0	0	0	0	0	0	0	0	0	0	1	2	1	1	2	1	2	2	1	1	2	1	1	1	1	1	2	2	2	1	1	1	1	1	3	2	2	2	2	2	1	1	1	2	1	1	1	53	0	0	0	0	0	0	0	0	0	0	0	0	0	0	0	0	0	0	0	0	0	0	0	0	0	0	0	0	0	0	0	0	0	0	0	0	0	0	0	0	0	0	0	0	0	0	0	0	0	0	0	0	0	0	0	0	0	0	0	0	0	0	0	0	0	0	0	0	0	0	0	0	0	0	0	0	0	0	0	0	0	0	0	0	0	0	0	0	0	0	0	0	0	0	0	0	0	0	0	0	0	0	0	0	0	0	0	0	0	0	0	0	0	0	0	0	0	0	0	0	0	0	0	0	0	0	0	0	0	0	0	0	0	0	0	0	0	0	0	0	0	0	0	0	0	0	0	0	0	0	0	0	0	0	0	0	0	0	0	0	0	0	0	0	0	0	0	0	0	0	0	0	0	0	0	0	0	0	0	0	0	0	0	0	0	0	0	0	0	0	0	0	0	0	0	0	0	0	0	0	0	0	0	0	0	0	0	0	0	0	0	0	0	0	0	0	0	0	0	0	0	0	0	0	0	0	0	0	0	0	0	0	0	0	0	0	0	0	0	0	0	0	0	0	0	0	0	0	0	0	0	0	0	0	0	0	0	0	0	0	0	0	0	0	0	0	0	0	0	0	0	0	0	0	0	0	0	0	0	0	0	0	0	0	0	0	0	0	0	0	0	0	0	0	0	0	0	0	0	0	0	0	0	0	9	3	3	2	2	2	3	3	2	2	2	2	2	2	2	2	2	2	2	2	2	2	2	2	2	2	2	3	2	3	2	2	2	2	2	2	2	87	2	1	2	1	1	1	1	1	1	1	1	1	1	1	1	1	1	1	1	1	1	1	1	1	1	1	1	1	1	1	1	1	1	1	1	1	1	39	290	235	118	61	8	1	6	43	31757	25	42	9	1174	121	302	17	1	28	0	40	118	11	14	3	43	0	3	0	0	0	0	2	1	0	0	0	0	38	5	0	174	8	84	0	55	101	3	0	1	0	5	473	467	457	283	285	282	450	274	291	457	285	277	435	447	282	266	425	448	417	15	284	276	284	270	398	444	289	373	375	456	280	288	443	466	293	472	531207	3	0	0	0	0	2	2	0	2	0	2	1	0	0	2	0	0	1	5	1	0	0	0	0	1	0	1	0	0	1	0	0	0	1	0	0	65	16	2	4	4	2	0	10	8	2	4	6	4	0	4	0	0	6	0	0	0	10	4	4	6	0	0	0	6	0	0	0	0	2	0	4	0	0	2	0	0	0	0	4	0	0	0	0	0	0	0	6	0	0	8	0	0	2	0	2	2	0	0	2	0	0	2	0	0	0	4	0	0	6	2	0	0	6	0	0	0	0	0	0	0	0	0	4	0	0	0	0	0	0	0	0	2	6	0	16	0	4	0	4309	264	6	4	752	15	0	131	0	0	321	0	2	1	0	471	16	278	1	1012	0	0	1	1	0	1	0	1	14	0	2011	0	15988	10	30	12	4	1	21	36	3	1	9	32	20	2	6	1	12	3	1	5	10	18	1	1	1	1	2	1	10	1	4	26	1	1	35	2	85	15	1	12	22	2	0	2	22
2	1	0	0	0	0	0	0	0	0	0	0	0	0	0	0	3	0	0	0	0	0	0	0	0	0	0	0	0	0	0	0	0	0	0	0	3	9	9	1	1	1	1	2	1	1	1	1	1	1	1	1	1	1	1	1	1	1	1	1	1	1	1	1	1	1	1	1	1	1	1	1	1	1	1	46	11	4	4	4	4	4	4	4	4	4	4	4	4	4	4	4	4	4	4	4	4	4	4	4	4	4	4	4	4	4	4	4	4	4	4	4	5	156	2	0	1	1	0	0	0	0	0	0	0	1	0	0	0	0	0	0	0	0	0	0	0	0	0	0	0	0	0	0	0	0	0	0	0	0	0	5	2	0	0	0	0	0	0	0	0	0	0	0	0	0	0	0	0	0	0	0	0	0	0	0	0	0	0	0	0	0	0	0	0	0	0	0	0	2	4	3	1	1	1	1	1	1	1	1	1	1	1	1	1	1	1	1	1	1	1	1	1	1	1	1	1	1	1	1	1	1	1	1	1	1	1	42	1	0	0	0	0	0	2	0	0	0	0	1	0	0	0	0	0	0	0	0	0	0	0	0	0	0	0	0	0	0	0	0	0	0	0	0	0	4	0	0	0	0	0	0	0	0	0	0	0	0	0	0	0	0	0	0	0	0	0	1	0	0	0	0	0	0	0	0	0	0	0	0	0	0	0	1	8	3	3	3	3	3	3	3	3	3	3	3	3	3	3	3	3	3	3	3	3	3	3	3	3	3	3	3	3	3	3	3	3	3	3	3	4	117	0	0	0	0	0	0	0	0	0	0	0	0	0	0	0	0	0	0	0	0	0	0	0	0	0	0	0	0	0	0	0	0	0	0	0	0	0	0	1	1	1	1	1	1	1	1	1	1	1	1	1	1	2	1	1	1	1	1	1	1	1	1	1	1	1	1	1	1	1	1	1	1	1	1	1	38	0	0	0	0	0	0	0	0	0	0	0	0	0	0	0	0	0	0	0	0	0	0	0	0	0	0	0	0	0	0	0	0	0	0	0	0	0	0	7	4	4	4	4	4	4	4	4	4	5	4	4	4	5	5	4	4	4	4	5	4	4	4	4	4	4	4	4	5	4	4	4	4	4	4	4	156	1	0	0	0	0	0	0	0	1	0	1	0	0	0	0	0	0	0	0	0	0	0	0	0	0	0	0	0	0	0	0	0	0	0	0	0	1	4	0	0	0	0	0	0	0	0	0	0	0	0	0	0	0	0	0	0	0	0	0	0	0	0	0	0	0	0	0	0	0	0	0	0	0	0	0	0	1	0	0	0	0	0	0	1	0	0	0	0	0	0	0	0	0	0	0	0	0	0	0	0	0	0	0	0	0	0	0	0	0	0	0	0	0	2	0	0	0	0	0	0	0	0	0	0	0	0	0	0	0	0	0	0	0	0	0	0	0	0	0	0	0	0	0	0	0	0	0	0	0	0	0	0	0	0	0	0	0	0	0	0	0	0	0	0	0	0	0	0	0	0	0	0	0	0	0	0	0	0	0	0	0	0	0	0	0	0	0	0	0	0	0	0	0	0	0	0	0	0	0	0	0	0	0	0	0	0	0	0	0	0	0	0	0	0	0	0	0	0	0	0	0	0	0	0	0	0	0	0	0	0	0	0	0	0	0	0	0	0	0	0	0	0	0	0	0	0	0	0	0	0	0	0	0	0	0	0	0	0	0	0	0	0	0	0	0	0	0	0	0	0	0	0	0	0	0	0	0	0	0	0	0	0	0	0	0	0	0	0	0	0	0	0	0	0	0	0	0	0	0	0	0	0	0	0	0	0	0	0	0	0	0	0	0	0	0	0	0	0	0	0	0	0	0	0	0	0	0	0	0	0	0	0	0	0	0	0	0	0	0	0	0	0	0	0	0	0	0	0	0	0	0	0	0	0	0	0	0	0	0	0	0	0	0	0	0	0	0	0	0	0	0	0	0	0	0	0	0	0	0	0	0	0	0	0	0	0	0	0	0	0	0	0	0	0	0	0	0	0	0	0	0	0	0	0	0	0	0	0	0	0	0	0	0	0	0	0	0	0	5	2	2	1	1	2	1	1	1	1	1	1	1	1	2	1	1	1	1	1	1	1	1	1	1	1	1	1	1	1	2	1	1	1	1	1	2	47	4	1	1	2	1	1	1	1	1	1	1	1	1	1	1	1	1	1	2	1	1	1	2	1	1	1	1	1	1	1	1	1	1	1	1	1	2	44	290	235	118	61	8	1	6	43	31757	25	42	9	1174	121	302	17	1	28	0	40	118	11	14	3	43	0	3	0	0	0	0	2	1	0	0	0	0	38	5	0	174	8	84	0	55	101	3	0	1	0	5	471	467	457	241	287	279	447	274	291	456	285	277	434	446	282	266	425	448	417	15	284	277	284	270	398	444	289	373	188	469	280	288	448	466	293	480	531207	1	2	1	2	0	0	1	2	1	0	0	1	0	1	1	0	2	3	7	1	1	0	0	0	4	2	3	2	1	3	1	0	0	3	0	3	65	10	0	4	2	4	0	6	6	2	4	6	0	4	4	0	0	6	4	0	0	4	2	6	2	0	0	0	0	0	0	0	0	6	0	8	0	0	0	4	4	4	0	2	0	0	0	4	0	2	0	6	0	0	4	0	0	6	0	6	2	0	0	2	0	0	0	0	2	0	4	6	4	2	4	0	0	2	2	0	0	0	2	0	0	0	0	6	0	0	0	0	0	0	0	0	2	0	0	9	1	0	0	4066	379	6	2	699	12	0	118	0	0	260	0	1	1	0	473	13	281	0	1117	0	0	0	0	0	0	0	1	16	0	2093	0	16087	9	27	9	4	1	19	33	3	1	10	28	20	2	5	1	13	2	1	5	10	16	1	1	1	1	2	1	10	1	3	26	1	1	31	2	99	13	1	11	16	1	0	3	19
1	1	1	1	1	2	1	1	1	1	1	1	1	1	1	1	1	1	1	1	1	1	1	1	1	1	1	1	1	1	1	1	1	1	1	1	1	38	2	0	0	0	0	0	0	0	0	0	1	0	0	0	0	0	0	0	0	0	0	0	0	0	0	0	0	0	0	0	0	0	0	0	0	0	1	4	6	4	3	2	3	2	3	3	2	2	2	2	2	2	2	2	3	3	2	2	2	2	2	2	2	2	2	3	2	5	2	2	3	3	2	2	2	92	2	2	1	1	1	1	1	1	1	1	1	1	1	1	1	2	1	1	1	1	1	1	1	1	1	1	1	1	1	1	1	1	1	1	1	1	1	40	1	1	0	0	0	0	0	0	0	0	0	0	0	0	0	0	0	0	0	0	0	0	0	0	0	0	0	0	1	0	0	0	0	0	0	0	1	4	9	2	2	1	1	1	1	1	1	1	1	2	1	2	1	1	1	1	1	1	1	1	2	1	1	1	1	1	1	1	1	1	1	1	1	1	1	50	0	0	0	0	0	0	0	0	0	0	0	0	0	0	0	0	0	0	0	0	0	0	0	0	0	0	0	0	0	0	0	0	0	0	0	0	0	0	1	1	1	1	1	1	1	1	1	1	1	1	1	1	1	1	1	1	1	1	1	1	1	1	1	1	1	1	1	1	1	1	1	1	1	1	2	38	0	0	0	0	0	0	0	1	0	0	0	0	0	0	0	0	1	0	0	0	0	0	0	0	0	0	0	0	0	0	0	0	0	0	0	0	0	2	0	0	0	0	0	0	0	0	0	0	0	0	0	0	0	0	0	0	0	0	0	0	0	0	0	0	0	0	0	0	0	0	0	0	0	0	0	0	2	1	1	1	1	1	1	1	1	2	1	1	1	1	1	1	1	1	1	1	1	1	1	1	1	1	1	1	1	1	1	1	1	1	1	1	1	39	0	0	0	0	0	0	0	0	0	0	0	0	0	0	0	0	0	0	0	0	0	0	0	0	0	0	0	0	0	0	0	0	0	0	0	0	0	0	8	7	7	7	7	7	7	7	8	7	7	7	7	7	7	7	7	7	7	7	7	8	7	7	7	7	7	7	7	7	7	7	7	7	7	8	7	263	4	1	1	1	1	1	1	1	1	1	1	1	1	1	1	1	1	1	1	1	1	1	1	1	1	1	1	1	1	1	1	1	1	1	1	2	1	41	0	0	0	0	0	0	0	0	0	0	0	0	0	0	0	0	0	0	0	0	0	0	0	0	0	0	0	0	0	0	0	0	0	0	0	0	0	0	0	1	0	0	0	0	0	1	0	0	1	0	0	0	0	0	0	0	0	0	0	0	0	0	0	0	0	0	0	2	0	0	0	0	0	0	0	5	0	0	0	0	0	0	0	0	0	0	0	0	0	0	0	0	0	0	0	0	0	0	0	0	0	0	0	0	0	0	0	0	0	0	0	0	0	0	2	2	2	2	2	2	2	2	2	2	2	2	2	2	2	2	2	2	2	2	2	2	2	2	2	2	2	2	2	2	2	2	2	2	2	2	3	75	0	0	0	0	0	0	0	0	0	0	0	0	0	0	0	0	0	0	0	0	0	0	0	0	0	0	0	0	0	0	0	0	0	0	0	0	0	0	0	0	0	0	0	0	0	0	0	0	0	0	0	0	0	0	0	0	0	0	0	0	0	0	0	0	0	0	0	0	0	0	0	0	0	0	0	0	0	0	0	0	0	0	0	0	0	0	0	0	0	0	0	0	0	0	0	0	0	0	0	0	0	0	0	0	0	0	0	0	0	0	0	0	0	0	0	0	0	0	0	0	0	0	0	0	0	0	0	0	0	0	0	0	0	0	0	0	0	0	0	0	0	0	0	0	0	0	0	0	0	0	0	0	0	0	0	0	0	0	0	0	0	0	0	0	0	0	0	0	0	0	0	0	0	0	0	0	0	0	0	0	0	0	0	0	0	0	0	0	0	0	0	0	0	0	0	0	0	0	0	0	0	0	0	0	0	0	0	0	0	0	0	0	0	0	0	0	0	0	0	0	0	0	0	0	0	0	0	0	10	2	0	1	0	1	0	0	0	0	0	0	0	0	0	1	0	0	0	0	0	0	0	0	0	0	0	0	0	0	0	0	0	0	0	0	1	16	7	2	1	2	1	1	1	1	1	2	1	1	1	1	1	1	1	1	1	1	1	2	1	1	1	2	1	1	1	1	1	1	1	1	1	1	1	48	290	235	118	61	8	1	6	43	31757	25	42	9	1174	121	302	17	1	28	0	40	118	11	14	3	43	0	3	0	0	0	0	2	1	0	0	0	0	38	5	0	174	8	84	0	55	101	3	0	1	0	5	478	474	464	277	282	278	450	276	292	463	285	281	425	434	286	269	425	447	419	15	279	283	283	274	398	450	289	373	374	468	280	288	448	466	293	480	531207	2	1	1	2	0	8	1	1	1	1	2	0	0	1	1	1	1	2	6	1	1	0	0	0	2	1	2	1	1	2	0	3	1	1	0	1	65	10	0	4	2	0	0	6	2	0	2	8	2	4	4	0	0	4	2	0	2	4	4	6	2	0	0	2	4	0	0	0	0	2	0	6	4	2	2	2	2	2	0	6	0	0	0	0	0	4	0	4	0	0	4	0	0	4	0	4	4	2	0	2	4	0	0	2	0	0	4	2	4	2	4	0	0	2	0	2	0	0	0	0	0	2	0	2	0	2	0	0	0	0	0	0	2	0	2	5	0	1	1	4147	444	3	4	823	19	0	209	0	2	286	0	0	0	0	501	28	216	1	1043	0	0	0	0	0	7	1	1	13	1	1850	0	16270	10	30	10	4	1	20	36	3	1	9	30	21	2	5	1	14	3	1	5	10	19	1	1	1	1	2	1	10	1	3	24	1	1	33	2	86	15	1	12	14	1	0	2	21
0	0	0	1	0	0	0	0	0	0	0	0	0	0	0	0	0	0	0	0	0	1	0	0	0	0	0	0	0	0	0	0	0	0	0	0	0	2	9	4	4	4	5	4	4	4	4	4	4	4	4	4	4	4	4	4	4	4	4	4	4	4	4	4	4	4	4	4	4	4	4	4	4	4	4	154	16	7	5	4	4	4	4	4	4	4	4	4	4	4	4	4	4	4	4	4	4	4	4	4	4	4	4	4	4	4	4	4	4	4	4	4	4	164	0	1	1	1	1	0	0	0	0	0	0	0	0	1	0	0	0	0	0	0	0	0	0	0	0	0	0	0	1	0	0	0	0	0	0	0	0	6	2	2	1	1	1	1	1	1	1	1	1	1	1	1	1	1	1	1	1	1	1	1	1	1	1	1	1	1	1	1	1	1	1	1	1	1	2	40	7	2	0	0	1	0	1	2	0	0	0	0	0	0	0	0	2	1	2	0	0	0	0	0	1	1	1	2	1	1	0	0	0	2	0	1	0	28	0	0	0	0	0	0	0	0	0	0	0	0	0	0	0	0	0	0	0	0	0	0	0	0	0	0	0	0	0	1	0	0	0	0	0	0	0	1	0	0	0	0	0	0	0	0	0	0	0	0	0	0	0	0	0	0	0	0	0	0	0	0	0	0	0	0	0	0	0	0	0	0	0	0	1	1	1	0	0	0	0	0	1	0	0	0	0	0	0	0	0	0	1	0	0	0	0	0	0	0	0	0	0	0	0	0	0	0	0	0	0	0	0	3	0	0	0	0	0	0	0	0	0	0	0	0	0	0	0	0	0	0	0	0	0	0	0	0	0	0	0	0	0	0	0	0	0	0	0	0	0	0	2	2	2	2	2	2	2	2	2	2	2	2	2	2	2	2	2	2	2	2	2	2	2	2	2	2	2	2	2	2	2	2	2	2	2	2	2	74	0	0	0	0	0	0	0	0	0	0	0	0	0	0	0	0	0	0	0	0	0	0	0	0	0	0	0	0	0	0	0	0	0	0	0	0	0	0	12	9	10	9	9	10	9	9	9	9	9	9	9	9	9	9	9	9	9	9	9	9	9	9	9	9	9	9	9	9	9	9	9	9	9	9	10	339	9	1	1	2	1	1	1	1	1	1	1	1	1	2	1	1	1	2	1	2	1	1	1	1	1	1	1	1	1	1	2	1	1	1	1	1	1	50	0	0	0	0	0	0	0	0	0	0	0	0	0	0	0	0	0	0	0	0	0	0	0	0	0	0	0	0	0	0	0	0	0	0	0	0	0	0	5	3	4	4	3	3	3	3	3	3	3	3	3	3	3	3	3	3	3	3	3	3	3	3	3	3	3	3	3	3	3	3	3	3	3	3	3	115	0	0	0	0	0	0	0	0	0	0	0	0	0	0	0	0	0	0	0	0	0	0	0	0	0	0	0	0	0	0	0	0	0	0	0	0	0	0	0	0	0	0	0	0	0	0	0	0	0	0	0	0	0	0	0	0	0	0	0	0	0	0	0	0	0	0	0	0	0	0	0	0	0	0	0	0	0	0	0	0	0	0	0	0	0	0	0	0	0	0	0	0	0	0	0	0	0	0	0	0	0	0	0	0	0	0	0	0	0	0	0	0	0	0	0	0	0	0	0	0	0	0	0	0	0	0	0	0	0	0	0	0	0	0	0	0	0	0	0	0	0	0	0	0	0	0	0	0	0	0	0	0	0	0	0	0	0	0	0	0	0	0	0	0	0	0	0	0	0	0	0	0	0	0	0	0	0	0	0	0	0	0	0	0	0	0	0	0	0	0	0	0	0	0	0	0	0	0	0	0	0	0	0	0	0	0	0	0	0	0	0	0	0	0	0	0	0	0	0	0	0	0	0	0	0	0	0	0	0	0	0	0	0	0	0	0	0	0	0	0	0	0	0	0	0	0	0	0	0	0	0	0	0	0	0	0	0	0	0	0	0	0	0	0	0	0	0	0	0	0	0	0	0	0	0	0	0	0	0	0	0	0	0	0	0	0	0	0	0	0	0	0	0	0	0	0	0	0	0	0	0	0	0	0	6	1	1	1	0	0	0	1	0	0	0	0	0	0	0	0	0	0	0	0	0	0	0	0	0	0	0	0	0	0	0	0	0	0	0	0	0	10	3	2	2	2	2	2	2	2	2	2	2	2	2	2	2	2	2	2	2	2	2	2	2	2	2	2	2	2	2	2	2	2	2	2	2	2	2	75	290	235	118	61	8	1	6	43	31757	25	42	9	1174	121	302	17	1	28	0	40	118	11	14	3	43	0	3	0	0	0	0	2	1	0	0	0	0	38	5	0	174	8	84	0	55	101	3	0	1	0	5	478	473	464	277	281	277	450	276	292	463	285	281	425	434	286	269	425	447	419	15	280	285	283	274	398	450	289	373	374	468	280	288	448	466	294	480	531207	1	0	0	0	0	1	0	0	0	7	3	1	0	4	0	8	0	0	4	1	3	0	1	0	0	1	0	0	0	0	3	0	0	0	0	0	65	10	0	8	4	4	0	10	2	0	2	2	0	4	0	0	0	4	2	0	0	4	4	2	4	0	0	0	2	0	0	0	0	2	0	2	4	0	0	2	0	0	2	4	0	0	0	0	0	0	0	2	0	0	4	0	0	0	0	6	6	2	0	0	2	0	0	2	0	0	2	0	0	0	2	0	0	4	0	0	0	0	0	0	0	0	0	0	0	0	0	0	0	0	0	0	2	0	2	13	2	1	0	3899	376	2	7	698	28	0	304	0	0	277	0	1	1	0	533	9	183	0	928	0	0	1	0	0	3	0	2	11	0	1576	0	15265	14	30	12	4	1	20	43	4	1	10	33	20	2	6	1	14	3	1	5	11	20	1	1	1	1	2	1	11	1	3	25	1	1	35	3	76	18	1	13	17	2	0	2	24
2	1	0	0	0	0	0	0	0	1	0	0	0	0	0	0	0	0	1	0	0	0	2	0	0	0	0	0	0	0	0	0	0	0	0	0	1	8	2	0	0	0	0	0	0	1	1	0	0	0	0	0	0	0	0	0	0	0	0	0	0	0	0	0	0	0	0	0	0	0	0	0	0	0	1	5	14	3	4	3	3	3	3	3	3	3	3	3	3	3	3	3	3	3	3	3	3	3	3	3	3	3	3	3	3	7	3	3	3	3	3	3	4	128	1	1	1	1	1	1	1	1	1	1	1	1	1	1	2	1	1	1	1	1	1	1	1	1	1	1	1	1	1	1	1	1	1	1	1	1	2	39	4	1	1	1	1	1	1	1	1	1	1	1	1	1	1	1	1	1	1	2	1	1	1	1	1	1	1	1	1	2	1	1	1	1	1	1	1	42	5	3	3	3	3	3	3	3	3	3	3	3	3	3	3	3	3	3	3	3	3	3	3	3	3	3	3	3	3	3	3	3	3	3	3	3	3	113	0	0	0	0	0	0	0	0	0	0	0	0	0	0	2	0	0	0	0	0	0	0	0	0	0	0	0	0	0	0	0	0	0	0	0	0	0	2	3	2	2	2	2	2	2	2	2	2	2	2	2	2	2	2	2	2	2	2	2	2	2	2	2	2	2	2	2	3	2	2	2	2	2	2	3	77	2	1	1	1	1	1	1	1	1	1	1	1	1	1	1	1	1	1	1	1	1	1	1	1	1	1	1	1	1	1	1	1	1	1	1	1	2	39	0	0	0	0	0	0	0	0	0	0	0	0	0	0	0	0	0	0	0	0	0	0	0	0	0	0	0	0	0	0	0	0	0	0	0	0	0	0	1	1	1	1	1	1	1	1	1	1	1	1	1	1	1	1	1	1	1	1	1	1	1	1	1	1	1	1	1	1	1	1	1	1	1	1	1	37	0	0	0	0	0	0	0	0	0	0	0	0	0	0	0	0	0	0	0	0	0	0	0	0	0	0	0	0	0	0	0	0	0	0	0	0	0	0	20	12	12	12	12	12	12	12	13	12	12	13	12	13	12	12	12	12	13	13	12	12	12	12	12	12	12	12	12	12	12	12	12	12	12	12	16	461	3	2	0	1	0	0	0	0	0	0	0	0	0	0	2	0	0	1	0	0	0	0	0	0	0	0	0	0	0	0	0	0	0	0	0	0	0	9	0	0	0	0	0	0	0	0	0	0	0	0	0	0	0	0	0	0	0	0	0	0	0	0	0	0	0	0	0	0	0	0	0	0	0	0	0	0	1	3	1	1	1	1	1	1	1	1	1	1	1	1	1	1	1	1	1	1	1	1	1	1	1	1	1	1	1	1	1	1	1	1	1	1	1	39	0	0	0	0	0	0	0	0	0	0	0	0	0	0	0	0	0	0	0	0	0	0	0	0	0	0	0	0	0	0	0	0	0	0	0	0	0	0	0	0	0	0	0	0	0	0	0	0	0	0	0	0	0	0	0	0	0	0	0	0	0	0	0	0	0	0	0	0	0	0	0	0	0	0	0	0	0	0	0	0	0	0	0	0	0	0	0	0	0	0	0	0	0	0	0	0	0	0	0	0	0	0	0	0	0	0	0	0	0	0	0	0	0	0	0	0	0	0	0	0	0	0	0	0	0	0	0	0	0	0	0	0	0	0	0	0	0	0	0	0	0	0	0	0	0	0	0	0	0	0	0	0	0	0	0	0	0	0	0	0	0	0	0	0	0	0	0	0	0	0	0	0	0	0	0	0	0	0	0	0	0	0	0	0	0	0	0	0	0	0	0	0	0	0	0	0	0	0	0	0	0	0	0	0	0	0	0	0	0	0	0	0	0	0	0	0	0	0	0	0	0	0	0	0	0	0	0	0	0	0	0	0	0	0	0	0	0	0	0	0	0	0	0	0	0	0	0	0	0	0	0	0	0	0	0	0	0	0	0	0	0	0	0	0	0	0	0	0	0	0	0	0	0	0	0	0	0	0	0	0	0	0	0	0	0	0	0	0	0	0	0	0	0	0	0	0	0	0	0	0	0	0	0	0	7	0	0	0	0	0	0	1	1	0	0	0	0	0	1	0	0	0	0	0	0	1	0	0	0	0	0	0	0	0	0	0	0	0	0	0	0	11	5	3	3	3	3	3	3	3	3	3	3	3	3	3	4	3	3	3	3	3	3	3	3	3	3	3	3	3	3	3	3	3	3	3	3	3	3	114	290	235	118	61	8	1	6	43	31757	25	42	9	1174	121	302	17	1	28	0	40	118	11	14	3	43	0	3	0	0	0	0	2	1	0	0	0	0	38	5	0	174	8	84	0	55	101	3	0	1	0	5	479	473	464	276	281	277	450	276	292	463	285	281	425	432	287	268	425	447	419	15	280	284	283	274	398	450	289	372	374	468	280	288	448	466	294	480	531207	0	1	1	1	0	1	0	1	1	0	1	1	0	1	2	0	1	1	6	1	6	0	0	0	2	1	0	3	0	1	0	0	0	2	0	0	65	10	6	4	0	0	0	4	4	0	0	4	0	6	12	0	0	6	2	0	0	4	4	4	2	0	0	2	8	0	0	0	0	0	0	4	8	0	2	0	8	2	0	4	0	0	0	2	0	0	0	0	0	0	8	0	0	6	2	4	0	0	2	0	0	0	2	0	0	0	2	2	0	0	0	0	0	4	0	2	0	0	0	0	0	2	0	6	0	0	0	0	0	0	0	0	4	2	0	6	1	0	1	4625	728	6	5	833	23	0	139	0	0	269	0	1	1	0	542	15	228	0	1030	0	0	0	1	1	2	3	3	57	0	1658	0	16729	12	29	11	5	1	21	39	3	1	9	35	26	2	6	1	17	3	1	5	11	17	1	1	1	1	2	1	10	1	3	26	1	1	36	3	77	17	1	13	19	2	1	2	24
1	1	0	0	1	0	2	1	0	0	0	0	0	0	0	0	1	1	1	0	0	0	0	0	1	1	1	1	1	1	0	0	0	1	0	0	0	16	4	1	1	1	1	1	1	1	1	1	1	1	1	2	1	1	1	1	1	1	1	1	1	1	1	1	1	1	1	1	1	1	1	1	1	1	1	41	12	0	3	0	0	1	0	0	0	0	0	0	0	0	0	0	0	1	0	0	0	0	0	0	0	0	0	0	0	3	0	0	0	0	0	0	2	22	3	2	1	1	1	1	1	2	1	1	1	1	1	1	1	1	1	2	1	2	1	1	1	1	1	1	1	1	1	2	1	1	1	1	1	1	2	45	0	0	0	0	0	0	0	0	0	0	0	0	0	0	0	0	0	0	0	0	0	0	0	0	0	0	0	0	0	2	0	0	0	0	0	0	0	2	3	2	0	0	1	0	1	1	0	0	0	0	0	0	0	0	1	1	1	0	0	0	0	0	1	1	1	1	1	1	0	0	0	1	0	0	0	18	2	0	0	0	0	0	0	0	0	0	0	0	0	0	1	0	0	0	0	0	0	0	0	0	0	0	0	0	0	0	0	0	0	0	0	0	0	3	1	1	1	1	1	1	1	1	1	1	1	1	1	1	1	1	1	1	1	1	1	1	1	1	1	1	1	1	1	1	1	1	1	2	1	1	1	38	2	1	1	1	1	1	1	1	1	1	1	1	1	1	1	1	1	1	1	1	1	1	1	1	1	1	1	1	1	1	1	1	1	1	1	1	1	38	0	0	0	0	0	0	0	0	0	0	0	0	0	0	0	0	0	0	0	0	0	0	0	0	0	0	0	0	0	0	0	0	0	0	0	0	0	0	2	1	1	1	1	1	1	1	1	1	1	1	1	2	1	1	1	1	1	1	1	1	1	1	1	1	1	1	1	1	1	1	1	1	1	1	1	39	1	0	0	0	0	0	0	0	0	0	0	0	0	0	0	0	0	0	0	0	0	0	0	0	0	0	0	0	0	0	0	0	0	0	0	0	0	1	3	3	3	3	3	3	3	3	3	3	3	4	3	3	3	3	3	3	3	3	3	3	3	3	3	3	3	3	3	4	3	3	3	3	3	3	4	114	6	1	0	0	1	0	0	0	0	0	0	0	0	0	0	1	0	0	0	0	0	0	0	0	0	0	0	0	0	0	0	0	0	0	0	0	0	9	0	0	0	0	0	0	0	0	0	0	0	0	0	0	0	0	0	0	0	0	0	0	0	0	0	0	0	0	0	0	0	0	0	0	0	0	0	0	0	0	0	0	1	0	0	0	0	0	0	0	0	0	0	0	0	0	0	0	0	0	0	0	0	0	0	0	0	0	0	0	0	0	0	0	2	3	0	0	0	0	0	0	0	0	0	0	0	0	0	0	0	0	0	0	0	0	0	0	0	0	0	0	0	0	0	0	0	0	0	0	0	0	0	0	0	0	0	0	0	0	0	0	0	0	0	0	0	0	0	0	0	0	0	0	0	0	0	0	0	0	0	0	0	0	0	0	0	0	0	0	0	0	0	0	0	0	0	0	0	0	0	0	0	0	0	0	0	0	0	0	0	0	0	0	0	0	0	0	0	0	0	0	0	0	0	0	0	0	0	0	0	0	0	0	0	0	0	0	0	0	0	0	0	0	0	0	0	0	0	0	0	0	0	0	0	0	0	0	0	0	0	0	0	0	0	0	0	0	0	0	0	0	0	0	0	0	0	0	0	0	0	0	0	0	0	0	0	0	0	0	0	0	0	0	0	0	0	0	0	0	0	0	0	0	0	0	0	0	0	0	0	0	0	0	0	0	0	0	0	0	0	0	0	0	0	0	0	0	0	0	0	0	0	0	0	0	0	0	0	0	0	0	0	0	0	0	0	0	0	0	0	0	0	0	0	0	0	0	0	0	0	0	0	0	0	0	0	0	0	0	0	0	0	0	0	0	0	0	0	0	0	0	0	0	0	0	0	0	0	0	0	0	0	0	0	0	0	0	0	0	0	0	0	0	0	0	0	0	0	0	0	0	0	0	0	0	0	0	0	0	7	1	1	1	1	1	1	1	1	1	1	2	1	1	1	1	1	1	1	1	1	1	1	1	1	1	1	1	1	1	2	1	1	1	1	1	1	45	3	2	2	2	2	2	2	2	2	2	2	2	2	2	2	2	2	2	2	2	2	2	2	2	2	2	2	2	2	2	2	2	2	2	2	2	2	75	290	235	118	61	8	1	6	43	31757	25	42	9	1174	121	302	17	1	28	0	40	118	11	14	3	43	0	3	0	0	0	0	2	1	0	0	0	0	38	5	0	174	8	84	0	55	101	3	0	1	0	5	478	473	463	276	278	276	450	276	292	463	285	281	420	424	287	265	425	447	419	15	279	282	283	274	398	450	289	372	374	468	280	288	323	466	295	480	531207	0	0	0	2	0	2	1	1	1	2	1	3	0	1	2	2	2	0	5	0	3	2	6	0	1	1	1	1	0	2	2	4	4	1	0	5	65	10	2	2	4	4	0	8	6	0	2	8	2	4	4	2	0	4	0	0	0	6	2	0	2	0	0	0	2	0	0	0	0	4	0	6	8	0	4	2	0	6	0	2	0	0	0	0	0	0	0	2	0	0	8	0	0	2	0	4	4	0	0	0	0	0	0	0	0	0	0	6	2	0	2	0	0	4	0	4	2	0	0	0	0	4	0	2	0	0	0	0	0	0	0	0	6	0	0	14	0	0	3	3974	575	4	3	752	16	0	201	0	1	363	0	1	0	1	628	18	195	0	903	0	0	0	0	0	2	0	5	30	1	1382	0	15342	12	28	10	5	1	21	43	4	1	10	29	33	2	6	1	20	3	1	5	11	16	1	1	1	1	2	1	11	1	4	26	1	1	38	3	74	17	1	12	19	2	0	2	25
3	0	0	0	0	0	0	0	1	0	0	1	1	0	0	0	3	0	0	0	0	0	0	0	0	0	0	0	0	0	0	0	0	0	0	0	1	10	13	5	5	5	6	5	5	5	5	5	5	5	5	5	5	5	5	5	5	5	5	5	5	5	5	5	5	5	5	5	5	5	5	5	5	5	8	197	4	4	3	2	2	3	2	2	2	2	3	2	2	2	2	2	2	2	2	2	2	2	2	2	2	2	2	2	2	2	2	2	2	2	2	2	2	81	3	0	0	0	0	0	0	0	0	0	0	0	0	0	0	0	0	0	0	0	0	1	0	0	0	0	0	0	0	0	0	0	0	0	0	0	0	4	3	2	1	1	2	1	2	2	1	1	1	1	1	1	1	2	2	2	2	1	1	1	1	1	2	2	2	2	2	2	1	1	1	2	1	1	1	54	4	5	2	2	2	2	3	2	2	2	2	2	2	2	2	2	2	2	2	2	2	2	2	2	2	2	2	2	2	2	2	2	2	2	2	2	2	80	2	1	0	0	0	0	0	0	0	0	0	1	0	0	1	0	0	0	0	0	0	1	0	0	0	0	0	0	0	1	0	0	0	0	0	0	0	7	1	1	1	1	1	1	1	1	1	1	1	1	1	1	1	1	1	1	1	1	1	1	1	1	1	1	1	1	1	1	1	1	1	1	1	1	1	37	3	2	2	2	2	2	2	2	2	2	2	2	2	2	2	2	2	2	2	2	2	2	2	2	2	2	2	2	2	2	2	2	2	2	2	2	2	75	0	0	0	0	0	0	0	0	0	0	0	0	0	0	0	0	0	0	0	0	0	0	0	0	0	0	0	0	0	0	0	0	0	0	0	0	0	0	0	0	0	0	0	0	0	0	0	0	0	0	0	0	0	0	0	0	0	0	0	0	0	0	0	0	0	0	0	0	0	0	0	0	0	0	0	0	0	0	0	0	0	0	0	0	0	0	0	0	0	0	0	0	0	0	0	0	0	0	0	0	0	0	0	0	0	0	0	0	0	0	0	0	0	0	11	6	5	5	5	5	5	5	5	5	5	5	5	5	6	5	5	5	5	5	5	5	5	5	5	5	5	5	5	5	5	5	5	5	5	5	7	195	4	0	0	1	0	0	0	0	0	0	0	0	0	0	1	0	0	0	0	0	1	0	0	0	0	0	0	0	0	0	0	0	0	0	0	0	0	7	0	0	0	0	0	0	0	0	0	0	0	0	0	0	0	0	0	0	0	0	0	0	0	0	0	0	0	0	0	0	0	0	0	0	0	0	0	0	3	2	2	2	3	2	2	2	2	2	3	2	2	2	2	2	2	2	2	2	2	3	2	2	2	2	2	2	2	2	2	2	2	2	2	3	2	79	0	0	0	0	0	0	0	0	0	0	0	0	0	0	0	0	0	0	0	0	0	0	0	0	0	0	0	0	0	0	0	0	0	0	0	0	0	0	0	0	0	0	0	0	0	0	0	0	0	0	0	0	0	0	0	0	0	0	0	0	0	0	0	0	0	0	0	0	0	0	0	0	0	0	0	0	0	0	0	0	0	0	0	0	0	0	0	0	0	0	0	0	0	0	0	0	0	0	0	0	0	0	0	0	0	0	0	0	0	0	0	0	0	0	0	0	0	0	0	0	0	0	0	0	0	0	0	0	0	0	0	0	0	0	0	0	0	0	0	0	0	0	0	0	0	0	0	0	0	0	0	0	0	0	0	0	0	0	0	0	0	0	0	0	0	0	0	0	0	0	0	0	0	0	0	0	0	0	0	0	0	0	0	0	0	0	0	0	0	0	0	0	0	0	0	0	0	0	0	0	0	0	0	0	0	0	0	0	0	0	0	0	0	0	0	0	0	0	0	0	0	0	0	0	0	0	0	0	0	0	0	0	0	0	0	0	0	0	0	0	0	0	0	0	0	0	0	0	0	0	0	0	0	0	0	0	0	0	0	0	0	0	0	0	0	0	0	0	0	0	0	0	0	0	0	0	0	0	0	0	0	0	0	0	0	0	0	0	0	0	0	0	0	0	0	0	0	0	0	0	0	0	0	0	4	1	0	0	0	1	0	1	0	0	0	0	0	1	0	0	0	0	0	0	0	0	0	0	0	1	0	0	0	0	0	0	0	0	0	0	1	10	5	1	1	1	1	1	1	1	1	1	1	1	1	1	1	1	2	1	1	1	1	1	1	1	1	1	1	1	1	1	1	1	1	1	1	1	1	42	290	235	118	61	8	1	6	43	31757	25	42	9	1174	121	302	17	1	28	0	40	118	11	14	3	43	0	3	0	0	0	0	2	1	0	0	0	0	38	5	0	174	8	84	0	55	101	3	0	1	0	5	476	473	463	273	281	277	450	276	292	462	283	282	419	422	286	265	425	446	419	15	277	279	284	274	398	451	289	372	374	467	280	288	449	466	296	481	531207	1	2	0	0	0	3	4	3	1	3	4	2	0	3	1	0	3	1	6	1	1	1	0	0	3	1	4	5	1	1	2	3	2	2	0	0	65	4	0	10	0	0	0	10	2	10	2	6	2	2	14	2	0	6	2	0	2	6	0	0	0	0	0	0	2	0	0	0	0	4	0	8	0	0	4	0	4	4	0	2	0	0	0	2	0	0	0	2	0	0	2	0	0	2	4	6	6	0	0	2	4	0	4	0	0	0	4	0	0	2	0	0	0	4	0	0	0	0	0	0	0	0	0	4	0	2	0	0	0	0	0	0	4	0	0	8	3	1	0	4142	1137	2	12	696	17	0	212	0	0	440	0	1	0	1	648	7	284	0	812	0	0	0	1	0	8	1	4	19	1	1743	0	16470	12	29	10	4	1	21	39	4	1	9	32	24	2	6	1	13	3	1	4	12	14	1	1	1	1	2	1	12	1	4	27	1	1	38	3	85	17	1	11	18	2	0	2	24
3	1	2	1	1	1	1	1	1	1	1	1	1	1	1	1	1	1	1	1	1	1	1	1	1	1	1	1	1	2	1	1	1	1	1	1	2	42	7	2	2	3	2	2	2	2	3	2	2	2	2	2	2	2	2	2	2	2	2	2	2	2	2	2	2	2	2	3	2	2	2	2	2	3	2	83	3	3	3	2	2	2	2	3	2	2	2	2	2	2	2	2	2	2	2	2	2	2	2	2	2	2	2	2	3	2	2	2	2	2	2	2	2	79	2	1	1	1	1	1	1	1	1	1	1	1	1	1	1	1	1	1	1	1	1	1	1	1	1	1	1	1	1	1	1	1	1	1	1	1	1	38	2	1	0	0	0	0	0	0	0	0	0	0	0	0	0	0	0	0	0	0	0	0	0	0	0	0	0	0	0	0	0	0	0	0	0	0	0	3	4	3	3	2	2	2	2	2	2	2	2	2	2	2	3	2	2	2	2	2	2	2	2	2	2	2	2	2	2	2	2	2	2	2	2	2	2	79	2	0	0	0	0	0	0	0	0	0	0	0	0	0	0	0	0	0	0	0	0	0	0	0	0	0	0	0	0	0	0	0	0	0	0	0	0	2	0	0	0	0	0	0	0	0	0	0	0	0	0	0	0	0	0	0	0	0	0	0	0	0	0	0	0	0	0	0	0	0	0	0	0	0	0	0	4	2	3	2	2	2	2	2	2	2	2	2	2	2	2	2	2	2	2	2	2	2	2	2	2	2	2	2	2	2	2	2	2	2	2	2	2	77	0	0	0	0	0	0	0	0	0	0	0	0	0	0	0	0	0	0	0	0	0	0	0	0	0	0	0	0	0	0	0	0	0	0	0	0	0	0	0	0	0	0	0	0	0	0	0	0	0	0	0	0	0	0	0	0	0	0	0	0	0	0	0	0	0	0	0	0	0	0	0	0	0	0	0	0	0	0	0	0	0	0	0	0	0	0	0	0	0	0	0	0	0	0	0	0	0	0	0	0	0	0	0	0	0	0	0	0	0	0	0	0	0	0	9	5	3	3	4	5	4	4	3	3	3	3	3	3	3	3	4	4	4	3	3	3	3	3	4	4	4	4	4	4	3	3	4	4	3	3	4	136	3	1	1	2	1	1	1	1	1	1	1	1	1	1	1	1	1	1	1	1	1	1	1	1	1	1	1	1	1	1	1	1	1	1	1	1	2	41	0	0	0	0	0	0	0	0	0	0	0	0	0	0	0	0	0	0	0	0	0	0	0	0	0	0	0	0	0	0	0	0	0	0	0	0	0	0	0	0	0	0	0	0	0	0	0	1	0	0	0	0	0	0	0	0	0	0	1	0	0	0	0	0	0	0	0	0	0	0	0	0	0	1	0	3	0	0	0	0	0	0	0	0	0	0	0	0	0	0	0	0	0	0	0	0	0	0	0	0	0	0	0	0	0	0	0	0	0	0	0	0	0	0	0	0	0	0	0	0	0	0	0	0	0	0	0	0	0	0	0	0	0	0	0	0	0	0	0	0	0	0	0	0	0	0	0	0	0	0	0	0	0	0	0	0	0	0	0	0	0	0	0	0	0	0	0	0	0	0	0	0	0	0	0	0	0	0	0	0	0	0	0	0	0	0	0	0	0	0	0	0	0	0	0	0	0	0	0	0	0	0	0	0	0	0	0	0	0	0	0	0	0	0	0	0	0	0	0	0	0	0	0	0	0	0	0	0	0	0	0	0	0	0	0	0	0	0	0	0	0	0	0	0	0	0	0	0	0	0	0	0	0	0	0	0	0	0	0	0	0	0	0	0	0	0	0	0	0	0	0	0	0	0	0	0	0	0	0	0	0	0	0	0	0	0	0	0	0	0	0	0	0	0	0	0	0	0	0	0	0	0	0	0	0	0	0	0	0	0	0	0	0	0	0	0	0	0	0	0	0	0	0	0	0	0	0	0	0	0	0	0	0	0	0	0	0	0	0	0	0	0	0	0	0	0	0	0	0	0	0	0	0	0	0	0	0	0	0	0	0	0	0	0	0	0	0	0	0	0	0	0	0	0	0	0	0	0	0	0	5	0	1	0	1	0	1	1	0	0	0	0	0	0	0	0	0	0	0	0	0	0	0	0	0	0	0	0	0	0	0	0	0	0	0	0	0	9	4	1	1	1	1	1	1	1	1	1	1	1	1	1	1	2	1	1	1	1	1	1	1	1	1	1	1	1	1	1	1	1	1	1	1	1	2	42	290	235	118	61	8	1	6	43	31757	25	42	9	1174	121	302	17	1	28	0	40	118	11	14	3	43	0	3	0	0	0	0	2	1	0	0	0	0	38	5	0	174	8	84	0	55	101	3	0	1	0	5	475	473	463	273	281	279	450	276	292	462	283	282	418	421	286	265	425	448	419	15	277	280	284	275	398	451	289	372	374	468	280	288	450	468	296	481	531207	1	0	0	0	0	1	0	0	0	1	0	3	0	1	1	1	0	0	8	0	4	1	5	0	2	1	0	0	0	1	2	5	4	1	0	4	65	6	4	8	2	2	0	8	6	2	0	4	4	2	8	0	0	10	2	0	2	8	6	0	0	0	0	0	4	0	0	0	0	2	0	4	0	0	2	0	2	4	0	2	0	0	0	0	0	0	0	2	0	0	2	0	0	4	0	2	4	0	0	0	2	0	4	4	0	0	2	2	0	2	2	0	0	10	0	2	0	0	0	0	0	4	0	2	0	0	0	0	0	0	0	0	6	0	0	17	3	0	1	3734	1264	13	5	707	19	0	190	0	0	366	0	0	1	0	700	7	243	0	883	3	0	0	0	1	6	0	1	21	0	1410	0	15551	11	26	13	4	1	18	34	3	1	9	30	20	2	5	1	11	3	1	4	10	13	1	1	1	1	2	1	10	1	3	23	1	1	37	2	70	16	1	11	17	1	0	1	21
2	0	0	0	0	1	0	1	0	0	0	1	0	0	0	0	0	0	0	0	0	0	0	0	0	0	0	0	0	0	0	0	0	0	0	0	0	5	9	2	1	1	1	2	1	1	1	1	1	1	1	1	1	1	1	1	1	1	1	1	1	1	1	1	1	1	1	1	1	1	1	1	1	1	1	47	16	5	3	3	3	3	3	5	3	3	6	3	3	3	3	3	3	3	3	3	3	3	3	3	3	3	3	3	3	4	3	3	3	3	3	3	3	132	4	2	1	1	1	1	1	1	1	1	1	1	1	1	1	1	2	1	1	1	1	1	1	1	1	1	1	1	1	2	1	1	1	1	1	1	1	43	1	0	0	0	1	0	0	0	1	0	0	0	0	0	1	0	0	0	0	0	0	0	0	0	0	0	0	0	1	0	0	0	0	0	0	0	0	5	11	1	0	0	1	0	0	0	0	0	0	0	0	0	0	0	0	0	0	0	0	0	0	0	0	0	0	0	0	0	0	1	0	0	0	0	0	14	1	0	0	0	0	0	0	0	0	0	0	0	0	0	0	0	0	0	0	0	0	1	0	0	0	0	0	0	0	0	0	0	0	0	0	0	0	2	1	1	1	1	2	1	1	1	1	1	1	1	1	1	1	1	1	1	1	1	1	1	1	1	1	1	1	1	1	1	1	1	1	1	1	1	1	38	9	7	7	7	7	7	7	7	7	7	7	7	7	7	7	7	7	7	7	7	7	7	7	7	7	7	7	7	7	7	7	7	7	7	7	7	9	263	0	0	0	0	0	0	0	0	0	0	0	0	0	0	0	0	0	0	0	0	0	0	0	0	0	0	0	0	0	0	0	0	0	0	0	0	0	0	1	1	1	1	1	1	1	1	1	1	1	1	1	1	1	1	1	1	1	1	1	1	1	1	1	1	1	1	1	1	1	1	1	1	1	1	1	37	0	0	0	0	0	0	0	0	0	0	0	0	0	0	0	0	0	0	0	0	0	0	0	0	0	0	0	0	0	0	0	0	0	0	0	0	0	0	19	17	17	17	17	18	17	17	17	18	17	17	17	17	17	17	17	17	18	17	17	17	17	17	17	17	17	17	17	17	17	17	17	17	17	17	20	637	10	4	2	2	2	2	2	2	3	2	2	2	2	2	2	2	2	2	2	2	2	2	2	2	2	2	2	2	2	2	2	2	2	2	2	2	2	85	0	0	0	0	1	0	0	0	0	0	0	0	0	0	0	0	0	0	0	0	0	0	0	0	0	0	0	0	0	0	0	0	0	0	0	0	0	1	0	0	0	1	0	0	0	0	0	0	0	0	0	0	0	0	0	0	0	0	0	0	0	0	0	0	0	0	1	0	0	0	0	0	0	0	0	2	0	0	0	0	0	0	0	0	0	0	0	0	0	0	0	0	0	0	0	0	0	0	0	0	0	0	0	0	0	0	0	0	0	0	0	0	0	0	0	0	0	0	0	0	0	0	0	0	0	0	0	0	0	0	0	0	0	0	0	0	0	0	0	0	0	0	0	0	0	0	0	0	0	0	0	0	0	0	0	0	0	0	0	0	0	0	0	0	0	0	0	0	0	0	0	0	0	0	0	0	0	0	0	0	0	0	0	0	0	0	0	0	0	0	0	0	0	0	0	0	0	0	0	0	0	0	0	0	0	0	0	0	0	0	0	0	0	0	0	0	0	0	0	0	0	0	0	0	0	0	0	0	0	0	0	0	0	0	0	0	0	0	0	0	0	0	0	0	0	0	0	0	0	0	0	0	0	0	0	0	0	0	0	0	0	0	0	0	0	0	0	0	0	0	0	0	0	0	0	0	0	0	0	0	0	0	0	0	0	0	0	0	0	0	0	0	0	0	0	0	0	0	0	0	0	0	0	0	0	0	0	0	0	0	0	0	0	0	0	0	0	0	0	0	0	0	0	0	0	0	0	0	0	0	0	0	0	0	0	0	0	0	0	0	0	0	0	0	0	0	0	0	0	0	0	0	0	0	0	0	0	0	0	0	0	0	0	0	0	0	0	0	0	0	0	0	0	0	0	0	0	0	0	0	3	1	0	0	1	0	0	0	0	0	0	1	0	0	0	0	0	0	0	0	1	0	1	0	0	0	0	0	0	0	0	0	0	0	0	1	0	9	2	2	2	1	1	1	2	2	1	1	1	1	1	1	1	2	2	2	1	1	1	1	1	1	1	1	1	2	1	2	1	1	2	2	1	1	2	50	290	235	118	61	8	1	6	43	31757	25	42	9	1174	121	302	17	1	28	0	40	118	11	14	3	43	0	3	0	0	0	0	2	1	0	0	0	0	38	5	0	174	8	84	0	55	101	3	0	1	0	5	474	473	464	273	280	278	450	275	292	464	283	282	418	422	286	265	425	448	419	15	277	280	284	275	398	451	289	372	374	468	280	288	450	468	296	481	531207	1	0	1	0	0	0	1	0	0	0	1	2	0	0	1	0	0	0	4	0	2	0	0	0	0	0	0	0	0	0	1	2	1	0	0	1	65	10	2	2	4	2	0	10	6	2	6	8	0	4	4	2	0	2	0	0	0	8	4	2	4	0	0	0	2	0	0	0	2	12	0	4	0	0	4	2	0	4	0	4	0	0	0	0	0	6	0	0	0	0	4	0	0	4	0	2	2	0	0	0	2	0	4	2	0	0	4	2	0	4	0	0	0	4	0	0	0	0	0	0	0	0	0	4	0	0	0	0	0	0	0	0	0	0	0	16	3	0	0	4155	1422	14	7	722	14	0	213	1	0	298	0	0	0	0	704	8	296	0	1045	0	1	0	0	0	20	0	3	25	0	1592	0	16988	10	26	13	4	1	17	39	7	1	9	29	23	2	5	1	12	3	1	3	11	15	1	1	1	1	2	1	10	1	3	22	1	1	39	2	79	17	1	10	14	2	0	1	21
1	2	1	1	1	1	1	1	1	1	1	1	1	1	1	1	1	1	1	1	1	1	1	1	1	1	1	1	1	1	1	1	1	1	1	1	1	38	5	4	4	4	4	4	4	4	4	4	4	4	4	4	4	4	4	4	4	4	4	4	4	4	4	4	4	4	4	4	4	4	4	4	4	4	4	149	7	1	2	0	0	0	2	0	0	0	1	0	0	0	0	0	0	0	0	0	0	0	0	0	0	0	0	0	0	2	0	0	0	0	0	0	1	16	1	1	0	0	0	0	0	0	0	0	0	0	0	0	0	0	1	0	0	0	0	0	0	0	0	0	0	0	0	0	0	0	0	0	0	0	0	3	6	0	0	0	0	0	0	0	0	0	0	0	0	0	0	0	0	0	0	0	0	0	0	0	0	0	0	0	0	1	0	0	0	0	0	0	0	7	6	1	1	0	0	0	0	0	0	0	0	0	0	0	0	0	0	0	0	0	0	0	0	0	0	0	0	0	0	1	0	0	0	0	0	0	0	9	0	0	0	0	0	0	0	0	0	0	0	0	0	0	0	0	0	0	0	0	0	0	0	0	0	0	0	0	0	0	0	0	0	0	0	0	0	0	0	0	0	0	0	0	0	1	0	0	0	0	0	0	1	0	0	0	0	0	0	0	0	0	0	0	0	0	0	0	0	0	0	0	0	0	1	3	3	1	1	1	1	1	1	1	1	1	1	1	1	1	1	1	2	1	1	1	1	1	1	1	1	1	1	1	1	1	1	1	1	1	1	1	2	41	0	0	0	0	0	0	0	0	0	0	0	0	0	0	0	0	0	0	0	0	0	0	0	0	0	0	0	0	0	0	0	0	0	0	0	0	0	0	0	0	0	0	0	0	0	0	0	0	0	0	0	0	0	0	0	0	0	0	0	0	0	0	0	0	0	0	0	0	0	0	0	0	0	0	1	1	0	0	0	0	0	0	0	0	0	0	0	0	0	0	0	0	0	0	0	0	0	0	0	0	0	0	0	0	0	0	0	0	0	0	0	0	0	0	13	9	9	9	9	9	9	9	9	9	9	9	9	9	9	9	9	9	9	9	9	9	9	9	9	9	9	9	9	9	10	9	9	9	9	9	10	339	7	1	0	0	0	0	0	0	0	0	0	0	0	0	0	0	0	0	0	1	0	0	0	0	0	1	0	0	1	0	0	0	0	0	0	0	0	11	0	0	0	0	0	0	0	0	0	0	0	0	0	0	0	0	0	0	0	0	0	0	0	0	0	0	0	0	0	0	0	0	0	0	0	0	0	0	1	1	1	1	2	3	1	1	1	1	1	1	1	1	1	1	1	1	1	1	1	1	1	1	1	1	1	1	1	1	1	1	1	1	1	1	1	40	0	0	0	0	0	0	0	0	0	0	0	0	0	0	0	0	0	0	0	0	0	0	0	0	0	0	0	0	0	0	0	0	0	0	0	0	0	0	0	0	0	0	0	0	0	0	0	0	0	0	0	0	0	0	0	0	0	0	0	0	0	0	0	0	0	0	0	0	0	0	0	0	0	0	0	0	0	0	0	0	0	0	0	0	0	0	0	0	0	0	0	0	0	0	0	0	0	0	0	0	0	0	0	0	0	0	0	0	0	0	0	0	0	0	0	0	0	0	0	0	0	0	0	0	0	0	0	0	0	0	0	0	0	0	0	0	0	0	0	0	0	0	0	0	0	0	0	0	0	0	0	0	0	0	0	0	0	0	0	0	0	0	0	0	0	0	0	0	0	0	0	0	0	0	0	0	0	0	0	0	0	0	0	0	0	0	0	0	0	0	0	0	0	0	0	0	0	0	0	0	0	0	0	0	0	0	0	0	0	0	0	0	0	0	0	0	0	0	0	0	0	0	0	0	0	0	0	0	0	0	0	0	0	0	0	0	0	0	0	0	0	0	0	0	0	0	0	0	0	0	0	0	0	0	0	0	0	0	0	0	0	0	0	0	0	0	0	0	0	0	0	0	0	0	0	0	0	0	0	0	0	0	0	0	0	0	0	0	0	0	0	0	0	0	0	0	0	0	0	0	0	0	0	0	3	0	0	1	0	0	0	0	0	1	1	0	0	0	0	0	0	0	0	0	0	0	0	0	0	1	0	0	0	0	0	0	1	0	0	0	0	8	6	3	3	3	3	3	3	3	3	3	3	3	3	3	3	3	3	3	3	3	3	3	3	3	3	3	3	3	3	3	3	3	3	3	3	3	4	115	290	235	118	61	8	1	6	43	31757	25	42	9	1174	121	302	17	1	28	0	40	118	11	14	3	43	0	3	0	0	0	0	2	1	0	0	0	0	38	5	0	174	8	84	0	55	101	3	0	1	0	5	475	473	464	273	280	280	450	275	292	465	283	282	418	421	286	265	425	448	419	15	276	280	284	275	398	451	289	372	374	468	280	288	450	468	296	480	531207	0	0	0	0	0	0	1	0	0	0	2	1	0	1	2	0	0	1	4	0	1	0	0	0	0	1	1	0	1	1	1	0	1	1	0	0	65	8	0	8	2	6	0	10	6	0	2	6	2	2	8	0	2	2	0	0	2	2	2	0	6	0	0	0	4	0	0	0	0	0	0	0	4	2	4	2	0	2	0	2	0	0	0	0	0	0	2	6	0	0	4	0	0	0	0	4	2	0	0	2	0	0	0	0	0	0	0	2	0	0	0	0	0	4	0	0	2	0	0	0	0	0	0	2	0	0	0	0	0	0	0	0	2	2	0	15	8	0	0	4829	1586	4	2	827	16	0	220	0	0	242	0	0	1	2	630	5	338	0	977	0	0	0	1	0	20	0	1	22	0	1681	0	17998	14	27	10	4	1	18	38	6	1	9	29	27	2	5	1	12	3	1	3	12	15	1	1	1	1	2	1	12	1	3	21	1	1	39	2	82	18	1	9	15	2	0	1	19
1	0	0	0	0	0	0	0	0	0	0	0	0	0	0	0	0	0	0	0	0	1	0	0	0	0	0	0	0	0	0	0	0	0	0	0	1	3	2	1	0	0	0	0	0	0	0	0	0	0	0	0	0	0	1	0	0	0	0	0	0	0	0	0	0	0	0	0	0	0	0	0	0	0	1	5	9	1	3	2	1	1	1	2	4	1	1	1	1	1	1	1	1	1	1	1	1	1	1	1	1	1	1	1	1	1	1	1	1	1	1	1	1	52	3	0	0	0	0	0	0	0	0	0	0	0	0	0	0	0	0	0	0	0	0	1	0	0	0	0	0	0	0	2	0	0	0	0	0	0	1	7	1	0	0	0	0	0	0	0	0	0	0	0	0	0	1	0	0	0	0	0	0	0	0	0	0	0	0	0	1	0	0	0	0	0	0	0	2	5	6	1	0	0	0	0	0	0	0	0	0	0	0	0	0	0	0	0	0	0	0	0	0	0	0	0	0	0	0	0	0	0	0	0	0	0	1	8	0	0	0	0	1	0	0	0	0	0	0	1	0	0	1	0	0	0	0	1	0	0	0	0	0	0	0	0	0	0	0	0	0	0	0	0	1	5	1	1	1	1	1	1	1	1	1	1	1	1	1	1	1	1	1	1	1	1	1	1	1	1	1	1	1	1	1	1	1	1	1	1	1	1	2	38	1	1	1	1	1	1	1	1	1	1	1	1	1	1	1	1	1	1	1	1	1	1	1	1	1	1	1	1	1	1	1	1	1	1	1	1	1	37	0	0	0	0	0	0	0	0	0	0	0	0	0	0	0	0	0	0	0	0	0	0	0	0	0	0	0	0	0	0	0	0	0	0	0	0	0	0	1	1	1	1	1	1	1	1	1	1	1	1	1	1	1	1	1	1	1	1	1	1	1	1	1	1	1	1	1	1	1	1	1	1	1	1	1	37	0	0	0	0	0	0	0	0	0	0	0	0	0	0	0	0	0	0	0	0	0	0	0	0	0	0	0	0	0	0	0	0	0	0	0	0	0	0	11	6	6	6	6	6	7	6	6	6	7	6	6	7	6	6	6	7	6	6	6	6	6	6	6	6	6	6	6	6	7	6	7	6	6	6	7	234	5	1	1	0	0	0	0	0	0	1	0	0	0	0	2	0	1	0	0	0	0	1	0	0	0	0	0	0	0	0	3	0	0	0	0	0	0	15	0	0	0	0	0	0	0	0	0	0	0	0	0	0	0	0	0	0	0	0	0	0	0	0	0	0	0	0	0	0	0	0	0	0	0	0	0	0	4	1	1	1	1	1	1	1	1	1	2	1	1	2	1	1	1	1	1	1	1	1	1	1	1	1	1	1	1	1	1	1	1	1	1	1	1	42	0	0	0	0	0	0	0	0	0	0	0	0	0	0	0	0	0	0	0	0	0	0	0	0	0	0	0	0	0	0	0	0	0	0	0	0	0	0	0	0	0	0	0	0	0	0	0	0	0	0	0	0	0	0	0	0	0	0	0	0	0	0	0	0	0	0	0	0	0	0	0	0	0	0	0	0	0	0	0	0	0	0	0	0	0	0	0	0	0	0	0	0	0	0	0	0	0	0	0	0	0	0	0	0	0	0	0	0	0	0	0	0	0	0	0	0	0	0	0	0	0	0	0	0	0	0	0	0	0	0	0	0	0	0	0	0	0	0	0	0	0	0	0	0	0	0	0	0	0	0	0	0	0	0	0	0	0	0	0	0	0	0	0	0	0	0	0	0	0	0	0	0	0	0	0	0	0	0	0	0	0	0	0	0	0	0	0	0	0	0	0	0	0	0	0	0	0	0	0	0	0	0	0	0	0	0	0	0	0	0	0	0	0	0	0	0	0	0	0	0	0	0	0	0	0	0	0	0	0	0	0	0	0	0	0	0	0	0	0	0	0	0	0	0	0	0	0	0	0	0	0	0	0	0	0	0	0	0	0	0	0	0	0	0	0	0	0	0	0	0	0	0	0	0	0	0	0	0	0	0	0	0	0	0	0	0	0	0	0	0	0	0	0	0	0	0	0	0	0	0	0	0	0	0	4	3	1	1	1	1	1	1	1	1	1	1	1	1	1	1	1	1	1	1	1	1	1	1	1	1	1	1	1	1	1	1	1	1	1	1	1	42	6	2	2	2	2	2	2	3	2	3	2	2	2	2	2	2	2	2	2	2	2	2	2	2	2	2	3	2	3	2	2	2	2	2	2	2	2	82	290	235	118	61	8	1	6	43	31757	25	42	9	1174	121	302	17	1	28	0	40	118	11	14	3	43	0	3	0	0	0	0	2	1	0	0	0	0	38	5	0	174	8	84	0	55	101	3	0	1	0	5	474	472	463	273	281	280	450	276	292	465	283	283	418	421	287	265	425	448	419	15	275	280	284	275	398	451	289	372	374	468	280	288	450	468	295	480	531207	1	0	1	0	0	0	0	0	1	2	3	1	0	3	1	1	0	0	5	1	4	0	1	0	0	0	0	0	0	0	1	1	0	0	0	1	65	18	0	4	2	2	0	12	10	0	4	2	4	2	8	0	0	2	2	0	4	4	8	4	12	0	0	0	8	0	0	0	0	6	2	0	0	0	0	2	0	0	0	4	0	0	0	2	0	0	0	0	0	0	8	0	0	0	6	0	4	2	0	0	0	0	4	2	0	0	8	0	0	2	2	2	0	4	0	0	0	0	0	0	0	2	0	0	0	2	0	0	0	0	0	0	4	0	0	10	1	0	0	5103	1401	6	6	825	18	0	215	0	3	269	0	2	2	1	646	16	378	0	964	0	1	1	1	0	6	0	3	16	0	1315	0	18309	10	31	10	4	1	21	37	3	1	9	34	25	2	5	1	12	3	1	4	15	16	1	1	1	0	2	1	14	1	3	25	1	1	41	3	76	19	1	9	16	2	0	1	22
1	1	1	1	1	1	1	1	1	1	1	1	1	1	1	1	1	1	1	1	1	1	2	1	1	1	1	1	1	1	1	1	1	1	1	1	1	38	10	4	4	4	4	4	5	4	4	4	4	4	4	5	4	4	4	4	4	4	4	4	4	4	4	4	4	4	4	4	4	4	4	4	4	4	4	156	5	1	0	0	0	0	1	2	1	0	0	0	0	0	0	0	0	0	0	0	0	0	0	0	0	0	0	0	0	1	0	0	0	0	0	0	0	11	5	1	1	1	1	1	1	1	1	1	1	1	1	1	2	1	1	1	1	1	2	1	1	1	1	1	1	1	1	1	1	1	1	1	1	1	2	44	2	1	0	0	1	0	1	1	0	0	0	0	0	0	0	0	1	2	1	0	0	0	0	0	2	1	1	1	1	1	0	0	0	1	0	0	1	19	4	0	0	0	0	0	0	0	0	1	0	0	0	0	0	0	0	0	0	0	0	0	0	0	0	0	0	0	0	0	0	0	0	0	0	0	0	5	0	1	0	0	0	1	0	0	0	1	0	0	0	0	0	0	0	0	0	0	0	0	0	0	0	0	0	0	0	0	0	0	0	0	0	0	1	4	2	2	2	2	2	2	2	2	2	2	2	2	2	2	2	2	2	2	2	2	2	2	2	2	2	2	2	2	2	2	2	2	2	2	2	2	2	74	3	1	1	1	1	1	1	1	1	1	1	1	1	3	1	1	1	1	1	1	1	1	1	1	1	1	1	1	1	1	1	1	1	1	1	1	2	42	0	0	0	0	0	0	0	0	0	0	0	0	0	0	0	0	0	0	0	0	0	0	0	0	0	0	0	0	0	0	0	0	0	0	0	0	0	0	0	0	0	0	0	0	0	0	0	0	0	1	0	0	0	0	0	0	0	0	0	0	0	0	0	0	0	0	0	0	0	0	0	0	0	0	0	1	0	0	0	0	0	0	0	0	0	0	0	0	0	0	0	0	0	0	0	0	0	0	0	0	0	0	0	0	0	0	0	0	0	0	0	0	0	0	10	7	7	7	9	8	7	7	7	7	7	7	7	7	7	7	7	7	7	7	7	7	7	7	7	7	7	7	7	7	7	7	7	7	7	7	7	265	2	1	1	2	1	1	1	1	1	1	2	1	1	1	1	1	1	1	1	1	1	1	1	1	1	1	1	1	1	1	1	1	1	1	1	1	1	40	1	1	1	1	1	1	1	1	1	1	1	1	1	1	1	1	1	1	1	1	1	1	1	1	1	1	1	1	1	1	1	1	1	1	1	1	1	37	2	2	2	2	2	2	2	2	2	2	2	2	2	2	2	2	2	2	2	2	2	3	2	2	2	2	2	2	2	2	2	2	3	2	2	2	3	77	0	0	0	0	0	0	0	0	0	0	0	0	0	0	0	0	0	0	0	0	0	0	0	0	0	0	0	0	0	0	0	0	0	0	0	0	0	0	0	0	0	0	0	0	0	0	0	0	0	0	0	0	0	0	0	0	0	0	0	0	0	0	0	0	0	0	0	0	0	0	0	0	0	0	0	0	0	0	0	0	0	0	0	0	0	0	0	0	0	0	0	0	0	0	0	0	0	0	0	0	0	0	0	0	0	0	0	0	0	0	0	0	0	0	0	0	0	0	0	0	0	0	0	0	0	0	0	0	0	0	0	0	0	0	0	0	0	0	0	0	0	0	0	0	0	0	0	0	0	0	0	0	0	0	0	0	0	0	0	0	0	0	0	0	0	0	0	0	0	0	0	0	0	0	0	0	0	0	0	0	0	0	0	0	0	0	0	0	0	0	0	0	0	0	0	0	0	0	0	0	0	0	0	0	0	0	0	0	0	0	0	0	0	0	0	0	0	0	0	0	0	0	0	0	0	0	0	0	0	0	0	0	0	0	0	0	0	0	0	0	0	0	0	0	0	0	0	0	0	0	0	0	0	0	0	0	0	0	0	0	0	0	0	0	0	0	0	0	0	0	0	0	0	0	0	0	0	0	0	0	0	0	0	0	0	0	0	0	0	0	0	0	0	0	0	0	0	0	0	0	0	0	0	0	4	1	2	2	1	2	2	1	1	1	1	1	1	1	1	1	1	2	1	1	1	1	1	1	1	1	1	1	1	1	1	1	1	1	1	1	1	45	5	4	2	2	2	2	2	2	2	2	2	2	2	2	2	2	2	2	2	2	2	2	2	2	2	2	2	2	2	2	2	2	2	2	2	2	3	80	290	235	118	61	8	1	6	43	31757	25	42	9	1174	121	302	17	1	28	0	40	118	11	14	3	43	0	3	0	0	0	0	2	1	0	0	0	0	38	5	0	174	8	84	0	55	101	3	0	1	0	5	473	471	463	274	280	280	450	276	292	466	283	283	417	421	287	265	425	448	419	15	273	280	284	275	398	451	289	372	374	469	280	288	450	468	295	480	531207	1	0	0	0	0	0	0	1	1	5	1	0	0	3	3	1	0	1	4	1	0	5	0	0	0	1	1	0	0	0	0	1	1	1	0	0	65	14	2	0	0	4	0	10	6	0	0	2	8	4	8	0	0	2	0	0	4	2	2	0	6	0	0	0	2	0	0	0	0	2	0	2	4	0	2	0	6	0	0	2	0	0	0	4	0	2	0	2	0	0	2	2	0	2	4	2	2	0	0	0	2	0	2	0	2	0	6	2	6	2	2	0	0	8	2	0	0	0	0	0	0	2	0	2	0	0	0	0	0	4	0	0	2	2	0	9	1	1	0	5142	1595	3	4	872	16	0	221	0	0	302	0	1	0	0	782	32	680	0	1344	0	0	0	0	0	4	0	1	27	1	1594	0	21415	12	32	11	4	1	21	41	4	2	9	34	22	2	6	1	12	3	1	4	11	17	1	1	1	0	2	1	11	1	3	24	1	1	42	3	81	20	1	11	15	2	0	1	23
2	1	1	1	1	1	1	1	1	1	1	1	1	1	1	1	1	1	1	1	1	1	1	1	1	1	1	1	1	1	1	1	1	1	1	1	1	38	4	2	2	2	2	2	2	2	2	2	2	2	2	2	2	2	2	2	2	2	2	2	2	2	2	2	2	2	2	2	2	2	2	2	2	2	3	77	6	4	4	4	3	3	3	3	3	3	3	3	3	3	3	3	3	3	3	3	3	3	3	3	3	3	3	3	3	3	3	3	3	3	3	3	3	117	5	0	0	1	0	1	0	0	0	0	0	0	0	0	0	0	0	0	0	0	0	0	0	0	0	0	0	0	0	0	0	0	0	0	0	0	0	7	0	1	0	0	0	0	0	0	0	0	0	0	0	0	0	0	1	0	0	0	0	0	0	0	0	0	0	0	0	0	0	0	0	0	0	0	0	2	4	2	2	1	1	1	1	2	1	1	2	1	1	1	1	1	1	1	1	1	1	1	1	1	1	1	1	1	1	1	1	1	1	1	1	1	1	44	1	0	0	0	0	0	0	0	0	0	0	0	0	0	0	0	0	0	0	0	0	0	0	0	0	0	0	0	0	0	0	0	0	0	0	0	0	1	2	2	2	2	2	2	2	2	2	2	2	2	2	2	2	2	2	2	2	2	2	2	2	2	2	2	2	2	2	2	2	2	2	2	2	2	2	74	7	4	4	4	4	4	5	4	4	4	4	4	4	4	4	4	4	4	4	4	4	4	4	4	4	4	4	4	4	4	4	4	4	4	4	4	4	152	0	0	0	0	0	0	0	0	0	0	0	0	0	0	0	0	0	0	0	0	0	0	0	0	0	0	0	0	0	0	0	0	0	0	0	0	0	0	0	0	0	0	0	0	0	0	0	0	0	0	0	0	0	0	0	0	0	0	0	0	0	0	0	0	0	0	0	0	0	0	0	0	0	0	0	0	0	0	0	0	0	0	0	0	0	0	0	0	0	0	0	0	0	0	0	0	0	0	0	0	0	0	0	0	0	0	0	0	0	0	0	0	0	0	12	5	5	5	5	6	5	5	5	5	5	5	5	5	5	5	5	5	5	5	5	5	5	5	5	5	5	5	5	5	5	5	5	5	5	5	6	194	6	2	0	1	0	1	0	0	0	0	0	0	0	0	0	0	0	0	0	0	0	0	0	1	0	0	0	0	0	0	0	0	0	0	0	0	0	11	0	0	0	0	0	0	0	0	0	0	0	0	0	0	0	0	0	0	0	0	0	0	0	0	0	0	0	0	0	0	0	0	0	0	0	0	0	0	1	0	0	0	0	0	0	0	0	0	0	0	0	0	0	0	0	0	0	0	0	0	0	0	0	0	0	0	0	0	0	0	0	0	0	0	0	1	0	0	0	0	0	0	0	0	0	0	0	0	0	0	0	0	0	0	0	0	0	0	0	0	0	0	0	0	0	0	0	0	0	0	0	0	0	0	0	0	0	0	0	0	0	0	0	0	0	0	0	0	0	0	0	0	0	0	0	0	0	0	0	0	0	0	0	0	0	0	0	0	0	0	0	0	0	0	0	0	0	0	0	0	0	0	0	0	0	0	0	0	0	0	0	0	0	0	0	0	0	0	0	0	0	0	0	0	0	0	0	0	0	0	0	0	0	0	0	0	0	0	0	0	0	0	0	0	0	0	0	0	0	0	0	0	0	0	0	0	0	0	0	0	0	0	0	0	0	0	0	0	0	0	0	0	0	0	0	0	0	0	0	0	0	0	0	0	0	0	0	0	0	0	0	0	0	0	0	0	0	0	0	0	0	0	0	0	0	0	0	0	0	0	0	0	0	0	0	0	0	0	0	0	0	0	0	0	0	0	0	0	0	0	0	0	0	0	0	0	0	0	0	0	0	0	0	0	0	0	0	0	0	0	0	0	0	0	0	0	0	0	0	0	0	0	0	0	0	0	0	0	0	0	0	0	0	0	0	0	0	0	0	0	0	0	0	0	0	0	0	0	0	0	0	0	0	0	0	0	0	0	0	0	0	0	0	0	0	0	0	0	0	0	0	0	0	0	0	0	0	0	0	0	4	0	1	0	0	0	0	0	1	0	0	0	0	0	0	0	1	1	0	0	0	0	0	0	0	0	0	0	1	0	0	0	0	0	0	0	0	9	5	4	4	4	4	4	4	4	4	4	4	4	4	4	4	4	4	4	4	4	4	4	4	4	4	4	4	4	4	4	4	4	4	4	4	4	4	149	290	235	118	61	8	1	6	43	31757	25	42	9	1174	121	302	17	1	28	0	40	118	11	14	3	43	0	3	0	0	0	0	2	1	0	0	0	0	38	5	0	174	8	84	0	55	101	3	0	1	0	5	473	471	464	274	280	281	450	276	292	466	283	282	417	421	287	265	425	449	419	15	273	280	284	275	398	451	289	372	374	469	280	288	450	468	295	480	531207	2	0	0	0	0	1	2	0	3	0	3	1	0	0	1	0	0	1	5	1	0	0	0	0	1	0	1	0	0	1	0	0	0	1	0	0	65	8	0	2	4	4	0	10	4	0	2	2	0	2	0	0	0	4	0	0	0	4	4	2	0	0	0	0	6	0	0	0	0	6	0	6	8	0	6	2	2	6	0	2	0	0	0	4	0	2	0	8	0	0	2	2	0	6	0	4	4	0	0	0	2	0	4	0	0	0	4	0	4	2	0	0	0	0	0	0	0	0	0	0	0	0	0	0	0	0	0	0	0	0	0	0	0	0	0	8	0	0	0	4550	1311	1	4	806	12	0	245	0	0	282	0	3	1	0	668	9	444	0	1185	0	0	0	0	0	5	0	1	9	0	1430	1	18993	10	30	10	4	1	20	38	4	1	9	34	19	2	6	1	14	3	1	5	11	17	1	1	1	0	2	1	10	1	4	27	1	1	39	3	76	17	1	14	16	2	0	2	22
0	1	0	0	0	0	1	0	0	0	0	0	0	0	0	0	0	0	0	0	0	0	0	0	0	0	0	0	0	0	0	0	0	0	0	0	0	2	6	1	1	1	1	1	1	1	1	1	2	1	1	1	1	1	1	1	1	1	1	1	1	1	1	1	1	1	1	1	1	1	1	1	1	1	1	43	8	1	0	1	0	0	1	0	0	0	2	0	0	0	0	0	0	0	1	0	0	0	0	0	0	0	1	0	0	3	0	0	0	0	0	0	0	18	5	2	2	1	2	2	2	2	1	1	1	1	1	1	1	1	2	2	2	1	1	1	1	1	2	2	2	2	2	3	1	1	1	2	1	1	2	59	0	0	0	0	0	0	0	0	0	0	0	0	0	0	0	0	0	0	0	0	1	0	0	0	0	0	0	0	0	0	0	0	0	0	0	0	1	2	5	0	0	0	0	0	0	0	0	0	0	0	0	0	0	0	0	0	0	0	0	0	0	0	0	0	0	0	0	0	0	0	0	0	0	0	0	5	0	0	0	0	0	0	0	0	0	1	0	0	0	0	1	0	0	0	0	0	0	0	0	0	0	0	0	0	0	1	0	0	0	0	0	0	0	3	0	0	0	0	0	0	0	0	0	0	0	0	0	0	0	0	0	0	0	0	0	0	0	0	0	0	0	0	0	0	0	0	0	0	0	0	0	0	3	2	2	2	2	2	2	2	2	2	2	2	2	3	2	2	2	2	2	2	2	2	2	2	2	2	2	2	2	2	2	2	2	2	2	2	2	76	0	0	0	0	0	0	0	0	0	0	0	0	0	0	0	0	0	0	0	0	0	0	0	0	0	0	0	0	0	0	0	0	0	0	0	0	0	0	0	0	0	0	0	0	0	0	0	0	0	0	0	0	0	0	0	0	0	0	0	0	0	0	0	0	0	0	0	0	0	0	0	0	0	0	2	2	0	0	0	0	0	0	0	0	0	0	0	0	0	0	0	0	0	0	0	0	0	0	0	0	0	0	0	0	0	0	0	0	0	0	0	0	0	0	9	7	7	7	7	7	7	7	7	7	8	7	7	7	7	7	7	7	7	7	8	7	7	7	8	8	7	7	7	7	7	7	7	7	7	7	8	266	6	2	1	1	1	1	1	1	1	1	1	1	1	1	2	1	1	1	1	1	1	1	1	1	1	1	1	1	1	1	1	1	1	1	1	1	1	44	0	0	0	0	0	0	0	0	0	0	0	0	0	0	0	0	0	0	0	0	0	0	0	0	0	0	0	0	0	0	0	0	0	0	0	0	0	0	0	0	0	0	0	0	0	0	0	1	0	0	0	1	0	0	0	0	0	0	0	0	0	0	0	0	0	0	0	0	0	0	0	0	0	0	0	2	0	0	0	0	0	0	0	0	0	0	0	0	0	0	0	0	0	0	0	0	0	0	0	0	0	0	0	0	0	0	0	0	0	0	0	0	0	0	0	0	0	0	0	0	0	0	0	0	0	0	0	0	0	0	0	0	0	0	0	0	0	0	0	0	0	0	0	0	0	0	0	0	0	0	0	0	0	0	0	0	0	0	0	0	0	0	0	0	0	0	0	0	0	0	0	0	0	0	0	0	0	0	0	0	0	0	0	0	0	0	0	0	0	0	0	0	0	0	0	0	0	0	0	0	0	0	0	0	0	0	0	0	0	0	0	0	0	0	0	0	0	0	0	0	0	0	0	0	0	0	0	0	0	0	0	0	0	0	0	0	0	0	0	0	0	0	0	0	0	0	0	0	0	0	0	0	0	0	0	0	0	0	0	0	0	0	0	0	0	0	0	0	0	0	0	0	0	0	0	0	0	0	0	0	0	0	0	0	0	0	0	0	0	0	0	0	0	0	0	0	0	0	0	0	0	0	0	0	0	0	0	0	0	0	0	0	0	0	0	0	0	0	0	0	0	0	0	0	0	0	0	0	0	0	0	0	0	0	0	0	0	0	0	0	0	0	0	0	0	0	0	0	0	0	0	0	0	0	0	0	0	0	0	0	0	0	0	0	0	0	0	0	0	0	0	0	0	0	0	0	0	0	0	0	3	1	0	1	0	0	0	0	0	0	0	0	0	0	0	0	0	0	0	0	0	0	0	0	0	0	0	0	0	1	0	0	0	0	0	0	0	6	0	0	0	0	0	0	0	0	0	0	0	0	0	0	1	0	0	0	0	0	0	0	0	0	0	0	0	0	0	0	0	0	0	0	0	0	0	1	290	235	118	61	8	1	6	43	31757	25	42	9	1174	121	302	17	1	28	0	40	118	11	14	3	43	0	3	0	0	0	0	2	1	0	0	0	0	38	5	0	174	8	84	0	55	101	3	0	1	0	5	428	471	464	274	280	280	451	276	292	466	284	282	416	420	287	264	425	449	419	15	272	283	284	275	398	451	289	372	374	469	280	288	450	468	296	480	531207	1	2	1	2	0	2	1	2	1	0	0	1	0	1	1	0	2	2	9	1	1	0	0	0	4	2	3	2	1	3	1	0	0	3	0	2	65	10	6	8	6	0	0	10	6	2	6	8	0	4	2	0	0	4	0	0	0	2	4	4	4	0	0	0	2	0	0	0	0	10	0	2	0	0	2	0	0	6	0	2	0	0	0	0	0	6	0	4	0	0	0	0	0	0	0	0	0	0	0	0	0	0	0	0	0	0	0	0	0	0	0	0	0	0	0	0	0	0	0	0	0	0	0	0	0	0	0	0	0	0	0	0	0	0	0	9	2	1	1	4599	1250	2	7	758	9	0	204	0	0	214	0	1	2	0	596	8	24	1	1270	0	1	0	0	0	2	0	4	8	0	1262	0	15760	10	28	10	4	1	20	35	4	1	8	32	18	2	6	1	16	3	1	4	11	16	1	1	1	0	2	1	11	1	3	24	1	1	37	3	78	17	1	13	15	2	0	2	21
